{
  "q10": 0.0,
  "q20": 703.0261894201162,
  "q30": 1129.1660503238782,
  "q40": 1610.4250797779303,
  "q50": 2380.6449406310967,
  "q60": 2743.3683055579663,
  "q70": 3741.921230491204,
  "q80": 4158.947018390149,
  "q90": 4767.8428293373445
}
