{
  "q10": 0.0,
  "q20": 9000.0,
  "q30": 13187.604931640622,
  "q40": 17764.4091796875,
  "q50": 22915.0048828125,
  "q60": 28549.214648437497,
  "q70": 38972.50927734375,
  "q80": 70142.2640625,
  "q90": 147932.11289062502
}
