{
  "q10": 0.0,
  "q20": 306.86167385268664,
  "q30": 542.6810504557925,
  "q40": 946.7160427795362,
  "q50": 2094.1857990934323,
  "q60": 3710.0777643506476,
  "q70": 5687.021017426143,
  "q80": 7021.652486577907,
  "q90": 9227.501336040603
}