{
  "q10": 0.0,
  "q20": 76424.13549804688,
  "q30": 92472.24677734375,
  "q40": 107140.99921875,
  "q50": 119918.83569335938,
  "q60": 136793.41650390625,
  "q70": 160316.43823242188,
  "q80": 204547.55224609375,
  "q90": 379367.0104858406
}
