{
  "q10": 0.0,
  "q20": 439.5565397618339,
  "q30": 936.9784820232335,
  "q40": 1444.2444574978203,
  "q50": 2562.5934148058295,
  "q60": 3932.115825089812,
  "q70": 5887.60148230344,
  "q80": 8337.123631429673,
  "q90": 11132.951500058174
}