{
  "q10": 0.0,
  "q20": 5.513438475136043,
  "q30": 15.54554729759693,
  "q40": 32.100601196289,
  "q50": 46.65056228637756,
  "q60": 67.85196876525843,
  "q70": 95.74258500337642,
  "q80": 208.26192933621095,
  "q90": 334.62460840642564
}
