{
  "q10": 0.0,
  "q20": 968.7536750292522,
  "q30": 1607.619844943455,
  "q40": 2552.184974847583,
  "q50": 3353.604159751936,
  "q60": 4710.041684740002,
  "q70": 6413.262192502443,
  "q80": 7247.642460804828,
  "q90": 8259.873321055487
}
