{
  "q10": 0.0,
  "q20": 335.5969482528935,
  "q30": 604.1604718373526,
  "q40": 1067.4984954590102,
  "q50": 2557.5013427293047,
  "q60": 4483.674763707239,
  "q70": 6814.881505336529,
  "q80": 8535.45425273536,
  "q90": 10983.207359296266
}
