{
  "q10": 0.0,
  "q20": 64.44203703403473,
  "q30": 199.57941494202242,
  "q40": 313.3484174400568,
  "q50": 521.4434544462711,
  "q60": 997.3560705572366,
  "q70": 2124.3286588668802,
  "q80": 3605.736954116822,
  "q90": 5365.368097531798
}
