{
  "q10": 0.0,
  "q20": 102120.44502072656,
  "q30": 158236.33209730365,
  "q40": 200483.21277018127,
  "q50": 237573.31873713632,
  "q60": 280270.1890346324,
  "q70": 324215.9988080722,
  "q80": 383883.45015347714,
  "q90": 547920.3184282823
}
