{
  "q10": -36566.98024263382,
  "q20": -24936.995191669463,
  "q30": -13468.814063405993,
  "q40": -4394.561664581294,
  "q50": 0.0,
  "q60": 40.54852442741354,
  "q70": 6044.582488036155,
  "q80": 15451.565430641178,
  "q90": 59455.53907230948
}