{
  "q10": 0.0,
  "q20": 26524.58329167107,
  "q30": 26953.813224007456,
  "q40": 27157.583495535284,
  "q50": 27270.731413850837,
  "q60": 27399.726074542185,
  "q70": 27533.460262324174,
  "q80": 27686.79493242513,
  "q90": 27876.943430247593
}
