{
  "q10": 0.0,
  "q20": 109.12396086640656,
  "q30": 137.83784370571374,
  "q40": 149.37888292949646,
  "q50": 172.08307195827365,
  "q60": 247.96737273186446,
  "q70": 316.3627710819011,
  "q80": 408.4083476942033,
  "q90": 768.0774460736665
}