{
  "q10": 0.0,
  "q20": 26406.26315790945,
  "q30": 26825.69449143454,
  "q40": 27032.148722849648,
  "q50": 27154.285897671067,
  "q60": 27285.527739387,
  "q70": 27415.562967678903,
  "q80": 27560.878534710235,
  "q90": 27763.60150454485
}