{
  "q10": 0.0,
  "q20": 298.8313059210777,
  "q30": 327.21138778924944,
  "q40": 360.13397731781004,
  "q50": 422.85723519325256,
  "q60": 508.466355895996,
  "q70": 572.6190253734588,
  "q80": 658.8409456253052,
  "q90": 701.9371490716935
}