{
  "q10": 0.0,
  "q20": 499.30725700855254,
  "q30": 522.6433962583542,
  "q40": 587.108942103386,
  "q50": 685.6951209306717,
  "q60": 914.2486431360245,
  "q70": 1007.7253496646881,
  "q80": 1213.310064792633,
  "q90": 1301.1166738271713
}
