{
  "q10": 0.0,
  "q20": 82.46870209481568,
  "q30": 776.9217572511399,
  "q40": 2040.5084648557008,
  "q50": 2790.821930512786,
  "q60": 3681.0960975050925,
  "q70": 4997.114176726341,
  "q80": 9856.148426544667,
  "q90": 11714.237355399133
}