{
  "q10": 0.0,
  "q20": 613904.4345418846,
  "q30": 752412.3979332938,
  "q40": 893196.9928892938,
  "q50": 1067669.2749623004,
  "q60": 1217417.6074357647,
  "q70": 1403070.012638064,
  "q80": 1757338.2599783484,
  "q90": 3144580.4376494014
}
