{
  "q10": 0.0,
  "q20": 0.0,
  "q30": 3.1276654453904484e-6,
  "q40": 1.0729153804539537e-5,
  "q50": 0.08195395192285845,
  "q60": 0.21669586979216604,
  "q70": 0.4275220509731674,
  "q80": 3.9399801045126934,
  "q90": 19.071035246213686
}
