{
  "q10": 0.0,
  "q20": 105464.05789183015,
  "q30": 163751.4332322464,
  "q40": 211441.3440241844,
  "q50": 248215.71199604665,
  "q60": 289936.4515906422,
  "q70": 333588.87368650106,
  "q80": 393634.1623067065,
  "q90": 561050.2944978755
}
