{
  "q10": 0.0,
  "q20": 7632.752784492076,
  "q30": 10389.652885510772,
  "q40": 11570.082901504637,
  "q50": 12957.294773347676,
  "q60": 13947.796947531402,
  "q70": 14743.188975925743,
  "q80": 15750.43532242775,
  "q90": 17221.07175681591
}
