{
  "q10": 0.0,
  "q20": 970.4658955466119,
  "q30": 1608.4090701205068,
  "q40": 2552.812192605471,
  "q50": 3366.4828901151486,
  "q60": 4711.012432457728,
  "q70": 6425.237025639624,
  "q80": 7265.3868362960875,
  "q90": 8289.621851512717
}