{
  "q10": 0.0,
  "q20": 76537.96689453124,
  "q30": 92573.23676757813,
  "q40": 107262.50078125,
  "q50": 120598.73315429688,
  "q60": 139369.22607421875,
  "q70": 160810.38178710936,
  "q80": 205038.21328125,
  "q90": 378061.72470703133
}