{
  "q10": 0.0,
  "q20": 5.513438475149996,
  "q30": 15.584289050102239,
  "q40": 32.10060119628857,
  "q50": 45.69186019898933,
  "q60": 67.85196876525815,
  "q70": 95.55746459960727,
  "q80": 207.69423952102653,
  "q90": 333.4253202989701
}
