{
  "q10": 0.0,
  "q20": 108.82426068922506,
  "q30": 137.5425126160495,
  "q40": 149.19044562987983,
  "q50": 172.19832834601402,
  "q60": 247.96737273186446,
  "q70": 316.3627710819011,
  "q80": 408.3917093847879,
  "q90": 768.0774460736665
}
