{
  "q10": 0.0,
  "q20": 298.1176341176033,
  "q30": 326.5813889145851,
  "q40": 359.6302803277969,
  "q50": 422.4044678211212,
  "q60": 506.93931102752686,
  "q70": 571.1846318483352,
  "q80": 657.6222751617431,
  "q90": 699.5657951593399
}