{
  "q10": 0.0,
  "q20": 703.0373537462323,
  "q30": 1129.6671674485892,
  "q40": 1612.0866653475914,
  "q50": 2377.494569814997,
  "q60": 2743.375117725134,
  "q70": 3749.1104599991813,
  "q80": 4159.130491595715,
  "q90": 4767.873976674304
}
