{
  "q10": 0.0,
  "q20": 0.0,
  "q30": 3.76965617603915e-6,
  "q40": 1.3984358046281736e-5,
  "q50": 0.14122299813403702,
  "q60": 0.2511795171472197,
  "q70": 0.48523019126600914,
  "q80": 4.385624136828653,
  "q90": 15.36211754000824
}
