{
  "q10": 0.0,
  "q20": 63.748926198482536,
  "q30": 89.88912574648857,
  "q40": 104.40248377323151,
  "q50": 133.7488398179412,
  "q60": 151.65131902694702,
  "q70": 194.24649718180294,
  "q80": 248.1003483057023,
  "q90": 503.7392150878907
}
