{
  "q10": 0.0,
  "q20": 423.38109387086024,
  "q30": 905.1931362907867,
  "q40": 1423.508742212225,
  "q50": 2519.271397865028,
  "q60": 3892.3702365651725,
  "q70": 5801.634009027481,
  "q80": 8134.458727478981,
  "q90": 10988.868486797812
}
