{
  "q10": -11266.132385253906,
  "q20": -7310.793408203124,
  "q30": -4515.679337978363,
  "q40": -2803.479370117187,
  "q50": -1120.0391845703125,
  "q60": 0.0,
  "q70": 0.0,
  "q80": 1011.0713867187501,
  "q90": 6706.638574218758
}
