{
  "q10": -36430.21926279068,
  "q20": -24701.34876346588,
  "q30": -13030.184863829612,
  "q40": -4565.719305586813,
  "q50": 0.0,
  "q60": 0.0,
  "q70": 5483.532191923256,
  "q80": 14886.184681892397,
  "q90": 58027.34231367118
}
