{
  "q10": 0.0,
  "q20": 252.76477509886027,
  "q30": 767.0769617454149,
  "q40": 994.2365133199842,
  "q50": 1363.5140703758225,
  "q60": 3822.9181952692556,
  "q70": 5906.883332145214,
  "q80": 8085.592093625665,
  "q90": 9738.49400505871
}
