{
  "q10": 0.0,
  "q20": 6889.329862880707,
  "q30": 7220.335268535838,
  "q40": 7397.762047326565,
  "q50": 7533.54809191823,
  "q60": 7693.886054384709,
  "q70": 8005.102653673292,
  "q80": 8475.806737172605,
  "q90": 8833.331278130692
}