{
  "q10": 0.0,
  "q20": 8999.841641128063,
  "q30": 9136.094745099545,
  "q40": 9245.01479820013,
  "q50": 9313.993248850107,
  "q60": 9386.827618455887,
  "q70": 9476.58989494741,
  "q80": 9586.99093447551,
  "q90": 9727.879925909638
}
