{
  "q10": 0.0,
  "q20": 252.9682103946805,
  "q30": 767.4031730876304,
  "q40": 994.2365133199842,
  "q50": 1363.7123344531283,
  "q60": 3824.8014467455437,
  "q70": 5924.673710133879,
  "q80": 8095.485988454521,
  "q90": 9721.976307274408
}