{
  "q10": -11424.44833984375,
  "q20": -7276.998217773437,
  "q30": -4639.983139038086,
  "q40": -2993.9886474609375,
  "q50": -1205.3255310058594,
  "q60": 0.0,
  "q70": 0.0,
  "q80": 789.4642333984377,
  "q90": 6235.738037109407
}