{
  "q10": 0.0,
  "q20": 236.8426330566406,
  "q30": 752.2513610839843,
  "q40": 980.2071899414062,
  "q50": 1347.7052001953125,
  "q60": 3793.795996093749,
  "q70": 5888.5185546875,
  "q80": 8056.986914062501,
  "q90": 9677.405273437507
}