{
  "q10": 0.0,
  "q20": 3164.108968305588,
  "q30": 4408.816918730736,
  "q40": 5151.7368330955505,
  "q50": 5893.087698042393,
  "q60": 6511.89650888443,
  "q70": 7076.657458722591,
  "q80": 7600.002576923371,
  "q90": 8133.458115839958
}