{
  "q10": 0.0,
  "q20": 9000.0,
  "q30": 13076.053857421874,
  "q40": 17635.7091796875,
  "q50": 22839.44970703125,
  "q60": 27979.4671875,
  "q70": 38368.61103515624,
  "q80": 69780.95703125001,
  "q90": 146728.2402343751
}