{
  "q10": 0.0,
  "q20": 7660.700270777941,
  "q30": 10274.015547537803,
  "q40": 11488.546253532171,
  "q50": 12909.763865180314,
  "q60": 13888.702875654399,
  "q70": 14715.63208429739,
  "q80": 15714.049582839012,
  "q90": 17199.48877077177
}