{
  "q10": 0.0,
  "q20": 499.31252133846283,
  "q30": 522.6433962583542,
  "q40": 587.2610216140747,
  "q50": 685.6951209306717,
  "q60": 914.3244497060775,
  "q70": 1007.7253496646881,
  "q80": 1213.4646719932557,
  "q90": 1301.1166738271713
}
