{
  "q10": 0.0,
  "q20": 3366.2617316246033,
  "q30": 4580.661561775208,
  "q40": 5305.073388147354,
  "q50": 6012.119054555893,
  "q60": 6610.086698484421,
  "q70": 7189.640615510941,
  "q80": 7671.3316231250765,
  "q90": 8176.737369132043
}