{
  "q10": 0.0,
  "q20": 64.44203703403473,
  "q30": 199.57925574099644,
  "q40": 313.3484122745693,
  "q50": 521.4434544462711,
  "q60": 997.3560539633036,
  "q70": 2124.3286935329415,
  "q80": 3605.7369528293616,
  "q90": 5365.368097531798
}