{
  "q10": 0.0,
  "q20": 613300.1137898087,
  "q30": 756577.7613161539,
  "q40": 891902.9936327621,
  "q50": 1065985.2739152103,
  "q60": 1212540.9575426518,
  "q70": 1393565.2732049804,
  "q80": 1758421.651110014,
  "q90": 3147522.522492431
}