{
  "q10": 0.0,
  "q20": 236.82502136230468,
  "q30": 752.2513610839843,
  "q40": 981.0925781249999,
  "q50": 1347.1658325195312,
  "q60": 3790.987158203124,
  "q70": 5876.374462890624,
  "q80": 8052.9900390625,
  "q90": 9686.295312500006
}
