{
  "q10": 0.0,
  "q20": 82.53376840557904,
  "q30": 788.6136173407725,
  "q40": 2046.1502709962429,
  "q50": 2791.5893116109073,
  "q60": 3680.7272050857546,
  "q70": 4997.122732186317,
  "q80": 9862.118879747391,
  "q90": 11715.519250750544
}