{
  "q10": 0.0,
  "q20": 64.02986178398133,
  "q30": 90.00140763521195,
  "q40": 104.4388488009572,
  "q50": 133.7488398179412,
  "q60": 151.65131902694702,
  "q70": 194.24649718180294,
  "q80": 248.1003483057023,
  "q90": 504.3515050888063
}