{
  "q10": -27204.817318725585,
  "q20": -15688.148847460747,
  "q30": -7543.888567638397,
  "q40": -1760.030735588073,
  "q50": 0.0,
  "q60": 1443.8661384582506,
  "q70": 6471.658002519604,
  "q80": 12903.732396698006,
  "q90": 42912.44884452823
}
