{
  "q10": -36267.900527858736,
  "q20": -24196.39141893387,
  "q30": -12740.119749903679,
  "q40": -4663.117297363279,
  "q50": 0.0,
  "q60": 0.0,
  "q70": 5549.08372618258,
  "q80": 15571.036877441415,
  "q90": 56837.30913314821
}
