{
  "q10": 0.0,
  "q20": 5.513438475140274,
  "q30": 15.584289050106147,
  "q40": 32.100601196289006,
  "q50": 46.8358002603062,
  "q60": 67.85196876525845,
  "q70": 95.74258500337561,
  "q80": 208.85599221885232,
  "q90": 340.5724380001426
}