{
  "q10": 0.0,
  "q20": 26396.371467427765,
  "q30": 26818.526470315825,
  "q40": 27029.16114379211,
  "q50": 27149.572357974946,
  "q60": 27278.908396082803,
  "q70": 27412.212441051008,
  "q80": 27555.019775071618,
  "q90": 27756.705646801925
}
