{
  "q10": 0.0,
  "q20": 56.18031741380693,
  "q30": 88.50107744336128,
  "q40": 103.75178327560425,
  "q50": 129.83517137169838,
  "q60": 152.21532573699952,
  "q70": 185.08024000525475,
  "q80": 238.2071144282818,
  "q90": 498.75902252197295
}