{
  "q10": 0.0,
  "q20": 5255.555529880524,
  "q30": 5627.139711734652,
  "q40": 5894.270164465905,
  "q50": 6182.8348815999925,
  "q60": 6411.339823720232,
  "q70": 6974.888433650136,
  "q80": 7865.9638904333115,
  "q90": 8330.6644528389
}
