{
  "q10": 0.0,
  "q20": 565959.860710267,
  "q30": 741320.2004280918,
  "q40": 906346.0145125457,
  "q50": 1037546.4414548362,
  "q60": 1168487.0259207734,
  "q70": 1343969.778929526,
  "q80": 1633601.569251456,
  "q90": 2860312.718947868
}
