{
  "q10": 0.0,
  "q20": 109.12396086640656,
  "q30": 137.8869156366214,
  "q40": 149.37888292949646,
  "q50": 172.52392354700714,
  "q60": 247.96737273186446,
  "q70": 316.3627710819011,
  "q80": 408.3908683572896,
  "q90": 768.0774460736665
}