{
  "q10": 0.0,
  "q20": 224.83721313476562,
  "q30": 760.5356872558593,
  "q40": 1000.0587402343751,
  "q50": 1387.099609375,
  "q60": 4069.8799804687487,
  "q70": 6390.249072265625,
  "q80": 8632.216015625001,
  "q90": 10448.8875
}