{
  "q10": -31600.19163556099,
  "q20": -18840.069051742554,
  "q30": -9272.933533573152,
  "q40": -2807.9094800144426,
  "q50": 0.0,
  "q60": 462.73712930679295,
  "q70": 5892.881213903425,
  "q80": 13793.253464221954,
  "q90": 49470.01577682515
}
