{
  "q10": 0.0,
  "q20": 77029.46245117187,
  "q30": 93928.4349609375,
  "q40": 108644.76240234375,
  "q50": 120967.10705566406,
  "q60": 138954.5546875,
  "q70": 160510.2203125,
  "q80": 204863.638671875,
  "q90": 374303.34375000047
}