{
  "q10": 0.0,
  "q20": 252.99633603841067,
  "q30": 767.4131072040647,
  "q40": 992.5254476834089,
  "q50": 1363.758648394607,
  "q60": 3824.7856774784614,
  "q70": 5957.845013983267,
  "q80": 8095.274306325615,
  "q90": 9721.981434227533
}