{
  "q10": 0.0,
  "q20": 2506.6965737104415,
  "q30": 3946.110455179214,
  "q40": 4717.807731056214,
  "q50": 5378.639148652554,
  "q60": 5978.757132911682,
  "q70": 6539.159022402763,
  "q80": 7180.554858112336,
  "q90": 8040.147892045976
}
