{
  "q10": 0.0,
  "q20": 9000.0,
  "q30": 12520.20849609375,
  "q40": 17064.29619140625,
  "q50": 22705.566650390625,
  "q60": 28514.85859375,
  "q70": 34371.72802734375,
  "q80": 60660.65703125001,
  "q90": 135429.8578125002
}