{
  "q10": 0.0,
  "q20": 651.3914329100459,
  "q30": 1080.8014972681387,
  "q40": 1585.3635576632807,
  "q50": 2315.887359243934,
  "q60": 2739.7799282917754,
  "q70": 3735.0356851982883,
  "q80": 4087.755367602408,
  "q90": 4727.997853377835
}
