{
  "q10": 0.0,
  "q20": 968.6942069997197,
  "q30": 1607.6132467509392,
  "q40": 2552.1634696824826,
  "q50": 3364.529059470806,
  "q60": 4710.041684740002,
  "q70": 6411.80139676028,
  "q80": 7257.093481218001,
  "q90": 8261.496239901946
}
