{
  "q10": 0.0,
  "q20": 5.60899428130524,
  "q30": 21.296699523924715,
  "q40": 40.57603645324636,
  "q50": 67.85196876525882,
  "q60": 95.09904452562806,
  "q70": 138.6285580217836,
  "q80": 220.49144021272653,
  "q90": 394.4159043198506
}
