{
  "q10": 0.0,
  "q20": 9059.507031250001,
  "q30": 13447.238818359372,
  "q40": 17917.462792968752,
  "q50": 23263.07080078125,
  "q60": 28858.258203125,
  "q70": 38524.58349609375,
  "q80": 69747.5453125,
  "q90": 146493.66484375
}
