{
  "q10": 0.0,
  "q20": 5945.924839562551,
  "q30": 9059.214135619253,
  "q40": 10442.275377170741,
  "q50": 11850.34484711662,
  "q60": 13090.980818548798,
  "q70": 13968.716917152702,
  "q80": 15228.326899391413,
  "q90": 16703.586777515713
}
