{
  "q10": 0.0,
  "q20": 619331.156907019,
  "q30": 761514.243989109,
  "q40": 909711.7075339209,
  "q50": 1068327.7065957016,
  "q60": 1216682.7565070072,
  "q70": 1403943.096880619,
  "q80": 1756733.5863193765,
  "q90": 3133052.981911398
}
