{
  "q10": 0.0,
  "q20": 361.81917191507904,
  "q30": 832.2518447971146,
  "q40": 1363.965892779734,
  "q50": 2432.914870587876,
  "q60": 3706.945259409025,
  "q70": 5475.074404403566,
  "q80": 7619.642609000206,
  "q90": 10344.344457459452
}