{
  "q10": 0.0,
  "q20": 64.44203703403473,
  "q30": 199.57925808457657,
  "q40": 313.348417442292,
  "q50": 521.4434544462711,
  "q60": 997.3560731321573,
  "q70": 2124.32882800102,
  "q80": 3605.736953926087,
  "q90": 5365.368097531798
}
