{
  "q10": 0.0,
  "q20": 9000.0,
  "q30": 12131.240307617187,
  "q40": 16600.526953125,
  "q50": 21811.450439453125,
  "q60": 27380.1955078125,
  "q70": 34224.4447265625,
  "q80": 55351.09570312501,
  "q90": 121035.86484375039
}
