{
  "q10": -8736.85167236328,
  "q20": -5337.033935546875,
  "q30": -3586.506964111328,
  "q40": -2289.0100158691403,
  "q50": -856.380859375,
  "q60": 0.0,
  "q70": 0.0,
  "q80": 819.4146484375011,
  "q90": 5300.057324218765
}