{
  "q10": 0.0,
  "q20": 55.36749696731568,
  "q30": 200.63912825584413,
  "q40": 310.4383206866682,
  "q50": 457.92335772514343,
  "q60": 926.7422252655028,
  "q70": 1846.1575450420378,
  "q80": 3271.4338756561283,
  "q90": 5459.255867052078
}