{
  "q10": 0.0,
  "q20": 345.94402460102583,
  "q30": 612.0573526698366,
  "q40": 1090.6942128297244,
  "q50": 2533.229831530483,
  "q60": 4459.568818904659,
  "q70": 6800.4433370286315,
  "q80": 8571.589689172002,
  "q90": 11005.681454308009
}