{
  "q10": 0.0,
  "q20": 6021.216916909814,
  "q30": 6351.318912240863,
  "q40": 6616.549219584465,
  "q50": 6836.084989607334,
  "q60": 7009.475869521499,
  "q70": 7463.252462559938,
  "q80": 8158.747630798817,
  "q90": 8571.980082905295
}
