{
  "q10": 0.0,
  "q20": 329.9106606602669,
  "q30": 367.00515227913854,
  "q40": 395.9621884226799,
  "q50": 466.88027960062027,
  "q60": 521.3250725507736,
  "q70": 631.8026950120926,
  "q80": 722.6581310987473,
  "q90": 781.2005649089814
}
