{
  "q10": 0.0,
  "q20": 2196.7576187849045,
  "q30": 3454.648408424854,
  "q40": 4253.361157250404,
  "q50": 4996.619213819504,
  "q60": 5525.194432449341,
  "q70": 6076.362353801727,
  "q80": 6805.269542312622,
  "q90": 7776.233122634888
}
