{
  "q10": 0.0,
  "q20": 85787.80886898606,
  "q30": 121763.48929981352,
  "q40": 155656.3302666575,
  "q50": 188596.1904551049,
  "q60": 227596.44191487203,
  "q70": 276459.83365667274,
  "q80": 334797.65695467585,
  "q90": 484076.57399443403
}