{
  "q10": -10180.94814453125,
  "q20": -5872.2326171875,
  "q30": -3987.9185333251953,
  "q40": -2454.413403320312,
  "q50": -1083.5520324707031,
  "q60": 0.0,
  "q70": 0.0,
  "q80": 799.7530273437521,
  "q90": 6398.697888183643
}
