{
  "q10": 0.0,
  "q20": 347.6775780804533,
  "q30": 694.986422070287,
  "q40": 1222.4735697600313,
  "q50": 2756.4833409308903,
  "q60": 4831.904867230572,
  "q70": 7429.337060094559,
  "q80": 9352.163388899964,
  "q90": 12152.631993381287
}