{
  "q10": 0.0,
  "q20": 0.0,
  "q30": 3.2339025342886796e-06,
  "q40": 1.1389984750920236e-05,
  "q50": 0.08268124995501083,
  "q60": 0.2166963400292317,
  "q70": 0.44633280454176444,
  "q80": 4.110271718869041,
  "q90": 21.646518881943358
}