{
  "q10": 0.0,
  "q20": 921.5329671991658,
  "q30": 1508.7273898978183,
  "q40": 2460.7158101259324,
  "q50": 3262.4311040289904,
  "q60": 4517.679546119191,
  "q70": 6334.067474322464,
  "q80": 7176.926718816022,
  "q90": 8230.133012512182
}
