{
  "q10": 0.0,
  "q20": 569.2580362319947,
  "q30": 638.862657737732,
  "q40": 675.8953083992004,
  "q50": 801.7379376888275,
  "q60": 932.3471981525421,
  "q70": 1196.614769732952,
  "q80": 1413.1682668209075,
  "q90": 1552.7974843144416
}