{
  "q10": 0.0,
  "q20": 7271.308685989679,
  "q30": 10222.138222464173,
  "q40": 11440.210112221539,
  "q50": 12853.727261576802,
  "q60": 13866.599755497276,
  "q70": 14694.44500316903,
  "q80": 15686.43286229521,
  "q90": 17190.766892600062
}