{
  "q10": 0.0,
  "q20": 5095.968387467042,
  "q30": 8043.415576668083,
  "q40": 9588.63675827533,
  "q50": 11070.386081553996,
  "q60": 12340.543756249546,
  "q70": 13216.253619761765,
  "q80": 14623.954620136321,
  "q90": 16324.987811066956
}
