{
  "q10": 0.0,
  "q20": 3160.3796948432923,
  "q30": 4384.308827674388,
  "q40": 5133.660385191441,
  "q50": 5855.608710169792,
  "q60": 6500.067566680908,
  "q70": 7074.541640341282,
  "q80": 7594.518737220764,
  "q90": 8133.60479054451
}