{
  "q10": 0.0,
  "q20": 232.17718505859375,
  "q30": 785.9608154296875,
  "q40": 1028.990478515625,
  "q50": 1465.8850708007812,
  "q60": 4294.6873046875,
  "q70": 6636.887890624999,
  "q80": 8906.651171875,
  "q90": 10793.67509765625
}