{
  "q10": 0.0,
  "q20": 236.8440399169922,
  "q30": 752.2513610839843,
  "q40": 978.1141235351563,
  "q50": 1347.7718505859375,
  "q60": 3793.4802734374994,
  "q70": 5938.382861328124,
  "q80": 8064.66923828125,
  "q90": 9677.406054687508
}