{
  "q10": 0.0,
  "q20": 26087.31887624115,
  "q30": 26527.91764966324,
  "q40": 26747.965231767295,
  "q50": 26891.37394516823,
  "q60": 27020.13633044942,
  "q70": 27147.16834617257,
  "q80": 27287.311352175915,
  "q90": 27494.247795400024
}