{
  "q10": 0.0,
  "q20": 336.13351143598555,
  "q30": 371.70759868621826,
  "q40": 404.59221230745317,
  "q50": 478.46667915582657,
  "q60": 523.0518139600754,
  "q70": 633.2052891254425,
  "q80": 739.0968246936798,
  "q90": 782.8654595851898
}
