{
  "q10": 0.0,
  "q20": 97385.851978846,
  "q30": 142725.74423589042,
  "q40": 176806.91702228988,
  "q50": 211206.45534238976,
  "q60": 250685.6868718148,
  "q70": 301497.3377412423,
  "q80": 354850.3377013291,
  "q90": 535608.8862985474
}