{
  "q10": 0.0,
  "q20": 539015.1358757083,
  "q30": 703476.1850603658,
  "q40": 874582.6118367359,
  "q50": 994663.3472883811,
  "q60": 1147216.391009312,
  "q70": 1306751.8323022954,
  "q80": 1570010.5612578704,
  "q90": 2558236.1101394575
}
