{
  "q10": 0.0,
  "q20": 25716.394783358926,
  "q30": 26161.447231453658,
  "q40": 26405.488972328603,
  "q50": 26547.27023807168,
  "q60": 26679.73603631556,
  "q70": 26828.586122555098,
  "q80": 26962.4342759192,
  "q90": 27180.485700005294
}