{
  "q10": 0.0,
  "q20": 433.0641996782739,
  "q30": 920.375358060107,
  "q40": 1419.3982888627797,
  "q50": 2509.933596375049,
  "q60": 3913.3438254870475,
  "q70": 5789.189701884984,
  "q80": 8142.750208342076,
  "q90": 10946.072424840931
}