{
  "q10": 0.0,
  "q20": 62.47584573328495,
  "q30": 89.32064733505248,
  "q40": 103.85227150321008,
  "q50": 132.16230491176248,
  "q60": 151.50757908821106,
  "q70": 190.41520292833448,
  "q80": 247.64263458848,
  "q90": 502.53345508575455
}
