{
  "q10": 0.0,
  "q20": 0.0,
  "q30": 1.4742534266254375e-6,
  "q40": 5.821491468716026e-6,
  "q50": 1.5410019402320452e-5,
  "q60": 0.08960570576244697,
  "q70": 0.36446021193910305,
  "q80": 8.022315732095045,
  "q90": 127.41604500575495
}
