{
  "q10": 0.0,
  "q20": 298.11991320848466,
  "q30": 326.167221391201,
  "q40": 359.83126468658446,
  "q50": 422.4010126590729,
  "q60": 507.0214952707291,
  "q70": 571.7403880596161,
  "q80": 657.4581671237945,
  "q90": 699.8554509758949
}