{
  "q10": 0.0,
  "q20": 66192.9074584961,
  "q30": 84208.86401367188,
  "q40": 103108.17900390626,
  "q50": 117254.76684570312,
  "q60": 132555.3322265625,
  "q70": 151590.60810546874,
  "q80": 185976.33554687502,
  "q90": 319540.8562652588
}