{
  "q10": 0.0,
  "q20": 242.88440984860065,
  "q30": 794.5905017699115,
  "q40": 1044.5313737731428,
  "q50": 1483.1842192802578,
  "q60": 4337.641768249124,
  "q70": 6677.948168190568,
  "q80": 8928.639223967493,
  "q90": 10832.52151012011
}
