{
  "q10": 0.0,
  "q20": 81.61628794632853,
  "q30": 738.4195488951657,
  "q40": 1932.5023227088154,
  "q50": 2745.669978097081,
  "q60": 3607.1620531678195,
  "q70": 5011.21852183342,
  "q80": 9872.190095615388,
  "q90": 11813.285238933564
}