{
  "q10": 0.0,
  "q20": 70161.34438476563,
  "q30": 90145.40837402343,
  "q40": 106162.0373046875,
  "q50": 119827.1220703125,
  "q60": 134030.9890625,
  "q70": 155488.571484375,
  "q80": 194464.8734375,
  "q90": 352533.5813232422
}
