{
  "q10": -11442.594409179686,
  "q20": -7183.314697265624,
  "q30": -4586.946377563477,
  "q40": -2902.7774414062496,
  "q50": -1217.6441955566406,
  "q60": 0.0,
  "q70": 0.0,
  "q80": 792.5043945312508,
  "q90": 6265.699853515652
}
