{
  "q10": 0.0,
  "q20": 80.69811839964241,
  "q30": 731.5224932439626,
  "q40": 1701.704284424335,
  "q50": 2657.3323817197233,
  "q60": 3536.2478402525185,
  "q70": 4846.913305807113,
  "q80": 9646.15001602173,
  "q90": 11677.462647747994
}