{
  "q10": 0.0,
  "q20": 498.873037648201,
  "q30": 522.6433962583542,
  "q40": 587.0073658704757,
  "q50": 685.6161091327667,
  "q60": 906.2214720249175,
  "q70": 1007.5380574703216,
  "q80": 1211.2708983421326,
  "q90": 1301.1166738271713
}
