{
  "q10": 0.0,
  "q20": 82.46063618566842,
  "q30": 719.7401414657888,
  "q40": 2028.3848321758212,
  "q50": 2780.9302531760186,
  "q60": 3680.494852948189,
  "q70": 4991.337503623962,
  "q80": 9856.15552378893,
  "q90": 11714.099119472503
}
