{
  "q10": 0.0,
  "q20": 703.0248044581502,
  "q30": 1127.7774694363702,
  "q40": 1610.4820039324466,
  "q50": 2377.5102596648503,
  "q60": 2743.3730142295362,
  "q70": 3739.8647100035682,
  "q80": 4154.548475652188,
  "q90": 4767.682978263126
}