{
  "q10": 0.0,
  "q20": 937.9574142810045,
  "q30": 1554.400055360387,
  "q40": 2509.5085380055825,
  "q50": 3351.9610252109596,
  "q60": 4591.011517975281,
  "q70": 6405.4150198195475,
  "q80": 7269.648761068983,
  "q90": 8323.867309388632
}
