{
  "q10": 0.0,
  "q20": 7.093418985605248,
  "q30": 26.105264316034894,
  "q40": 48.03219947815172,
  "q50": 69.21298751235341,
  "q60": 103.25641644000947,
  "q70": 152.05598242282537,
  "q80": 235.49348134994523,
  "q90": 437.5561665445708
}
