{
  "q10": 0.0,
  "q20": 362.8345724368722,
  "q30": 772.0372621460144,
  "q40": 1355.8177688325911,
  "q50": 2961.9900146004725,
  "q60": 5261.677945647824,
  "q70": 7719.291021189977,
  "q80": 10130.351279578288,
  "q90": 13116.796272758755
}