{
  "q10": 0.0,
  "q20": 6976.764308416843,
  "q30": 7307.001291045546,
  "q40": 7480.133695080876,
  "q50": 7610.492910094559,
  "q60": 7775.510683554411,
  "q70": 8068.437662440539,
  "q80": 8508.275408279897,
  "q90": 8866.005914746225
}