{
  "q10": 0.0,
  "q20": 596.6481997728348,
  "q30": 645.2969550609589,
  "q40": 698.6733302593233,
  "q50": 844.7464960217476,
  "q60": 1005.0401041090488,
  "q70": 1230.6282711029053,
  "q80": 1450.226506280899,
  "q90": 1560.98788459301
}