{
  "q10": 0.0,
  "q20": 45.89328275546432,
  "q30": 87.0660988714546,
  "q40": 102.55789586305619,
  "q50": 124.98600015044212,
  "q60": 151.36605756282808,
  "q70": 176.73928236365316,
  "q80": 230.52167462110523,
  "q90": 494.9428297042847
}