{
  "q10": 0.0,
  "q20": 0.0,
  "q30": 1.9146809151382446e-06,
  "q40": 7.36889662238116e-06,
  "q50": 2.3171180866699004e-05,
  "q60": 0.14860202548818024,
  "q70": 0.3644534675444292,
  "q80": 5.867117966135028,
  "q90": 36.91636511999258
}