{
  "q10": 0.0,
  "q20": 52.72995150089264,
  "q30": 192.55757585242387,
  "q40": 301.43585642650726,
  "q50": 429.3219475001097,
  "q60": 782.6977658271788,
  "q70": 1587.6096119880674,
  "q80": 2925.2062946625065,
  "q90": 5161.63709743023
}