{
  "q10": 0.0,
  "q20": 341.2770552864182,
  "q30": 767.1587531241355,
  "q40": 1304.7539707882331,
  "q50": 2230.7245341539383,
  "q60": 3520.763172983937,
  "q70": 5158.298632994294,
  "q80": 7093.353532803058,
  "q90": 9931.848069620133
}
