{
  "q10": 0.0,
  "q20": 107092.09817954747,
  "q30": 157314.8836334162,
  "q40": 198689.58820457704,
  "q50": 236820.74056691246,
  "q60": 280577.41870312317,
  "q70": 323979.37070911913,
  "q80": 382092.4607013683,
  "q90": 550939.3544278567
}
