{
  "q10": 0.0,
  "q20": 234.49387843199074,
  "q30": 771.360236313939,
  "q40": 1009.8921719092876,
  "q50": 1402.2399169346318,
  "q60": 4111.304932566732,
  "q70": 6427.822195482999,
  "q80": 8654.204383839668,
  "q90": 10500.884691264107
}