{
  "q10": 0.0,
  "q20": 635.2771616706625,
  "q30": 1043.34406103737,
  "q40": 1527.4873150320723,
  "q50": 2230.6743253695313,
  "q60": 2698.614137227005,
  "q70": 3625.7277099717403,
  "q80": 4039.3089942529796,
  "q90": 4688.254319452204
}