{
  "q10": 0.0,
  "q20": 108.11687613539398,
  "q30": 136.55551581969485,
  "q40": 148.44211701881142,
  "q50": 172.04459096305072,
  "q60": 246.9014679731801,
  "q70": 310.8623184859752,
  "q80": 407.3621240524575,
  "q90": 764.5362829282883
}
