{
  "q10": 0.0,
  "q20": 97.78565560206772,
  "q30": 134.82793533746153,
  "q40": 146.71233766581864,
  "q50": 168.64465942420065,
  "q60": 243.47194674136117,
  "q70": 305.0704601380974,
  "q80": 395.7438361727633,
  "q90": 757.9811634095387
}