{
  "q10": 0.0,
  "q20": 578.5478720828891,
  "q30": 1024.6174144171557,
  "q40": 1523.9865632221308,
  "q50": 2163.6276910593733,
  "q60": 2618.9644792355593,
  "q70": 3467.286077732674,
  "q80": 3954.0324551180006,
  "q90": 4638.200181451344
}