{
  "q10": 0.0,
  "q20": 64.44203708171845,
  "q30": 199.58596962578596,
  "q40": 313.34849774092436,
  "q50": 521.455135108903,
  "q60": 997.3558796823024,
  "q70": 2124.3232791423775,
  "q80": 3605.746172714234,
  "q90": 5365.368097531798
}
