{
  "q10": 0.0,
  "q20": 82.5302101423964,
  "q30": 722.0667217032983,
  "q40": 2036.0889499351383,
  "q50": 2790.821930512786,
  "q60": 3681.6375913381576,
  "q70": 4991.083425045013,
  "q80": 9844.175742411615,
  "q90": 11715.519250750544
}
