{
  "q10": 0.0,
  "q20": 263.6927780099213,
  "q30": 789.7251811564898,
  "q40": 1177.1951333348188,
  "q50": 1690.1446850672364,
  "q60": 4464.470570107549,
  "q70": 6970.466212398558,
  "q80": 9060.878950942308,
  "q90": 11241.255952142925
}
