{
  "q10": 0.0,
  "q20": 534130.5548959647,
  "q30": 747981.5013055508,
  "q40": 948142.6169539146,
  "q50": 1140619.3319102973,
  "q60": 1328554.5769778101,
  "q70": 1604082.2408009022,
  "q80": 2077724.3806983198,
  "q90": 3079797.5161824836
}