{
  "q10": 0.0,
  "q20": 238.1912953734398,
  "q30": 295.0368778586388,
  "q40": 329.535877764225,
  "q50": 367.78541600704193,
  "q60": 424.4880964756012,
  "q70": 491.98045495152473,
  "q80": 559.8614464521409,
  "q90": 659.6133199691773
}