{
  "q10": 0.0,
  "q20": 970.4029147423921,
  "q30": 1608.651295221268,
  "q40": 2552.803146913124,
  "q50": 3366.4855176180426,
  "q60": 4711.012476517481,
  "q70": 6425.246652325266,
  "q80": 7288.573896786501,
  "q90": 8289.68058182416
}