{
  "q10": -36455.98721132278,
  "q20": -24512.061232471464,
  "q30": -13278.344551897051,
  "q40": -4388.201978301998,
  "q50": 0.0,
  "q60": 121.57867393493645,
  "q70": 6147.067964744563,
  "q80": 15643.184560012818,
  "q90": 57943.37475242618
}
