{
  "q10": 0.0,
  "q20": 252.78475490957499,
  "q30": 767.0772046790458,
  "q40": 992.9350196076557,
  "q50": 1363.5140703758225,
  "q60": 3822.931292603164,
  "q70": 5957.765989772601,
  "q80": 8085.603509488702,
  "q90": 9738.694940863554
}
