{
  "q10": 0.0,
  "q20": 1099.4356716871262,
  "q30": 1505.5165135025977,
  "q40": 1998.286972975731,
  "q50": 2468.221849679947,
  "q60": 3028.0945332050323,
  "q70": 3763.8977522969244,
  "q80": 4652.389100861549,
  "q90": 5757.387308216097
}
