{
  "q10": 0.0,
  "q20": 68417.14506835937,
  "q30": 93207.28652343749,
  "q40": 115218.48837890624,
  "q50": 135647.5009765625,
  "q60": 159128.9537109375,
  "q70": 189368.29345703122,
  "q80": 250602.17089843753,
  "q90": 363096.6336746216
}
