{
  "q10": 0.0,
  "q20": 620901.5033772102,
  "q30": 762823.4770310777,
  "q40": 903035.1356955025,
  "q50": 1067487.2735494082,
  "q60": 1211908.3260521456,
  "q70": 1392630.3952793768,
  "q80": 1752874.47876967,
  "q90": 3136665.4619489918
}
