{
  "q10": 0.0,
  "q20": 425.3728123426438,
  "q30": 506.354957151413,
  "q40": 533.6778022050858,
  "q50": 600.9478452205658,
  "q60": 714.6663236618041,
  "q70": 933.8575326442718,
  "q80": 1122.7739054203034,
  "q90": 1237.5830223560333
}