{
  "q10": 0.0,
  "q20": 110429.40108981197,
  "q30": 163463.8941010137,
  "q40": 209119.24337794745,
  "q50": 247432.03137408456,
  "q60": 289661.1296091962,
  "q70": 333551.6958776322,
  "q80": 390792.9926859273,
  "q90": 561004.8020554716
}
