{
  "q10": -11223.785034179688,
  "q20": -7244.4927734375,
  "q30": -4494.787630271911,
  "q40": -2787.163980102539,
  "q50": -1143.1867065429688,
  "q60": 0.0,
  "q70": 0.0,
  "q80": 1025.9558837890636,
  "q90": 6705.776660156257
}
