{
  "q10": 0.0,
  "q20": 0.0,
  "q30": 73.05307193100452,
  "q40": 92.91055040359497,
  "q50": 109.38369660079479,
  "q60": 137.08473390340805,
  "q70": 154.15668873786925,
  "q80": 212.41839141845705,
  "q90": 371.8291297912598
}
