{
  "q10": 0.0,
  "q20": 944.0880190231604,
  "q30": 1571.0849012385704,
  "q40": 2455.569960306626,
  "q50": 3274.0157205600117,
  "q60": 4540.920334159577,
  "q70": 6051.602472759941,
  "q80": 6843.042537131766,
  "q90": 7777.582161066105
}
