{
  "q10": 0.0,
  "q20": 0.0,
  "q30": 3.962889485753518e-06,
  "q40": 1.4879883433571722e-05,
  "q50": 0.1409496570435952,
  "q60": 0.2748085506669292,
  "q70": 0.503820253802226,
  "q80": 6.029689270569923,
  "q90": 20.243810061576706
}