{
  "q10": 0.0,
  "q20": 5666.618525528907,
  "q30": 5996.773958776146,
  "q40": 6173.903255164623,
  "q50": 6310.187089502811,
  "q60": 6470.037685525417,
  "q70": 6891.079767709971,
  "q80": 7756.634658718109,
  "q90": 8205.347987490894
}