{
  "q10": 0.0,
  "q20": 498.771884560585,
  "q30": 522.6433962583542,
  "q40": 587.0893810510636,
  "q50": 685.6161091327667,
  "q60": 909.2979384899139,
  "q70": 1007.7253496646881,
  "q80": 1213.4004073143005,
  "q90": 1301.1166738271713
}