{
  "q10": 0.0,
  "q20": 441.14990580291726,
  "q30": 877.4942163207414,
  "q40": 1530.4768385763357,
  "q50": 3094.9266324403256,
  "q60": 5560.01148265692,
  "q70": 8435.906608068439,
  "q80": 11226.545676634207,
  "q90": 14160.463284540494
}