{
  "q10": 0.0,
  "q20": 77191.82392578125,
  "q30": 93609.11171875,
  "q40": 107824.99560546875,
  "q50": 119930.30639648438,
  "q60": 136661.99306640626,
  "q70": 160139.575390625,
  "q80": 204363.498046875,
  "q90": 379200.20010986406
}
