{
  "q10": 0.0,
  "q20": 462.0916168385186,
  "q30": 936.9499151494149,
  "q40": 1451.380773564335,
  "q50": 2563.7962151883403,
  "q60": 3965.216087454557,
  "q70": 5891.496639931202,
  "q80": 8372.230724191666,
  "q90": 11092.35819964409
}