{
  "q10": -5676.816906738281,
  "q20": -3047.5685913085936,
  "q30": -1016.0667724609376,
  "q40": 0.0,
  "q50": 0.0,
  "q60": 433.1124511718749,
  "q70": 2097.7295837402344,
  "q80": 5011.443579101563,
  "q90": 8806.150824737551
}