{
  "q10": 0.0,
  "q20": 310.5348496502747,
  "q30": 542.4114322365684,
  "q40": 927.7641970812456,
  "q50": 2055.251654865685,
  "q60": 3697.172319015625,
  "q70": 5699.05157937711,
  "q80": 7016.013944912371,
  "q90": 9236.266208310404
}
