{
  "q10": 0.0,
  "q20": 26517.479705588852,
  "q30": 26947.54693896581,
  "q40": 27153.43720479923,
  "q50": 27266.428331033938,
  "q60": 27396.059590898833,
  "q70": 27529.920831735722,
  "q80": 27682.128712476824,
  "q90": 27872.375154884598
}