{
  "q10": 0.0,
  "q20": 25819.454161769896,
  "q30": 26330.54093032996,
  "q40": 26582.325303924023,
  "q50": 26752.864299613975,
  "q60": 26915.5459880054,
  "q70": 27059.07763749659,
  "q80": 27230.999149701725,
  "q90": 27423.741243973876
}