{
  "q10": 0.0,
  "q20": 236.82534484863282,
  "q30": 752.2513610839843,
  "q40": 980.1126098632812,
  "q50": 1347.1741943359375,
  "q60": 3794.357568359374,
  "q70": 5938.303759765624,
  "q80": 8053.0134765625,
  "q90": 9686.496386718756
}