{
  "q10": 0.0,
  "q20": 219.19568702057006,
  "q30": 652.6812733219937,
  "q40": 1054.324399581761,
  "q50": 1499.7037785686553,
  "q60": 2403.396302840498,
  "q70": 3579.0840903781595,
  "q80": 5487.035101732613,
  "q90": 8213.933106082677
}
