{
  "q10": 0.0,
  "q20": 63.748926198482536,
  "q30": 89.57768430188298,
  "q40": 104.0921170949936,
  "q50": 132.16230491176248,
  "q60": 151.50757908821106,
  "q70": 191.30978847593056,
  "q80": 247.64263458848,
  "q90": 502.53345508575455
}
