{
  "q10": 0.0,
  "q20": 9041.015625,
  "q30": 13500.0,
  "q40": 18000.0,
  "q50": 23426.3642578125,
  "q60": 28888.021875,
  "q70": 38312.38027343748,
  "q80": 70131.646484375,
  "q90": 147777.35078125002
}