{
  "q10": 0.0,
  "q20": 11493.901171875003,
  "q30": 21850.987353515626,
  "q40": 25944.566015625,
  "q50": 29199.31396484375,
  "q60": 38126.76796875,
  "q70": 59703.361523437496,
  "q80": 92858.58828125,
  "q90": 144282.23632812506
}