{
  "q10": 0.0,
  "q20": 5.5134384751388685,
  "q30": 15.584289050102239,
  "q40": 32.10060119628841,
  "q50": 46.16150332703794,
  "q60": 67.85196876525838,
  "q70": 95.74258500337548,
  "q80": 208.85599221885224,
  "q90": 338.9563719615337
}