{
  "q10": 0.0,
  "q20": 703.0367432341097,
  "q30": 1127.3770378364366,
  "q40": 1612.0727573171262,
  "q50": 2377.536001718836,
  "q60": 2743.3740118682385,
  "q70": 3746.114264244586,
  "q80": 4156.192635971308,
  "q90": 4767.66936394237
}