{
  "q10": 0.0,
  "q20": 78.94169928990306,
  "q30": 574.5694646678865,
  "q40": 1229.3539170712233,
  "q50": 2095.582661882974,
  "q60": 2876.9448809951546,
  "q70": 4306.091153478622,
  "q80": 8686.959272575381,
  "q90": 10651.976489493998
}
