{
  "q10": -16081.009197068213,
  "q20": -5537.425956511497,
  "q30": 0.0,
  "q40": 0.0,
  "q50": 2464.132630467415,
  "q60": 8680.750320720672,
  "q70": 20694.493355178827,
  "q80": 37904.71460800172,
  "q90": 65831.4960077286
}
