{
  "q10": 0.0,
  "q20": 3358.7555031299594,
  "q30": 4530.249630308151,
  "q40": 5260.120600771904,
  "q50": 5986.727986812592,
  "q60": 6599.547000932694,
  "q70": 7189.62930970192,
  "q80": 7678.331885242463,
  "q90": 8182.71661438942
}