{
  "q10": 0.0,
  "q20": 7408.990732856095,
  "q30": 10297.715593965351,
  "q40": 11524.078051503002,
  "q50": 12943.053263638169,
  "q60": 13934.856309242547,
  "q70": 14727.723479731381,
  "q80": 15712.83065495491,
  "q90": 17210.600293803218
}
