{
  "q10": 0.0,
  "q20": 40.26287708729506,
  "q30": 115.49228180842474,
  "q40": 137.20243517905473,
  "q50": 154.57944826968014,
  "q60": 225.2777769189328,
  "q70": 289.83928041458125,
  "q80": 398.8043559175451,
  "q90": 758.3511130916886
}