{
  "q10": 0.0,
  "q20": 9.494282782077802,
  "q30": 27.405548095705,
  "q40": 34.042434692382486,
  "q50": 51.254214920105056,
  "q60": 77.46885994821754,
  "q70": 228.39714281558997,
  "q80": 439.08480818718704,
  "q90": 1379.1089527875188
}