{
  "q10": 0.0,
  "q20": 3.378038334389544e-07,
  "q30": 4.951743057892994e-06,
  "q40": 1.2170055167839983e-05,
  "q50": 0.05412408581838242,
  "q60": 0.445939128925904,
  "q70": 13.960437522149185,
  "q80": 72.82320138752168,
  "q90": 649.9146432266001
}