{
  "q10": 0.0,
  "q20": 110.21320655271411,
  "q30": 137.99175821132957,
  "q40": 149.5262035496533,
  "q50": 172.19832834601402,
  "q60": 248.07132849246264,
  "q70": 316.3627710819011,
  "q80": 408.4083476942033,
  "q90": 768.0774460736665
}