{
  "q10": 0.0,
  "q20": 94690.85915455244,
  "q30": 142896.24827508433,
  "q40": 185281.4626061265,
  "q50": 229359.65869522223,
  "q60": 278237.7757004263,
  "q70": 330367.52949592675,
  "q80": 417898.27211866336,
  "q90": 608602.4921252877
}
