{
  "q10": 0.0,
  "q20": 8997.54701077938,
  "q30": 9134.855028444528,
  "q40": 9243.542460238934,
  "q50": 9312.104699894786,
  "q60": 9384.581984436512,
  "q70": 9474.152892844379,
  "q80": 9584.351787740738,
  "q90": 9725.094028705358
}