{
  "q10": 0.0,
  "q20": 299.22017654180524,
  "q30": 327.19632374048234,
  "q40": 360.2633824586868,
  "q50": 422.9379618167877,
  "q60": 510.7740432024002,
  "q70": 572.9794479370117,
  "q80": 658.8398027420044,
  "q90": 702.5684654474259
}