{
  "q10": 0.0,
  "q20": 64.44203703403473,
  "q30": 199.57925574239343,
  "q40": 313.3484122768044,
  "q50": 521.4434544462711,
  "q60": 997.3560568243265,
  "q70": 2124.3288803100563,
  "q80": 3605.7369524955757,
  "q90": 5365.368097531798
}
