{
  "q10": 0.0,
  "q20": 245.9918548583984,
  "q30": 773.8517150878905,
  "q40": 1159.1061035156251,
  "q50": 1660.9971923828125,
  "q60": 4402.470703125,
  "q70": 6920.3375,
  "q80": 9020.2865234375,
  "q90": 11178.659472656253
}