{
  "q10": 0.0,
  "q20": 4697.670684057474,
  "q30": 6133.387174489908,
  "q40": 7445.503686055169,
  "q50": 8926.225230250508,
  "q60": 10210.922495861352,
  "q70": 11613.253021766246,
  "q80": 13137.338624842465,
  "q90": 15087.515021641553
}
