{
  "all": {
    "monthly_mean": {
      "overall": {
        "1": 34.361535788288705,
        "2": 36.74496347058668,
        "3": 42.70034229435217,
        "4": 38.953705466838265,
        "5": 39.9553304609853,
        "6": 25.257966020049576,
        "7": 11.595061718901693,
        "8": 6.349216723876502,
        "9": 5.284380272108103,
        "10": 6.18608121426274,
        "11": 8.676837082913524,
        "12": 22.41997020167514
      },
      "dry": {
        "1": 35.54760691864286,
        "2": 37.8692159664323,
        "3": 45.35416816661342,
        "4": 41.876261047099845,
        "5": 43.38115861710286,
        "6": 27.59316409221526,
        "7": 12.516318449369672,
        "8": 6.714120010857358,
        "9": 5.531887397109647,
        "10": 6.463119584053097,
        "11": 9.161757513241561,
        "12": 23.2927878407572
      },
      "wet": {
        "1": 34.361535788288705,
        "2": 36.74496347058668,
        "3": 42.70034229435217,
        "4": 38.953705466838265,
        "5": 39.9553304609853,
        "6": 25.257966020049576,
        "7": 11.595061718901693,
        "8": 6.349216723876502,
        "9": 5.284380272108103,
        "10": 6.18608121426274,
        "11": 8.676837082913524,
        "12": 22.41997020167514
      }
    },
    "deciles": {
      "overall": {
        "q10": 0.0,
        "q20": 0.03990101240000005,
        "q30": 0.2325140000000003,
        "q40": 0.6196441840000009,
        "q50": 1.33,
        "q60": 2.6908060199999992,
        "q70": 5.6,
        "q80": 12.484503800000013,
        "q90": 35.14007170000001
      },
      "dry": {
        "q10": 0.0,
        "q20": 0.05,
        "q30": 0.27054406000000003,
        "q40": 0.69,
        "q50": 1.4726593000000001,
        "q60": 2.96,
        "q70": 6.119985800000003,
        "q80": 13.49,
        "q90": 37.72326900000001
      },
      "wet": {
        "q10": 0.0,
        "q20": 0.03990101240000005,
        "q30": 0.2325140000000003,
        "q40": 0.6196441840000009,
        "q50": 1.33,
        "q60": 2.6908060199999992,
        "q70": 5.6,
        "q80": 12.484503800000013,
        "q90": 35.14007170000001
      }
    }
  },
  "SAC": {
    "monthly_mean": {
      "overall": {
        "1": 24.53368955734398,
        "2": 26.020826842768198,
        "3": 29.052555282916007,
        "4": 24.04316222140389,
        "5": 21.32320998860647,
        "6": 11.590388754786316,
        "7": 5.48017891861778,
        "8": 3.6370994064150337,
        "9": 3.2359334376423794,
        "10": 3.904477404104529,
        "11": 5.881377477618512,
        "12": 16.620836651585478
      },
      "dry": {
        "1": 26.802344340133395,
        "2": 36.926726264294764,
        "3": 43.3368068593676,
        "4": 36.6301702484784,
        "5": 33.46010444933533,
        "6": 19.991934942655732,
        "7": 8.548975600500775,
        "8": 4.896539722257022,
        "9": 4.0613915090510195,
        "10": 4.1829734253919675,
        "11": 6.761517536483497,
        "12": 16.802957486597595
      },
      "wet": {
        "1": 20.10257083837686,
        "2": 16.352122433959504,
        "3": 16.254761944171076,
        "4": 10.769014577367559,
        "5": 8.760180259643802,
        "6": 4.558503417219022,
        "7": 2.987915980403864,
        "8": 2.5151785840119025,
        "9": 2.354427425667401,
        "10": 2.946103449919932,
        "11": 4.025459239278707,
        "12": 10.206582943006806
      }
    },
    "deciles": {
      "overall": {
        "q10": 0.0324240382,
        "q20": 0.23207291000000002,
        "q30": 0.5636546500000001,
        "q40": 1.12091928,
        "q50": 2.05989895,
        "q60": 3.6844608799999996,
        "q70": 6.7097460700000005,
        "q80": 12.9,
        "q90": 28.905927
      },
      "dry": {
        "q10": 0.07701964800000001,
        "q20": 0.36889580800000005,
        "q30": 0.8335765000000012,
        "q40": 1.65,
        "q50": 3.0130186,
        "q60": 5.441779239999999,
        "q70": 9.683849000000006,
        "q80": 18.190276000000008,
        "q90": 39.519648000000004
      },
      "wet": {
        "q10": 0.0,
        "q20": 0.09,
        "q30": 0.2710882040000001,
        "q40": 0.55,
        "q50": 1.0281283,
        "q60": 1.82,
        "q70": 3.27,
        "q80": 6.4141565400000005,
        "q90": 14.784237000000047
      }
    }
  },
  "SJR": {
    "monthly_mean": {
      "overall": {
        "1": 9.252453579852421,
        "2": 9.9812048455599,
        "3": 12.79782036775916,
        "4": 15.298530992666466,
        "5": 21.20727247392674,
        "6": 15.489942132218495,
        "7": 5.962161552030899,
        "8": 1.5698901281301216,
        "9": 0.7018092614404811,
        "10": 0.9669350399236067,
        "11": 1.5252606920707812,
        "12": 4.246633925419675
      },
      "dry": {
        "1": 8.06132834967652,
        "2": 19.716325987719593,
        "3": 23.090356244701578,
        "4": 23.35379989657027,
        "5": 32.948166041077535,
        "6": 31.996279938186543,
        "7": 15.427866867259235,
        "8": 3.63858029539527,
        "9": 1.4466189685559123,
        "10": 1.4773686859016892,
        "11": 1.8037393058661937,
        "12": 3.959974711913626
      },
      "wet": {
        "1": 9.506835843497855,
        "2": 5.18536727019058,
        "3": 6.823116996751595,
        "4": 9.373822751164656,
        "5": 10.30835671909107,
        "6": 4.56131910213932,
        "7": 1.2627556474518074,
        "8": 0.5153079228375844,
        "9": 0.35310599345488175,
        "10": 0.5710956015089363,
        "11": 0.911867192018819,
        "12": 3.4251812338478813
      }
    },
    "deciles": {
      "overall": {
        "q10": 0.0,
        "q20": 0.0,
        "q30": 0.0,
        "q40": 0.076580838,
        "q50": 0.286146415,
        "q60": 0.7593141700000003,
        "q70": 1.7782635300000007,
        "q80": 4.4551136199999934,
        "q90": 14.704284550000036
      },
      "dry": {
        "q10": 0.0,
        "q20": 0.0,
        "q30": 0.03130397220000006,
        "q40": 0.17159287,
        "q50": 0.499865485,
        "q60": 1.11753964,
        "q70": 2.49,
        "q80": 6.773087200000007,
        "q90": 22.468857600000003
      },
      "wet": {
        "q10": 0.0,
        "q20": 0.0,
        "q30": 0.0,
        "q40": 0.008742054800000005,
        "q50": 0.087110052,
        "q60": 0.31336201999999985,
        "q70": 0.87,
        "q80": 2.350534800000002,
        "q90": 8.115450700000004
      }
    }
  }
}
