{
"type": "FeatureCollection",
"name": "dams",
"crs": {"type":"name","properties":{"name":"urn:ogc:def:crs:OGC:1.3:CRS84"}},
"features": [
{"type":"Feature","properties":{"Dam_Name":"Bethany Forebay","National_ID":"CA00033","Latitude":37.7835,"Longitude":-121.6178,"Year_Built":"1961","Capacity_acre_feet":5000},"geometry":{"type":"Point","coordinates":[-121.617800000016,37.7834999997451]}},
{"type":"Feature","properties":{"Dam_Name":"Clifton Court Forebay","National_ID":"CA00050","Latitude":37.821,"Longitude":-121.5864,"Year_Built":"1970","Capacity_acre_feet":29000},"geometry":{"type":"Point","coordinates":[-121.586400000114,37.8210000001322]}},
{"type":"Feature","properties":{"Dam_Name":"CSP Mule Creek","National_ID":"CA01195","Latitude":38.3801,"Longitude":-120.947,"Year_Built":"1988","Capacity_acre_feet":535},"geometry":{"type":"Point","coordinates":[-120.947000000233,38.3800999997442]}},
{"type":"Feature","properties":{"Dam_Name":"Gardella","National_ID":"CA01499","Latitude":37.891,"Longitude":-120.4335,"Year_Built":"2009","Capacity_acre_feet":370},"geometry":{"type":"Point","coordinates":[-120.433500000434,37.8909999998906]}},
{"type":"Feature","properties":{"Dam_Name":"Antioch Reservoir","National_ID":"CA00057","Latitude":37.9779,"Longitude":-121.809,"Year_Built":"1935","Capacity_acre_feet":722},"geometry":{"type":"Point","coordinates":[-121.80899999966,37.9778999999044]}},
{"type":"Feature","properties":{"Dam_Name":"Early Intake","National_ID":"CA00120","Latitude":37.8755,"Longitude":-119.9569,"Year_Built":"1925","Capacity_acre_feet":115},"geometry":{"type":"Point","coordinates":[-119.956899999644,37.8755000001967]}},
{"type":"Feature","properties":{"Dam_Name":"Lake Eleanor","National_ID":"CA00121","Latitude":37.974,"Longitude":-119.8818,"Year_Built":"1918","Capacity_acre_feet":28600},"geometry":{"type":"Point","coordinates":[-119.88180000017,37.9740000001139]}},
{"type":"Feature","properties":{"Dam_Name":"Moccasin Lower","National_ID":"CA00122","Latitude":37.8123,"Longitude":-120.3057,"Year_Built":"1930","Capacity_acre_feet":554},"geometry":{"type":"Point","coordinates":[-120.305699999745,37.8123000001552]}},
{"type":"Feature","properties":{"Dam_Name":"O`Shaughnessy","National_ID":"CA00123","Latitude":37.9484,"Longitude":-119.789,"Year_Built":"1923","Capacity_acre_feet":360000},"geometry":{"type":"Point","coordinates":[-119.788999999682,37.9483999998021]}},
{"type":"Feature","properties":{"Dam_Name":"Priest","National_ID":"CA00124","Latitude":37.8005,"Longitude":-120.2674,"Year_Built":"1923","Capacity_acre_feet":2067.4},"geometry":{"type":"Point","coordinates":[-120.267399999722,37.8005000001256]}},
{"type":"Feature","properties":{"Dam_Name":"Cherry Valley","National_ID":"CA00125","Latitude":37.9743,"Longitude":-119.9147,"Year_Built":"1956","Capacity_acre_feet":273500},"geometry":{"type":"Point","coordinates":[-119.914699999747,37.9743000000467]}},
{"type":"Feature","properties":{"Dam_Name":"Pardee","National_ID":"CA00164","Latitude":38.2579,"Longitude":-120.8519,"Year_Built":"1929","Capacity_acre_feet":197950},"geometry":{"type":"Point","coordinates":[-120.851900000003,38.2578999998208]}},
{"type":"Feature","properties":{"Dam_Name":"Camanche","National_ID":"CA00173","Latitude":38.2273,"Longitude":-121.0215,"Year_Built":"1963","Capacity_acre_feet":417120},"geometry":{"type":"Point","coordinates":[-121.021499999657,38.2273000001462]}},
{"type":"Feature","properties":{"Dam_Name":"Cameron Park","National_ID":"CA00230","Latitude":38.6814,"Longitude":-120.9934,"Year_Built":"1951","Capacity_acre_feet":480},"geometry":{"type":"Point","coordinates":[-120.993399999579,38.6814000000057]}},
{"type":"Feature","properties":{"Dam_Name":"New Bass Lake","National_ID":"CA01087","Latitude":38.6818,"Longitude":-121.0265,"Year_Built":"1978","Capacity_acre_feet":745},"geometry":{"type":"Point","coordinates":[-121.026500000071,38.68180000027]}},
{"type":"Feature","properties":{"Dam_Name":"El Dorado Hills","National_ID":"CA01176","Latitude":38.639,"Longitude":-121.0586,"Year_Built":"1980","Capacity_acre_feet":215},"geometry":{"type":"Point","coordinates":[-121.058599999582,38.6390000002015]}},
{"type":"Feature","properties":{"Dam_Name":"Sly Park","National_ID":"CA01523","Latitude":38.7159,"Longitude":-120.5626,"Year_Built":"1955","Capacity_acre_feet":41000},"geometry":{"type":"Point","coordinates":[-120.562599999882,38.7158999997098]}},
{"type":"Feature","properties":{"Dam_Name":"Crocker Diversion","National_ID":"CA00239","Latitude":37.5152,"Longitude":-120.3697,"Year_Built":"1910","Capacity_acre_feet":300},"geometry":{"type":"Point","coordinates":[-120.369699999649,37.5151999996453]}},
{"type":"Feature","properties":{"Dam_Name":"New Exchequer","National_ID":"CA00240","Latitude":37.5862,"Longitude":-120.2719,"Year_Built":"1967","Capacity_acre_feet":1032000},"geometry":{"type":"Point","coordinates":[-120.271899999645,37.5862000000658]}},
{"type":"Feature","properties":{"Dam_Name":"Lake Yosemite","National_ID":"CA00241","Latitude":37.3754,"Longitude":-120.4393,"Year_Built":"1888","Capacity_acre_feet":10323},"geometry":{"type":"Point","coordinates":[-120.439300000015,37.3753999996444]}},
{"type":"Feature","properties":{"Dam_Name":"McSwain","National_ID":"CA00242","Latitude":37.5234,"Longitude":-120.3095,"Year_Built":"1966","Capacity_acre_feet":9730},"geometry":{"type":"Point","coordinates":[-120.30950000006,37.5234000000229]}},
{"type":"Feature","properties":{"Dam_Name":"Modesto Reservoir","National_ID":"CA00243","Latitude":37.662,"Longitude":-120.6807,"Year_Built":"1911","Capacity_acre_feet":40000},"geometry":{"type":"Point","coordinates":[-120.680700000217,37.6620000000731]}},
{"type":"Feature","properties":{"Dam_Name":"Goodwin","National_ID":"CA00260","Latitude":37.8633,"Longitude":-120.6303,"Year_Built":"1912","Capacity_acre_feet":500},"geometry":{"type":"Point","coordinates":[-120.630299999642,37.8632999996922]}},
{"type":"Feature","properties":{"Dam_Name":"Rodden Lake","National_ID":"CA00262","Latitude":37.8181,"Longitude":-120.7654,"Year_Built":"1916","Capacity_acre_feet":380},"geometry":{"type":"Point","coordinates":[-120.765399999587,37.8181000000501]}},
{"type":"Feature","properties":{"Dam_Name":"Beardsley","National_ID":"CA00263","Latitude":38.2044,"Longitude":-120.0763,"Year_Built":"1957","Capacity_acre_feet":77600},"geometry":{"type":"Point","coordinates":[-120.076299999637,38.2044000000024]}},
{"type":"Feature","properties":{"Dam_Name":"Donnells","National_ID":"CA00264","Latitude":38.3313,"Longitude":-119.9618,"Year_Built":"1958","Capacity_acre_feet":56893},"geometry":{"type":"Point","coordinates":[-119.9617999996,38.3312999997409]}},
{"type":"Feature","properties":{"Dam_Name":"Tulloch","National_ID":"CA00265","Latitude":37.8777,"Longitude":-120.6068,"Year_Built":"1958","Capacity_acre_feet":68400},"geometry":{"type":"Point","coordinates":[-120.606799999944,37.8776999997862]}},
{"type":"Feature","properties":{"Dam_Name":"Beardsley Afterbay","National_ID":"CA00266","Latitude":38.1965,"Longitude":-120.0903,"Year_Built":"1958","Capacity_acre_feet":320},"geometry":{"type":"Point","coordinates":[-120.090299999897,38.196499999918]}},
{"type":"Feature","properties":{"Dam_Name":"Woodward","National_ID":"CA00276","Latitude":37.8646,"Longitude":-120.875,"Year_Built":"1918","Capacity_acre_feet":35435},"geometry":{"type":"Point","coordinates":[-120.874999999668,37.8646000000461]}},
{"type":"Feature","properties":{"Dam_Name":"La Grange","National_ID":"CA00278","Latitude":37.6722,"Longitude":-120.4449,"Year_Built":"1894","Capacity_acre_feet":500},"geometry":{"type":"Point","coordinates":[-120.44489999958,37.6722000003043]}},
{"type":"Feature","properties":{"Dam_Name":"Turlock Lake","National_ID":"CA00279","Latitude":37.6117,"Longitude":-120.5945,"Year_Built":"1915","Capacity_acre_feet":63406},"geometry":{"type":"Point","coordinates":[-120.594500000275,37.6117000001483]}},
{"type":"Feature","properties":{"Dam_Name":"Dawson Lake","National_ID":"CA00280","Latitude":37.6405,"Longitude":-120.4785,"Year_Built":"1896","Capacity_acre_feet":960},"geometry":{"type":"Point","coordinates":[-120.478499999664,37.6405000002853]}},
{"type":"Feature","properties":{"Dam_Name":"Don Pedro","National_ID":"CA00281","Latitude":37.6997,"Longitude":-120.4245,"Year_Built":"1971","Capacity_acre_feet":2030000},"geometry":{"type":"Point","coordinates":[-120.424499999689,37.6997000001813]}},
{"type":"Feature","properties":{"Dam_Name":"New Woodbridge Diversion","National_ID":"CA01461","Latitude":38.1562,"Longitude":-121.297,"Year_Built":"2006","Capacity_acre_feet":1583},"geometry":{"type":"Point","coordinates":[-121.297000000434,38.1562000002128]}},
{"type":"Feature","properties":{"Dam_Name":"Redhawk Lake","National_ID":"CA00306","Latitude":38.3256,"Longitude":-120.4944,"Year_Built":"1882","Capacity_acre_feet":2760},"geometry":{"type":"Point","coordinates":[-120.494399999631,38.3256000001429]}},
{"type":"Feature","properties":{"Dam_Name":"Middle Fork","National_ID":"CA00307","Latitude":38.3863,"Longitude":-120.4422,"Year_Built":"1939","Capacity_acre_feet":1700},"geometry":{"type":"Point","coordinates":[-120.442199999806,38.3862999999665]}},
{"type":"Feature","properties":{"Dam_Name":"Jeff Davis","National_ID":"CA00309","Latitude":38.3439,"Longitude":-120.5406,"Year_Built":"1973","Capacity_acre_feet":2059},"geometry":{"type":"Point","coordinates":[-120.540599999859,38.3439000003124]}},
{"type":"Feature","properties":{"Dam_Name":"Crane Valley Storage","National_ID":"CA00337","Latitude":37.2939,"Longitude":-119.5321,"Year_Built":"1910","Capacity_acre_feet":45410},"geometry":{"type":"Point","coordinates":[-119.532100000443,37.2939000000466]}},
{"type":"Feature","properties":{"Dam_Name":"#1 Forebay","National_ID":"CA00338","Latitude":37.1591,"Longitude":-119.4936,"Year_Built":"1896","Capacity_acre_feet":69},"geometry":{"type":"Point","coordinates":[-119.493600000403,37.1590999997772]}},
{"type":"Feature","properties":{"Dam_Name":"#3 Forebay","National_ID":"CA00339","Latitude":37.253,"Longitude":-119.5321,"Year_Built":"1906","Capacity_acre_feet":20},"geometry":{"type":"Point","coordinates":[-119.532100000443,37.2529999996699]}},
{"type":"Feature","properties":{"Dam_Name":"Kerckhoff Diversion","National_ID":"CA00340","Latitude":37.1285,"Longitude":-119.526,"Year_Built":"1920","Capacity_acre_feet":4200},"geometry":{"type":"Point","coordinates":[-119.526000000388,37.1284999999615]}},
{"type":"Feature","properties":{"Dam_Name":"Merced Falls","National_ID":"CA00341","Latitude":37.5231,"Longitude":-120.3298,"Year_Built":"1901","Capacity_acre_feet":620},"geometry":{"type":"Point","coordinates":[-120.329800000391,37.5230999997296]}},
{"type":"Feature","properties":{"Dam_Name":"#2 Reservoir","National_ID":"CA00342","Latitude":37.2444,"Longitude":-119.5161,"Year_Built":"1912","Capacity_acre_feet":168},"geometry":{"type":"Point","coordinates":[-119.516100000018,37.2443999999777]}},
{"type":"Feature","properties":{"Dam_Name":"Bear River","National_ID":"CA00379","Latitude":38.5585,"Longitude":-120.217,"Year_Built":"1900","Capacity_acre_feet":6818},"geometry":{"type":"Point","coordinates":[-120.217000000045,38.558499999962]}},
{"type":"Feature","properties":{"Dam_Name":"Lower Blue Lake","National_ID":"CA00380","Latitude":38.6085,"Longitude":-119.9284,"Year_Built":"1903","Capacity_acre_feet":5091},"geometry":{"type":"Point","coordinates":[-119.928400000431,38.6085000002871]}},
{"type":"Feature","properties":{"Dam_Name":"Meadow Lake","National_ID":"CA00381","Latitude":38.6007,"Longitude":-119.9769,"Year_Built":"1903","Capacity_acre_feet":5160},"geometry":{"type":"Point","coordinates":[-119.9769000004,38.6007000000723]}},
{"type":"Feature","properties":{"Dam_Name":"Salt Springs","National_ID":"CA00382","Latitude":38.5,"Longitude":-120.2163,"Year_Built":"1931","Capacity_acre_feet":141900},"geometry":{"type":"Point","coordinates":[-120.216300000436,38.4999999997261]}},
{"type":"Feature","properties":{"Dam_Name":"Lake Tabeaud","National_ID":"CA00383","Latitude":38.3492,"Longitude":-120.6663,"Year_Built":"1901","Capacity_acre_feet":1170},"geometry":{"type":"Point","coordinates":[-120.666299999925,38.349200000082]}},
{"type":"Feature","properties":{"Dam_Name":"Twin Lakes","National_ID":"CA00384","Latitude":38.61,"Longitude":-119.9429,"Year_Built":"1901","Capacity_acre_feet":1300},"geometry":{"type":"Point","coordinates":[-119.942900000283,38.6100000003235]}},
{"type":"Feature","properties":{"Dam_Name":"Upper Blue Lake","National_ID":"CA00385","Latitude":38.6275,"Longitude":-119.9414,"Year_Built":"1901","Capacity_acre_feet":7576},"geometry":{"type":"Point","coordinates":[-119.941399999709,38.6275000001293]}},
{"type":"Feature","properties":{"Dam_Name":"Lyons","National_ID":"CA00387","Latitude":38.0944,"Longitude":-120.1677,"Year_Built":"1930","Capacity_acre_feet":6228},"geometry":{"type":"Point","coordinates":[-120.16770000001,38.0944000001761]}},
{"type":"Feature","properties":{"Dam_Name":"Main Strawberry","National_ID":"CA00388","Latitude":38.2002,"Longitude":-119.9888,"Year_Built":"1916","Capacity_acre_feet":18312},"geometry":{"type":"Point","coordinates":[-119.988800000036,38.2001999999347]}},
{"type":"Feature","properties":{"Dam_Name":"Relief","National_ID":"CA00390","Latitude":38.2808,"Longitude":-119.7326,"Year_Built":"1910","Capacity_acre_feet":15122},"geometry":{"type":"Point","coordinates":[-119.732600000407,38.2807999999013]}},
{"type":"Feature","properties":{"Dam_Name":"Stanislaus Forebay","National_ID":"CA00391","Latitude":38.1456,"Longitude":-120.3593,"Year_Built":"1908","Capacity_acre_feet":320},"geometry":{"type":"Point","coordinates":[-120.359299999687,38.1456000000132]}},
{"type":"Feature","properties":{"Dam_Name":"Tiger Creek Regulator","National_ID":"CA00400","Latitude":38.4785,"Longitude":-120.4523,"Year_Built":"1931","Capacity_acre_feet":523},"geometry":{"type":"Point","coordinates":[-120.452300000192,38.478500000046]}},
{"type":"Feature","properties":{"Dam_Name":"Tiger Creek Afterbay","National_ID":"CA00401","Latitude":38.4413,"Longitude":-120.5055,"Year_Built":"1931","Capacity_acre_feet":3960},"geometry":{"type":"Point","coordinates":[-120.5055000001,38.4413000000004]}},
{"type":"Feature","properties":{"Dam_Name":"Electra Diversion","National_ID":"CA00408","Latitude":38.4211,"Longitude":-120.5489,"Year_Built":"1947","Capacity_acre_feet":65},"geometry":{"type":"Point","coordinates":[-120.548900000097,38.4211000002331]}},
{"type":"Feature","properties":{"Dam_Name":"Lower Bear River","National_ID":"CA00409","Latitude":38.5397,"Longitude":-120.2595,"Year_Built":"1952","Capacity_acre_feet":48750},"geometry":{"type":"Point","coordinates":[-120.259500000416,38.5396999998289]}},
{"type":"Feature","properties":{"Dam_Name":"Tiger Creek Forebay","National_ID":"CA00419","Latitude":38.4539,"Longitude":-120.477,"Year_Built":"1931","Capacity_acre_feet":36},"geometry":{"type":"Point","coordinates":[-120.476999999989,38.453899999723]}},
{"type":"Feature","properties":{"Dam_Name":"Bear Creek Diversion","National_ID":"CA00428","Latitude":37.3359,"Longitude":-118.9756,"Year_Built":"1927","Capacity_acre_feet":103},"geometry":{"type":"Point","coordinates":[-118.975599999783,37.3359000000289]}},
{"type":"Feature","properties":{"Dam_Name":"Big Creek No. 4","National_ID":"CA00430","Latitude":37.2036,"Longitude":-119.2417,"Year_Built":"1913","Capacity_acre_feet":100},"geometry":{"type":"Point","coordinates":[-119.241699999782,37.203600000219]}},
{"type":"Feature","properties":{"Dam_Name":"Big Creek No. 5","National_ID":"CA00431","Latitude":37.2007,"Longitude":-119.3076,"Year_Built":"1921","Capacity_acre_feet":42},"geometry":{"type":"Point","coordinates":[-119.307600000291,37.200700000151]}},
{"type":"Feature","properties":{"Dam_Name":"Big Creek No. 6","National_ID":"CA00432","Latitude":37.2072,"Longitude":-119.331,"Year_Built":"1923","Capacity_acre_feet":993},"geometry":{"type":"Point","coordinates":[-119.33100000043,37.2071999999294]}},
{"type":"Feature","properties":{"Dam_Name":"Florence Lake","National_ID":"CA00433","Latitude":37.2725,"Longitude":-118.9657,"Year_Built":"1926","Capacity_acre_feet":64406},"geometry":{"type":"Point","coordinates":[-118.965700000311,37.272499999685]}},
{"type":"Feature","properties":{"Dam_Name":"Huntington Lake 1","National_ID":"CA00434","Latitude":37.2281,"Longitude":-119.2362,"Year_Built":"1917","Capacity_acre_feet":88834},"geometry":{"type":"Point","coordinates":[-119.236199999776,37.2281000001596]}},
{"type":"Feature","properties":{"Dam_Name":"Mono Creek Diversion","National_ID":"CA00436","Latitude":37.3603,"Longitude":-118.9985,"Year_Built":"1927","Capacity_acre_feet":45},"geometry":{"type":"Point","coordinates":[-118.998500000329,37.3603000003208]}},
{"type":"Feature","properties":{"Dam_Name":"Shaver Lake","National_ID":"CA00437","Latitude":37.1468,"Longitude":-119.3029,"Year_Built":"1927","Capacity_acre_feet":135283},"geometry":{"type":"Point","coordinates":[-119.302900000352,37.1468000003009]}},
{"type":"Feature","properties":{"Dam_Name":"Big Creek No. 7","National_ID":"CA00440","Latitude":37.1464,"Longitude":-119.4514,"Year_Built":"1951","Capacity_acre_feet":35000},"geometry":{"type":"Point","coordinates":[-119.451399999608,37.146399999816]}},
{"type":"Feature","properties":{"Dam_Name":"Vermilion Valley","National_ID":"CA00441","Latitude":37.3699,"Longitude":-118.9956,"Year_Built":"1954","Capacity_acre_feet":125000},"geometry":{"type":"Point","coordinates":[-118.99559999964,37.3698999999734]}},
{"type":"Feature","properties":{"Dam_Name":"Portal Powerhouse Forebay","National_ID":"CA00442","Latitude":37.3203,"Longitude":-119.0692,"Year_Built":"1955","Capacity_acre_feet":325},"geometry":{"type":"Point","coordinates":[-119.069200000337,37.3202999999272]}},
{"type":"Feature","properties":{"Dam_Name":"Mammoth Pool","National_ID":"CA00443","Latitude":37.3237,"Longitude":-119.3181,"Year_Built":"1960","Capacity_acre_feet":123000},"geometry":{"type":"Point","coordinates":[-119.318099999812,37.3236999996801]}},
{"type":"Feature","properties":{"Dam_Name":"Balsam Meadow","National_ID":"CA01283","Latitude":37.1636,"Longitude":-119.2519,"Year_Built":"1986","Capacity_acre_feet":2040},"geometry":{"type":"Point","coordinates":[-119.251899999727,37.1636000001432]}},
{"type":"Feature","properties":{"Dam_Name":"Alpine","National_ID":"CA00422","Latitude":38.4718,"Longitude":-120.0044,"Year_Built":"1906","Capacity_acre_feet":4122},"geometry":{"type":"Point","coordinates":[-120.004400000428,38.4718000000875]}},
{"type":"Feature","properties":{"Dam_Name":"Union","National_ID":"CA00426","Latitude":38.4315,"Longitude":-119.9964,"Year_Built":"1902","Capacity_acre_feet":2000},"geometry":{"type":"Point","coordinates":[-119.996399999767,38.4314999999566]}},
{"type":"Feature","properties":{"Dam_Name":"Utica","National_ID":"CA00427","Latitude":38.4403,"Longitude":-120.0026,"Year_Built":"1908","Capacity_acre_feet":2400},"geometry":{"type":"Point","coordinates":[-120.002600000279,38.4403000002598]}},
{"type":"Feature","properties":{"Dam_Name":"Hunters","National_ID":"CA00423","Latitude":38.1983,"Longitude":-120.3604,"Year_Built":"1928","Capacity_acre_feet":253},"geometry":{"type":"Point","coordinates":[-120.360400000227,38.1983000002663]}},
{"type":"Feature","properties":{"Dam_Name":"Ross","National_ID":"CA00424","Latitude":38.1176,"Longitude":-120.5158,"Year_Built":"1895","Capacity_acre_feet":85},"geometry":{"type":"Point","coordinates":[-120.515799999605,38.1176000000423]}},
{"type":"Feature","properties":{"Dam_Name":"Murphys Afterbay","National_ID":"CA00410","Latitude":38.1466,"Longitude":-120.4482,"Year_Built":"1953","Capacity_acre_feet":40},"geometry":{"type":"Point","coordinates":[-120.448200000302,38.1465999998857]}},
{"type":"Feature","properties":{"Dam_Name":"Murphys Forebay","National_ID":"CA00420","Latitude":38.1493,"Longitude":-120.4339,"Year_Built":"1953","Capacity_acre_feet":54},"geometry":{"type":"Point","coordinates":[-120.433899999569,38.1493000000892]}},
{"type":"Feature","properties":{"Dam_Name":"Granlees","National_ID":"CA00599","Latitude":38.4976,"Longitude":-121.066,"Year_Built":"1921","Capacity_acre_feet":75},"geometry":{"type":"Point","coordinates":[-121.066000000194,38.4975999998651]}},
{"type":"Feature","properties":{"Dam_Name":"Van Vleck","National_ID":"CA00602","Latitude":38.4688,"Longitude":-121.0619,"Year_Built":"1950","Capacity_acre_feet":2000},"geometry":{"type":"Point","coordinates":[-121.061900000304,38.4688000000122]}},
{"type":"Feature","properties":{"Dam_Name":"Mills","National_ID":"CA00603","Latitude":38.4999,"Longitude":-121.1086,"Year_Built":"1952","Capacity_acre_feet":195},"geometry":{"type":"Point","coordinates":[-121.108600000124,38.4999000001274]}},
{"type":"Feature","properties":{"Dam_Name":"Schneider","National_ID":"CA00604","Latitude":38.4669,"Longitude":-121.0919,"Year_Built":"1941","Capacity_acre_feet":126},"geometry":{"type":"Point","coordinates":[-121.09190000009,38.4669000003044]}},
{"type":"Feature","properties":{"Dam_Name":"Hamel","National_ID":"CA00605","Latitude":38.305,"Longitude":-121.0586,"Year_Built":"1957","Capacity_acre_feet":350},"geometry":{"type":"Point","coordinates":[-121.058599999582,38.3050000000204]}},
{"type":"Feature","properties":{"Dam_Name":"D'Agostini","National_ID":"CA00610","Latitude":38.5855,"Longitude":-120.7378,"Year_Built":"1950","Capacity_acre_feet":355},"geometry":{"type":"Point","coordinates":[-120.737799999999,38.5854999997812]}},
{"type":"Feature","properties":{"Dam_Name":"Big Canyon Creek","National_ID":"CA00611","Latitude":38.6109,"Longitude":-120.9036,"Year_Built":"1935","Capacity_acre_feet":395},"geometry":{"type":"Point","coordinates":[-120.903600000237,38.6109000000337]}},
{"type":"Feature","properties":{"Dam_Name":"Goffinet","National_ID":"CA00612","Latitude":38.3779,"Longitude":-120.8845,"Year_Built":"1954","Capacity_acre_feet":197},"geometry":{"type":"Point","coordinates":[-120.884500000005,38.3779000002739]}},
{"type":"Feature","properties":{"Dam_Name":"Arroyo Seco","National_ID":"CA00613","Latitude":38.3568,"Longitude":-121,"Year_Built":"1957","Capacity_acre_feet":2433},"geometry":{"type":"Point","coordinates":[-121.000000000125,38.3567999997146]}},
{"type":"Feature","properties":{"Dam_Name":"John Orr","National_ID":"CA00615","Latitude":38.2975,"Longitude":-120.9732,"Year_Built":"1959","Capacity_acre_feet":152},"geometry":{"type":"Point","coordinates":[-120.973199999705,38.2975000001502]}},
{"type":"Feature","properties":{"Dam_Name":"Shenandoah Lake","National_ID":"CA00617","Latitude":38.535,"Longitude":-120.8158,"Year_Built":"1962","Capacity_acre_feet":168},"geometry":{"type":"Point","coordinates":[-120.815800000162,38.5350000000003]}},
{"type":"Feature","properties":{"Dam_Name":"Vicini","National_ID":"CA01093","Latitude":38.4693,"Longitude":-120.9405,"Year_Built":"1980","Capacity_acre_feet":150},"geometry":{"type":"Point","coordinates":[-120.940500000145,38.4693000000179]}},
{"type":"Feature","properties":{"Dam_Name":"Plymouth Effluent","National_ID":"CA01189","Latitude":38.4774,"Longitude":-120.882,"Year_Built":"1989","Capacity_acre_feet":185},"geometry":{"type":"Point","coordinates":[-120.882000000247,38.4773999998029]}},
{"type":"Feature","properties":{"Dam_Name":"Emery","National_ID":"CA00618","Latitude":38.2484,"Longitude":-120.5038,"Year_Built":"1850","Capacity_acre_feet":630},"geometry":{"type":"Point","coordinates":[-120.503800000409,38.2484000001161]}},
{"type":"Feature","properties":{"Dam_Name":"Bevanda","National_ID":"CA00619","Latitude":38.1451,"Longitude":-120.8859,"Year_Built":"1925","Capacity_acre_feet":60},"geometry":{"type":"Point","coordinates":[-120.88590000012,38.1451000002352]}},
{"type":"Feature","properties":{"Dam_Name":"Salt Springs Valley","National_ID":"CA00620","Latitude":38.0305,"Longitude":-120.7643,"Year_Built":"1882","Capacity_acre_feet":10900},"geometry":{"type":"Point","coordinates":[-120.764299999945,38.0305000001886]}},
{"type":"Feature","properties":{"Dam_Name":"McCarty","National_ID":"CA00621","Latitude":38.0263,"Longitude":-120.691,"Year_Built":"1938","Capacity_acre_feet":93},"geometry":{"type":"Point","coordinates":[-120.690999999722,38.0262999999826]}},
{"type":"Feature","properties":{"Dam_Name":"Fly-In-Acres","National_ID":"CA00624","Latitude":38.2455,"Longitude":-120.3362,"Year_Built":"1953","Capacity_acre_feet":58},"geometry":{"type":"Point","coordinates":[-120.336200000022,38.2454999998562]}},
{"type":"Feature","properties":{"Dam_Name":"Christensen No. 1","National_ID":"CA00625","Latitude":38.1254,"Longitude":-120.7021,"Year_Built":"1951","Capacity_acre_feet":69},"geometry":{"type":"Point","coordinates":[-120.702100000191,38.1254000001839]}},
{"type":"Feature","properties":{"Dam_Name":"Ferrario","National_ID":"CA00626","Latitude":38.188,"Longitude":-120.9175,"Year_Built":"1955","Capacity_acre_feet":250},"geometry":{"type":"Point","coordinates":[-120.917500000039,38.1880000000611]}},
{"type":"Feature","properties":{"Dam_Name":"Flowers","National_ID":"CA00627","Latitude":37.9694,"Longitude":-120.6848,"Year_Built":"1957","Capacity_acre_feet":724},"geometry":{"type":"Point","coordinates":[-120.684800000107,37.9694000003419]}},
{"type":"Feature","properties":{"Dam_Name":"Cherokee","National_ID":"CA00628","Latitude":38.0808,"Longitude":-120.6094,"Year_Built":"1959","Capacity_acre_feet":630},"geometry":{"type":"Point","coordinates":[-120.609400000159,38.0808000002491]}},
{"type":"Feature","properties":{"Dam_Name":"Reba","National_ID":"CA00642","Latitude":38.4728,"Longitude":-120.0452,"Year_Built":"1965","Capacity_acre_feet":361},"geometry":{"type":"Point","coordinates":[-120.045200000209,38.4728000000389]}},
{"type":"Feature","properties":{"Dam_Name":"Phoenix","National_ID":"CA00389","Latitude":37.9998,"Longitude":-120.3273,"Year_Built":"1880","Capacity_acre_feet":455},"geometry":{"type":"Point","coordinates":[-120.327299999735,37.9997999998845]}},
{"type":"Feature","properties":{"Dam_Name":"Quartz","National_ID":"CA01146","Latitude":37.9261,"Longitude":-120.4325,"Year_Built":"1978","Capacity_acre_feet":1500},"geometry":{"type":"Point","coordinates":[-120.432500000351,37.9260999997485]}},
{"type":"Feature","properties":{"Dam_Name":"Twain Harte","National_ID":"CA00649","Latitude":38.0291,"Longitude":-120.244,"Year_Built":"1928","Capacity_acre_feet":143},"geometry":{"type":"Point","coordinates":[-120.243999999583,38.029099999985]}},
{"type":"Feature","properties":{"Dam_Name":"Brentwood Park","National_ID":"CA00651","Latitude":38.0395,"Longitude":-120.2504,"Year_Built":"1964","Capacity_acre_feet":80},"geometry":{"type":"Point","coordinates":[-120.250400000113,38.0394999996833]}},
{"type":"Feature","properties":{"Dam_Name":"Big Creek","National_ID":"CA00652","Latitude":37.8576,"Longitude":-120.201,"Year_Built":"1969","Capacity_acre_feet":7650},"geometry":{"type":"Point","coordinates":[-120.20099999962,37.8576000001718]}},
{"type":"Feature","properties":{"Dam_Name":"Tuolumne Log Pond","National_ID":"CA00653","Latitude":37.9581,"Longitude":-120.2443,"Year_Built":"1912","Capacity_acre_feet":120},"geometry":{"type":"Point","coordinates":[-120.244300000057,37.9581000000937]}},
{"type":"Feature","properties":{"Dam_Name":"Leland Meadows","National_ID":"CA01149","Latitude":38.2335,"Longitude":-119.9808,"Year_Built":"1978","Capacity_acre_feet":79},"geometry":{"type":"Point","coordinates":[-119.980800000273,38.2334999997987]}},
{"type":"Feature","properties":{"Dam_Name":"Orvis","National_ID":"CA00654","Latitude":37.9484,"Longitude":-120.7834,"Year_Built":"1959","Capacity_acre_feet":500},"geometry":{"type":"Point","coordinates":[-120.783400000177,37.9483999998021]}},
{"type":"Feature","properties":{"Dam_Name":"Modesto Effluent Storage","National_ID":"CA01286","Latitude":37.5375,"Longitude":-121.0824,"Year_Built":"1987","Capacity_acre_feet":7830},"geometry":{"type":"Point","coordinates":[-121.082399999753,37.5375000000102]}},
{"type":"Feature","properties":{"Dam_Name":"Gilmore","National_ID":"CA00655","Latitude":38.0446,"Longitude":-120.9908,"Year_Built":"1918","Capacity_acre_feet":550},"geometry":{"type":"Point","coordinates":[-120.990800000262,38.0445999997375]}},
{"type":"Feature","properties":{"Dam_Name":"Davis No. 2","National_ID":"CA00656","Latitude":38.06,"Longitude":-121.0311,"Year_Built":"1955","Capacity_acre_feet":1400},"geometry":{"type":"Point","coordinates":[-121.031099999553,38.0600000002651]}},
{"type":"Feature","properties":{"Dam_Name":"Foothill Ranch","National_ID":"CA00657","Latitude":38.1031,"Longitude":-121.0306,"Year_Built":"1952","Capacity_acre_feet":100},"geometry":{"type":"Point","coordinates":[-121.030599999961,38.1031000000336]}},
{"type":"Feature","properties":{"Dam_Name":"Beggs","National_ID":"CA01291","Latitude":38.2159,"Longitude":-121.046,"Year_Built":"1971","Capacity_acre_feet":81},"geometry":{"type":"Point","coordinates":[-121.046000000336,38.2158999997575]}},
{"type":"Feature","properties":{"Dam_Name":"Maria","National_ID":"CA01468","Latitude":37.706,"Longitude":-121.5338,"Year_Built":"2003","Capacity_acre_feet":277},"geometry":{"type":"Point","coordinates":[-121.533800000256,37.7060000001078]}},
{"type":"Feature","properties":{"Dam_Name":"Kelsey","National_ID":"CA00698","Latitude":37.5451,"Longitude":-120.3545,"Year_Built":"1929","Capacity_acre_feet":1000},"geometry":{"type":"Point","coordinates":[-120.354500000188,37.54510000034]}},
{"type":"Feature","properties":{"Dam_Name":"Mustang Creek","National_ID":"CA01097","Latitude":37.5062,"Longitude":-120.6557,"Year_Built":"1975","Capacity_acre_feet":700},"geometry":{"type":"Point","coordinates":[-120.655699999946,37.5061999999226]}},
{"type":"Feature","properties":{"Dam_Name":"Castle","National_ID":"CA01355","Latitude":37.4042,"Longitude":-120.5462,"Year_Built":"1991","Capacity_acre_feet":7510},"geometry":{"type":"Point","coordinates":[-120.546200000322,37.4041999996805]}},
{"type":"Feature","properties":{"Dam_Name":"Stockton Creek","National_ID":"CA00699","Latitude":37.4986,"Longitude":-119.9595,"Year_Built":"1950","Capacity_acre_feet":368},"geometry":{"type":"Point","coordinates":[-119.959499999859,37.4985999999146]}},
{"type":"Feature","properties":{"Dam_Name":"Green Valley","National_ID":"CA00700","Latitude":37.7764,"Longitude":-120.151,"Year_Built":"1957","Capacity_acre_feet":240},"geometry":{"type":"Point","coordinates":[-120.150999999977,37.7764000001807]}},
{"type":"Feature","properties":{"Dam_Name":"McMahon","National_ID":"CA00701","Latitude":37.69916,"Longitude":-120.198241,"Year_Built":"1957","Capacity_acre_feet":520},"geometry":{"type":"Point","coordinates":[-120.198241000295,37.6991599998455]}},
{"type":"Feature","properties":{"Dam_Name":"Hendricks","National_ID":"CA00702","Latitude":37.3567,"Longitude":-119.8988,"Year_Built":"1958","Capacity_acre_feet":130},"geometry":{"type":"Point","coordinates":[-119.898799999779,37.3566999998599]}},
{"type":"Feature","properties":{"Dam_Name":"Metzger","National_ID":"CA00703","Latitude":37.7166,"Longitude":-120.1098,"Year_Built":"1956","Capacity_acre_feet":75},"geometry":{"type":"Point","coordinates":[-120.109800000162,37.7165999996525]}},
{"type":"Feature","properties":{"Dam_Name":"Sierra Vista","National_ID":"CA00705","Latitude":37.1523,"Longitude":-120.2765,"Year_Built":"1872","Capacity_acre_feet":90},"geometry":{"type":"Point","coordinates":[-120.276500000025,37.1523000000708]}},
{"type":"Feature","properties":{"Dam_Name":"Madera Lake","National_ID":"CA00027","Latitude":37.0205,"Longitude":-120.0015,"Year_Built":"1958","Capacity_acre_feet":2300},"geometry":{"type":"Point","coordinates":[-120.001499999739,37.0204999998901]}},
{"type":"Feature","properties":{"Dam_Name":"Lake Jane","National_ID":"CA00706","Latitude":37.0614,"Longitude":-119.8233,"Year_Built":"1961","Capacity_acre_feet":182},"geometry":{"type":"Point","coordinates":[-119.823300000273,37.0613999999233]}},
{"type":"Feature","properties":{"Dam_Name":"Black Hawk","National_ID":"CA00707","Latitude":37.1641,"Longitude":-119.7842,"Year_Built":"1971","Capacity_acre_feet":740},"geometry":{"type":"Point","coordinates":[-119.784200000183,37.1640999997941]}},
{"type":"Feature","properties":{"Dam_Name":"Marsh Creek","National_ID":"CA00809","Latitude":37.8883,"Longitude":-121.7216,"Year_Built":"1963","Capacity_acre_feet":4425},"geometry":{"type":"Point","coordinates":[-121.721599999618,37.8882999997456]}},
{"type":"Feature","properties":{"Dam_Name":"Deer Creek","National_ID":"CA00810","Latitude":37.9227,"Longitude":-121.7607,"Year_Built":"1963","Capacity_acre_feet":233},"geometry":{"type":"Point","coordinates":[-121.760699999708,37.9227000001577]}},
{"type":"Feature","properties":{"Dam_Name":"Dry Creek","National_ID":"CA00811","Latitude":37.9107,"Longitude":-121.7334,"Year_Built":"1963","Capacity_acre_feet":330},"geometry":{"type":"Point","coordinates":[-121.733399999696,37.9107000000016]}},
{"type":"Feature","properties":{"Dam_Name":"Upper Sand Creek Detention Basin","National_ID":"CA01555","Latitude":37.945,"Longitude":-121.764,"Year_Built":"2014","Capacity_acre_feet":895},"geometry":{"type":"Point","coordinates":[-121.76400000043,37.9450000001168]}},
{"type":"Feature","properties":{"Dam_Name":"Rancho Seco","National_ID":"CA00825","Latitude":38.3365,"Longitude":-121.1019,"Year_Built":"1972","Capacity_acre_feet":2950},"geometry":{"type":"Point","coordinates":[-121.101900000019,38.3364999998691]}},
{"type":"Feature","properties":{"Dam_Name":"Berenda Slough","National_ID":"CA00835","Latitude":37.13,"Longitude":-120.1885,"Year_Built":"1962","Capacity_acre_feet":2450},"geometry":{"type":"Point","coordinates":[-120.188499999934,37.1299999998909]}},
{"type":"Feature","properties":{"Dam_Name":"Los Vaqueros","National_ID":"CA01396","Latitude":37.8363,"Longitude":-121.7265,"Year_Built":"1997","Capacity_acre_feet":160000},"geometry":{"type":"Point","coordinates":[-121.726499999574,37.8362999997478]}},
{"type":"Feature","properties":{"Dam_Name":"West Point Regulating","National_ID":"CA00846","Latitude":38.4113,"Longitude":-120.5063,"Year_Built":"1965","Capacity_acre_feet":60},"geometry":{"type":"Point","coordinates":[-120.506300000167,38.411300000261]}},
{"type":"Feature","properties":{"Dam_Name":"White Pines","National_ID":"CA01005","Latitude":38.2682,"Longitude":-120.3434,"Year_Built":"1970","Capacity_acre_feet":262},"geometry":{"type":"Point","coordinates":[-120.343399999719,38.2682000001902]}},
{"type":"Feature","properties":{"Dam_Name":"New Spicer Meadow","National_ID":"CA01224","Latitude":38.3957,"Longitude":-120.0021,"Year_Built":"1989","Capacity_acre_feet":189000},"geometry":{"type":"Point","coordinates":[-120.002099999789,38.3957000003111]}},
{"type":"Feature","properties":{"Dam_Name":"McKays Point Diversion","National_ID":"CA01257","Latitude":38.2339,"Longitude":-120.2928,"Year_Built":"1989","Capacity_acre_feet":2100},"geometry":{"type":"Point","coordinates":[-120.292800000026,38.2338999997681]}},
{"type":"Feature","properties":{"Dam_Name":"North Fork Diversion","National_ID":"CA01234","Latitude":38.4379,"Longitude":-120.018,"Year_Built":"1988","Capacity_acre_feet":120},"geometry":{"type":"Point","coordinates":[-120.017999999756,38.4378999996658]}},
{"type":"Feature","properties":{"Dam_Name":"Beaver Creek Diversion","National_ID":"CA01259","Latitude":38.2343,"Longitude":-120.2792,"Year_Built":"1990","Capacity_acre_feet":20},"geometry":{"type":"Point","coordinates":[-120.2791999998,38.2342999996542]}},
{"type":"Feature","properties":{"Dam_Name":"Copper Cove","National_ID":"CA01356","Latitude":37.9088,"Longitude":-120.6278,"Year_Built":"1993","Capacity_acre_feet":205},"geometry":{"type":"Point","coordinates":[-120.627799999885,37.9088000000096]}},
{"type":"Feature","properties":{"Dam_Name":"La Contenta","National_ID":"CA01464","Latitude":38.1695,"Longitude":-120.8211,"Year_Built":"2002","Capacity_acre_feet":172},"geometry":{"type":"Point","coordinates":[-120.821100000151,38.1694999998195]}},
{"type":"Feature","properties":{"Dam_Name":"Jackson Creek","National_ID":"CA00867","Latitude":38.3053,"Longitude":-120.8897,"Year_Built":"1965","Capacity_acre_feet":22000},"geometry":{"type":"Point","coordinates":[-120.889700000435,38.3052999998468]}},
{"type":"Feature","properties":{"Dam_Name":"Mendota Diversion","National_ID":"CA00886","Latitude":36.7884,"Longitude":-120.3718,"Year_Built":"1917","Capacity_acre_feet":3000},"geometry":{"type":"Point","coordinates":[-120.371800000272,36.788400000272]}},
{"type":"Feature","properties":{"Dam_Name":"San Diego Reservoir","National_ID":"CA00900","Latitude":38.0305,"Longitude":-120.3898,"Year_Built":"1860","Capacity_acre_feet":40},"geometry":{"type":"Point","coordinates":[-120.389799999964,38.0305000001886]}},
{"type":"Feature","properties":{"Dam_Name":"Holiday Lake","National_ID":"CA00910","Latitude":38.6613,"Longitude":-120.9154,"Year_Built":"1951","Capacity_acre_feet":150},"geometry":{"type":"Point","coordinates":[-120.915400000315,38.6613000000588]}},
{"type":"Feature","properties":{"Dam_Name":"Mokelumne Hill","National_ID":"CA01111","Latitude":38.3053,"Longitude":-120.716,"Year_Built":"1973","Capacity_acre_feet":52},"geometry":{"type":"Point","coordinates":[-120.715999999993,38.3052999998468]}},
{"type":"Feature","properties":{"Dam_Name":"Bear Valley SH","National_ID":"CA01114","Latitude":38.4549,"Longitude":-120.0343,"Year_Built":"1975","Capacity_acre_feet":346},"geometry":{"type":"Point","coordinates":[-120.034299999757,38.4549000002616]}},
{"type":"Feature","properties":{"Dam_Name":"Chesbro","National_ID":"CA00995","Latitude":38.509,"Longitude":-121.0726,"Year_Built":"1972","Capacity_acre_feet":1250},"geometry":{"type":"Point","coordinates":[-121.072599999841,38.5090000003287]}},
{"type":"Feature","properties":{"Dam_Name":"Calero","National_ID":"CA01209","Latitude":38.5246,"Longitude":-121.0827,"Year_Built":"1982","Capacity_acre_feet":2832},"geometry":{"type":"Point","coordinates":[-121.082700000227,38.5246000002224]}},
{"type":"Feature","properties":{"Dam_Name":"Clementia","National_ID":"CA01119","Latitude":38.5017,"Longitude":-121.0702,"Year_Built":"1976","Capacity_acre_feet":850},"geometry":{"type":"Point","coordinates":[-121.070199999643,38.5016999997843]}},
{"type":"Feature","properties":{"Dam_Name":"Michigan Bar No. 1","National_ID":"CA01243","Latitude":38.4825,"Longitude":-121.0827,"Year_Built":"1989","Capacity_acre_feet":814},"geometry":{"type":"Point","coordinates":[-121.082700000227,38.4824999998819]}},
{"type":"Feature","properties":{"Dam_Name":"Michigan Bar No. 2","National_ID":"CA01288","Latitude":38.4821,"Longitude":-121.0824,"Year_Built":"1983","Capacity_acre_feet":35},"geometry":{"type":"Point","coordinates":[-121.082399999753,38.4820999998313]}},
{"type":"Feature","properties":{"Dam_Name":"Galt","National_ID":"CA01225","Latitude":38.3046,"Longitude":-121.3311,"Year_Built":"1983","Capacity_acre_feet":90},"geometry":{"type":"Point","coordinates":[-121.33110000011,38.3046000002016]}},
{"type":"Feature","properties":{"Dam_Name":"Barnett","National_ID":"CA00998","Latitude":38.6438,"Longitude":-120.948,"Year_Built":"1948","Capacity_acre_feet":115},"geometry":{"type":"Point","coordinates":[-120.948000000316,38.6437999999894]}},
{"type":"Feature","properties":{"Dam_Name":"Tanner","National_ID":"CA01002","Latitude":38.234,"Longitude":-120.3768,"Year_Built":"1959","Capacity_acre_feet":124},"geometry":{"type":"Point","coordinates":[-120.376799999787,38.2339999999458]}},
{"type":"Feature","properties":{"Dam_Name":"Hein","National_ID":"CA01003","Latitude":38.1601,"Longitude":-120.9299,"Year_Built":"1962","Capacity_acre_feet":145},"geometry":{"type":"Point","coordinates":[-120.929900000166,38.160100000258]}},
{"type":"Feature","properties":{"Dam_Name":"Reid","National_ID":"CA01004","Latitude":38.2995,"Longitude":-120.4571,"Year_Built":"1969","Capacity_acre_feet":70},"geometry":{"type":"Point","coordinates":[-120.457099999691,38.2995000002144]}},
{"type":"Feature","properties":{"Dam_Name":"Forest Meadows","National_ID":"CA01120","Latitude":38.16,"Longitude":-120.4126,"Year_Built":"1975","Capacity_acre_feet":108},"geometry":{"type":"Point","coordinates":[-120.412600000053,38.1600000002545]}},
{"type":"Feature","properties":{"Dam_Name":"Stevenot","National_ID":"CA01301","Latitude":38.0343,"Longitude":-120.4986,"Year_Built":"1987","Capacity_acre_feet":150},"geometry":{"type":"Point","coordinates":[-120.498599999979,38.0343000001035]}},
{"type":"Feature","properties":{"Dam_Name":"Copperopolis","National_ID":"CA00845","Latitude":37.9831,"Longitude":-120.6495,"Year_Built":"1905","Capacity_acre_feet":225},"geometry":{"type":"Point","coordinates":[-120.649500000332,37.9831000001382]}},
{"type":"Feature","properties":{"Dam_Name":"Skyrocket","National_ID":"CA01428","Latitude":37.9934,"Longitude":-120.6853,"Year_Built":"1999","Capacity_acre_feet":1715},"geometry":{"type":"Point","coordinates":[-120.685299999699,37.9934000001798]}},
{"type":"Feature","properties":{"Dam_Name":"Middle Cooperstown","National_ID":"CA01306","Latitude":37.7502,"Longitude":-120.5383,"Year_Built":"1947","Capacity_acre_feet":90},"geometry":{"type":"Point","coordinates":[-120.538300000118,37.7502000003201]}},
{"type":"Feature","properties":{"Dam_Name":"Kilmer","National_ID":"CA01307","Latitude":37.7627,"Longitude":-120.5122,"Year_Built":"1953","Capacity_acre_feet":99},"geometry":{"type":"Point","coordinates":[-120.512200000205,37.7627000000192]}},
{"type":"Feature","properties":{"Dam_Name":"Groveland Wastewater Reclamation #2","National_ID":"CA01308","Latitude":37.8465,"Longitude":-120.2286,"Year_Built":"1981","Capacity_acre_feet":172},"geometry":{"type":"Point","coordinates":[-120.228600000106,37.8464999997043]}},
{"type":"Feature","properties":{"Dam_Name":"Pond K","National_ID":"CA01505","Latitude":38.337,"Longitude":-120.9588,"Year_Built":"2006","Capacity_acre_feet":1056},"geometry":{"type":"Point","coordinates":[-120.958800000311,38.336999999877]}},
{"type":"Feature","properties":{"Dam_Name":"Whispering Oaks","National_ID":"CA01346","Latitude":37.4703,"Longitude":-120.1122,"Year_Built":"1968","Capacity_acre_feet":69},"geometry":{"type":"Point","coordinates":[-120.112200000361,37.4703000000889]}},
{"type":"Feature","properties":{"Dam_Name":"Middle Lake","National_ID":"CA01121","Latitude":37.1415,"Longitude":-119.8326,"Year_Built":"1953","Capacity_acre_feet":74},"geometry":{"type":"Point","coordinates":[-119.832599999694,37.1414999997788]}},
{"type":"Feature","properties":{"Dam_Name":"Spring","National_ID":"CA00708","Latitude":37.1817,"Longitude":-119.7694,"Year_Built":"1971","Capacity_acre_feet":152},"geometry":{"type":"Point","coordinates":[-119.769399999857,37.1817000002609]}},
{"type":"Feature","properties":{"Dam_Name":"Upper Wilcox","National_ID":"CA01450","Latitude":37.2255,"Longitude":-119.6849,"Year_Built":"1930","Capacity_acre_feet":200},"geometry":{"type":"Point","coordinates":[-119.684899999606,37.2254999999479]}},
{"type":"Feature","properties":{"Dam_Name":"Oakhurst Wastewater Treatment","National_ID":"CA01485","Latitude":37.3293,"Longitude":-119.6821,"Year_Built":"2005","Capacity_acre_feet":110},"geometry":{"type":"Point","coordinates":[-119.682100000273,37.3292999999617]}},
{"type":"Feature","properties":{"Dam_Name":"Holman","National_ID":"CA01128","Latitude":38.0506,"Longitude":-120.5366,"Year_Built":"1976","Capacity_acre_feet":250},"geometry":{"type":"Point","coordinates":[-120.536600000427,38.0505999999193]}},
{"type":"Feature","properties":{"Dam_Name":"Grinding Rock","National_ID":"CA01184","Latitude":37.9367,"Longitude":-120.2576,"Year_Built":"1979","Capacity_acre_feet":330},"geometry":{"type":"Point","coordinates":[-120.25759999981,37.9367000001627]}},
{"type":"Feature","properties":{"Dam_Name":"Murphys Wastewater","National_ID":"CA01185","Latitude":38.1279,"Longitude":-120.4619,"Year_Built":"1980","Capacity_acre_feet":140},"geometry":{"type":"Point","coordinates":[-120.461900000088,38.1279000002382]}},
{"type":"Feature","properties":{"Dam_Name":"Henderson","National_ID":"CA00005","Latitude":38.3856,"Longitude":-120.8771,"Year_Built":"1923","Capacity_acre_feet":500},"geometry":{"type":"Point","coordinates":[-120.877100000291,38.385599999695]}},
{"type":"Feature","properties":{"Dam_Name":"Preston Forebay","National_ID":"CA00006","Latitude":38.3754,"Longitude":-120.9233,"Year_Built":"1892","Capacity_acre_feet":30},"geometry":{"type":"Point","coordinates":[-120.92329999962,38.3754000001109]}},
{"type":"Feature","properties":{"Dam_Name":"Preston","National_ID":"CA00012","Latitude":38.3698,"Longitude":-120.9398,"Year_Built":"1949","Capacity_acre_feet":268},"geometry":{"type":"Point","coordinates":[-120.939799999638,38.3697999997156]}},
{"type":"Feature","properties":{"Dam_Name":"Andrew Cademartori","National_ID":"CA01274","Latitude":38.1479,"Longitude":-120.4313,"Year_Built":"1983","Capacity_acre_feet":142},"geometry":{"type":"Point","coordinates":[-120.431300000252,38.1478999999256]}},
{"type":"Feature","properties":{"Dam_Name":"Ione Canal","National_ID":"CA01244","Latitude":38.3387,"Longitude":-120.9076,"Year_Built":"1962","Capacity_acre_feet":24},"geometry":{"type":"Point","coordinates":[-120.907599999669,38.3387000000233]}},
{"type":"Feature","properties":{"Dam_Name":"Crystal Lake","National_ID":"CA01282","Latitude":38.6707,"Longitude":-121.0101,"Year_Built":"1952","Capacity_acre_feet":225},"geometry":{"type":"Point","coordinates":[-121.010099999613,38.6706999998599]}},
{"type":"Feature","properties":{"Dam_Name":"Patterson","National_ID":"CA01050","Latitude":38.6823,"Longitude":-120.8308,"Year_Built":"1960","Capacity_acre_feet":350},"geometry":{"type":"Point","coordinates":[-120.830799999606,38.6823000002615]}},
{"type":"Feature","properties":{"Dam_Name":"Aukum View","National_ID":"CA01063","Latitude":38.5688,"Longitude":-120.7132,"Year_Built":"1962","Capacity_acre_feet":136},"geometry":{"type":"Point","coordinates":[-120.713199999761,38.5688000001108]}},
{"type":"Feature","properties":{"Dam_Name":"Sun Ridge Meadow","National_ID":"CA01369","Latitude":38.5837,"Longitude":-120.9831,"Year_Built":"1990","Capacity_acre_feet":83},"geometry":{"type":"Point","coordinates":[-120.983100000075,38.5837000001423]}},
{"type":"Feature","properties":{"Dam_Name":"Sack","National_ID":"CA10411","Latitude":36.9837,"Longitude":-120.5,"Year_Built":"1946","Capacity_acre_feet":165},"geometry":{"type":"Point","coordinates":[-120.500000000095,36.9836999998131]}},
{"type":"Feature","properties":{"Dam_Name":"Deer Creek","National_ID":"CA01187","Latitude":38.6529,"Longitude":-122.426,"Year_Built":"1980","Capacity_acre_feet":103},"geometry":{"type":"Point","coordinates":[-122.426000000383,38.6528999998683]}},
{"type":"Feature","properties":{"Dam_Name":"Boyd No. 2","National_ID":"CA01054","Latitude":40.3969,"Longitude":-122.3396,"Year_Built":"1973","Capacity_acre_feet":670},"geometry":{"type":"Point","coordinates":[-122.339600000424,40.3968999999463]}},
{"type":"Feature","properties":{"Dam_Name":"Treatment Ponds","National_ID":"CA01143","Latitude":40.4368,"Longitude":-122.2611,"Year_Built":"1975","Capacity_acre_feet":450},"geometry":{"type":"Point","coordinates":[-122.261099999771,40.4367999996752]}},
{"type":"Feature","properties":{"Dam_Name":"Thurman","National_ID":"CA01052","Latitude":40.6625,"Longitude":-121.9515,"Year_Built":"1966","Capacity_acre_feet":140},"geometry":{"type":"Point","coordinates":[-121.951500000216,40.6624999999586]}},
{"type":"Feature","properties":{"Dam_Name":"Boyd No. 1","National_ID":"CA01053","Latitude":40.3919,"Longitude":-122.3344,"Year_Built":"1971","Capacity_acre_feet":218},"geometry":{"type":"Point","coordinates":[-122.334399999994,40.3918999999877]}},
{"type":"Feature","properties":{"Dam_Name":"Niegel","National_ID":"CA01047","Latitude":38.88,"Longitude":-120.984,"Year_Built":"1951","Capacity_acre_feet":99},"geometry":{"type":"Point","coordinates":[-120.9839999997,38.8799999997526]}},
{"type":"Feature","properties":{"Dam_Name":"Aeree","National_ID":"CA01048","Latitude":38.8443,"Longitude":-121.0256,"Year_Built":"1951","Capacity_acre_feet":90},"geometry":{"type":"Point","coordinates":[-121.025600000445,38.8442999997225]}},
{"type":"Feature","properties":{"Dam_Name":"Schubin","National_ID":"CA01045","Latitude":38.7614,"Longitude":-120.9232,"Year_Built":"1952","Capacity_acre_feet":225},"geometry":{"type":"Point","coordinates":[-120.923200000061,38.7614000002505]}},
{"type":"Feature","properties":{"Dam_Name":"Manhattan Creek","National_ID":"CA01046","Latitude":38.8689,"Longitude":-120.8551,"Year_Built":"1952","Capacity_acre_feet":110},"geometry":{"type":"Point","coordinates":[-120.855100000268,38.8688999999675]}},
{"type":"Feature","properties":{"Dam_Name":"Usibelli No. 2","National_ID":"CA01140","Latitude":38.6002,"Longitude":-122.3866,"Year_Built":"1973","Capacity_acre_feet":900},"geometry":{"type":"Point","coordinates":[-122.38659999982,38.6001999998196]}},
{"type":"Feature","properties":{"Dam_Name":"Blanchard-Offner","National_ID":"CA01037","Latitude":38.6373,"Longitude":-122.4658,"Year_Built":"1963","Capacity_acre_feet":274},"geometry":{"type":"Point","coordinates":[-122.465800000082,38.6373000002825]}},
{"type":"Feature","properties":{"Dam_Name":"Lake Mary","National_ID":"CA00539","Latitude":39.312,"Longitude":-120.3319,"Year_Built":"1926","Capacity_acre_feet":172},"geometry":{"type":"Point","coordinates":[-120.331900000116,39.3119999999026]}},
{"type":"Feature","properties":{"Dam_Name":"Winchester","National_ID":"CA01418","Latitude":38.9846,"Longitude":-121.0448,"Year_Built":"1999","Capacity_acre_feet":58},"geometry":{"type":"Point","coordinates":[-121.044800000237,38.9845999998609]}},
{"type":"Feature","properties":{"Dam_Name":"Junge No. 3","National_ID":"CA01032","Latitude":40.6714,"Longitude":-121.9613,"Year_Built":"1966","Capacity_acre_feet":180},"geometry":{"type":"Point","coordinates":[-121.961300000129,40.6714000000258]}},
{"type":"Feature","properties":{"Dam_Name":"Spooner","National_ID":"CA00957","Latitude":41.0144,"Longitude":-120.6308,"Year_Built":"1906","Capacity_acre_feet":3123},"geometry":{"type":"Point","coordinates":[-120.630800000133,41.0143999997487]}},
{"type":"Feature","properties":{"Dam_Name":"Haynes Reservoir","National_ID":"CA01030","Latitude":40.9052,"Longitude":-121.7629,"Year_Built":"1965","Capacity_acre_feet":5870},"geometry":{"type":"Point","coordinates":[-121.76289999989,40.9051999997905]}},
{"type":"Feature","properties":{"Dam_Name":"Junge No. 2","National_ID":"CA01031","Latitude":40.6854,"Longitude":-121.9518,"Year_Built":"1965","Capacity_acre_feet":42},"geometry":{"type":"Point","coordinates":[-121.951799999792,40.6854000000732]}},
{"type":"Feature","properties":{"Dam_Name":"Truett","National_ID":"CA01028","Latitude":40.4875,"Longitude":-121.898,"Year_Built":"1958","Capacity_acre_feet":219},"geometry":{"type":"Point","coordinates":[-121.897999999834,40.4874999996708]}},
{"type":"Feature","properties":{"Dam_Name":"Nash","National_ID":"CA01029","Latitude":40.6028,"Longitude":-122.3057,"Year_Built":"1960","Capacity_acre_feet":428},"geometry":{"type":"Point","coordinates":[-122.305699999866,40.6027999997499]}},
{"type":"Feature","properties":{"Dam_Name":"Miners Ravine Detention","National_ID":"CA01531","Latitude":38.7581,"Longitude":-121.2282,"Year_Built":"2007","Capacity_acre_feet":120},"geometry":{"type":"Point","coordinates":[-121.228200000134,38.7581000001398]}},
{"type":"Feature","properties":{"Dam_Name":"Misselbeck","National_ID":"CA01027","Latitude":40.5003,"Longitude":-122.6971,"Year_Built":"1920","Capacity_acre_feet":3600},"geometry":{"type":"Point","coordinates":[-122.697099999898,40.5002999998016]}},
{"type":"Feature","properties":{"Dam_Name":"Reclaimed Water Reservoir","National_ID":"CA01391","Latitude":40.65891,"Longitude":-122.385979,"Year_Built":"1995","Capacity_acre_feet":370},"geometry":{"type":"Point","coordinates":[-122.385978999854,40.6589099998614]}},
{"type":"Feature","properties":{"Dam_Name":"Sugar Pine","National_ID":"CA01527","Latitude":39.1307,"Longitude":-120.8014,"Year_Built":"1981","Capacity_acre_feet":6916},"geometry":{"type":"Point","coordinates":[-120.801399999869,39.130700000181]}},
{"type":"Feature","properties":{"Dam_Name":"Nevada City Raw Water Reservoir","National_ID":"CA01186","Latitude":39.2462,"Longitude":-120.9976,"Year_Built":"1980","Capacity_acre_feet":53},"geometry":{"type":"Point","coordinates":[-120.997599999926,39.2461999999645]}},
{"type":"Feature","properties":{"Dam_Name":"Detention Pond A","National_ID":"CA01476","Latitude":38.424,"Longitude":-121.8339,"Year_Built":"1989","Capacity_acre_feet":737},"geometry":{"type":"Point","coordinates":[-121.833900000372,38.4239999998229]}},
{"type":"Feature","properties":{"Dam_Name":"Lakeport","National_ID":"CA01230","Latitude":39.013498,"Longitude":-122.925607,"Year_Built":"1980","Capacity_acre_feet":650},"geometry":{"type":"Point","coordinates":[-122.925607000053,39.0134979997859]}},
{"type":"Feature","properties":{"Dam_Name":"Wastewater Storage","National_ID":"CA01137","Latitude":39.0798,"Longitude":-120.9393,"Year_Built":"1978","Capacity_acre_feet":212},"geometry":{"type":"Point","coordinates":[-120.939300000045,39.0797999997924]}},
{"type":"Feature","properties":{"Dam_Name":"Pine Grove","National_ID":"CA00541","Latitude":39.3191,"Longitude":-121.1291,"Year_Built":"1911","Capacity_acre_feet":155},"geometry":{"type":"Point","coordinates":[-121.129099999573,39.3190999998196]}},
{"type":"Feature","properties":{"Dam_Name":"Emergency Storage Basin","National_ID":"CA01419","Latitude":38.455,"Longitude":-121.4645,"Year_Built":"1977","Capacity_acre_feet":1362.2},"geometry":{"type":"Point","coordinates":[-121.464500000363,38.4549999996938]}},
{"type":"Feature","properties":{"Dam_Name":"Gastaldi","National_ID":"CA01000","Latitude":38.7585,"Longitude":-120.8768,"Year_Built":"1951","Capacity_acre_feet":83},"geometry":{"type":"Point","coordinates":[-120.876799999817,38.7585000000444]}},
{"type":"Feature","properties":{"Dam_Name":"Volo Mining Company","National_ID":"CA01001","Latitude":38.7126,"Longitude":-120.8765,"Year_Built":"1958","Capacity_acre_feet":148},"geometry":{"type":"Point","coordinates":[-120.876500000241,38.7126000001426]}},
{"type":"Feature","properties":{"Dam_Name":"Indian Creek","National_ID":"CA00997","Latitude":38.7258,"Longitude":-120.9223,"Year_Built":"1946","Capacity_acre_feet":457},"geometry":{"type":"Point","coordinates":[-120.922300000436,38.7258000002585]}},
{"type":"Feature","properties":{"Dam_Name":"Cross Creek Ranch","National_ID":"CA00999","Latitude":38.7583,"Longitude":-120.8871,"Year_Built":"1949","Capacity_acre_feet":55},"geometry":{"type":"Point","coordinates":[-120.88710000022,38.7582999996719]}},
{"type":"Feature","properties":{"Dam_Name":"Lagoon Valley County Park","National_ID":"CA01315","Latitude":38.3343,"Longitude":-122.0131,"Year_Built":"1981","Capacity_acre_feet":780},"geometry":{"type":"Point","coordinates":[-122.013099999921,38.3342999998531]}},
{"type":"Feature","properties":{"Dam_Name":"Encinosa Basin North","National_ID":"CA01512","Latitude":38.362789,"Longitude":-122.021424,"Year_Built":"2009","Capacity_acre_feet":146.7},"geometry":{"type":"Point","coordinates":[-122.021424000448,38.3627890000373]}},
{"type":"Feature","properties":{"Dam_Name":"Davis","National_ID":"CA00984","Latitude":38.6482,"Longitude":-122.4455,"Year_Built":"1955","Capacity_acre_feet":140},"geometry":{"type":"Point","coordinates":[-122.44549999975,38.6481999997583]}},
{"type":"Feature","properties":{"Dam_Name":"Burns","National_ID":"CA00986","Latitude":38.6476,"Longitude":-122.4905,"Year_Built":"1956","Capacity_acre_feet":62},"geometry":{"type":"Point","coordinates":[-122.490499999879,38.6475999996586]}},
{"type":"Feature","properties":{"Dam_Name":"Bar X Ranch Reservoir #2","National_ID":"CA01459","Latitude":38.7763,"Longitude":-122.5953,"Year_Built":"2003","Capacity_acre_feet":147},"geometry":{"type":"Point","coordinates":[-122.595299999563,38.7762999999963]}},
{"type":"Feature","properties":{"Dam_Name":"Lake La Verne","National_ID":"CA00983","Latitude":38.461,"Longitude":-122.2079,"Year_Built":"1956","Capacity_acre_feet":54},"geometry":{"type":"Point","coordinates":[-122.207899999863,38.4609999996724]}},
{"type":"Feature","properties":{"Dam_Name":"Davis Creek","National_ID":"CA01223","Latitude":38.8638,"Longitude":-122.3538,"Year_Built":"1985","Capacity_acre_feet":6079},"geometry":{"type":"Point","coordinates":[-122.353799999802,38.8637999999837]}},
{"type":"Feature","properties":{"Dam_Name":"Bottoms","National_ID":"CA01265","Latitude":38.7201,"Longitude":-122.56,"Year_Built":"1990","Capacity_acre_feet":315},"geometry":{"type":"Point","coordinates":[-122.559999999788,38.7201000002921]}},
{"type":"Feature","properties":{"Dam_Name":"California Park","National_ID":"CA01270","Latitude":39.747,"Longitude":-121.7916,"Year_Built":"1986","Capacity_acre_feet":335},"geometry":{"type":"Point","coordinates":[-121.791600000017,39.7470000000223]}},
{"type":"Feature","properties":{"Dam_Name":"Homestake Tailings","National_ID":"CA01205","Latitude":38.8604,"Longitude":-122.4361,"Year_Built":"1990","Capacity_acre_feet":32370},"geometry":{"type":"Point","coordinates":[-122.436099999871,38.8603999998296]}},
{"type":"Feature","properties":{"Dam_Name":"Ice Lakes","National_ID":"CA00971","Latitude":39.2935,"Longitude":-120.383,"Year_Built":"1942","Capacity_acre_feet":220},"geometry":{"type":"Point","coordinates":[-120.3830000003,39.2934999997694]}},
{"type":"Feature","properties":{"Dam_Name":"Auburn Valley Country Club #3","National_ID":"CA01324","Latitude":38.9999,"Longitude":-121.1471,"Year_Built":"1959","Capacity_acre_feet":200},"geometry":{"type":"Point","coordinates":[-121.147100000164,38.9998999996631]}},
{"type":"Feature","properties":{"Dam_Name":"Lakewood","National_ID":"CA00969","Latitude":38.9636,"Longitude":-121.0767,"Year_Built":"1959","Capacity_acre_feet":152},"geometry":{"type":"Point","coordinates":[-121.076699999731,38.9636000001582]}},
{"type":"Feature","properties":{"Dam_Name":"Snowflower","National_ID":"CA00970","Latitude":39.3118,"Longitude":-120.593,"Year_Built":"1964","Capacity_acre_feet":165},"geometry":{"type":"Point","coordinates":[-120.592999999701,39.3118000003077]}},
{"type":"Feature","properties":{"Dam_Name":"Roberts","National_ID":"CA00485","Latitude":41.2294,"Longitude":-121.1373,"Year_Built":"1905","Capacity_acre_feet":5500},"geometry":{"type":"Point","coordinates":[-121.137300000251,41.2294000001467]}},
{"type":"Feature","properties":{"Dam_Name":"Enquist","National_ID":"CA00486","Latitude":41.9068,"Longitude":-120.538,"Year_Built":"1919","Capacity_acre_feet":185},"geometry":{"type":"Point","coordinates":[-120.537999999644,41.9068000001553]}},
{"type":"Feature","properties":{"Dam_Name":"Toreson","National_ID":"CA00483","Latitude":41.3927,"Longitude":-120.8214,"Year_Built":"1898","Capacity_acre_feet":1140},"geometry":{"type":"Point","coordinates":[-120.821399999727,41.3927000000792]}},
{"type":"Feature","properties":{"Dam_Name":"Kramer","National_ID":"CA00484","Latitude":41.1843,"Longitude":-121.2112,"Year_Built":"1937","Capacity_acre_feet":118},"geometry":{"type":"Point","coordinates":[-121.211199999626,41.1842999997401]}},
{"type":"Feature","properties":{"Dam_Name":"Jack's Swamp Dam No. 2","National_ID":"CA01425","Latitude":41.5481,"Longitude":-120.8165,"Year_Built":"1926","Capacity_acre_feet":1013},"geometry":{"type":"Point","coordinates":[-120.816499999771,41.5480999997234]}},
{"type":"Feature","properties":{"Dam_Name":"Rye Grass Swale","National_ID":"CA00481","Latitude":41.3629,"Longitude":-120.65,"Year_Built":"1923","Capacity_acre_feet":530},"geometry":{"type":"Point","coordinates":[-120.649999999924,41.3629000000497]}},
{"type":"Feature","properties":{"Dam_Name":"Payne","National_ID":"CA00475","Latitude":41.3993,"Longitude":-120.4673,"Year_Built":"1928","Capacity_acre_feet":2850},"geometry":{"type":"Point","coordinates":[-120.467299999636,41.3993000001485]}},
{"type":"Feature","properties":{"Dam_Name":"Cummings Reservoir No. 1","National_ID":"CA00479","Latitude":41.5137,"Longitude":-120.649,"Year_Built":"1912","Capacity_acre_feet":400},"geometry":{"type":"Point","coordinates":[-120.648999999841,41.5137000000003]}},
{"type":"Feature","properties":{"Dam_Name":"Little Juniper","National_ID":"CA00471","Latitude":41.3422,"Longitude":-120.4848,"Year_Built":"1926","Capacity_acre_feet":1370},"geometry":{"type":"Point","coordinates":[-120.484799999736,41.3422000003143]}},
{"type":"Feature","properties":{"Dam_Name":"Plum Canyon","National_ID":"CA00473","Latitude":41.4416,"Longitude":-120.3798,"Year_Built":"1913","Capacity_acre_feet":184},"geometry":{"type":"Point","coordinates":[-120.379800000035,41.4415999999077]}},
{"type":"Feature","properties":{"Dam_Name":"Kelley and Greiner","National_ID":"CA00470","Latitude":41.5591,"Longitude":-120.4866,"Year_Built":"1923","Capacity_acre_feet":71},"geometry":{"type":"Point","coordinates":[-120.486599999885,41.5590999999007]}},
{"type":"Feature","properties":{"Dam_Name":"Graven","National_ID":"CA00472","Latitude":41.2883,"Longitude":-120.6708,"Year_Built":"1917","Capacity_acre_feet":1100},"geometry":{"type":"Point","coordinates":[-120.670799999848,41.2883000000659]}},
{"type":"Feature","properties":{"Dam_Name":"Big Dobe South","National_ID":"CA00468","Latitude":41.6248,"Longitude":-120.5656,"Year_Built":"1912","Capacity_acre_feet":3860},"geometry":{"type":"Point","coordinates":[-120.56560000013,41.6247999998801]}},
{"type":"Feature","properties":{"Dam_Name":"Mud Lake","National_ID":"CA00469","Latitude":41.5494,"Longitude":-120.498,"Year_Built":"1926","Capacity_acre_feet":300},"geometry":{"type":"Point","coordinates":[-120.497999999929,41.5494000000362]}},
{"type":"Feature","properties":{"Dam_Name":"Capik","National_ID":"CA00466","Latitude":41.6743,"Longitude":-120.4028,"Year_Built":"1965","Capacity_acre_feet":1367},"geometry":{"type":"Point","coordinates":[-120.402800000141,41.6743000000379]}},
{"type":"Feature","properties":{"Dam_Name":"Big Dobe North","National_ID":"CA00467","Latitude":41.6333,"Longitude":-120.5636,"Year_Built":"1912","Capacity_acre_feet":6530},"geometry":{"type":"Point","coordinates":[-120.563599999965,41.6332999999861]}},
{"type":"Feature","properties":{"Dam_Name":"Ingals Swamp","National_ID":"CA00474","Latitude":41.7078,"Longitude":-120.6848,"Year_Built":"1918","Capacity_acre_feet":2850},"geometry":{"type":"Point","coordinates":[-120.684800000107,41.7078000002152]}},
{"type":"Feature","properties":{"Dam_Name":"Taylor Creek No. 1","National_ID":"CA00463","Latitude":41.2251,"Longitude":-121.1907,"Year_Built":"1952","Capacity_acre_feet":1500},"geometry":{"type":"Point","coordinates":[-121.190700000176,41.2250999999922]}},
{"type":"Feature","properties":{"Dam_Name":"S-X","National_ID":"CA00461","Latitude":41.5125,"Longitude":-120.7489,"Year_Built":"1917","Capacity_acre_feet":4225},"geometry":{"type":"Point","coordinates":[-120.74889999957,41.5125000001282]}},
{"type":"Feature","properties":{"Dam_Name":"Huffman Antelope","National_ID":"CA00462","Latitude":41.576,"Longitude":-120.7873,"Year_Built":"1922","Capacity_acre_feet":1550},"geometry":{"type":"Point","coordinates":[-120.787300000051,41.5760000001291]}},
{"type":"Feature","properties":{"Dam_Name":"Collett Afterbay","National_ID":"CA01352","Latitude":40.9785,"Longitude":-121.2579,"Year_Built":"1991","Capacity_acre_feet":300},"geometry":{"type":"Point","coordinates":[-121.257900000344,40.9785000000485]}},
{"type":"Feature","properties":{"Dam_Name":"McBrien","National_ID":"CA00459","Latitude":41.4576,"Longitude":-120.698,"Year_Built":"1880","Capacity_acre_feet":1000},"geometry":{"type":"Point","coordinates":[-120.698000000301,41.4576000002162]}},
{"type":"Feature","properties":{"Dam_Name":"New Drum Afterbay","National_ID":"CA00421","Latitude":39.2547,"Longitude":-120.7755,"Year_Built":"1968","Capacity_acre_feet":341},"geometry":{"type":"Point","coordinates":[-120.775499999973,39.2547000002373]}},
{"type":"Feature","properties":{"Dam_Name":"Collett Addition","National_ID":"CA01325","Latitude":40.9716,"Longitude":-121.2231,"Year_Built":"1991","Capacity_acre_feet":7800},"geometry":{"type":"Point","coordinates":[-121.223100000161,40.9716000001218]}},
{"type":"Feature","properties":{"Dam_Name":"Iron Canyon","National_ID":"CA00417","Latitude":41.042,"Longitude":-121.9868,"Year_Built":"1965","Capacity_acre_feet":24300},"geometry":{"type":"Point","coordinates":[-121.986799999992,41.0419999997224]}},
{"type":"Feature","properties":{"Dam_Name":"Chili Bar","National_ID":"CA00418","Latitude":38.772,"Longitude":-120.813,"Year_Built":"1964","Capacity_acre_feet":3700},"geometry":{"type":"Point","coordinates":[-120.81299999993,38.7720000001994]}},
{"type":"Feature","properties":{"Dam_Name":"Pit #7","National_ID":"CA00415","Latitude":40.8489,"Longitude":-121.9917,"Year_Built":"1965","Capacity_acre_feet":34000},"geometry":{"type":"Point","coordinates":[-121.991699999948,40.8489000002451]}},
{"type":"Feature","properties":{"Dam_Name":"McCloud","National_ID":"CA00416","Latitude":41.1306,"Longitude":-122.0712,"Year_Built":"1965","Capacity_acre_feet":35300},"geometry":{"type":"Point","coordinates":[-122.071199999786,41.1305999998208]}},
{"type":"Feature","properties":{"Dam_Name":"Caribou Afterbay","National_ID":"CA00413","Latitude":40.0766,"Longitude":-121.1614,"Year_Built":"1959","Capacity_acre_feet":2400},"geometry":{"type":"Point","coordinates":[-121.161399999999,40.0766000003437]}},
{"type":"Feature","properties":{"Dam_Name":"Pit #6","National_ID":"CA00414","Latitude":40.923,"Longitude":-121.9948,"Year_Built":"1965","Capacity_acre_feet":15700},"geometry":{"type":"Point","coordinates":[-121.994799999755,40.9230000002174]}},
{"type":"Feature","properties":{"Dam_Name":"Pit #1 Forebay","National_ID":"CA00405","Latitude":41.0078,"Longitude":-121.4479,"Year_Built":"1947","Capacity_acre_feet":2800},"geometry":{"type":"Point","coordinates":[-121.447899999889,41.0078000003299]}},
{"type":"Feature","properties":{"Dam_Name":"Indian Ole","National_ID":"CA00407","Latitude":40.2838,"Longitude":-121.0247,"Year_Built":"1924","Capacity_acre_feet":24800},"geometry":{"type":"Point","coordinates":[-121.024699999922,40.28380000021]}},
{"type":"Feature","properties":{"Dam_Name":"Pit #5 Open Conduit Embankment","National_ID":"CA00403","Latitude":40.9987,"Longitude":-121.8859,"Year_Built":"1943","Capacity_acre_feet":1147},"geometry":{"type":"Point","coordinates":[-121.885900000181,40.9986999997611]}},
{"type":"Feature","properties":{"Dam_Name":"Hat Creek No. 2 Diversion","National_ID":"CA00404","Latitude":40.9503,"Longitude":-121.544945,"Year_Built":"1942","Capacity_acre_feet":634},"geometry":{"type":"Point","coordinates":[-121.544945000032,40.9502999997503]}},
{"type":"Feature","properties":{"Dam_Name":"Pit #4","National_ID":"CA00397","Latitude":40.9885,"Longitude":-121.7697,"Year_Built":"1927","Capacity_acre_feet":2000},"geometry":{"type":"Point","coordinates":[-121.769699999554,40.9884999998487]}},
{"type":"Feature","properties":{"Dam_Name":"Pit #5 Diversion","National_ID":"CA00402","Latitude":40.9932,"Longitude":-121.8694,"Year_Built":"1943","Capacity_acre_feet":390},"geometry":{"type":"Point","coordinates":[-121.869400000164,40.9931999997753]}},
{"type":"Feature","properties":{"Dam_Name":"Pit #3","National_ID":"CA00395","Latitude":41.0212,"Longitude":-121.6764,"Year_Built":"1925","Capacity_acre_feet":34600},"geometry":{"type":"Point","coordinates":[-121.676400000371,41.0212000001514]}},
{"type":"Feature","properties":{"Dam_Name":"Pit #1 Diversion","National_ID":"CA00396","Latitude":41.0127,"Longitude":-121.4646,"Year_Built":"1922","Capacity_acre_feet":50},"geometry":{"type":"Point","coordinates":[-121.464599999922,41.0127000002809]}},
{"type":"Feature","properties":{"Dam_Name":"Macumber","National_ID":"CA00393","Latitude":40.5378,"Longitude":-121.7331,"Year_Built":"1907","Capacity_acre_feet":425},"geometry":{"type":"Point","coordinates":[-121.73310000012,40.5377999998532]}},
{"type":"Feature","properties":{"Dam_Name":"North Battle Creek","National_ID":"CA00394","Latitude":40.6032,"Longitude":-121.6554,"Year_Built":"1909","Capacity_acre_feet":1090},"geometry":{"type":"Point","coordinates":[-121.655400000431,40.6031999999725]}},
{"type":"Feature","properties":{"Dam_Name":"Upper Rock Lake","National_ID":"CA00372","Latitude":39.4305,"Longitude":-120.6186,"Year_Built":"1855","Capacity_acre_feet":207},"geometry":{"type":"Point","coordinates":[-120.618600000022,39.430500000119]}},
{"type":"Feature","properties":{"Dam_Name":"White Rock Lake","National_ID":"CA00373","Latitude":39.4177,"Longitude":-120.3891,"Year_Built":"1850","Capacity_acre_feet":578},"geometry":{"type":"Point","coordinates":[-120.389100000355,39.4176999999639]}},
{"type":"Feature","properties":{"Dam_Name":"Upper Feeley Lake","National_ID":"CA00370","Latitude":39.4003,"Longitude":-120.6383,"Year_Built":"1870","Capacity_acre_feet":780},"geometry":{"type":"Point","coordinates":[-120.638300000304,39.4002999998477]}},
{"type":"Feature","properties":{"Dam_Name":"Upper Peak Lake","National_ID":"CA00371","Latitude":39.3007,"Longitude":-120.4354,"Year_Built":"1850","Capacity_acre_feet":2112},"geometry":{"type":"Point","coordinates":[-120.435400000142,39.3006999999784]}},
{"type":"Feature","properties":{"Dam_Name":"Rock Creek","National_ID":"CA00368","Latitude":38.9484,"Longitude":-121.0898,"Year_Built":"1916","Capacity_acre_feet":410},"geometry":{"type":"Point","coordinates":[-121.089800000365,38.9484000001489]}},
{"type":"Feature","properties":{"Dam_Name":"Rucker Lake","National_ID":"CA00369","Latitude":39.3571,"Longitude":-120.6565,"Year_Built":"1871","Capacity_acre_feet":620},"geometry":{"type":"Point","coordinates":[-120.656500000012,39.357099999717]}},
{"type":"Feature","properties":{"Dam_Name":"Meadow Lake","National_ID":"CA00366","Latitude":39.4039,"Longitude":-120.4999,"Year_Built":"1864","Capacity_acre_feet":4930},"geometry":{"type":"Point","coordinates":[-120.499899999637,39.4039000002034]}},
{"type":"Feature","properties":{"Dam_Name":"Middle Lindsey Lake","National_ID":"CA00367","Latitude":39.4157,"Longitude":-120.633,"Year_Built":"1870","Capacity_acre_feet":103},"geometry":{"type":"Point","coordinates":[-120.633000000315,39.4156999999274]}},
{"type":"Feature","properties":{"Dam_Name":"Lower Lindsey Lake","National_ID":"CA00364","Latitude":39.4125,"Longitude":-120.6438,"Year_Built":"1870","Capacity_acre_feet":320},"geometry":{"type":"Point","coordinates":[-120.64380000031,39.4125000000341]}},
{"type":"Feature","properties":{"Dam_Name":"Lower Peak","National_ID":"CA00365","Latitude":39.3033,"Longitude":-120.4396,"Year_Built":"1860","Capacity_acre_feet":494},"geometry":{"type":"Point","coordinates":[-120.439599999591,39.3032999996746]}},
{"type":"Feature","properties":{"Dam_Name":"Lake Valley","National_ID":"CA00361","Latitude":39.3003,"Longitude":-120.5999,"Year_Built":"1911","Capacity_acre_feet":8127},"geometry":{"type":"Point","coordinates":[-120.599899999823,39.3003000002764]}},
{"type":"Feature","properties":{"Dam_Name":"Lower Feeley Lake","National_ID":"CA00363","Latitude":39.399,"Longitude":-120.6433,"Year_Built":"1870","Capacity_acre_feet":184},"geometry":{"type":"Point","coordinates":[-120.643299999819,39.3989999998895]}},
{"type":"Feature","properties":{"Dam_Name":"Lake Spaulding","National_ID":"CA00358","Latitude":39.3277,"Longitude":-120.6442,"Year_Built":"1913","Capacity_acre_feet":74773},"geometry":{"type":"Point","coordinates":[-120.644200000343,39.3277000003292]}},
{"type":"Feature","properties":{"Dam_Name":"Lake Sterling","National_ID":"CA00359","Latitude":39.3574,"Longitude":-120.4926,"Year_Built":"1877","Capacity_acre_feet":1648.5},"geometry":{"type":"Point","coordinates":[-120.492600000381,39.3574000001066]}},
{"type":"Feature","properties":{"Dam_Name":"Kidd Lake","National_ID":"CA00354","Latitude":39.3111,"Longitude":-120.4322,"Year_Built":"1855","Capacity_acre_feet":1930},"geometry":{"type":"Point","coordinates":[-120.432199999877,39.3110999996561]}},
{"type":"Feature","properties":{"Dam_Name":"Lake Fordyce","National_ID":"CA00357","Latitude":39.3811,"Longitude":-120.4967,"Year_Built":"1873","Capacity_acre_feet":48900},"geometry":{"type":"Point","coordinates":[-120.496700000271,39.3811000000053]}},
{"type":"Feature","properties":{"Dam_Name":"Halsey Forebay","National_ID":"CA00352","Latitude":38.974,"Longitude":-121.0381,"Year_Built":"1916","Capacity_acre_feet":220},"geometry":{"type":"Point","coordinates":[-121.038100000132,38.9740000003434]}},
{"type":"Feature","properties":{"Dam_Name":"Kelly Lake","National_ID":"CA00353","Latitude":39.3111,"Longitude":-120.5812,"Year_Built":"1928","Capacity_acre_feet":290},"geometry":{"type":"Point","coordinates":[-120.581199999624,39.3110999996561]}},
{"type":"Feature","properties":{"Dam_Name":"Drum Forebay","National_ID":"CA00350","Latitude":39.252,"Longitude":-120.7492,"Year_Built":"1913","Capacity_acre_feet":564},"geometry":{"type":"Point","coordinates":[-120.749200000044,39.2519999999183]}},
{"type":"Feature","properties":{"Dam_Name":"Fuller Lake","National_ID":"CA00351","Latitude":39.3449,"Longitude":-120.6516,"Year_Built":"1870","Capacity_acre_feet":1060},"geometry":{"type":"Point","coordinates":[-120.651600000056,39.3449000002472]}},
{"type":"Feature","properties":{"Dam_Name":"Christian Valley","National_ID":"CA00348","Latitude":38.956,"Longitude":-121.0431,"Year_Built":"1916","Capacity_acre_feet":110},"geometry":{"type":"Point","coordinates":[-121.043099999647,38.9560000000781]}},
{"type":"Feature","properties":{"Dam_Name":"Culbertson","National_ID":"CA00349","Latitude":39.4213,"Longitude":-120.6232,"Year_Built":"1872","Capacity_acre_feet":850},"geometry":{"type":"Point","coordinates":[-120.623200000402,39.4213000000505]}},
{"type":"Feature","properties":{"Dam_Name":"Round Valley","National_ID":"CA00346","Latitude":40.072778,"Longitude":-121.454413,"Year_Built":"1877","Capacity_acre_feet":1147},"geometry":{"type":"Point","coordinates":[-121.454413000396,40.0727780001725]}},
{"type":"Feature","properties":{"Dam_Name":"Blue Lake","National_ID":"CA00347","Latitude":39.3587,"Longitude":-120.6361,"Year_Built":"1870","Capacity_acre_feet":1123},"geometry":{"type":"Point","coordinates":[-120.636100000122,39.3586999998729]}},
{"type":"Feature","properties":{"Dam_Name":"Kunkle","National_ID":"CA00344","Latitude":39.713,"Longitude":-121.5757,"Year_Built":"1907","Capacity_acre_feet":155},"geometry":{"type":"Point","coordinates":[-121.575699999678,39.712999999863]}},
{"type":"Feature","properties":{"Dam_Name":"Philbrook","National_ID":"CA00345","Latitude":40.0299,"Longitude":-121.4757,"Year_Built":"1926","Capacity_acre_feet":5180},"geometry":{"type":"Point","coordinates":[-121.475700000391,40.0299000000052]}},
{"type":"Feature","properties":{"Dam_Name":"Lower Three Lakes","National_ID":"CA00334","Latitude":39.9696,"Longitude":-121.2236,"Year_Built":"1928","Capacity_acre_feet":525},"geometry":{"type":"Point","coordinates":[-121.223599999753,39.9695999997144]}},
{"type":"Feature","properties":{"Dam_Name":"DeSabla Forebay","National_ID":"CA00343","Latitude":39.8726,"Longitude":-121.6134,"Year_Built":"1903","Capacity_acre_feet":280},"geometry":{"type":"Point","coordinates":[-121.613399999652,39.8725999999225]}},
{"type":"Feature","properties":{"Dam_Name":"Bucks Storage","National_ID":"CA00332","Latitude":39.8978,"Longitude":-121.2026,"Year_Built":"1928","Capacity_acre_feet":103000},"geometry":{"type":"Point","coordinates":[-121.202599999813,39.8977999997782]}},
{"type":"Feature","properties":{"Dam_Name":"Grizzly Forebay","National_ID":"CA00333","Latitude":39.8921,"Longitude":-121.2919,"Year_Built":"1928","Capacity_acre_feet":1112},"geometry":{"type":"Point","coordinates":[-121.291899999563,39.892099999718]}},
{"type":"Feature","properties":{"Dam_Name":"Rock Creek","National_ID":"CA00330","Latitude":39.9864,"Longitude":-121.284,"Year_Built":"1950","Capacity_acre_feet":4660},"geometry":{"type":"Point","coordinates":[-121.284000000257,39.9863999997508]}},
{"type":"Feature","properties":{"Dam_Name":"Bucks Diversion","National_ID":"CA00331","Latitude":39.9021,"Longitude":-121.2279,"Year_Built":"1928","Capacity_acre_feet":5843},"geometry":{"type":"Point","coordinates":[-121.22789999966,39.9020999997982]}},
{"type":"Feature","properties":{"Dam_Name":"Poe","National_ID":"CA00328","Latitude":39.8098,"Longitude":-121.4325,"Year_Built":"1959","Capacity_acre_feet":1150},"geometry":{"type":"Point","coordinates":[-121.432500000412,39.8098000002003]}},
{"type":"Feature","properties":{"Dam_Name":"Cresta","National_ID":"CA00329","Latitude":39.876,"Longitude":-121.374,"Year_Built":"1949","Capacity_acre_feet":4400},"geometry":{"type":"Point","coordinates":[-121.373999999616,39.8760000002686]}},
{"type":"Feature","properties":{"Dam_Name":"Butt Valley","National_ID":"CA00326","Latitude":40.1147,"Longitude":-121.1474,"Year_Built":"1924","Capacity_acre_feet":49800},"geometry":{"type":"Point","coordinates":[-121.147399999739,40.1146999998316]}},
{"type":"Feature","properties":{"Dam_Name":"Lake Almanor","National_ID":"CA00327","Latitude":40.174,"Longitude":-121.094,"Year_Built":"1927","Capacity_acre_feet":1308000},"geometry":{"type":"Point","coordinates":[-121.093999999814,40.1739999999769]}},
{"type":"Feature","properties":{"Dam_Name":"West Valley","National_ID":"CA00300","Latitude":41.2228,"Longitude":-120.4121,"Year_Built":"1936","Capacity_acre_feet":23000},"geometry":{"type":"Point","coordinates":[-120.412099999562,41.2227999999665]}},
{"type":"Feature","properties":{"Dam_Name":"Lake Angela","National_ID":"CA00322","Latitude":39.3225,"Longitude":-120.3279,"Year_Built":"1924","Capacity_acre_feet":310},"geometry":{"type":"Point","coordinates":[-120.327899999785,39.3225000003355]}},
{"type":"Feature","properties":{"Dam_Name":"Magalia","National_ID":"CA00296","Latitude":39.8146,"Longitude":-121.5844,"Year_Built":"1918","Capacity_acre_feet":2900},"geometry":{"type":"Point","coordinates":[-121.584399999949,39.8146000003023]}},
{"type":"Feature","properties":{"Dam_Name":"Paradise","National_ID":"CA00297","Latitude":39.8508,"Longitude":-121.5781,"Year_Built":"1957","Capacity_acre_feet":11500},"geometry":{"type":"Point","coordinates":[-121.578099999877,39.8507999997156]}},
{"type":"Feature","properties":{"Dam_Name":"Miners Ranch","National_ID":"CA00275","Latitude":39.5062,"Longitude":-121.459,"Year_Built":"1962","Capacity_acre_feet":895},"geometry":{"type":"Point","coordinates":[-121.459000000357,39.5061999999869]}},
{"type":"Feature","properties":{"Dam_Name":"Concow","National_ID":"CA00277","Latitude":39.7636,"Longitude":-121.5281,"Year_Built":"1925","Capacity_acre_feet":6370},"geometry":{"type":"Point","coordinates":[-121.528100000233,39.7635999999314]}},
{"type":"Feature","properties":{"Dam_Name":"Forbestown Diversion","National_ID":"CA00273","Latitude":39.552,"Longitude":-121.21,"Year_Built":"1962","Capacity_acre_feet":358},"geometry":{"type":"Point","coordinates":[-121.210000000425,39.5520000000371]}},
{"type":"Feature","properties":{"Dam_Name":"Ponderosa Diversion","National_ID":"CA00274","Latitude":39.5495,"Longitude":-121.3037,"Year_Built":"1962","Capacity_acre_feet":4750},"geometry":{"type":"Point","coordinates":[-121.303699999641,39.5494999996596]}},
{"type":"Feature","properties":{"Dam_Name":"Slate Creek Diversion","National_ID":"CA00271","Latitude":39.6155,"Longitude":-121.0519,"Year_Built":"1961","Capacity_acre_feet":643},"geometry":{"type":"Point","coordinates":[-121.051900000375,39.6155000000657]}},
{"type":"Feature","properties":{"Dam_Name":"Sly Creek","National_ID":"CA00272","Latitude":39.5834,"Longitude":-121.1172,"Year_Built":"1961","Capacity_acre_feet":65050},"geometry":{"type":"Point","coordinates":[-121.117199999936,39.5834000003192]}},
{"type":"Feature","properties":{"Dam_Name":"Little Grass Valley","National_ID":"CA00269","Latitude":39.7248,"Longitude":-121.0197,"Year_Built":"1961","Capacity_acre_feet":74730},"geometry":{"type":"Point","coordinates":[-121.019700000407,39.7248000001417]}},
{"type":"Feature","properties":{"Dam_Name":"South Fork Diversion","National_ID":"CA00270","Latitude":39.6489,"Longitude":-121.1183,"Year_Built":"1961","Capacity_acre_feet":88},"geometry":{"type":"Point","coordinates":[-121.118299999578,39.6489000003313]}},
{"type":"Feature","properties":{"Dam_Name":"Lake Wyandotte","National_ID":"CA00267","Latitude":39.5071,"Longitude":-121.4214,"Year_Built":"1924","Capacity_acre_feet":313},"geometry":{"type":"Point","coordinates":[-121.421399999943,39.5071000001743]}},
{"type":"Feature","properties":{"Dam_Name":"Lost Creek","National_ID":"CA00268","Latitude":39.5758,"Longitude":-121.1374,"Year_Built":"1924","Capacity_acre_feet":5680},"geometry":{"type":"Point","coordinates":[-121.13739999981,39.5757999996808]}},
{"type":"Feature","properties":{"Dam_Name":"Dutch Flat No. 2 Forebay","National_ID":"CA00258","Latitude":39.224,"Longitude":-120.8355,"Year_Built":"1965","Capacity_acre_feet":185},"geometry":{"type":"Point","coordinates":[-120.835500000444,39.2239999996598]}},
{"type":"Feature","properties":{"Dam_Name":"Loma Rica Airport","National_ID":"CA00259","Latitude":39.2239,"Longitude":-120.9903,"Year_Built":"1965","Capacity_acre_feet":94},"geometry":{"type":"Point","coordinates":[-120.990299999772,39.2238999998987]}},
{"type":"Feature","properties":{"Dam_Name":"Faucherie","National_ID":"CA00256","Latitude":39.429,"Longitude":-120.5683,"Year_Built":"1964","Capacity_acre_feet":4200},"geometry":{"type":"Point","coordinates":[-120.568299999904,39.4289999997427]}},
{"type":"Feature","properties":{"Dam_Name":"Dutch Flat Afterbay","National_ID":"CA00257","Latitude":39.214,"Longitude":-120.8445,"Year_Built":"1965","Capacity_acre_feet":1300},"geometry":{"type":"Point","coordinates":[-120.84450000029,39.2139999997492]}},
{"type":"Feature","properties":{"Dam_Name":"Jackson Meadows","National_ID":"CA00254","Latitude":39.5095,"Longitude":-120.5539,"Year_Built":"1965","Capacity_acre_feet":52500},"geometry":{"type":"Point","coordinates":[-120.553899999612,39.5095000002867]}},
{"type":"Feature","properties":{"Dam_Name":"Rollins","National_ID":"CA00255","Latitude":39.1367,"Longitude":-120.9544,"Year_Built":"1965","Capacity_acre_feet":66000},"geometry":{"type":"Point","coordinates":[-120.954399999947,39.1367000002852]}},
{"type":"Feature","properties":{"Dam_Name":"Jackson Lake","National_ID":"CA00252","Latitude":39.4646,"Longitude":-120.5625,"Year_Built":"1942","Capacity_acre_feet":1000},"geometry":{"type":"Point","coordinates":[-120.562500000323,39.4646000001593]}},
{"type":"Feature","properties":{"Dam_Name":"Scotts Flat","National_ID":"CA00253","Latitude":39.2737,"Longitude":-120.9317,"Year_Built":"1948","Capacity_acre_feet":49000},"geometry":{"type":"Point","coordinates":[-120.931700000315,39.2737000000133]}},
{"type":"Feature","properties":{"Dam_Name":"Combie","National_ID":"CA00249","Latitude":39.0102,"Longitude":-121.0585,"Year_Built":"1928","Capacity_acre_feet":5555},"geometry":{"type":"Point","coordinates":[-121.058500000022,39.0102000000543]}},
{"type":"Feature","properties":{"Dam_Name":"Sawmill Lake","National_ID":"CA00250","Latitude":39.4455,"Longitude":-120.6017,"Year_Built":"1910","Capacity_acre_feet":3040},"geometry":{"type":"Point","coordinates":[-120.601699999972,39.4455000002391]}},
{"type":"Feature","properties":{"Dam_Name":"French Lake","National_ID":"CA00247","Latitude":39.421,"Longitude":-120.5422,"Year_Built":"1859","Capacity_acre_feet":13800},"geometry":{"type":"Point","coordinates":[-120.542199999992,39.4210000001474]}},
{"type":"Feature","properties":{"Dam_Name":"Milton Diversion","National_ID":"CA00248","Latitude":39.5225,"Longitude":-120.5827,"Year_Built":"1928","Capacity_acre_feet":270},"geometry":{"type":"Point","coordinates":[-120.582700000197,39.5224999999981]}},
{"type":"Feature","properties":{"Dam_Name":"Bowman","National_ID":"CA00245","Latitude":39.4497,"Longitude":-120.6536,"Year_Built":"1927","Capacity_acre_feet":64000},"geometry":{"type":"Point","coordinates":[-120.653600000222,39.4497000000898]}},
{"type":"Feature","properties":{"Dam_Name":"Deer Creek Diversion","National_ID":"CA00246","Latitude":39.2697,"Longitude":-120.9541,"Year_Built":"1928","Capacity_acre_feet":1400},"geometry":{"type":"Point","coordinates":[-120.954100000371,39.2696999997179]}},
{"type":"Feature","properties":{"Dam_Name":"Caples Lake","National_ID":"CA00378","Latitude":38.7086,"Longitude":-120.0488,"Year_Built":"1922","Capacity_acre_feet":21580},"geometry":{"type":"Point","coordinates":[-120.048799999609,38.708599999705]}},
{"type":"Feature","properties":{"Dam_Name":"Big Sage","National_ID":"CA00233","Latitude":41.5778,"Longitude":-120.6277,"Year_Built":"1921","Capacity_acre_feet":77000},"geometry":{"type":"Point","coordinates":[-120.627700000326,41.5778000001389]}},
{"type":"Feature","properties":{"Dam_Name":"Medley Lakes","National_ID":"CA00376","Latitude":38.8598,"Longitude":-120.1375,"Year_Built":"1923","Capacity_acre_feet":5350},"geometry":{"type":"Point","coordinates":[-120.137500000207,38.8597999998784]}},
{"type":"Feature","properties":{"Dam_Name":"Silver Lake","National_ID":"CA00377","Latitude":38.6688,"Longitude":-120.1214,"Year_Built":"1876","Capacity_acre_feet":8903.8},"geometry":{"type":"Point","coordinates":[-120.121400000223,38.6688000003481]}},
{"type":"Feature","properties":{"Dam_Name":"Blakely","National_ID":"CA00229","Latitude":38.7417,"Longitude":-120.7078,"Year_Built":"1875","Capacity_acre_feet":152},"geometry":{"type":"Point","coordinates":[-120.707800000213,38.741699999981]}},
{"type":"Feature","properties":{"Dam_Name":"El Dorado Forebay","National_ID":"CA00375","Latitude":38.7708,"Longitude":-120.585,"Year_Built":"1923","Capacity_acre_feet":600},"geometry":{"type":"Point","coordinates":[-120.584999999938,38.770800000167]}},
{"type":"Feature","properties":{"Dam_Name":"Camp Far West Diversion","National_ID":"CA01086","Latitude":39.0421,"Longitude":-121.3322,"Year_Built":"1977","Capacity_acre_feet":425},"geometry":{"type":"Point","coordinates":[-121.332199999752,39.0420999999044]}},
{"type":"Feature","properties":{"Dam_Name":"Weber","National_ID":"CA00228","Latitude":38.7163,"Longitude":-120.6925,"Year_Built":"1924","Capacity_acre_feet":1100},"geometry":{"type":"Point","coordinates":[-120.692500000295,38.7162999998185]}},
{"type":"Feature","properties":{"Dam_Name":"Anderson Cottonwood","National_ID":"CA00226","Latitude":40.5922,"Longitude":-122.3944,"Year_Built":"1917","Capacity_acre_feet":1240},"geometry":{"type":"Point","coordinates":[-122.394399999567,40.5921999999099]}},
{"type":"Feature","properties":{"Dam_Name":"Camp Far West","National_ID":"CA00227","Latitude":39.0516,"Longitude":-121.3179,"Year_Built":"1963","Capacity_acre_feet":104500},"geometry":{"type":"Point","coordinates":[-121.317899999917,39.0515999999624]}},
{"type":"Feature","properties":{"Dam_Name":"Chester Diversion","National_ID":"CA01173","Latitude":40.3024,"Longitude":-121.2615,"Year_Built":"1975","Capacity_acre_feet":75},"geometry":{"type":"Point","coordinates":[-121.261499999744,40.3024000003174]}},
{"type":"Feature","properties":{"Dam_Name":"Cache Creek Settling Basin","National_ID":"CA01348","Latitude":38.6782,"Longitude":-121.673,"Year_Built":"1993","Capacity_acre_feet":3800},"geometry":{"type":"Point","coordinates":[-121.67300000009,38.6782000001554]}},
{"type":"Feature","properties":{"Dam_Name":"Thermalito Forebay","National_ID":"CA00041","Latitude":39.5151,"Longitude":-121.631,"Year_Built":"1967","Capacity_acre_feet":15568},"geometry":{"type":"Point","coordinates":[-121.63100000021,39.5150999997287]}},
{"type":"Feature","properties":{"Dam_Name":"Thermalito Afterbay","National_ID":"CA00042","Latitude":39.5088,"Longitude":-121.6838,"Year_Built":"1967","Capacity_acre_feet":89541},"geometry":{"type":"Point","coordinates":[-121.683800000085,39.5088000000669]}},
{"type":"Feature","properties":{"Dam_Name":"Lower Sardine Lake","National_ID":"CA00038","Latitude":39.616,"Longitude":-120.6227,"Year_Built":"1965","Capacity_acre_feet":280},"geometry":{"type":"Point","coordinates":[-120.622699999912,39.6160000002886]}},
{"type":"Feature","properties":{"Dam_Name":"Grizzly Valley","National_ID":"CA00039","Latitude":39.8827,"Longitude":-120.4771,"Year_Built":"1966","Capacity_acre_feet":83000},"geometry":{"type":"Point","coordinates":[-120.477100000446,39.8827000002376]}},
{"type":"Feature","properties":{"Dam_Name":"Thermalito Diversion","National_ID":"CA00036","Latitude":39.5289,"Longitude":-121.5465,"Year_Built":"1967","Capacity_acre_feet":13328},"geometry":{"type":"Point","coordinates":[-121.546499999958,39.5289000000349]}},
{"type":"Feature","properties":{"Dam_Name":"Antelope","National_ID":"CA00037","Latitude":40.1808,"Longitude":-120.6076,"Year_Built":"1964","Capacity_acre_feet":22566},"geometry":{"type":"Point","coordinates":[-120.607600000011,40.1808000001231]}},
{"type":"Feature","properties":{"Dam_Name":"Feather River Hatchery","National_ID":"CA00034","Latitude":39.5204,"Longitude":-121.5483,"Year_Built":"1964","Capacity_acre_feet":580},"geometry":{"type":"Point","coordinates":[-121.548300000107,39.5203999997143]}},
{"type":"Feature","properties":{"Dam_Name":"Oroville","National_ID":"CA00035","Latitude":39.5426,"Longitude":-121.4915,"Year_Built":"1968","Capacity_acre_feet":3553405},"geometry":{"type":"Point","coordinates":[-121.491499999901,39.5425999999898]}},
{"type":"Feature","properties":{"Dam_Name":"Eureka","National_ID":"CA00031","Latitude":39.7636,"Longitude":-120.713,"Year_Built":"1866","Capacity_acre_feet":220},"geometry":{"type":"Point","coordinates":[-120.712999999745,39.7635999999314]}},
{"type":"Feature","properties":{"Dam_Name":"Frenchman","National_ID":"CA00032","Latitude":39.893,"Longitude":-120.191,"Year_Built":"1961","Capacity_acre_feet":55477},"geometry":{"type":"Point","coordinates":[-120.190999999691,39.8929999997563]}},
{"type":"Feature","properties":{"Dam_Name":"Mount Stoneman","National_ID":"CA00009","Latitude":38.699,"Longitude":-121.153,"Year_Built":"1937","Capacity_acre_feet":33},"geometry":{"type":"Point","coordinates":[-121.153000000202,38.6989999997551]}},
{"type":"Feature","properties":{"Dam_Name":"Boole","National_ID":"CA00967","Latitude":38.9964,"Longitude":-120.9762,"Year_Built":"1951","Capacity_acre_feet":65},"geometry":{"type":"Point","coordinates":[-120.976199999953,38.9964000000888]}},
{"type":"Feature","properties":{"Dam_Name":"Spring Valley Ranch","National_ID":"CA00968","Latitude":39.0988,"Longitude":-120.9708,"Year_Built":"1958","Capacity_acre_feet":60},"geometry":{"type":"Point","coordinates":[-120.970800000405,39.0987999997624]}},
{"type":"Feature","properties":{"Dam_Name":"Anderson Ranch","National_ID":"CA01206","Latitude":39.2956,"Longitude":-121.0647,"Year_Built":"1989","Capacity_acre_feet":30},"geometry":{"type":"Point","coordinates":[-121.064699999637,39.2955999999355]}},
{"type":"Feature","properties":{"Dam_Name":"Penn Valley Wastewater","National_ID":"CA01247","Latitude":39.1752,"Longitude":-121.2081,"Year_Built":"1990","Capacity_acre_feet":52},"geometry":{"type":"Point","coordinates":[-121.208099999819,39.1752000000796]}},
{"type":"Feature","properties":{"Dam_Name":"Swan","National_ID":"CA00965","Latitude":39.1353,"Longitude":-121.1358,"Year_Built":"1967","Capacity_acre_feet":550},"geometry":{"type":"Point","coordinates":[-121.135799999678,39.1353000000003]}},
{"type":"Feature","properties":{"Dam_Name":"Magnolia","National_ID":"CA00966","Latitude":39.0383,"Longitude":-121.072,"Year_Built":"1967","Capacity_acre_feet":4150},"geometry":{"type":"Point","coordinates":[-121.071999999791,39.0382999996643]}},
{"type":"Feature","properties":{"Dam_Name":"Black Butte Reregulating","National_ID":"CA01226","Latitude":39.8139,"Longitude":-122.3303,"Year_Built":"1989","Capacity_acre_feet":52},"geometry":{"type":"Point","coordinates":[-122.330300000104,39.8139000000173]}},
{"type":"Feature","properties":{"Dam_Name":"Anthony House","National_ID":"CA00964","Latitude":39.2361,"Longitude":-121.2179,"Year_Built":"1970","Capacity_acre_feet":3840},"geometry":{"type":"Point","coordinates":[-121.217899999731,39.2360999997322]}},
{"type":"Feature","properties":{"Dam_Name":"Beaver Creek","National_ID":"CA01147","Latitude":41.0003,"Longitude":-121.3251,"Year_Built":"1978","Capacity_acre_feet":214},"geometry":{"type":"Point","coordinates":[-121.325099999614,41.0003000001374]}},
{"type":"Feature","properties":{"Dam_Name":"Sunflower","National_ID":"CA01116","Latitude":40.0737,"Longitude":-122.5873,"Year_Built":"1976","Capacity_acre_feet":420},"geometry":{"type":"Point","coordinates":[-122.5872999998,40.0737000001764]}},
{"type":"Feature","properties":{"Dam_Name":"Rains Creek","National_ID":"CA00959","Latitude":41.1063,"Longitude":-121.3123,"Year_Built":"1960","Capacity_acre_feet":126},"geometry":{"type":"Point","coordinates":[-121.312300000352,41.1062999997755]}},
{"type":"Feature","properties":{"Dam_Name":"Leonard No. 2","National_ID":"CA00960","Latitude":41.1162,"Longitude":-121.0383,"Year_Built":"1968","Capacity_acre_feet":187},"geometry":{"type":"Point","coordinates":[-121.038300000148,41.116199999852]}},
{"type":"Feature","properties":{"Dam_Name":"Myers","National_ID":"CA00953","Latitude":41.1243,"Longitude":-120.9693,"Year_Built":"1957","Capacity_acre_feet":279},"geometry":{"type":"Point","coordinates":[-120.969299999832,41.1242999998345]}},
{"type":"Feature","properties":{"Dam_Name":"Tule Lake","National_ID":"CA00956","Latitude":41.0838,"Longitude":-120.3648,"Year_Built":"1904","Capacity_acre_feet":17500},"geometry":{"type":"Point","coordinates":[-120.364799999693,41.0838000000299]}},
{"type":"Feature","properties":{"Dam_Name":"Chace Valley","National_ID":"CA00950","Latitude":41.1518,"Longitude":-120.8881,"Year_Built":"1955","Capacity_acre_feet":92},"geometry":{"type":"Point","coordinates":[-120.888100000302,41.1517999998293]}},
{"type":"Feature","properties":{"Dam_Name":"Nine Springs","National_ID":"CA00951","Latitude":41.1224,"Longitude":-121.208138,"Year_Built":"1954","Capacity_acre_feet":125},"geometry":{"type":"Point","coordinates":[-121.208138000352,41.1223999996709]}},
{"type":"Feature","properties":{"Dam_Name":"Albaugh No. 1","National_ID":"CA00948","Latitude":41.1417,"Longitude":-121.0013,"Year_Built":"1953","Capacity_acre_feet":335},"geometry":{"type":"Point","coordinates":[-121.001299999783,41.1416999998072]}},
{"type":"Feature","properties":{"Dam_Name":"Albaugh No. 2","National_ID":"CA00949","Latitude":41.1588,"Longitude":-120.968,"Year_Built":"1966","Capacity_acre_feet":270},"geometry":{"type":"Point","coordinates":[-120.968000000173,41.1588000003151]}},
{"type":"Feature","properties":{"Dam_Name":"Iverson","National_ID":"CA00946","Latitude":41.0791,"Longitude":-121.0552,"Year_Built":"1968","Capacity_acre_feet":1800},"geometry":{"type":"Point","coordinates":[-121.055200000199,41.0790999998508]}},
{"type":"Feature","properties":{"Dam_Name":"Elkins and Lane","National_ID":"CA00947","Latitude":41.083,"Longitude":-120.7591,"Year_Built":"1953","Capacity_acre_feet":412},"geometry":{"type":"Point","coordinates":[-120.759100000413,41.0830000003105]}},
{"type":"Feature","properties":{"Dam_Name":"Gerig","National_ID":"CA00941","Latitude":41.1544,"Longitude":-121.149,"Year_Built":"1939","Capacity_acre_feet":110},"geometry":{"type":"Point","coordinates":[-121.148999999872,41.1544000001326]}},
{"type":"Feature","properties":{"Dam_Name":"Holbrook","National_ID":"CA00945","Latitude":41.0778,"Longitude":-120.6314,"Year_Built":"1952","Capacity_acre_feet":719},"geometry":{"type":"Point","coordinates":[-120.631400000182,41.0777999997346]}},
{"type":"Feature","properties":{"Dam_Name":"Lake Angela","National_ID":"CA00936","Latitude":40.6655,"Longitude":-122.2919,"Year_Built":"1958","Capacity_acre_feet":150},"geometry":{"type":"Point","coordinates":[-122.291899999623,40.6655000003399]}},
{"type":"Feature","properties":{"Dam_Name":"Lema","National_ID":"CA00937","Latitude":40.5979,"Longitude":-122.3341,"Year_Built":"1957","Capacity_acre_feet":108},"geometry":{"type":"Point","coordinates":[-122.334100000419,40.5979000000514]}},
{"type":"Feature","properties":{"Dam_Name":"Ross No. 1","National_ID":"CA00934","Latitude":40.6419,"Longitude":-122.3155,"Year_Built":"1957","Capacity_acre_feet":709},"geometry":{"type":"Point","coordinates":[-122.315499999779,40.6418999998481]}},
{"type":"Feature","properties":{"Dam_Name":"Ross No. 2","National_ID":"CA00935","Latitude":40.6408,"Longitude":-122.3094,"Year_Built":"1957","Capacity_acre_feet":243},"geometry":{"type":"Point","coordinates":[-122.309399999723,40.6407999999168]}},
{"type":"Feature","properties":{"Dam_Name":"James Montgomery","National_ID":"CA00932","Latitude":40.5187,"Longitude":-122.4758,"Year_Built":"1869","Capacity_acre_feet":65},"geometry":{"type":"Point","coordinates":[-122.475800000011,40.5186999999801]}},
{"type":"Feature","properties":{"Dam_Name":"Null Dam","National_ID":"CA00933","Latitude":40.454,"Longitude":-121.7703,"Year_Built":"1954","Capacity_acre_feet":188},"geometry":{"type":"Point","coordinates":[-121.770299999603,40.4539999998806]}},
{"type":"Feature","properties":{"Dam_Name":"Cloverswale","National_ID":"CA01513","Latitude":41.5315,"Longitude":-120.8367,"Year_Built":"1973","Capacity_acre_feet":4620},"geometry":{"type":"Point","coordinates":[-120.836699999645,41.5315000002641]}},
{"type":"Feature","properties":{"Dam_Name":"White","National_ID":"CA00482","Latitude":41.3747,"Longitude":-120.7809,"Year_Built":"1918","Capacity_acre_feet":290},"geometry":{"type":"Point","coordinates":[-120.78090000042,41.3747000001044]}},
{"type":"Feature","properties":{"Dam_Name":"Shedd","National_ID":"CA00923","Latitude":41.6286,"Longitude":-120.4047,"Year_Built":"1962","Capacity_acre_feet":100},"geometry":{"type":"Point","coordinates":[-120.404699999849,41.6285999997379]}},
{"type":"Feature","properties":{"Dam_Name":"Duncan","National_ID":"CA00480","Latitude":41.5179,"Longitude":-120.942,"Year_Built":"1919","Capacity_acre_feet":2575},"geometry":{"type":"Point","coordinates":[-120.94199999982,41.5178999999176]}},
{"type":"Feature","properties":{"Dam_Name":"James Porter","National_ID":"CA00925","Latitude":41.51,"Longitude":-120.4208,"Year_Built":"1928","Capacity_acre_feet":106},"geometry":{"type":"Point","coordinates":[-120.420799999833,41.5100000002514]}},
{"type":"Feature","properties":{"Dam_Name":"Halls Meadows","National_ID":"CA01208","Latitude":41.6406,"Longitude":-120.3287,"Year_Built":"1941","Capacity_acre_feet":581},"geometry":{"type":"Point","coordinates":[-120.328699999851,41.6405999998155]}},
{"type":"Feature","properties":{"Dam_Name":"Bayley Reservoir","National_ID":"CA00920","Latitude":41.2629,"Longitude":-120.6273,"Year_Built":"1954","Capacity_acre_feet":2390},"geometry":{"type":"Point","coordinates":[-120.627300000292,41.2629000002033]}},
{"type":"Feature","properties":{"Dam_Name":"Renner Sibley Creek","National_ID":"CA00921","Latitude":41.987,"Longitude":-120.5917,"Year_Built":"1959","Capacity_acre_feet":765},"geometry":{"type":"Point","coordinates":[-120.591700000043,41.9870000002105]}},
{"type":"Feature","properties":{"Dam_Name":"Lake County Sanitation District 2","National_ID":"CA01108","Latitude":39.1157,"Longitude":-122.9217,"Year_Built":"1976","Capacity_acre_feet":870},"geometry":{"type":"Point","coordinates":[-122.921699999609,39.1156999999725]}},
{"type":"Feature","properties":{"Dam_Name":"Hines Brothers","National_ID":"CA00917","Latitude":41.2681,"Longitude":-121.1487,"Year_Built":"1955","Capacity_acre_feet":200},"geometry":{"type":"Point","coordinates":[-121.148700000296,41.2681000003318]}},
{"type":"Feature","properties":{"Dam_Name":"Indian Valley","National_ID":"CA01107","Latitude":39.0798,"Longitude":-122.5385,"Year_Built":"1976","Capacity_acre_feet":300000},"geometry":{"type":"Point","coordinates":[-122.538500000256,39.0797999997924]}},
{"type":"Feature","properties":{"Dam_Name":"Lake County Sanitation District","National_ID":"CA00912","Latitude":38.9846,"Longitude":-122.6262,"Year_Built":"1972","Capacity_acre_feet":530},"geometry":{"type":"Point","coordinates":[-122.626199999873,38.9845999998609]}},
{"type":"Feature","properties":{"Dam_Name":"Box Canyon","National_ID":"CA00889","Latitude":41.2787,"Longitude":-122.3289,"Year_Built":"1969","Capacity_acre_feet":26000},"geometry":{"type":"Point","coordinates":[-122.328899999988,41.2787000002376]}},
{"type":"Feature","properties":{"Dam_Name":"Cache Creek","National_ID":"CA00911","Latitude":38.9229,"Longitude":-122.5662,"Year_Built":"1914","Capacity_acre_feet":315000},"geometry":{"type":"Point","coordinates":[-122.566200000301,38.9228999998445]}},
{"type":"Feature","properties":{"Dam_Name":"Lake Francis","National_ID":"CA00866","Latitude":39.3599,"Longitude":-121.2064,"Year_Built":"2000","Capacity_acre_feet":1905},"geometry":{"type":"Point","coordinates":[-121.206400000127,39.3599000002502]}},
{"type":"Feature","properties":{"Dam_Name":"Maine Prairie 3","National_ID":"CA00874","Latitude":38.3289,"Longitude":-121.8137,"Year_Built":"1965","Capacity_acre_feet":96},"geometry":{"type":"Point","coordinates":[-121.813699999599,38.3289000002881]}},
{"type":"Feature","properties":{"Dam_Name":"Hour House","National_ID":"CA00864","Latitude":39.4117,"Longitude":-120.9978,"Year_Built":"1968","Capacity_acre_feet":285},"geometry":{"type":"Point","coordinates":[-120.997799999943,39.4116999998412]}},
{"type":"Feature","properties":{"Dam_Name":"Log Cabin","National_ID":"CA00865","Latitude":39.4404,"Longitude":-121.0591,"Year_Built":"1968","Capacity_acre_feet":89},"geometry":{"type":"Point","coordinates":[-121.059100000072,39.4403999997059]}},
{"type":"Feature","properties":{"Dam_Name":"Hinkle","National_ID":"CA01192","Latitude":38.7138,"Longitude":-121.1741,"Year_Built":"1980","Capacity_acre_feet":200},"geometry":{"type":"Point","coordinates":[-121.174099999702,38.7138000000889]}},
{"type":"Feature","properties":{"Dam_Name":"New Bullards Bar","National_ID":"CA00863","Latitude":39.3933,"Longitude":-121.1461,"Year_Built":"1970","Capacity_acre_feet":969600},"geometry":{"type":"Point","coordinates":[-121.146100000081,39.3933000001454]}},
{"type":"Feature","properties":{"Dam_Name":"Lake Arthur","National_ID":"CA00356","Latitude":38.9635,"Longitude":-121.0257,"Year_Built":"1909","Capacity_acre_feet":87},"geometry":{"type":"Point","coordinates":[-121.025700000005,38.9634999999444]}},
{"type":"Feature","properties":{"Dam_Name":"Lake Theodore","National_ID":"CA00360","Latitude":38.973,"Longitude":-121.0136,"Year_Built":"1896","Capacity_acre_feet":207},"geometry":{"type":"Point","coordinates":[-121.013600000351,38.9729999996878]}},
{"type":"Feature","properties":{"Dam_Name":"Mammoth Reservoir","National_ID":"CA00861","Latitude":38.8186,"Longitude":-121.139,"Year_Built":"1851","Capacity_acre_feet":103},"geometry":{"type":"Point","coordinates":[-121.138999999943,38.8185999998433]}},
{"type":"Feature","properties":{"Dam_Name":"Lake Alta","National_ID":"CA00355","Latitude":39.2025,"Longitude":-120.8167,"Year_Built":"1862","Capacity_acre_feet":270},"geometry":{"type":"Point","coordinates":[-120.816699999787,39.2025000002695]}},
{"type":"Feature","properties":{"Dam_Name":"Ralston Afterbay","National_ID":"CA00859","Latitude":39.004,"Longitude":-120.7468,"Year_Built":"1966","Capacity_acre_feet":2800},"geometry":{"type":"Point","coordinates":[-120.746799999845,39.0040000003094]}},
{"type":"Feature","properties":{"Dam_Name":"Clover Valley","National_ID":"CA00860","Latitude":38.8683,"Longitude":-121.1976,"Year_Built":"1909","Capacity_acre_feet":29},"geometry":{"type":"Point","coordinates":[-121.197600000298,38.8682999997042]}},
{"type":"Feature","properties":{"Dam_Name":"Lower Hell Hole","National_ID":"CA00857","Latitude":39.0578,"Longitude":-120.4119,"Year_Built":"1966","Capacity_acre_feet":208400},"geometry":{"type":"Point","coordinates":[-120.411900000444,39.0577999997941]}},
{"type":"Feature","properties":{"Dam_Name":"Interbay","National_ID":"CA00858","Latitude":39.0262,"Longitude":-120.6025,"Year_Built":"1966","Capacity_acre_feet":178},"geometry":{"type":"Point","coordinates":[-120.602500000038,39.0261999998459]}},
{"type":"Feature","properties":{"Dam_Name":"Virginia Ranch","National_ID":"CA00842","Latitude":39.3233,"Longitude":-121.3154,"Year_Built":"1963","Capacity_acre_feet":57000},"geometry":{"type":"Point","coordinates":[-121.315400000159,39.3233000001078]}},
{"type":"Feature","properties":{"Dam_Name":"L. L. Anderson","National_ID":"CA00856","Latitude":39.1147,"Longitude":-120.4715,"Year_Built":"1965","Capacity_acre_feet":155500},"geometry":{"type":"Point","coordinates":[-120.471499999983,39.1147000000514]}},
{"type":"Feature","properties":{"Dam_Name":"Highland Creek","National_ID":"CA00828","Latitude":38.9466,"Longitude":-122.9033,"Year_Built":"1962","Capacity_acre_feet":3500},"geometry":{"type":"Point","coordinates":[-122.903299999884,38.9466000000877]}},
{"type":"Feature","properties":{"Dam_Name":"Bascherini","National_ID":"CA00836","Latitude":38.3684,"Longitude":-121.9891,"Year_Built":"1962","Capacity_acre_feet":19},"geometry":{"type":"Point","coordinates":[-121.989099999733,38.368399999867]}},
{"type":"Feature","properties":{"Dam_Name":"Brush Creek","National_ID":"CA00824","Latitude":38.8123,"Longitude":-120.623,"Year_Built":"1970","Capacity_acre_feet":1530},"geometry":{"type":"Point","coordinates":[-120.623000000386,38.8123000000396]}},
{"type":"Feature","properties":{"Dam_Name":"Adobe Creek","National_ID":"CA00827","Latitude":38.9429,"Longitude":-122.8893,"Year_Built":"1962","Capacity_acre_feet":695},"geometry":{"type":"Point","coordinates":[-122.889299999624,38.9428999998499]}},
{"type":"Feature","properties":{"Dam_Name":"Rubicon","National_ID":"CA00822","Latitude":38.9889,"Longitude":-120.2227,"Year_Built":"1963","Capacity_acre_feet":1450},"geometry":{"type":"Point","coordinates":[-120.222700000067,38.9888999998771]}},
{"type":"Feature","properties":{"Dam_Name":"Slab Creek","National_ID":"CA00823","Latitude":38.7739,"Longitude":-120.6991,"Year_Built":"1967","Capacity_acre_feet":16600},"geometry":{"type":"Point","coordinates":[-120.699099999942,38.7738999997611]}},
{"type":"Feature","properties":{"Dam_Name":"Loon Lake","National_ID":"CA00820","Latitude":39.0043,"Longitude":-120.309,"Year_Built":"1963","Capacity_acre_feet":76500},"geometry":{"type":"Point","coordinates":[-120.308999999569,39.0042999999838]}},
{"type":"Feature","properties":{"Dam_Name":"Buck Island","National_ID":"CA00821","Latitude":39.005,"Longitude":-120.2563,"Year_Built":"1963","Capacity_acre_feet":1070},"geometry":{"type":"Point","coordinates":[-120.256300000151,39.0050000000939]}},
{"type":"Feature","properties":{"Dam_Name":"Gerle","National_ID":"CA00818","Latitude":38.966,"Longitude":-120.3948,"Year_Built":"1962","Capacity_acre_feet":1200},"geometry":{"type":"Point","coordinates":[-120.394800000377,38.9659999999602]}},
{"type":"Feature","properties":{"Dam_Name":"Robbs Peak Forebay","National_ID":"CA00819","Latitude":38.9471,"Longitude":-120.3886,"Year_Built":"1963","Capacity_acre_feet":30},"geometry":{"type":"Point","coordinates":[-120.388599999864,38.9471000002259]}},
{"type":"Feature","properties":{"Dam_Name":"Union Valley","National_ID":"CA00816","Latitude":38.8676,"Longitude":-120.4431,"Year_Built":"1963","Capacity_acre_feet":271000},"geometry":{"type":"Point","coordinates":[-120.443100000329,38.8676000002238]}},
{"type":"Feature","properties":{"Dam_Name":"Camino","National_ID":"CA00817","Latitude":38.8284,"Longitude":-120.5369,"Year_Built":"1961","Capacity_acre_feet":275},"geometry":{"type":"Point","coordinates":[-120.536900000002,38.8283999998]}},
{"type":"Feature","properties":{"Dam_Name":"Ice House","National_ID":"CA00814","Latitude":38.8237,"Longitude":-120.3641,"Year_Built":"1959","Capacity_acre_feet":45960},"geometry":{"type":"Point","coordinates":[-120.364100000084,38.8237000003008]}},
{"type":"Feature","properties":{"Dam_Name":"Junction","National_ID":"CA00815","Latitude":38.8527,"Longitude":-120.4578,"Year_Built":"1962","Capacity_acre_feet":3250},"geometry":{"type":"Point","coordinates":[-120.457800000198,38.8527000000007]}},
{"type":"Feature","properties":{"Dam_Name":"Rock Creek","National_ID":"CA00609","Latitude":38.9382,"Longitude":-120.7293,"Year_Built":"1932","Capacity_acre_feet":34},"geometry":{"type":"Point","coordinates":[-120.729299999745,38.9382000001104]}},
{"type":"Feature","properties":{"Dam_Name":"Lake Madrone","National_ID":"CA00804","Latitude":39.6498,"Longitude":-121.4079,"Year_Built":"1931","Capacity_acre_feet":200},"geometry":{"type":"Point","coordinates":[-121.407900000174,39.6497999997384]}},
{"type":"Feature","properties":{"Dam_Name":"Mark Edson","National_ID":"CA00607","Latitude":38.9051,"Longitude":-120.6034,"Year_Built":"1962","Capacity_acre_feet":20000},"geometry":{"type":"Point","coordinates":[-120.603399999663,38.9051000000951]}},
{"type":"Feature","properties":{"Dam_Name":"Williamson No. 1","National_ID":"CA00608","Latitude":38.7555,"Longitude":-120.9372,"Year_Built":"1926","Capacity_acre_feet":117},"geometry":{"type":"Point","coordinates":[-120.937200000321,38.7555000000549]}},
{"type":"Feature","properties":{"Dam_Name":"Blodgett","National_ID":"CA00601","Latitude":38.5202,"Longitude":-121.2141,"Year_Built":"1939","Capacity_acre_feet":374},"geometry":{"type":"Point","coordinates":[-121.214100000315,38.5202000001147]}},
{"type":"Feature","properties":{"Dam_Name":"Georgetown Cntrl","National_ID":"CA00606","Latitude":38.9232,"Longitude":-120.7751,"Year_Built":"1956","Capacity_acre_feet":50},"geometry":{"type":"Point","coordinates":[-120.77509999994,38.923199999984]}},
{"type":"Feature","properties":{"Dam_Name":"Giles","National_ID":"CA00598","Latitude":38.4386,"Longitude":-121.9736,"Year_Built":"1965","Capacity_acre_feet":119},"geometry":{"type":"Point","coordinates":[-121.973599999798,38.4386000000777]}},
{"type":"Feature","properties":{"Dam_Name":"Duvall","National_ID":"CA00581","Latitude":38.6429,"Longitude":-122.4711,"Year_Built":"1940","Capacity_acre_feet":242},"geometry":{"type":"Point","coordinates":[-122.471100000071,38.6428999998727]}},
{"type":"Feature","properties":{"Dam_Name":"Moskowite","National_ID":"CA00583","Latitude":38.4573,"Longitude":-122.1937,"Year_Built":"1955","Capacity_acre_feet":472},"geometry":{"type":"Point","coordinates":[-122.193699999586,38.4572999997317]}},
{"type":"Feature","properties":{"Dam_Name":"Coyote Creek","National_ID":"CA00572","Latitude":38.81,"Longitude":-122.5691,"Year_Built":"1968","Capacity_acre_feet":3375},"geometry":{"type":"Point","coordinates":[-122.569100000091,38.8100000003285]}},
{"type":"Feature","properties":{"Dam_Name":"Maxville","National_ID":"CA00574","Latitude":38.5613,"Longitude":-122.3808,"Year_Built":"1953","Capacity_acre_feet":183},"geometry":{"type":"Point","coordinates":[-122.380800000238,38.5613000001637]}},
{"type":"Feature","properties":{"Dam_Name":"Graham","National_ID":"CA00570","Latitude":38.9683,"Longitude":-122.9459,"Year_Built":"1959","Capacity_acre_feet":62},"geometry":{"type":"Point","coordinates":[-122.945899999814,38.9682999997497]}},
{"type":"Feature","properties":{"Dam_Name":"Spring Valley","National_ID":"CA00571","Latitude":39.0725,"Longitude":-122.5926,"Year_Built":"1968","Capacity_acre_feet":325},"geometry":{"type":"Point","coordinates":[-122.592599999789,39.0724999998309]}},
{"type":"Feature","properties":{"Dam_Name":"Peters","National_ID":"CA00568","Latitude":39.0018,"Longitude":-123.0118,"Year_Built":"1940","Capacity_acre_feet":112},"geometry":{"type":"Point","coordinates":[-123.011800000323,39.0017999998936]}},
{"type":"Feature","properties":{"Dam_Name":"Allen","National_ID":"CA00569","Latitude":38.9343,"Longitude":-122.8612,"Year_Built":"1955","Capacity_acre_feet":85},"geometry":{"type":"Point","coordinates":[-122.861200000444,38.9343000000891]}},
{"type":"Feature","properties":{"Dam_Name":"Eaton H. Magoon Lake","National_ID":"CA01055","Latitude":38.7336,"Longitude":-122.4384,"Year_Built":"1965","Capacity_acre_feet":3760},"geometry":{"type":"Point","coordinates":[-122.438399999612,38.7335999998044]}},
{"type":"Feature","properties":{"Dam_Name":"Napa Valley Lake","National_ID":"CA01256","Latitude":38.7466,"Longitude":-122.4117,"Year_Built":"1990","Capacity_acre_feet":200},"geometry":{"type":"Point","coordinates":[-122.41169999965,38.7465999997884]}},
{"type":"Feature","properties":{"Dam_Name":"Lake Burgundy","National_ID":"CA00567","Latitude":38.7488,"Longitude":-122.5245,"Year_Built":"1962","Capacity_acre_feet":200},"geometry":{"type":"Point","coordinates":[-122.524499999996,38.7488000002018]}},
{"type":"Feature","properties":{"Dam_Name":"Langtry","National_ID":"CA01350","Latitude":38.7153,"Longitude":-122.5328,"Year_Built":"1992","Capacity_acre_feet":525},"geometry":{"type":"Point","coordinates":[-122.532800000233,38.7152999999055]}},
{"type":"Feature","properties":{"Dam_Name":"Mccreary","National_ID":"CA00565","Latitude":38.753,"Longitude":-122.5067,"Year_Built":"1961","Capacity_acre_feet":2098},"geometry":{"type":"Point","coordinates":[-122.50670000032,38.7530000002969]}},
{"type":"Feature","properties":{"Dam_Name":"Lake Bordeaux","National_ID":"CA00566","Latitude":38.7434,"Longitude":-122.5336,"Year_Built":"1962","Capacity_acre_feet":538},"geometry":{"type":"Point","coordinates":[-122.533600000299,38.7433999998291]}},
{"type":"Feature","properties":{"Dam_Name":"Sanhedrin Ranch","National_ID":"CA00559","Latitude":39.6196,"Longitude":-122.5968,"Year_Built":"1967","Capacity_acre_feet":120},"geometry":{"type":"Point","coordinates":[-122.596800000137,39.6196000001785]}},
{"type":"Feature","properties":{"Dam_Name":"Guenoc Lake","National_ID":"CA00564","Latitude":38.724,"Longitude":-122.5251,"Year_Built":"1928","Capacity_acre_feet":3237},"geometry":{"type":"Point","coordinates":[-122.525100000046,38.7240000002934]}},
{"type":"Feature","properties":{"Dam_Name":"E. A. Wright","National_ID":"CA00556","Latitude":39.6088,"Longitude":-122.5396,"Year_Built":"1950","Capacity_acre_feet":400},"geometry":{"type":"Point","coordinates":[-122.539599999897,39.6088000000649]}},
{"type":"Feature","properties":{"Dam_Name":"Hamilton","National_ID":"CA00558","Latitude":39.6949,"Longitude":-122.5627,"Year_Built":"1967","Capacity_acre_feet":111},"geometry":{"type":"Point","coordinates":[-122.562699999562,39.6949000000746]}},
{"type":"Feature","properties":{"Dam_Name":"York Hill","National_ID":"CA00554","Latitude":39.14,"Longitude":-122.4501,"Year_Built":"1952","Capacity_acre_feet":245},"geometry":{"type":"Point","coordinates":[-122.450100000131,39.1399999998079]}},
{"type":"Feature","properties":{"Dam_Name":"Rancho Rubini","National_ID":"CA00555","Latitude":39.1967,"Longitude":-122.4215,"Year_Built":"1955","Capacity_acre_feet":106},"geometry":{"type":"Point","coordinates":[-122.421499999562,39.1966999998481]}},
{"type":"Feature","properties":{"Dam_Name":"Grizzly Creek","National_ID":"CA00553","Latitude":39.5416,"Longitude":-121.1553,"Year_Built":"1964","Capacity_acre_feet":76},"geometry":{"type":"Point","coordinates":[-121.155299999943,39.5415999997294]}},
{"type":"Feature","properties":{"Dam_Name":"Steidlmayer #3","National_ID":"CA01216","Latitude":39.2286,"Longitude":-121.8251,"Year_Built":"1961","Capacity_acre_feet":82},"geometry":{"type":"Point","coordinates":[-121.825099999644,39.2286000002765]}},
{"type":"Feature","properties":{"Dam_Name":"Honcut Creek Ranch No. 1","National_ID":"CA01300","Latitude":39.3059,"Longitude":-121.5435,"Year_Built":"1964","Capacity_acre_feet":95},"geometry":{"type":"Point","coordinates":[-121.54349999971,39.3059000001073]}},
{"type":"Feature","properties":{"Dam_Name":"A. L. Chaffin","National_ID":"CA00552","Latitude":39.5969,"Longitude":-121.5851,"Year_Built":"1957","Capacity_acre_feet":450},"geometry":{"type":"Point","coordinates":[-121.585099999558,39.5969000002586]}},
{"type":"Feature","properties":{"Dam_Name":"Morning Star","National_ID":"CA00546","Latitude":39.1428,"Longitude":-120.756,"Year_Built":"1870","Capacity_acre_feet":1405.4},"geometry":{"type":"Point","coordinates":[-120.755999999708,39.1428000002199]}},
{"type":"Feature","properties":{"Dam_Name":"Los Verjels","National_ID":"CA00548","Latitude":39.3693,"Longitude":-121.2837,"Year_Built":"1915","Capacity_acre_feet":1530},"geometry":{"type":"Point","coordinates":[-121.283699999783,39.3693000003095]}},
{"type":"Feature","properties":{"Dam_Name":"Putts Lake","National_ID":"CA00540","Latitude":39.2879,"Longitude":-120.6847,"Year_Built":"1916","Capacity_acre_feet":249},"geometry":{"type":"Point","coordinates":[-120.68469999965,39.2879000000995]}},
{"type":"Feature","properties":{"Dam_Name":"Bellett","National_ID":"CA00542","Latitude":39.3659,"Longitude":-121.0422,"Year_Built":"1950","Capacity_acre_feet":90},"geometry":{"type":"Point","coordinates":[-121.042200000022,39.3658999998843]}},
{"type":"Feature","properties":{"Dam_Name":"Palen","National_ID":"CA00535","Latitude":39.6539,"Longitude":-120.3074,"Year_Built":"1951","Capacity_acre_feet":146},"geometry":{"type":"Point","coordinates":[-120.307400000335,39.6539000000926]}},
{"type":"Feature","properties":{"Dam_Name":"Lake Vera","National_ID":"CA00538","Latitude":39.3024,"Longitude":-121.028,"Year_Built":"1926","Capacity_acre_feet":136},"geometry":{"type":"Point","coordinates":[-121.027999999746,39.3024000001482]}},
{"type":"Feature","properties":{"Dam_Name":"Grizzly Creek","National_ID":"CA00532","Latitude":39.8379,"Longitude":-120.4299,"Year_Built":"1915","Capacity_acre_feet":140},"geometry":{"type":"Point","coordinates":[-120.429900000136,39.8378999998834]}},
{"type":"Feature","properties":{"Dam_Name":"Long Lake","National_ID":"CA00534","Latitude":39.7065,"Longitude":-120.6789,"Year_Built":"1938","Capacity_acre_feet":1478},"geometry":{"type":"Point","coordinates":[-120.678900000068,39.7065000001447]}},
{"type":"Feature","properties":{"Dam_Name":"Bidwell Lake","National_ID":"CA00530","Latitude":40.1137,"Longitude":-120.9618,"Year_Built":"1865","Capacity_acre_feet":5200},"geometry":{"type":"Point","coordinates":[-120.96179999966,40.113699999896]}},
{"type":"Feature","properties":{"Dam_Name":"Silver Lake","National_ID":"CA00531","Latitude":39.9577,"Longitude":-121.1336,"Year_Built":"1906","Capacity_acre_feet":650},"geometry":{"type":"Point","coordinates":[-121.133600000394,39.9576999999794]}},
{"type":"Feature","properties":{"Dam_Name":"Corral","National_ID":"CA00527","Latitude":39.832,"Longitude":-122.5237,"Year_Built":"1959","Capacity_acre_feet":51},"geometry":{"type":"Point","coordinates":[-122.52369999993,39.8320000002429]}},
{"type":"Feature","properties":{"Dam_Name":"Rye","National_ID":"CA00528","Latitude":39.8369,"Longitude":-122.5259,"Year_Built":"1959","Capacity_acre_feet":83},"geometry":{"type":"Point","coordinates":[-122.525900000112,39.8369000001439]}},
{"type":"Feature","properties":{"Dam_Name":"Silva Flat","National_ID":"CA00512","Latitude":40.9694,"Longitude":-120.923,"Year_Built":"1926","Capacity_acre_feet":3900},"geometry":{"type":"Point","coordinates":[-120.923000000045,40.9693999999119]}},
{"type":"Feature","properties":{"Dam_Name":"Coyote Flat","National_ID":"CA00513","Latitude":40.9095,"Longitude":-120.987,"Year_Built":"1928","Capacity_acre_feet":5250},"geometry":{"type":"Point","coordinates":[-120.986999999948,40.9095000001461]}},
{"type":"Feature","properties":{"Dam_Name":"Donovan","National_ID":"CA00494","Latitude":41.4099,"Longitude":-120.6935,"Year_Built":"1953","Capacity_acre_feet":1234},"geometry":{"type":"Point","coordinates":[-120.693500000378,41.4098999996738]}},
{"type":"Feature","properties":{"Dam_Name":"George Reese Reservoir","National_ID":"CA00507","Latitude":40.5284,"Longitude":-122.4634,"Year_Built":"1876","Capacity_acre_feet":195},"geometry":{"type":"Point","coordinates":[-122.463399999883,40.5283999999403]}},
{"type":"Feature","properties":{"Dam_Name":"Leonard Johnson","National_ID":"CA00492","Latitude":41.6408,"Longitude":-120.4096,"Year_Built":"1948","Capacity_acre_feet":120},"geometry":{"type":"Point","coordinates":[-120.409599999805,41.6407999997981]}},
{"type":"Feature","properties":{"Dam_Name":"Clarke","National_ID":"CA00493","Latitude":41.6906,"Longitude":-120.3803,"Year_Built":"1939","Capacity_acre_feet":70},"geometry":{"type":"Point","coordinates":[-120.380299999627,41.6905999997945]}},
{"type":"Feature","properties":{"Dam_Name":"Davis Creek Orchard","National_ID":"CA00465","Latitude":41.712,"Longitude":-120.3912,"Year_Built":"1975","Capacity_acre_feet":1841},"geometry":{"type":"Point","coordinates":[-120.391200000079,41.7119999998762]}},
{"type":"Feature","properties":{"Dam_Name":"Carpenter Wilson","National_ID":"CA00491","Latitude":41.4216,"Longitude":-120.8733,"Year_Built":"1948","Capacity_acre_feet":93},"geometry":{"type":"Point","coordinates":[-120.873299999977,41.4215999997496]}},
{"type":"Feature","properties":{"Dam_Name":"Lookout","National_ID":"CA00489","Latitude":41.2091,"Longitude":-121.1462,"Year_Built":"1930","Capacity_acre_feet":430},"geometry":{"type":"Point","coordinates":[-121.14619999964,41.2090999999988]}},
{"type":"Feature","properties":{"Dam_Name":"Thomas Briles","National_ID":"CA00490","Latitude":41.7688,"Longitude":-120.3527,"Year_Built":"1910","Capacity_acre_feet":209},"geometry":{"type":"Point","coordinates":[-120.352700000039,41.7688000003267]}},
{"type":"Feature","properties":{"Dam_Name":"Danhauser","National_ID":"CA00487","Latitude":41.4119,"Longitude":-120.4835,"Year_Built":"1890","Capacity_acre_feet":1258},"geometry":{"type":"Point","coordinates":[-120.483500000077,41.4119000002486]}},
{"type":"Feature","properties":{"Dam_Name":"Jacobs Creek","National_ID":"CA00232","Latitude":38.7959,"Longitude":-120.9399,"Year_Built":"1948","Capacity_acre_feet":587},"geometry":{"type":"Point","coordinates":[-120.939900000095,38.7959000002737]}},
{"type":"Feature","properties":{"Dam_Name":"Fay Gunby","National_ID":"CA01051","Latitude":38.7306,"Longitude":-120.7377,"Year_Built":"1961","Capacity_acre_feet":117},"geometry":{"type":"Point","coordinates":[-120.73770000044,38.7305999996889]}},
{"type":"Feature","properties":{"Dam_Name":"Finnon Lake","National_ID":"CA00024","Latitude":38.7978,"Longitude":-120.7527,"Year_Built":"2012","Capacity_acre_feet":400},"geometry":{"type":"Point","coordinates":[-120.752699999884,38.7978000001676]}},
{"type":"Feature","properties":{"Dam_Name":"Heitz","National_ID":"CA01345","Latitude":38.6323,"Longitude":-122.4654,"Year_Built":"1991","Capacity_acre_feet":272},"geometry":{"type":"Point","coordinates":[-122.465400000049,38.6323000002206]}},
{"type":"Feature","properties":{"Dam_Name":"Turkey Ranch","National_ID":"CA01367","Latitude":38.6319,"Longitude":-122.4456,"Year_Built":"1999","Capacity_acre_feet":240},"geometry":{"type":"Point","coordinates":[-122.445600000208,38.6318999999141]}},
{"type":"Feature","properties":{"Dam_Name":"Brick Flat Pit Containment","National_ID":"CA01397","Latitude":40.6744,"Longitude":-122.5282,"Year_Built":"1994","Capacity_acre_feet":1000},"geometry":{"type":"Point","coordinates":[-122.528199999853,40.6743999999895]}},
{"type":"Feature","properties":{"Dam_Name":"Slickrock Creek","National_ID":"CA01444","Latitude":40.6673,"Longitude":-122.5238,"Year_Built":"2004","Capacity_acre_feet":231},"geometry":{"type":"Point","coordinates":[-122.523800000387,40.6673000001201]}},
{"type":"Feature","properties":{"Dam_Name":"Shingle Springs Band of Miwok Indians","National_ID":"CA01309","Latitude":38.7089,"Longitude":-120.8684,"Year_Built":"1968","Capacity_acre_feet":111},"geometry":{"type":"Point","coordinates":[-120.868400000021,38.708900000316]}},
{"type":"Feature","properties":{"Dam_Name":"Abrams","National_ID":"CA01065","Latitude":38.8483,"Longitude":-120.9817,"Year_Built":"1950","Capacity_acre_feet":110},"geometry":{"type":"Point","coordinates":[-120.981699999959,38.8482999998923]}},
{"type":"Feature","properties":{"Dam_Name":"Auburn Lake Trails","National_ID":"CA01144","Latitude":38.9185,"Longitude":-120.9411,"Year_Built":"1978","Capacity_acre_feet":68},"geometry":{"type":"Point","coordinates":[-120.941100000194,38.9185000002347]}},
{"type":"Feature","properties":{"Dam_Name":"Hardester North","National_ID":"CA01375","Latitude":38.6233,"Longitude":-122.4113,"Year_Built":"2003","Capacity_acre_feet":150},"geometry":{"type":"Point","coordinates":[-122.411299999617,38.6233000002406]}},
{"type":"Feature","properties":{"Dam_Name":"Straza","National_ID":"CA01064","Latitude":38.8317,"Longitude":-120.9807,"Year_Built":"1971","Capacity_acre_feet":185},"geometry":{"type":"Point","coordinates":[-120.980699999876,38.831699999988]}},
{"type":"Feature","properties":{"Dam_Name":"Lower Twin Lake","National_ID":"CA01293","Latitude":38.6459,"Longitude":-122.4192,"Year_Built":"1985","Capacity_acre_feet":127},"geometry":{"type":"Point","coordinates":[-122.419199999821,38.645900000272]}},
{"type":"Feature","properties":{"Dam_Name":"Upper Twin Lake","National_ID":"CA01294","Latitude":38.6464,"Longitude":-122.4205,"Year_Built":"1987","Capacity_acre_feet":63},"geometry":{"type":"Point","coordinates":[-122.420500000378,38.6463999998212]}},
{"type":"Feature","properties":{"Dam_Name":"Dick Week","National_ID":"CA00585","Latitude":38.6503,"Longitude":-122.4133,"Year_Built":"1955","Capacity_acre_feet":3140},"geometry":{"type":"Point","coordinates":[-122.413299999782,38.6503000001778]}},
{"type":"Feature","properties":{"Dam_Name":"Long Valley West No. 2","National_ID":"CA01292","Latitude":38.6458,"Longitude":-122.4416,"Year_Built":"1982","Capacity_acre_feet":177},"geometry":{"type":"Point","coordinates":[-122.441599999877,38.6458000000838]}},
{"type":"Feature","properties":{"Dam_Name":"Metcalf","National_ID":"CA01289","Latitude":38.6094,"Longitude":-122.3711,"Year_Built":"1974","Capacity_acre_feet":1045},"geometry":{"type":"Point","coordinates":[-122.371099999885,38.6093999998602]}}
]
}
