{
"type": "FeatureCollection",
"name": "McCloudRiver_merged",
"crs": { "type": "name", "properties": { "name": "urn:ogc:def:crs:OGC::CRS84" } },
"features": [
{"type":"Feature","properties":{"GNIS_Name":"McCloud River"},"geometry":{"type":"MultiLineString","coordinates":[[[-121.774376188088809,41.218195002687821],[-121.774601921421777,41.217728269355234],[-121.77483498808806,41.217206669356017],[-121.774849588088045,41.217031002689623],[-121.774915188087959,41.216871802689866],[-121.774987921421143,41.216668602690163],[-121.775089788087655,41.216526002690387],[-121.775148121420898,41.216410669357231],[-121.775140921420927,41.216224002690865],[-121.775061188087705,41.215927469358007],[-121.775024921421107,41.21576826935825],[-121.775061321421049,41.215636469358458],[-121.775272321420744,41.215389469358854],[-121.775395988087212,41.215224802692433],[-121.775425188087183,41.215027202692738],[-121.775468988087084,41.214824002693035],[-121.775585388086881,41.214648402693342],[-121.775665521420137,41.214384869360401],[-121.775781988086578,41.214176202694034],[-121.77603678808623,41.213775602694682],[-121.776153188086028,41.213544869361726],[-121.776240588085898,41.213319869362067],[-121.776306188085812,41.213105802695736],[-121.776328121419112,41.212902602696033],[-121.776313721419115,41.212715869362967],[-121.776313788085758,41.21256206936323],[-121.776328388085744,41.212370002696844],[-121.77635772141906,41.21212840269726],[-121.776343188085718,41.211925202697557],[-121.776408788085632,41.211672669364589],[-121.77645978808556,41.21145306936495],[-121.776539788085415,41.21128286936522],[-121.77667812141857,41.211096269365498],[-121.776714588085156,41.211008402698951],[-121.776714588085156,41.210931602699077],[-121.776678321418558,41.210838202699222],[-121.776583788085361,41.210722869366066],[-121.776620321418648,41.210525202699728],[-121.776700388085203,41.210399002699944],[-121.776823988084971,41.210250802700159],[-121.776896788084855,41.210113602700346],[-121.776889721418229,41.209976269367246],[-121.776795321418376,41.209734669367606],[-121.77672992141845,41.209537002701268],[-121.77671552141851,41.209350269368201],[-121.776628388085271,41.209108669368561],[-121.776519521418777,41.208911002702223],[-121.776432321418952,41.20864186936933],[-121.776308988085759,41.208372802703082],[-121.776265321419203,41.208290402703199],[-121.776207321419292,41.208131069370097],[-121.776207388085936,41.207779669370666],[-121.776084121419444,41.207538069371026],[-121.776040521419532,41.207378869371269],[-121.775960721419665,41.207208602704895],[-121.775938988086352,41.20686826937208],[-121.77593918808634,41.206555269372529],[-121.775917521419728,41.206462002706019],[-121.7759247880864,41.206330202706226],[-121.775975788086328,41.206220402706379],[-121.775961188086342,41.206110469373243],[-121.775895988086404,41.205945802706822],[-121.775859721419806,41.205759069373812],[-121.775794521419925,41.205517469374172],[-121.775699921420085,41.205347269374442],[-121.775598321420205,41.205210002707986],[-121.775496588087037,41.205122069374795],[-121.775460321420439,41.205001269374975],[-121.77546758808711,41.204809202708589],[-121.775533188086968,41.204660869375516],[-121.775664121420107,41.204551069375668],[-121.77594052141967,41.204381002709283],[-121.776049588086209,41.204254802709443],[-121.776122388086094,41.204177869376224],[-121.776245988085861,41.204112069376322],[-121.776296921419146,41.204073669376385],[-121.776296921419146,41.203974869376566],[-121.776238921419235,41.203870402710038],[-121.776231588085921,41.203815469376821],[-121.776267921419162,41.203738602710246],[-121.776304388085805,41.203716669376945],[-121.776566121418739,41.203650869377043],[-121.776624188085293,41.203672869377044],[-121.776849721418273,41.203672869377044],[-121.777264121417659,41.203656602710396],[-121.777598521417133,41.20365140271042],[-121.777809321416782,41.203613002710426],[-121.77804918808306,41.203514069377263],[-121.778376388082563,41.20347040271065],[-121.778761788081965,41.203410069377412],[-121.779001721414943,41.203360802710847],[-121.779205321414622,41.203256469377664],[-121.779503521414142,41.203075269377962],[-121.779721721413807,41.202932602711485],[-121.780012521413369,41.202773469378428],[-121.780223321413018,41.202707669378526],[-121.780550588079223,41.202669402711933],[-121.780884921411996,41.202653002711941],[-121.781364721411251,41.202647602711977],[-121.781524721411017,41.202631202711984],[-121.781830121410565,41.202483002712199],[-121.78235372140972,41.202153802712701],[-121.782433721409632,41.202109869379456],[-121.782510388076162,41.201997069379615],[-121.782571788076041,41.201906669379753],[-121.782717321409166,41.201807869379934],[-121.782913721408875,41.201720069380031],[-121.783204521408436,41.201566469380282],[-121.783335388074875,41.201467669380463],[-121.783379121408132,41.201368869380588],[-121.783379121408132,41.201259069380797],[-121.783335588074863,41.201143802714284],[-121.783248388075037,41.201006469381184],[-121.783132121408528,41.200858202714755],[-121.783015921408719,41.200731869381571],[-121.78289972140891,41.200567202715206],[-121.78297238807545,41.200457269382014],[-121.783103321408589,41.200342069382202],[-121.783219721408386,41.200166402715809],[-121.783292521408271,41.200095069382598],[-121.783437921408051,41.199996269382723],[-121.783728788074256,41.199727269383175],[-121.783859588074051,41.199666869383236],[-121.784048721407089,41.199568202716705],[-121.784317721406694,41.19952426938346],[-121.78473932140605,41.199491469383531],[-121.785081121405483,41.199469602716874],[-121.785255388071903,41.199480602716847],[-121.785320921405116,41.199579469383366],[-121.785407988071654,41.199650869383277],[-121.785502588071495,41.199678402716586],[-121.785604388071363,41.199689402716558],[-121.78582238807104,41.199662002716593],[-121.786033188070689,41.199684002716538],[-121.786287588070309,41.199771869383085],[-121.7865129214033,41.199881669382933],[-121.786738188069592,41.200030002716005],[-121.786978121402569,41.20012340271586],[-121.787145188068962,41.200167402715806],[-121.787399721401925,41.200227869382388],[-121.787559521401647,41.200321202715543],[-121.787915521401089,41.200557402715219],[-121.788075388067512,41.200639802715045],[-121.788220921400637,41.200656402715026],[-121.788366188067073,41.200689269381655],[-121.788482521400226,41.200793669381483],[-121.788671388066575,41.200925469381275],[-121.788911321399553,41.201002469381194],[-121.789092988065931,41.201073802714404],[-121.789223788065726,41.201150802714267],[-121.789492788065331,41.20123320271415],[-121.790292521397419,41.201963269379689],[-121.790588588063599,41.202195869379295],[-121.790884388063148,41.202428069378982],[-121.791789388061773,41.203138869377881],[-121.79189112139494,41.203248669377672],[-121.792050988061362,41.203413469377438],[-121.792109121394617,41.203600202710447],[-121.792210788061084,41.203737469376904],[-121.792356121394221,41.203852669376772],[-121.792472388060673,41.204023002709789],[-121.792515988060643,41.204187669376211],[-121.792581321393868,41.204363402709305],[-121.792632121393808,41.204775269375318],[-121.792690121393719,41.205022402708266],[-121.792973588059908,41.205324402707788],[-121.793140788059645,41.205428802707615],[-121.793431521392563,41.205544069374128],[-121.793736788058709,41.205654002707263],[-121.79415852139141,41.205709002707181],[-121.794529321390826,41.205725469373817],[-121.794769188057103,41.205736602707134],[-121.795088988056648,41.205764069373799],[-121.795452588056094,41.205775069373772],[-121.795997788055217,41.205874002706935],[-121.796281321388108,41.205983869373426],[-121.796593921387625,41.206198002706458],[-121.796731921387391,41.206379269372803],[-121.796884521387199,41.206571469372534],[-121.796695521387448,41.20671406937231],[-121.796608188054279,41.206878869372076],[-121.796593721387637,41.206977669371895],[-121.796644521387577,41.207115002704995],[-121.796775388054016,41.207263269371481],[-121.796913521387125,41.207367602704608],[-121.797153188053414,41.207686069370823],[-121.797233188053326,41.20786180270386],[-121.797247721386611,41.208076002703535],[-121.797229121386636,41.208234402703283],[-121.797225788053311,41.208262669369901],[-121.797247588053267,41.208432869369631],[-121.797327588053179,41.208509802702849],[-121.797421988053031,41.208636002702633],[-121.79741472138636,41.208734869369152],[-121.797312788053205,41.208982002702101],[-121.797123788053455,41.209261869368333],[-121.797072788053526,41.209448669368044],[-121.797203721386666,41.209547469367919],[-121.797407188053057,41.209695669367704],[-121.797414388053028,41.209811002700803],[-121.797567121386123,41.209920869367352],[-121.797756121385817,41.210008802700543],[-121.797828788052357,41.210135002700326],[-121.797872321385626,41.210332669366665],[-121.797944988052222,41.210574269366305],[-121.798061321385376,41.210612802699586],[-121.79829412138497,41.210596269366306],[-121.798468521384734,41.210508469366403],[-121.798650321384457,41.210343802699981],[-121.798810321384167,41.210217602700197],[-121.799079321383772,41.210157202700316],[-121.799181188050284,41.210184602700224],[-121.799261121383495,41.210250602700171],[-121.799326521383364,41.21034940269999],[-121.79939192138329,41.210547002699684],[-121.799471788049857,41.210860069365879],[-121.799391788049945,41.211107069365482],[-121.799391721383302,41.21123340269861],[-121.799500788049784,41.211343202698458],[-121.799667921382877,41.211425469364997],[-121.799740721382761,41.211562869364798],[-121.799726121382776,41.211683802697905],[-121.799609788049622,41.211821002697718],[-121.799544321383053,41.211958202697474],[-121.799548454716387,41.212031002697358],[-121.799551521383023,41.212084469363958],[-121.79963138804959,41.212276669363689],[-121.799791388049357,41.212392002696845],[-121.800096721382204,41.212556802696554],[-121.8001911880487,41.212677602696374],[-121.800220321382028,41.212825869362803],[-121.800285588048553,41.212957602695951],[-121.800452921381634,41.213072869362406],[-121.800612788048056,41.213095002695752],[-121.80080178804775,41.213149869362326],[-121.800983721380817,41.213298202695398],[-121.80121632138048,41.213473802695148],[-121.8014343213801,41.213770269361362],[-121.801616121379823,41.214110669360821],[-121.801804988046229,41.21449520269357],[-121.801957721379324,41.214852002693021],[-121.802146588045673,41.215285802692335],[-121.80231378804541,41.215544002691956],[-121.802509988045131,41.215868002691423],[-121.80257805471166,41.215942602691314],[-121.802880788044547,41.216274269357484],[-121.803091588044197,41.21651040269046],[-121.803702321376591,41.216938802689754],[-121.803782321376445,41.217037602689629],[-121.803796788043144,41.217158402689449],[-121.803702188043246,41.21726820268924],[-121.803542188043536,41.217394402689081],[-121.803360521377101,41.217504202688872],[-121.803244121377304,41.217657869355321],[-121.803207788044006,41.217844669355031],[-121.803251321377275,41.218009269354752],[-121.8033385880438,41.218146602687909],[-121.803498521376923,41.218229002687792],[-121.803745721376515,41.2182344693544],[-121.803862121376369,41.2182564026877],[-121.80403658804272,41.218371802687557],[-121.804109321375961,41.218525469353949],[-121.804196521375843,41.218712202687016],[-121.804305588042325,41.218794602686899],[-121.804443721375435,41.218849469353472],[-121.804596388041887,41.218882402686745],[-121.804676388041742,41.218898869353382],[-121.804756388041653,41.218899002686726],[-121.804945388041347,41.21890440268669],[-121.805170921374327,41.218932002686699],[-121.80535992137402,41.218975869353244],[-121.805556321373729,41.219052802686463],[-121.805854321373261,41.219135202686346],[-121.806050721372969,41.219184602686255],[-121.806421588039029,41.219272469352802],[-121.806676121371993,41.21938226935265],[-121.806821521371774,41.219481202685813],[-121.807017788038138,41.219591069352305],[-121.807286788037686,41.21968986935218],[-121.807461321370738,41.219799669351971],[-121.80768672137043,41.220063202684912],[-121.80784672137014,41.220315802684524],[-121.807839388036825,41.220431202684324],[-121.807737588037014,41.220590269350794],[-121.807737521370314,41.220705602683893],[-121.807766721370285,41.220782469350468],[-121.807868521370153,41.220864869350351],[-121.807984788036606,41.220969202683534],[-121.808028388036576,41.221117402683262],[-121.80815918803637,41.221496269349359],[-121.808268321369496,41.221666469349088],[-121.808384588036006,41.221776269348936],[-121.808588321369029,41.221875202682099],[-121.808820988035336,41.221990469348611],[-121.809126388034827,41.222199202681622],[-121.809228188034695,41.222265202681513],[-121.809300921367935,41.222353002681359],[-121.809351788034519,41.222435269347898],[-121.809286321367949,41.222473669347835],[-121.809191721368052,41.222523202681089],[-121.809133588034854,41.222578069347662],[-121.809140788034824,41.222660402680901],[-121.809235321368021,41.222737269347419],[-121.809249921368007,41.222814202680638],[-121.809199121368067,41.222869069347212],[-121.809097188034912,41.222918469347178],[-121.808908121368518,41.223061269346942],[-121.808900788035203,41.223127069346845],[-121.808929921368474,41.223204002680063],[-121.808980788035058,41.223291869346554],[-121.809031721368342,41.223385202679765],[-121.808958988035101,41.223566402679467],[-121.808929921368474,41.223665202679342],[-121.808820721368647,41.223890269345645],[-121.808609921368998,41.224126402678621],[-121.808566188035741,41.224203202678495],[-121.80858078803567,41.224291069345043],[-121.808507988035785,41.224642469344474],[-121.808478921369158,41.224752269344322],[-121.808398788035959,41.224955402677324],[-121.808420721369259,41.225092802677125],[-121.808478921369158,41.225180602676971],[-121.80863878803558,41.22526286934351],[-121.808835121368645,41.225455069343241],[-121.808886121368573,41.225586869343033],[-121.808820588035303,41.225680202676187],[-121.808740721368792,41.225757069342762],[-121.808726121368807,41.225888869342555],[-121.808805988035317,41.226042602675648],[-121.808885988035229,41.226168869342132],[-121.808856921368601,41.226267669341951],[-121.808805988035317,41.226300602675224],[-121.808667921368908,41.226355602675142],[-121.808609588035665,41.226405002675051],[-121.808594988035679,41.226476269341617],[-121.808645921368907,41.226630202674698],[-121.808798721368703,41.226893669340996],[-121.808842321368616,41.227091402674034],[-121.808856921368601,41.227190202673853],[-121.808936788035112,41.227316469340337],[-121.809009521368353,41.227365869340247],[-121.809111321368221,41.227387869340191],[-121.809387721367784,41.227431869340137],[-121.809562188034192,41.227486669340067],[-121.809620388034091,41.227563602673285],[-121.809678588033989,41.227739269339679],[-121.809700388033946,41.227915002672717],[-121.809780388033857,41.228074202672474],[-121.809882188033669,41.228107202672447],[-121.810042188033435,41.228178602672301],[-121.810129388033261,41.228277402672177],[-121.810202121366501,41.228431069338569],[-121.810231188033129,41.228590402671671],[-121.810267521366427,41.228831869337967],[-121.810252988033085,41.229166869337462],[-121.810216588033143,41.229490802670284],[-121.810158521366589,41.229853202669744],[-121.810042121366735,41.230232069335784],[-121.809998321366834,41.23045166933548],[-121.809990988033519,41.230605469335217],[-121.810092921366675,41.230720802668372],[-121.810281988033069,41.230819602668248],[-121.810398321366222,41.230956869334648],[-121.810463788032791,41.231083069334488],[-121.81045652136612,41.231280869334171],[-121.810332921366296,41.231440002667284],[-121.810325588032981,41.231604802666993],[-121.81038378803288,41.231720069333505],[-121.810507388032704,41.231829869333296],[-121.810769188032282,41.231967202666453],[-121.811030988031916,41.232164869332792],[-121.811089188031815,41.232263669332667],[-121.811060121365188,41.232400869332423],[-121.810812788032251,41.232527202665551],[-121.810754588032296,41.232604002665425],[-121.810754521365652,41.232691869331973],[-121.810827321365537,41.23282920266513],[-121.811074521365128,41.233048802664769],[-121.811249121364881,41.233224469331162],[-121.811292788031494,41.23335080266429],[-121.811278321364853,41.233455202664118],[-121.811161921364999,41.23350446933074],[-121.810943588032046,41.233603402663903],[-121.810914588032063,41.233663669330497],[-121.810899988032077,41.233740602663715],[-121.810936388032019,41.233817469330234],[-121.811059988031843,41.233954669330046],[-121.811169121365026,41.234053602663209],[-121.811292788031494,41.234163402663057],[-121.811365521364678,41.234377469329388],[-121.811467321364546,41.234613669329008],[-121.81165638803094,41.234965069328439],[-121.811859988030619,41.235289069327962],[-121.812034521363671,41.235525202660938],[-121.812216388030038,41.235788669327178],[-121.812441788029673,41.236096202660008],[-121.812638188029382,41.236354202659641],[-121.812841921362406,41.236540869326006],[-121.813081921362027,41.236667202659135],[-121.81333638802829,41.236755069325682],[-121.813612921361198,41.236815469325563],[-121.813624588027835,41.236820202658919],[-121.813801988027592,41.236892402658782],[-121.813925721360704,41.236980202658685],[-121.81412932136044,41.237216269324961],[-121.814369321360061,41.237430402657935],[-121.814558521359743,41.237567669324392],[-121.814660321359611,41.237705002657549],[-121.814776721359408,41.238007002657071],[-121.81493658802583,41.238127802656891],[-121.815147521358824,41.238237602656682],[-121.815431321358403,41.238358402656502],[-121.815823988024476,41.238512069322951],[-121.816122188023996,41.238671402656053],[-121.81639858802356,41.238907402655684],[-121.81669678802308,41.239264269321779],[-121.816791321356277,41.239753002654368],[-121.816885921356118,41.239835402654251],[-121.817024121355928,41.239928669320761],[-121.817074988022512,41.240055002653889],[-121.817169588022352,41.240208669320339],[-121.817285988022206,41.240302002653493],[-121.817627788021639,41.240521669319833],[-121.818049921354316,41.240790669319438],[-121.818391588020461,41.241015802652385],[-121.818529921353559,41.241158602652149],[-121.818646321353413,41.241279402651969],[-121.81876272135321,41.241449602651699],[-121.818820988019809,41.241641802651429],[-121.818842721353121,41.241817469317823],[-121.818864521353078,41.241960202650944],[-121.819017388019518,41.242207269317191],[-121.819388388018922,41.242531269316714],[-121.81958472135193,41.242630002649889],[-121.819839388018238,41.24269600264978],[-121.820108521351131,41.242756402649718],[-121.820370388017409,41.242904469316159],[-121.820675921350244,41.243096669315833],[-121.820821521350013,41.243277869315534],[-121.820937788016522,41.243524869315195],[-121.821054188016319,41.243700669314876],[-121.821163388016146,41.243793869314743],[-121.82137432134914,41.243920202647871],[-121.821556188015563,41.244063002647692],[-121.821745388015245,41.244282602647331],[-121.82218918801459,41.244623069313491],[-121.822269188014445,41.244667002646736],[-121.822509321347411,41.244776802646584],[-121.822676521347148,41.244831669313157],[-121.822872988013501,41.24498540264625],[-121.823098521346481,41.24510620264607],[-121.82330218801286,41.245172069312616],[-121.823542188012482,41.245238002645863],[-121.823673188012265,41.245402602645584],[-121.823716921345522,41.245534402645376],[-121.823796921345433,41.245732069311714],[-121.823942588011846,41.246121869311139],[-121.824044388011714,41.246341469310778],[-121.824175388011497,41.246555669310453],[-121.824219121344754,41.246808202643422],[-121.824197188011453,41.246994802643087],[-121.824124521344913,41.247236469309428],[-121.82401538801173,41.247511002642341],[-121.823898988011933,41.247824002641835],[-121.823877321345265,41.248049069308138],[-121.823957321345176,41.248098602641392],[-121.824044721345047,41.248148002641301],[-121.824131988011573,41.248318202641087],[-121.824219188011398,41.248510269307417],[-121.824357521344552,41.248658602640546],[-121.82456852134419,41.248795802640302],[-121.82499052134358,41.248976869306716],[-121.825281521343129,41.249097669306536],[-121.82544878800951,41.249174602639755],[-121.825477921342781,41.249240469306301],[-121.82544878800951,41.249300869306182],[-121.825397921342926,41.249372269306093],[-121.825412521342912,41.249438069305995],[-121.825448921342854,41.249487602639249],[-121.825572588009322,41.249547869305843],[-121.825572588009322,41.249624869305705],[-121.825509988009401,41.249883402638659],[-121.825546388009343,41.250037069305051],[-121.825560921342685,41.250185402638181],[-121.825560988009329,41.250394002637847],[-121.825611921342613,41.250564202637577],[-121.825728388009054,41.250723402637334],[-121.825895721342135,41.250899002637027],[-121.826019388008604,41.251036269303484],[-121.8261941213417,41.251212002636578],[-121.826339588008125,41.25146460263619],[-121.826456121341266,41.251695202635801],[-121.826652521340975,41.251892802635496],[-121.826827188007371,41.251964069302062],[-121.827103588006935,41.252008002635307],[-121.827394721339829,41.252123269301819],[-121.827641988006121,41.252249469301603],[-121.828005921338899,41.252414202634725],[-121.828311521338378,41.252512869301199],[-121.828667988004497,41.252474469301262],[-121.828864388004206,41.252447069301297],[-121.829140921337114,41.252562269301166],[-121.829351921336809,41.252672069300957],[-121.829562921336446,41.252688469300949],[-121.829802988002768,41.252737869300859],[-121.829984988002479,41.252847669300706],[-121.830181321335488,41.252875069300671],[-121.83051598800165,41.252875002633971],[-121.830930788001012,41.2529078693006],[-121.831338188000359,41.252995669300446],[-121.831621987999938,41.253127469300239],[-121.831854721332888,41.25322080263345],[-121.832080321332569,41.253281202633332],[-121.832305921332193,41.253281202633332],[-121.83257518799843,41.253363402633227],[-121.83278612133148,41.253423869299809],[-121.833127987997614,41.253396269299856],[-121.833375387997194,41.253407202633184],[-121.8336881879967,41.253440069299756],[-121.833921121329695,41.253440002633113],[-121.834383919245624,41.253414622424827],[-121.834423187995583,41.253412469299803],[-121.83490332132817,41.253428869299796],[-121.835361721327445,41.253544202632952],[-121.835740121326864,41.253719802632702],[-121.836031187993058,41.253966669298961],[-121.836271387992724,41.254296069298448],[-121.836431587992479,41.25466946929788],[-121.836526321325664,41.254905469297512],[-121.836613721325534,41.255092202630522],[-121.836715587992046,41.255267802630271],[-121.836875587991756,41.255410602630036],[-121.837035721324867,41.255476469296639],[-121.837355921324388,41.255492802629931],[-121.837704987990492,41.255487269296623],[-121.838068787989926,41.255476269296594],[-121.83843978798933,41.255415802630068],[-121.838592721322414,41.255349869296822],[-121.838912721321947,41.255152069297139],[-121.839167321321554,41.2549324026308],[-121.839363587987918,41.254817069297644],[-121.83968378798744,41.254795002630999],[-121.84015672132,41.254794869297655],[-121.840636787985943,41.254805802630983],[-121.841051521318605,41.254877069297549],[-121.841531787984536,41.255014202630662],[-121.841997587983826,41.255173269297075],[-121.842419587983159,41.255294002630251],[-121.842768921315951,41.255359802630153],[-121.843110921315429,41.255337669296807],[-121.843452721314918,41.255244269296952],[-121.843787387981024,41.255063002630607],[-121.8440855213139,41.254848802630931],[-121.844310987980236,41.254706002631167],[-121.844667521312999,41.254612469297967],[-121.845140387978972,41.254546602631365],[-121.845605987978217,41.254491469298159],[-121.846122521310747,41.254458469298186],[-121.846602787976678,41.254485802631507],[-121.84701752130934,41.254655869297892],[-121.847279521308963,41.254913869297468],[-121.847447121308676,41.255248802630319],[-121.847578321308504,41.25565500262968],[-121.84768032130836,41.255984402629167],[-121.847840521308115,41.256291802628709],[-121.848015321307798,41.256582802628259],[-121.848204721307525,41.256884669294436],[-121.848393921307206,41.257181069293949],[-121.848583321306933,41.257472069293499],[-121.848765387973344,41.25780700262635],[-121.848925721306387,41.25817466929243],[-121.848998587972972,41.258471202625287],[-121.849027921306231,41.258778669291473],[-121.848998921306304,41.258970802624503],[-121.848926187973063,41.259212469290844],[-121.848795321306625,41.259371669290545],[-121.848526380682017,41.259728963040004],[-121.848162787974275,41.260212002622609],[-121.848024587974464,41.260420669288919],[-121.847922921307941,41.26061286928865],[-121.847908321307955,41.26073366928847],[-121.848024787974452,41.260843402621617],[-121.84829412130739,41.260887269288219],[-121.848694321306766,41.260876069288258],[-121.849174587972698,41.260865069288229],[-121.849538321305431,41.260864869288241],[-121.850004121304721,41.260820869288295],[-121.850294987970926,41.260743869288433],[-121.850615187970448,41.260595602622004],[-121.850818721303483,41.260436269288903],[-121.850985987969864,41.260271469289194],[-121.851146121302975,41.260156202622682],[-121.851305987969397,41.260101202622764],[-121.851560787968992,41.260139469289356],[-121.851880987968457,41.260221802622596],[-121.852121121301423,41.260293069289162],[-121.852288587967848,41.260512602622157],[-121.852463387967589,41.260798069288342],[-121.852652721300615,41.261012069288029],[-121.852892921300224,41.261193202621087],[-121.853234987966403,41.26131940262087],[-121.853759121298879,41.26151686928722],[-121.854283121298067,41.261824202620119],[-121.854545187964334,41.262071202619722],[-121.854792921297303,41.262356602619263],[-121.854872987963859,41.262587069285587],[-121.854807787963921,41.262883669285145],[-121.854662321297496,41.263130802618093],[-121.854575187964315,41.263350469284376],[-121.854553387964359,41.26354806928407],[-121.85461192129759,41.263756669283737],[-121.854742921297373,41.263850002616948],[-121.855048387963564,41.263784002617058],[-121.8552957879632,41.263646669283958],[-121.855630387962663,41.263509269284157],[-121.855950387962139,41.263388402617693],[-121.856212387961762,41.263349802617711],[-121.85648892129467,41.263410069284305],[-121.856831121294135,41.263574669284026],[-121.857224121293541,41.263750202617132],[-121.857609921292919,41.263931269283489],[-121.858010321292284,41.264041002616636],[-121.858446787958314,41.26406280261665],[-121.858854321291005,41.264013069283351],[-121.859232587957081,41.263925202616861],[-121.859618187956471,41.263804202616996],[-121.859938187955947,41.263677802617224],[-121.860367521288651,41.263512869284114],[-121.860847521287894,41.26320526928464],[-121.861109321287472,41.263023869284893],[-121.861312543162171,41.262915843243377],[-121.86150212128689,41.262815069285239],[-121.861923987952878,41.262601002618908],[-121.862265787952367,41.262414069285853],[-121.8626659212851,41.262232802619451],[-121.862927787951321,41.262106402619679],[-121.863167787950943,41.261886602619995],[-121.863363987950663,41.261546069287192],[-121.863450921283857,41.261205602621033],[-121.863436187950526,41.260914602621483],[-121.863435921283894,41.260629202621942],[-121.863479321283819,41.260299669289111],[-121.863537321283729,41.259970202622981],[-121.863638787950208,41.259690202623403],[-121.863813387949961,41.259530802623658],[-121.864177121282751,41.259415402623858],[-121.864773587948491,41.259272402624049],[-121.865195521281123,41.259173269290898],[-121.865522987947315,41.259156802624261],[-121.865944987946648,41.259068669291025],[-121.866199521279611,41.258953269291226],[-121.866424921279247,41.25879386929148],[-121.866686787945525,41.258629069291715],[-121.867043187944944,41.258513602625214],[-121.867472387944304,41.258420069292072],[-121.867748787943867,41.258304669292215],[-121.868061521276672,41.258139669292461],[-121.868425121276118,41.257925469292843],[-121.868817787942191,41.257705602626515],[-121.869166921274996,41.257474869293503],[-121.869544987941083,41.257255069293876],[-121.869908721273816,41.257123069294039],[-121.870287121273236,41.25702960262754],[-121.870905321272289,41.256914002627695],[-121.871341921271608,41.256864269294454],[-121.871851121270822,41.256776269294619],[-121.872367587936708,41.256682602628075],[-121.872804121269326,41.256605469294868],[-121.873255187935285,41.256544869294942],[-121.873749921267859,41.256528069294973],[-121.874106521267322,41.256533402628293],[-121.874477521266726,41.256538802628313],[-121.874863121266117,41.256560469294925],[-121.875241587932237,41.256626269294827],[-121.875503587931803,41.256730469294666],[-121.87570738793147,41.256851202627843],[-121.875903921264523,41.256960802627646],[-121.875976721264408,41.257010202627555],[-121.876049521264292,41.257032202627556],[-121.876107787930891,41.25703760262752],[-121.876182921264103,41.25704166929421],[-121.876262921263958,41.257036069294202],[-121.876430321263683,41.256992402627588],[-121.876568721263482,41.256904469294398],[-121.876648787930037,41.256827802627868],[-121.876714387929951,41.256690469294711],[-121.876743587929866,41.256547669294946],[-121.876794721263138,41.256322669295287],[-121.87684578792971,41.256152469295557],[-121.876904121262953,41.256059202629046],[-121.876969787929511,41.255949402629199],[-121.877064387929408,41.255839602629408],[-121.877129921262622,41.255784802629478],[-121.877246387929119,41.255713469296268],[-121.877377387928902,41.255675069296331],[-121.877424854595517,41.255670269296331],[-121.877486587928729,41.255664069296301],[-121.877617587928512,41.25564780262971],[-121.877857587928133,41.255697269296263],[-121.878061187927869,41.255768802629518],[-121.878221321260924,41.255796269296127],[-121.878352321260707,41.255801869296135],[-121.878519587927144,41.255796402629471],[-121.878803387926666,41.25574720262955],[-121.879138187926173,41.2556870026296],[-121.879421987925753,41.25561566929639],[-121.879545721258864,41.255582869296461],[-121.879727587925231,41.255484069296585],[-121.879916787924969,41.255511669296538],[-121.880105921258007,41.255572202629821],[-121.8803531879243,41.255671202629628],[-121.880498721257368,41.255720602629594],[-121.880607787923907,41.255742602629539],[-121.880927787923383,41.255786669296128],[-121.881131587923051,41.255770269296136],[-121.881386187922658,41.255743002629515],[-121.881604387922323,41.255759602629496],[-121.88171358792215,41.255820002629434],[-121.881888121255258,41.255946402629206],[-121.882077121254952,41.256105669295664],[-121.882295321254617,41.256232069295436],[-121.882440721254397,41.256303602628691],[-121.882600721254107,41.256342069295272],[-121.882877187920371,41.256369602628581],[-121.883240921253162,41.256430269295151],[-121.8834519879195,41.25647426929504],[-121.88361198791921,41.256468802628433],[-121.883866587918817,41.256452469295084],[-121.884099521251812,41.256353669295265],[-121.88415052125174,41.256282402628699],[-121.88416518791837,41.256183602628823],[-121.884165321251714,41.256057269295695],[-121.884209187918316,41.255837669296056],[-121.884252921251573,41.255601602629781],[-121.884289387918159,41.255519269296542],[-121.884325787918101,41.255469869296633],[-121.884442321251299,41.255453402629996],[-121.884558721251096,41.255491869296577],[-121.884733187917504,41.255557869296467],[-121.884900521250586,41.255629402629722],[-121.885096921250238,41.255717269296269],[-121.885213187916747,41.25578326929616],[-121.8853877879165,41.25579980262944],[-121.885693387915978,41.25584926929605],[-121.886093521248711,41.255904469295956],[-121.886500921248057,41.255976002629154],[-121.886988387913959,41.256036602629081],[-121.887315721246807,41.256086202628978],[-121.887548521246458,41.256163069295553],[-121.887730321246181,41.256201602628835],[-121.888144987912199,41.256262269295405],[-121.8887125879113,41.256284402628694],[-121.88909818791069,41.256317469295311],[-121.889338321243656,41.256301202628663],[-121.889585587909949,41.25631240262868],[-121.889840187909556,41.256361869295233],[-121.890131187909105,41.256471802628425],[-121.890291187908872,41.25661460262819],[-121.890458321241908,41.256812269294528],[-121.890632787908316,41.257087002627429],[-121.890887121241292,41.257564669293401],[-121.891112387907583,41.257987602626031],[-121.891323187907233,41.258256802625624],[-121.891483187906999,41.258372069292136],[-121.891614121240139,41.258432469292018],[-121.891737787906607,41.258460069291971],[-121.891875987906417,41.258471069291943],[-121.892057987906128,41.258454669292007],[-121.892254387905837,41.258460269291959],[-121.892436321238847,41.258504269291905],[-121.892639921238526,41.258581202625123],[-121.892930787904788,41.258707602624952],[-121.893163721237727,41.258795602624787],[-121.893287321237551,41.258845002624696],[-121.893418321237334,41.258845002624696],[-121.893527521237161,41.258834069291424],[-121.893833121236696,41.258724402624921],[-121.894247987902702,41.258548869291872],[-121.894582721235508,41.258450069291996],[-121.895055721234826,41.258373402625466],[-121.895470521234131,41.258324202625545],[-121.895812387900264,41.258329802625497],[-121.896023387899959,41.258368269292134],[-121.896321787899524,41.25842880262536],[-121.896700121232243,41.258527802625224],[-121.896838321232053,41.25854426929186],[-121.897005721231778,41.258555402625177],[-121.897253121231415,41.258566469291793],[-121.897602321230863,41.258605002625075],[-121.897936921230325,41.258665469291657],[-121.898111521230078,41.258753402624848],[-121.898351521229699,41.258912669291306],[-121.898511521229409,41.259000602624496],[-121.898649721229219,41.259061069291079],[-121.898867987895528,41.259127069290969],[-121.899304387894858,41.259253469290741],[-121.899879187893987,41.259445802623816],[-121.899966521227157,41.25946780262376],[-121.900199321226808,41.259489802623705],[-121.900417587893116,41.259500869290378],[-121.90062132122614,41.259533869290294],[-121.900861387892462,41.259616269290177],[-121.901181521225283,41.259726269290013],[-121.901545187891372,41.259863602623113],[-121.90186532122425,41.260022869289571],[-121.902112587890485,41.260176802622652],[-121.902396321223421,41.260325069289081],[-121.902621921223044,41.260451402622209],[-121.902898187889321,41.260715069288494],[-121.90333452122195,41.261170869287753],[-121.903552587888271,41.261434602620682],[-121.903683587888054,41.261648802620357],[-121.903777921221263,41.261945269286571],[-121.903828721221203,41.262263669286085],[-121.903872321221115,41.262450402619152],[-121.903923187887699,41.262587669285551],[-121.904054121220838,41.262692002618735],[-121.904214121220605,41.262818402618564],[-121.904417721220284,41.262999669284966],[-121.904548721220067,41.26321380261794],[-121.904650387886591,41.263460869284245],[-121.904744921219788,41.263686069283892],[-121.904795721219671,41.263795869283683],[-121.904984921219409,41.264065002616633],[-121.905246721218987,41.264378002616127],[-121.905624787885074,41.264718602615631],[-121.905784787884784,41.264850269282078],[-121.905857587884725,41.264954669281906],[-121.905959521217881,41.265103002615035],[-121.906061321217692,41.265196269281546],[-121.906141321217603,41.265218402614835],[-121.906228587884129,41.265190869281525],[-121.906381387883869,41.265136069281596],[-121.906643521216836,41.265053802615057],[-121.906847187883159,41.265031802615113],[-121.907043721216212,41.265031869281756],[-121.907436587882273,41.265043069281774],[-121.90788058788155,41.265065202615062],[-121.908105987881186,41.265147602614945],[-121.908338921214181,41.265284869281402],[-121.908411521214077,41.265389202614585],[-121.908367921214108,41.265499069281077],[-121.908331521214166,41.265564869280979],[-121.908309721214209,41.265614402614233],[-121.908338721214193,41.26567466928077],[-121.908440521214004,41.265735069280709],[-121.908556921213858,41.265762602613961],[-121.908760721213525,41.265806602613907],[-121.908942587879892,41.265867069280489],[-121.909182721212858,41.265927602613715],[-121.909328187879339,41.265966002613652],[-121.90942278787918,41.265955069280324],[-121.909655787878819,41.265889202613778],[-121.91006332121151,41.265763002613994],[-121.910376121211016,41.265653269280847],[-121.910587187877354,41.265625869280882],[-121.91098738787673,41.265636869280854],[-121.911351321209509,41.265664469280807],[-121.91145312120932,41.265664469280807],[-121.911540387875903,41.265609669280877],[-121.911649587875729,41.265587669280933],[-121.911766121208871,41.265609669280877],[-121.911962521208579,41.265659069280787],[-121.912115321208319,41.265681069280788],[-121.912238987874787,41.265670202614103],[-121.912377321207885,41.26563726928083],[-121.912530121207681,41.265615269280886],[-121.912777587873961,41.265626402614203],[-121.912959521207029,41.265670402614148],[-121.913090387873467,41.265686802614084],[-121.913243321206551,41.265670402614148],[-121.913461521206216,41.265654002614156],[-121.913774387872422,41.2656760026141],[-121.913868987872263,41.265670602614136],[-121.913934587872177,41.26560466928089],[-121.913934587872177,41.265527802614372],[-121.91392738787215,41.265472869281098],[-121.913854587872265,41.26541786928118],[-121.913672721205899,41.265330069281333],[-121.913570921206087,41.265214802614821],[-121.913498187872847,41.265061002615084],[-121.913469121206219,41.26488526928199],[-121.913476521206178,41.264594269282441],[-121.913542121206092,41.264242869283009],[-121.913636787872633,41.264083669283252],[-121.913804121205715,41.263990402616741],[-121.91405892120531,41.263902602616895],[-121.914349987871503,41.263820269283656],[-121.914531921204571,41.263864269283602],[-121.914786521204178,41.263924669283483],[-121.915019387870473,41.263974202616737],[-121.91520852120351,41.263996202616738],[-121.915470521203133,41.26400720261671],[-121.915703387869428,41.264067669283293],[-121.915899787869137,41.264144469283167],[-121.915994321202277,41.264259869282967],[-121.916074387868832,41.264336802616185],[-121.916139787868758,41.264391669282759],[-121.916205321201971,41.264408202616096],[-121.916314521201798,41.264419069282724],[-121.916627387868004,41.264452202616042],[-121.916816587867686,41.264463202616014],[-121.916940321200855,41.264446669282677],[-121.917042187867366,41.26440826928274],[-121.917187721200435,41.264320469282893],[-121.917318787866918,41.264232669283047],[-121.91758072119984,41.264117402616534],[-121.917697187866338,41.26409540261659],[-121.917784587866208,41.264106402616562],[-121.918002787865873,41.264265669282963],[-121.918264721198796,41.2643976026161],[-121.918490321198419,41.264490869282611],[-121.918846787864538,41.264556869282501],[-121.919065121197548,41.264584269282466],[-121.919225121197258,41.264589869282474],[-121.919334321197141,41.26458440261581],[-121.919450787863582,41.264568002615817],[-121.919567187863436,41.264529469282536],[-121.919654587863306,41.264529469282536],[-121.919850987862958,41.264617469282427],[-121.920061987862653,41.264732802615583],[-121.920302121195618,41.264886469282033],[-121.920469521195344,41.264985402615196],[-121.920585921195197,41.265034802615105],[-121.920687721195009,41.265056802615106],[-121.92078958786152,41.265056802615106],[-121.92094238786126,41.265034802615105],[-121.921109787861042,41.26500740261514],[-121.921255387860811,41.264969069281904],[-121.92138632119395,41.264919669281937],[-121.92149558786042,41.264848269282083],[-121.921670121193472,41.264744002615544],[-121.92178658785997,41.264650669282389],[-121.92187398785984,41.264518869282597],[-121.921939521193053,41.264370802616156],[-121.92196138785971,41.264260869282964],[-121.921939521193053,41.26406326928327],[-121.921866987859858,41.263722802617167],[-121.921786921193302,41.263415402617625],[-121.921757921193375,41.263300069284469],[-121.921685187860135,41.263206669284614],[-121.921641521193521,41.263140802618068],[-121.921619587860221,41.26303100261822],[-121.921670587860149,41.262783869285272],[-121.921670721193493,41.262608202618878],[-121.921670787860137,41.262427002619177],[-121.921648921193537,41.262201869286173],[-121.921707187860079,41.261872469286686],[-121.921809187859935,41.261603402620437],[-121.921940187859718,41.261345402620861],[-121.922078521192873,41.261180669287739],[-121.922311387859168,41.260983069288045],[-121.92244238785895,41.260878669288218],[-121.922515187858835,41.260801869288343],[-121.922551587858777,41.260730469288433],[-121.922529787858821,41.260598802621985],[-121.922311587859156,41.260313202622456],[-121.922042521192907,41.26007706928948],[-121.921918721193094,41.259950802622996],[-121.921860521193196,41.259868402623113],[-121.921846121193198,41.259753069289957],[-121.921882387859853,41.259648802623474],[-121.921969721193022,41.2596158026235],[-121.922064387859564,41.259588469290236],[-121.922137121192748,41.259539069290327],[-121.922231787859289,41.259489602623717],[-121.92232638785913,41.259478669290388],[-121.922428187858998,41.259528069290354],[-121.922559187858781,41.259616002623545],[-121.922617321192035,41.259643402623453],[-121.92269012119192,41.259681869290091],[-121.92276278785846,41.259681802623447],[-121.922871987858287,41.259654402623482],[-121.9229375211915,41.25963800262349],[-121.922995787858099,41.259605002623516],[-121.922915721191544,41.259550069290299],[-121.922864787858316,41.259473269290424],[-121.92284298785836,41.259390869290542],[-121.922930321191529,41.259237202624092],[-121.92302492119137,41.259094402624328],[-121.923075921191298,41.258979069291172],[-121.923097787857955,41.258852802624688],[-121.923097721191255,41.258775869291469],[-121.923054121191342,41.258699069291595],[-121.923024987858071,41.258638669291713],[-121.923003187858058,41.25855626929183],[-121.923075987857999,41.258512402625229],[-121.92317058785784,41.258473869291947],[-121.923221587857768,41.25841360262541],[-121.923228921191082,41.258325802625507],[-121.923207121191126,41.258237869292316],[-121.923163387857812,41.258188402625763],[-121.923003321191402,41.258199402625735],[-121.92287958785829,41.258265269292281],[-121.922784987858449,41.25831466929219],[-121.922741321191836,41.25831466929219],[-121.92267592119191,41.258254269292308],[-121.922719587858523,41.258177402625734],[-121.922763187858436,41.25805120262595],[-121.922734187858509,41.25793040262613],[-121.922428587858974,41.257666802626545],[-121.922137587859424,41.25743606929359],[-121.921919387859759,41.257304269293797],[-121.921788387859976,41.257227402627223],[-121.921671987860179,41.257139602627376],[-121.92155572119367,41.257029802627528],[-121.921490187860456,41.256914402627729],[-121.921453787860514,41.256777069294571],[-121.921432121193845,41.256656269294808],[-121.92141758786056,41.256513602628331],[-121.921381187860618,41.256420202628476],[-121.921264787860764,41.256315869295292],[-121.921104721194354,41.256200469295493],[-121.920981121194529,41.25609620262901],[-121.920886587861389,41.256002802629155],[-121.920857521194762,41.255920469295916],[-121.920871987861403,41.255843602629398],[-121.921017587861172,41.255640469296338],[-121.921206787860854,41.25538800263007],[-121.921425121193863,41.255140869297122],[-121.921614321193601,41.254943202630784],[-121.921708987860086,41.254800469297663],[-121.92175992119337,41.25469080263116],[-121.921818187859913,41.254602869297969],[-121.921912787859753,41.25450400263145],[-121.922065587859549,41.254476602631485],[-121.922429387858983,41.254542602631375],[-121.922763987858445,41.254635869297942],[-121.922989387858081,41.254718269297769],[-121.923287721191002,41.254861202630877],[-121.923629721190423,41.255058802630572],[-121.923847787856801,41.255212602630365],[-121.924102521189695,41.255421269296676],[-121.924342587856017,41.255547602629861],[-121.924458921189171,41.255646402629679],[-121.924531721189055,41.255684869296317],[-121.92468438785545,41.255745269296199],[-121.924873721188533,41.255822202629417],[-121.925120987854825,41.255959469295874],[-121.925324587854504,41.256113269295611],[-121.925506587854215,41.256321869295277],[-121.92571752118721,41.256552469294945],[-121.925928521186904,41.256755669294648],[-121.926066721186658,41.256914869294405],[-121.926270387853037,41.257002802627596],[-121.926430521186091,41.257063202627478],[-121.926590521185858,41.257090669294087],[-121.92677972118554,41.257101669294116],[-121.926932387851991,41.257063202627478],[-121.927172587851601,41.25700286929424],[-121.927500121184437,41.256893202627737],[-121.927667387850818,41.256827202627846],[-121.927798387850657,41.256739402628],[-121.927965787850383,41.256662602628126],[-121.928249521183261,41.256602202628187],[-121.928576921182753,41.256552802628278],[-121.928853387849017,41.256486869295031],[-121.9289843878488,41.25642646929515],[-121.92915912118184,41.256327669295274],[-121.929377321181505,41.256075202629006],[-121.929683121181029,41.255641402629692],[-121.929879521180737,41.255366869296779],[-121.930039587847148,41.255207669297022],[-121.930105121180418,41.255092402630567],[-121.930141387847016,41.254960602630774],[-121.930279721180113,41.254839869297598],[-121.93046158784648,41.254790402630988],[-121.930658121179533,41.254801402631017],[-121.93097818784571,41.254878269297535],[-121.931472921178283,41.255026602630664],[-121.931851321177703,41.255152869297092],[-121.931953121177514,41.255224269297003],[-121.932018587844084,41.255328602630186],[-121.93210592117731,41.255487802629943],[-121.932214987843793,41.255636069296372],[-121.932324121176975,41.255729402629584],[-121.932455121176758,41.2557624026295],[-121.932687987843053,41.2557624026295],[-121.933066321175772,41.255724069296207],[-121.933204521175583,41.255735069296236],[-121.933364587841993,41.255801002629426],[-121.933466521175205,41.255899802629301],[-121.933509987841774,41.256026069295785],[-121.933531921175074,41.256339002628636],[-121.933510121175118,41.256663002628102],[-121.93352458784176,41.25691546929437],[-121.933568321175017,41.25698686929428],[-121.933670121174885,41.257096802627416],[-121.933801121174668,41.257299869293774],[-121.933808387841339,41.257448202626904],[-121.933771921174696,41.257508469293441],[-121.933713721174797,41.257596402626632],[-121.933691921174841,41.257612869293325],[-121.933582787841658,41.257651269293262],[-121.933437187841889,41.257700602626471],[-121.933298987842079,41.257788402626375],[-121.933226321175539,41.257870802626258],[-121.933189787842252,41.257947669292776],[-121.933204387842238,41.258085002625876],[-121.93329158784212,41.258238669292325],[-121.933568187841672,41.258447269291992],[-121.933750121174739,41.258513202625238],[-121.933880987841178,41.258524269291911],[-121.934040987840945,41.258502402625254],[-121.934172121174072,41.258474869291945],[-121.934324921173868,41.258409002625399],[-121.934564987840133,41.258321202625552],[-121.934834187839726,41.258260802625614],[-121.935161587839218,41.258205869292397],[-121.935445387838797,41.25818940262576],[-121.935743787838305,41.258123469292514],[-121.936202121170936,41.258024669292638],[-121.936602321170312,41.257925869292819],[-121.93690072116982,41.25787646929291],[-121.937133521169471,41.257871002626246],[-121.937359121169152,41.257925869292819],[-121.937490121168935,41.257936869292791],[-121.937620987835373,41.257936869292791],[-121.937766521168498,41.257904002626162],[-121.937897521168281,41.257827069292944],[-121.938137587834603,41.257700802626516],[-121.938348587834241,41.257612869293325],[-121.938486787834051,41.257591002626668],[-121.938668721167119,41.257596469293333],[-121.938872521166786,41.257645869293242],[-121.939112587833108,41.257821602626336],[-121.939454521165885,41.258074069292604],[-121.939709187832136,41.258194869292424],[-121.939832921165305,41.258216869292369],[-121.939905721165189,41.258194869292424],[-121.940014787831672,41.258151002625823],[-121.94016038783144,41.258057602625968],[-121.940225921164711,41.257980802626037],[-121.940327721164522,41.257799602626335],[-121.940356787831149,41.257558002626695],[-121.940356787831149,41.257321869293776],[-121.940356787831149,41.257206602627264],[-121.940313121164536,41.257074869294115],[-121.940283987831265,41.256926602627686],[-121.940320321164563,41.256767269294585],[-121.940327587831177,41.256619069294857],[-121.94029132116458,41.256525669295002],[-121.940182121164753,41.256383002628525],[-121.940065721164956,41.256273202628734],[-121.939956521165129,41.256168802628849],[-121.939861987831932,41.256081002629003],[-121.939832921165305,41.256026069295785],[-121.939840187831976,41.255960202629183],[-121.939876521165218,41.255833869296055],[-121.939949187831758,41.255740602629544],[-121.940065721164956,41.255625269296388],[-121.940225787831366,41.255477002629959],[-121.940327587831177,41.255350802630119],[-121.940407587831089,41.255257469296964],[-121.940349387831134,41.255092669297198],[-121.940342187831163,41.25484020263093],[-121.940407587831089,41.254571069298038],[-121.940487587830944,41.254351469298342],[-121.940618521164083,41.254164802631976],[-121.940793187830479,41.254000002632267],[-121.941047787830087,41.253747402632655],[-121.941287987829696,41.253511402633023],[-121.94156438782926,41.25323680263341],[-121.941753521162298,41.253000669300434],[-121.941848121162195,41.252874402634006],[-121.941935387828721,41.252687802634284],[-121.942044521161847,41.252473602634609],[-121.942073587828475,41.252297869301572],[-121.942080787828445,41.252166069301779],[-121.942073587828475,41.252083802635241],[-121.942073521161831,41.252050802635267],[-121.942080721161801,41.251952002635392],[-121.942095321161787,41.251737802635773],[-121.942189787828283,41.251562202636023],[-121.942313521161452,41.251375469302957],[-121.942458987827877,41.251199669303276],[-121.942677321160886,41.251057002636799],[-121.942968321160436,41.250936202636979],[-121.943186521160101,41.25086466930378],[-121.943310187826569,41.250815269303871],[-121.94341198782638,41.250760402637297],[-121.943441121159708,41.25071660263734],[-121.943491987826292,41.250573669304231],[-121.943499187826262,41.250398002637837],[-121.943528387826234,41.250227869304751],[-121.943557387826161,41.250068602638351],[-121.943579321159461,41.249964269305167],[-121.943598587826102,41.249884269305312],[-121.943649387826042,41.249609669305698],[-121.943663987826028,41.249505469305859],[-121.943693121159299,41.249379202639432],[-121.943685921159329,41.249280269306212],[-121.943685787825984,41.24921986930633],[-121.943576721159502,41.249071669306545],[-121.943394787826435,41.248808069306961],[-121.943220187826682,41.248604869307258],[-121.942929387827178,41.248138269308015],[-121.942696521160826,41.247462869309061],[-121.942652921160914,41.247232269309393],[-121.942623787827642,41.247106002642965],[-121.942601787827641,41.246963269309845],[-121.942652787827569,41.24676560264345],[-121.942892921160535,41.246589802643769],[-121.943009187827045,41.246529469310531],[-121.943125721160186,41.246480002643921],[-121.943278387826638,41.246436069310676],[-121.943416587826391,41.24640860264401],[-121.94354032115956,41.246403069310702],[-121.943605787826129,41.246414069310674],[-121.94370038782597,41.246441669310627],[-121.943780387825825,41.246491002643893],[-121.943896721158978,41.24664480264363],[-121.943976787825534,41.246809469310051],[-121.944027787825462,41.246957669309836],[-121.944100521158646,41.247089602642973],[-121.944180587825201,41.247221269309421],[-121.944246121158471,41.247320069309296],[-121.944362521158268,41.247457402642397],[-121.944493387824707,41.247627602642126],[-121.94458778782456,41.247737402641974],[-121.944726121157714,41.247858202641794],[-121.944871721157483,41.247968002641585],[-121.945264521156844,41.248176602641308],[-121.945431787823281,41.248248002641162],[-121.945584521156377,41.248308402641101],[-121.945926587822498,41.248363269307674],[-121.946146387822182,41.248394869307617],[-121.946537721154868,41.248451069307521],[-121.946872321154387,41.248560869307369],[-121.947083321154025,41.248676202640524],[-121.947243387820436,41.248769469307035],[-121.947403387820202,41.248840869306889],[-121.947497987820043,41.248895802640163],[-121.947556187819998,41.248972602640038],[-121.947643521153168,41.249121002639811],[-121.947650787819839,41.249197869306386],[-121.947658121153154,41.249285669306232],[-121.947650787819839,41.249390002639416],[-121.94767272115314,41.249521802639208],[-121.947803587819578,41.249884202638611],[-121.947806121152894,41.249936669305214],[-121.947857121152822,41.25002446930506],[-121.948031721152574,41.250189069304838],[-121.948140987819045,41.250298869304629],[-121.948337387818754,41.250419669304449],[-121.948519321151821,41.250463602637751],[-121.948671987818216,41.250452669304423],[-121.948919387817853,41.250425202637814],[-121.94917398781746,41.250436069304442],[-121.949465121150354,41.250447069304414],[-121.94977792114986,41.250436069304442],[-121.949996187816168,41.250419602637805],[-121.950127121149308,41.25037560263786],[-121.950265321149118,41.25030426930465],[-121.950367121148929,41.250227402638075],[-121.950578121148624,41.250013202638456],[-121.950720987815089,41.249883869305279],[-121.951099321147808,41.249587402639065],[-121.951157521147707,41.249521469305876],[-121.951230321147591,41.249422669306],[-121.95133938781413,41.249285402639543],[-121.951477587813883,41.249159069306415],[-121.951601321147052,41.249060269306597],[-121.951703121146863,41.248956002640057],[-121.951790387813389,41.248862469306857],[-121.95186312114663,41.248758269307018],[-121.951950387813156,41.248648469307227],[-121.952139387812849,41.24843980264086],[-121.952241321146062,41.248351869307669],[-121.952343121145873,41.248242069307821],[-121.952393987812457,41.248148669307966],[-121.952459387812382,41.248049869308147],[-121.952532321145611,41.247973002641572],[-121.952641321145393,41.247901602641718],[-121.952764987811861,41.247835669308472],[-121.952859521145058,41.247769802641926],[-121.952990521144898,41.247665402642099],[-121.953128721144651,41.247561002642215],[-121.953252321144475,41.247456669309088],[-121.953448721144184,41.247286469309302],[-121.953666921143849,41.247121802642937],[-121.953790721143605,41.247039402643054],[-121.953856121143531,41.247000869309772],[-121.953892521143473,41.246940469309891],[-121.953979721143355,41.246836202643351],[-121.954052387809895,41.246709869310223],[-121.954139721143065,41.246594602643711],[-121.954306921142802,41.246396869310729],[-121.954452521142628,41.246265069310937],[-121.954612521142337,41.246166269311061],[-121.954707121142235,41.246138802644452],[-121.954801587808731,41.246122269311115],[-121.954896187808572,41.24612780264448],[-121.955019921141741,41.24614966931108],[-121.955150787808179,41.246188069311017],[-121.955449187807744,41.246325402644175],[-121.955543721140884,41.24639126931072],[-121.955594721140812,41.246435069310678],[-121.95562378780744,41.246495602643904],[-121.95562378780744,41.246561402643806],[-121.95562378780744,41.246621869310388],[-121.955594721140812,41.246698669310263],[-121.955543787807585,41.246803002643389],[-121.955376721141192,41.247445469309071],[-121.955376721141192,41.247555269308918],[-121.955420387807749,41.247654202642082],[-121.955471321141033,41.247769469308594],[-121.9556751211407,41.24802746930817],[-121.955915187807022,41.248126402641333],[-121.956009721140163,41.248164802641327],[-121.956147921139973,41.248214069307892],[-121.956366187806282,41.24829100264111],[-121.956780987805644,41.248433669307531],[-121.95694098780541,41.248494069307469],[-121.95715932113842,41.248543402640735],[-121.957661321137607,41.248642202640553],[-121.957814121137403,41.248647602640574],[-121.957945121137186,41.248636669307245],[-121.958090587803611,41.248631069307237],[-121.958185121136808,41.248609202640637],[-121.958301387803317,41.248570669307355],[-121.958425121136429,41.248532269307418],[-121.958475987803013,41.248504802640753],[-121.958628921136096,41.248416869307562],[-121.958767121135907,41.248334602641023],[-121.958897921135701,41.248241202641168],[-121.959261587801791,41.247895269308401],[-121.959348921135017,41.247829269308511],[-121.959450787801529,41.247790869308574],[-121.959581721134668,41.247730402641992],[-121.959741721134378,41.247648002642109],[-121.959887121134159,41.247554669308897],[-121.960309121133491,41.247214202642795],[-121.960396321133373,41.247109869309611],[-121.960505387799856,41.247016469309756],[-121.960585387799767,41.246939602643181],[-121.960650787799636,41.24685166930999],[-121.960716187799562,41.246758402643479],[-121.960774521132805,41.246654069310296],[-121.960854387799316,41.246494802643895],[-121.960934321132527,41.246302602644164],[-121.961028921132367,41.246104869311182],[-121.96111618779895,41.245951202644733],[-121.961246921132044,41.245638069311894],[-121.961319721131929,41.24539100264559],[-121.961305121131943,41.245275669312434],[-121.961261387798686,41.245149402646007],[-121.961224987798744,41.245017669312858],[-121.961195787798829,41.244902402646346],[-121.961115787798917,41.244765069313246],[-121.961035721132362,41.244633402646798],[-121.960904787799279,41.24452360264695],[-121.960751921132839,41.244391802647158],[-121.960504521133203,41.244199669314128],[-121.960431721133318,41.244106269314273],[-121.96037352113342,41.244002002647733],[-121.960351587800119,41.243914202647886],[-121.960322521133492,41.243809869314703],[-121.960409721133374,41.243628669315001],[-121.960482521133258,41.243579269315092],[-121.960584321133069,41.243546202648474],[-121.960744321132836,41.243518802648509],[-121.960955321132531,41.243502269315229],[-121.961202587798766,41.243480269315228],[-121.961435521131762,41.243491202648556],[-121.961675521131383,41.243474669315219],[-121.96190818779769,41.243452669315275],[-121.962351987797035,41.24336466931544],[-121.963173921129055,41.243128469315764],[-121.963333921128822,41.243029669315945],[-121.963442987795304,41.24295820264939],[-121.963493921128588,41.242881269316172],[-121.963573921128443,41.242782469316296],[-121.963624721128383,41.242672669316505],[-121.96365378779501,41.242612269316567],[-121.963675587794967,41.242518869316712],[-121.963639187795025,41.242376202650291],[-121.963609987795053,41.242249869317163],[-121.963384187795384,41.241321869318597],[-121.96338412112874,41.24106380265232],[-121.963442321128639,41.2409430026525],[-121.963529587795165,41.240860669319318],[-121.963616921128391,41.240783802652743],[-121.963798721128114,41.240695869319552],[-121.964205921127473,41.240646402652942],[-121.964336921127256,41.240640869319634],[-121.964496921127022,41.240657269319627],[-121.96461338779352,41.240690269319543],[-121.965057187792809,41.240915202652559],[-121.965391921125615,41.241151269318834],[-121.965486387792168,41.241228202652053],[-121.965551987792026,41.241294069318656],[-121.965632121125225,41.241376402651838],[-121.965668521125167,41.241458802651721],[-121.965741187791764,41.241585069318205],[-121.965799521125007,41.241694802651352],[-121.966003321124674,41.242145069317303],[-121.96608338779123,41.242232869317149],[-121.966170721124399,41.242326202650361],[-121.966294387790867,41.242452469316845],[-121.966447321124008,41.242578669316629],[-121.967029387789751,41.243028802649292],[-121.967123921122948,41.243094669315838],[-121.967218521122788,41.24312760264911],[-121.967327721122615,41.243155002649075],[-121.96740772112247,41.243166002649048],[-121.967531321122294,41.243165869315703],[-121.967640521122121,41.243165869315703],[-121.967749587788603,41.243154869315731],[-121.96798232112161,41.243133002649131],[-121.968156987788007,41.243138402649095],[-121.968251521121203,41.243143802649115],[-121.968382521120986,41.243165669315715],[-121.968484321120798,41.243193202649024],[-121.968600721120652,41.243220602648989],[-121.968731721120434,41.243248002648954],[-121.969015521120014,41.243324802648829],[-121.969175521119723,41.243352269315437],[-121.969350121119476,41.243341202648764],[-121.969430121119331,41.24331920264882],[-121.969502787785927,41.243297269315519],[-121.969560987785826,41.243258802648938],[-121.969590121119097,41.243225802648965],[-121.969633721119067,41.243154469315755],[-121.969662721118993,41.243039202649243],[-121.969691787785621,41.242929269316107],[-121.969800721118759,41.242451602650192],[-121.969880587785326,41.242243002650468],[-121.969938721118581,41.242006869317549],[-121.970120321118259,41.241298469318622],[-121.970156587784913,41.241128202652249],[-121.970185521118196,41.240914069319217],[-121.970279987784693,41.24051326931982],[-121.970512321117667,41.239673069321157],[-121.970541387784294,41.239530269321392],[-121.970563121117607,41.239382002654907],[-121.970599387784205,41.239206269321869],[-121.970671987784101,41.238981202655566],[-121.970704721117386,41.238921802655625],[-121.97078098778394,41.238783402655883],[-121.970868321117109,41.23869560265598],[-121.970962787783662,41.238618669322761],[-121.971071921116788,41.23855826932288],[-121.971173721116656,41.238541802656243],[-121.971260987783182,41.238536202656235],[-121.971362787782994,41.238541669322899],[-121.971464721116206,41.238558069322892],[-121.971559187782702,41.238596469322829],[-121.971668387782529,41.23863500265611],[-121.971813921115654,41.23865686932271],[-121.971930321115451,41.238667869322683],[-121.972112121115174,41.238673269322703],[-121.972293987781597,41.238618269322785],[-121.972410321114751,41.238579869322848],[-121.97247578778132,41.238530402656238],[-121.972533921114518,41.238470002656356],[-121.972591987781129,41.238393069323138],[-121.972846321114048,41.237668269324274],[-121.972969787780528,41.237371669324716],[-121.973057121113698,41.237256402658204],[-121.973100587780323,41.237174002658378],[-121.97315152111355,41.237086202658475],[-121.973202387780191,41.236932402658738],[-121.973267721113416,41.236773069325636],[-121.973333121113285,41.236696269325762],[-121.973456787779753,41.23656446932597],[-121.973565787779592,41.236476602659422],[-121.973718521112687,41.236383269326268],[-121.97390032111241,41.236289802659712],[-121.974329321111725,41.236026069326783],[-121.974838321110951,41.235872202660403],[-121.975340187776851,41.23581166932712],[-121.976002187775805,41.23580046932716],[-121.976438587775135,41.235800402660516],[-121.977282387773812,41.235898869327002],[-121.977660721106588,41.235964669326904],[-121.977733387773128,41.235948202660268],[-121.977798787773054,41.235937202660295],[-121.977864321106267,41.235909802660331],[-121.97790792110618,41.235882202660378],[-121.977929787772837,41.235827269327103],[-121.977980587772777,41.235745002660565],[-121.978227721105725,41.235393469327789],[-121.978300387772265,41.235371469327845],[-121.978365921105478,41.235360469327816],[-121.97845312110536,41.235377002661153],[-121.978496787771974,41.235382402661116],[-121.9786059211051,41.235420802661054],[-121.978685987771655,41.23547020266102],[-121.978773187771537,41.235530602660901],[-121.978831587771424,41.235623869327412],[-121.978838787771394,41.235689802660659],[-121.978831721104768,41.235794069327142],[-121.978809921104812,41.235892869327017],[-121.978766321104843,41.23599180266018],[-121.978555721105181,41.236628802659197],[-121.97843972110536,41.237183269324987],[-121.978476187772003,41.237534802657819],[-121.978519987771904,41.237699469324184],[-121.978556387771846,41.237770869324095],[-121.978614587771744,41.237847669323969],[-121.978658321105058,41.237880669323943],[-121.978731121104943,41.237880602657242],[-121.978810987771453,41.237858602657298],[-121.978861921104738,41.237831069323988],[-121.978898187771335,41.237803669324023],[-121.978949187771263,41.23774880265745],[-121.979007321104461,41.237666402657567],[-121.979080121104403,41.237562002657739],[-121.979225387770839,41.237347802658064],[-121.979290787770708,41.23727100265819],[-121.979399787770546,41.237188469325019],[-121.979501587770415,41.237122602658417],[-121.979661587770124,41.237007269325261],[-121.979836121103176,41.236875402658825],[-121.979966921103028,41.236765602658977],[-121.980104987769437,41.236661069325805],[-121.980257787769233,41.236529402659357],[-121.980904787768225,41.235969002660227],[-121.981035587768019,41.23588120266038],[-121.981246521101014,41.235705402660642],[-121.981566321100502,41.235463669327657],[-121.981748121100225,41.235277002661292],[-121.981857121100063,41.235167069328156],[-121.981922521099989,41.235079202661609],[-121.981980721099887,41.234991269328418],[-121.982024187766456,41.234892402661899],[-121.982060587766398,41.234815602662025],[-121.982111387766338,41.234749669328778],[-121.982140521099609,41.234667269328895],[-121.982169521099593,41.234601402662349],[-121.982213121099505,41.234453202662564],[-121.982220187766188,41.234255402662882],[-121.98222712109947,41.233689802663775],[-121.98224132109948,41.233190202664559],[-121.982306587766061,41.232827802665099],[-121.982328321099317,41.232778269331845],[-121.98237198776593,41.23275086933188],[-121.982539187765667,41.2327124026653],[-121.982793787765274,41.232778202665202],[-121.982953921098385,41.232866002665048],[-121.983259587764564,41.233206269331163],[-121.983346987764435,41.233398402664193],[-121.983434387764305,41.233596069330588],[-121.983514587764148,41.23377726933029],[-121.983696587763859,41.234002402663293],[-121.98385672109697,41.234145069329713],[-121.984089521096621,41.234243802662888],[-121.98424232109636,41.234271202662853],[-121.984365921096185,41.23429306932951],[-121.984496921095968,41.234282069329538],[-121.984620387762448,41.234271069329509],[-121.984736921095589,41.234243469329556],[-121.984911387761997,41.23416106932973],[-121.985551321094306,41.233930269330074],[-121.985703987760758,41.233842402663527],[-121.985900187760478,41.233743402663663],[-121.9861401877601,41.233622602663843],[-121.986365587759735,41.233529202663988],[-121.986554721092773,41.233468669330762],[-121.986721987759154,41.233430069330836],[-121.986889187758948,41.233408069330892],[-121.987056521091972,41.233397069330863],[-121.987069854425329,41.233396469330899],[-121.987187521091812,41.233391469330911],[-121.987340121091563,41.233396869330875],[-121.987536587757916,41.233429802664148],[-121.987696521090982,41.233457202664113],[-121.987827587757465,41.233517469330707],[-121.987922121090662,41.233555869330644],[-121.987980387757204,41.23362180266389],[-121.98803858775716,41.2336930693304],[-121.988118721090359,41.233797402663583],[-121.988206387756861,41.234308002662829],[-121.988199187756891,41.234384869329347],[-121.988162921090293,41.234505669329167],[-121.988119387757024,41.234621069328966],[-121.988046721090484,41.234769269328751],[-121.987981387757202,41.234895602661879],[-121.987661921091046,41.235719269327262],[-121.987712921090974,41.235922469326965],[-121.987916921090687,41.236230002659852],[-121.988076987757097,41.236416602659517],[-121.988142587756954,41.236520869326057],[-121.988149787756981,41.236570269325966],[-121.988164521090255,41.236658202659157],[-121.988142787756999,41.236757002659033],[-121.988120987756986,41.23688326932546],[-121.98809918775703,41.23700406932528],[-121.988150187756958,41.237070002658527],[-121.988201187756886,41.237141269325093],[-121.988302987756754,41.237146802658401],[-121.988455787756493,41.237146669325057],[-121.988593987756303,41.237119202658448],[-121.988681187756129,41.237080669325167],[-121.988761321089328,41.237042269325229],[-121.988841187755895,41.236981869325348],[-121.988906587755764,41.236916002658745],[-121.989524387754841,41.236366602659587],[-121.98972798775452,41.236234669326507],[-121.990513121086622,41.235646869327411],[-121.990963787752605,41.235289602661283],[-121.991298121085435,41.234998602661733],[-121.991443521085159,41.234872202661904],[-121.991552521084998,41.234751402662141],[-121.99163972108488,41.23461400266234],[-121.991748721084718,41.23447666932924],[-121.991835921084601,41.234339402662783],[-121.991915787751111,41.234196602662962],[-121.991973921084366,41.234059269329862],[-121.99201012108432,41.233927469330069],[-121.992046387750918,41.233812202663557],[-121.99206812108423,41.233685869330429],[-121.992089921084187,41.233565069330609],[-121.992104387750828,41.233433269330817],[-121.992111387750811,41.233263069331088],[-121.99207478775088,41.232856802665083],[-121.99209612108416,41.232324069332549],[-121.992093787750832,41.232306002665894],[-121.992037587750929,41.231874002666586],[-121.992059321084241,41.231709069333533],[-121.992124587750823,41.23150046933381],[-121.992364187750411,41.230956802668004],[-121.992494987750206,41.230808469334931],[-121.992640387749987,41.230709602668412],[-121.992749387749825,41.230643602668522],[-121.992901987749576,41.230511669335385],[-121.993069321082658,41.230374469335572],[-121.99323638774905,41.230253469335764],[-121.993490787748669,41.2301326026693],[-121.993730787748291,41.230055602669381],[-121.994210787747534,41.229940069336237],[-121.994843521079929,41.22984100266973],[-121.995090721079521,41.229818869336441],[-121.995352521079099,41.229813269336432],[-121.995643521078648,41.229818669336453],[-121.997047121076491,41.229790469336479],[-121.997076187743119,41.229793602669815],[-121.997301721076099,41.2298178026698],[-121.998181787741373,41.229866802669676],[-121.998465387740964,41.229872202669696],[-121.998610921074032,41.22986106933638],[-121.998705387740586,41.229833602669771],[-121.998945387740207,41.229795002669789],[-121.999578121072545,41.229646469336728],[-121.99970892107234,41.229608002670091],[-121.999767121072239,41.229624402670083],[-121.999868921072107,41.229624269336739],[-121.999948921071962,41.229624269336739],[-122.000043521071859,41.229657202670012],[-122.000130787738385,41.229695602669949],[-122.000261787738168,41.229772402669823],[-122.000727587737458,41.23010720266933],[-122.00089492107054,41.230189402669225],[-122.001113187736848,41.23023866933579],[-122.002218587735115,41.230221469335845],[-122.002429387734821,41.230221602669133],[-122.002560387734604,41.23021060266916],[-122.00266232106776,41.23018866933586],[-122.002749587734286,41.230122869335958],[-122.002829587734198,41.230073469336048],[-122.002938787734024,41.229947269336265],[-122.002982521067281,41.229848469336389],[-122.00298998773394,41.229760602669842],[-122.003019121067211,41.229623269336741],[-122.003048387733827,41.229458669337021],[-122.003114187733729,41.22909626933756],[-122.003114321067073,41.228909602671195],[-122.003129121067047,41.228717469338164],[-122.003136521067063,41.228580202671708],[-122.003143921067021,41.228481402671832],[-122.003151187733692,41.228399002672006],[-122.003180521066952,41.228294669338823],[-122.003231387733535,41.228152002672346],[-122.003267987733523,41.227959802672672],[-122.003268321066855,41.227872002672825],[-122.003239187733527,41.227822469339515],[-122.003195587733615,41.227773069339605],[-122.003108321067089,41.227756602672969],[-122.003021121067206,41.227718069339687],[-122.002882987734097,41.227630069339853],[-122.002846587734155,41.227580669339943],[-122.002824921067543,41.227520402673349],[-122.002810387734201,41.227448869340094],[-122.002825121067531,41.227322602673667],[-122.002876121067459,41.227163402673909],[-122.002890787734088,41.227070002674054],[-122.002934521067345,41.226976669340843],[-122.002956387734002,41.226921802674269],[-122.00295652106729,41.226844869341051],[-122.002949187733975,41.226740602674568],[-122.002905721067407,41.22660326934141],[-122.002876721067423,41.2265100026749],[-122.002847721067496,41.226383669341772],[-122.002826121067528,41.226262869341952],[-122.002818921067501,41.226120069342187],[-122.002841587734167,41.225258002676867],[-122.00288518773408,41.225148202677019],[-122.002936321067352,41.225120869343755],[-122.003059921067177,41.225077002677153],[-122.003176321066974,41.225049602677188],[-122.003321787733398,41.22503866934386],[-122.003569121066391,41.225000402677267],[-122.003641787732931,41.224989402677295],[-122.003714587732816,41.224940069344029],[-122.003772787732714,41.224885202677456],[-122.003860121065941,41.224802869344217],[-122.003932921065825,41.224715002677669],[-122.00404952106561,41.224605202677878],[-122.004078721065582,41.224489869344723],[-122.004049587732311,41.224385602678183],[-122.00398432106573,41.224303202678357],[-122.003933387732445,41.224204269345137],[-122.003875387732535,41.224127402678619],[-122.003773587732724,41.224012002678762],[-122.003817387732624,41.223814402679068],[-122.00383198773261,41.223776002679131],[-122.003875721065867,41.223737602679194],[-122.003919321065837,41.223710069345941],[-122.003984721065706,41.223704602679277],[-122.004093787732245,41.223710269345929],[-122.004166587732129,41.223726669345922],[-122.004290121065253,41.223809202679092],[-122.004355521065122,41.223875069345695],[-122.004428321065006,41.22391360267892],[-122.004500921064903,41.223930069345556],[-122.004588187731429,41.223935602678921],[-122.004653587731354,41.223952069345557],[-122.004718987731223,41.223985069345474],[-122.004784521064494,41.224034602678728],[-122.004864387731004,41.224089469345358],[-122.004886187730961,41.224155402678548],[-122.0049151210643,41.224237669345086],[-122.004885987730972,41.224303602678333],[-122.004885921064329,41.224369469344879],[-122.004885921064329,41.224440869344789],[-122.00490038773097,41.224501269344671],[-122.004965721064195,41.224567202677918],[-122.005009387730809,41.224622202677836],[-122.00504572106405,41.224666069344437],[-122.005140187730603,41.224688069344381],[-122.005205587730472,41.224693602677746],[-122.00552572106335,41.224594869344571],[-122.005605721063205,41.224573002677914],[-122.005678521063089,41.224551069344614],[-122.005751187729629,41.224545602677949],[-122.005874787729454,41.224595202677904],[-122.005991187729251,41.22466106934445],[-122.006063787729147,41.224716069344367],[-122.006107387729116,41.224765402677633],[-122.006129187729073,41.224836869344188],[-122.006165387729027,41.224908269344041],[-122.00620898772894,41.225001602677253],[-122.006572321061697,41.225364202676701],[-122.006659521061579,41.225446602676584],[-122.00676132106139,41.22552900267641],[-122.006848521061272,41.225540002676439],[-122.007234121060662,41.225364469343333],[-122.007350521060516,41.225320669343432],[-122.007423321060401,41.225287802676803],[-122.007474187726984,41.225276802676831],[-122.007677721059963,41.225441602676597],[-122.007713987726618,41.225474602676513],[-122.007764921059845,41.225540469343059],[-122.007764787726501,41.225589869343025],[-122.007735721059873,41.225661269342879],[-122.007677521059975,41.225727069342781],[-122.00758278772679,41.225793002676028],[-122.007473721060308,41.225869802675902],[-122.007320921060568,41.22597960267575],[-122.007211721060685,41.226072869342261],[-122.007131587727486,41.226160669342107],[-122.007051521060987,41.226276002675263],[-122.006978587727758,41.226407802675055],[-122.007421987727071,41.226715402674586],[-122.007480187726969,41.226753869341223],[-122.007523787726882,41.226770402674504],[-122.007661921059992,41.22678686934114],[-122.007749187726517,41.226798002674457],[-122.007909187726284,41.226803602674465],[-122.008010987726152,41.226820002674458],[-122.008090987726007,41.226842069341046],[-122.008170987725862,41.226869602674356],[-122.008258187725744,41.226908002674293],[-122.008403587725525,41.226979469340847],[-122.008505387725393,41.227012469340821],[-122.008643521058502,41.227045469340737],[-122.008810787724883,41.227067469340739],[-122.008956187724664,41.227095069340692],[-122.009065321057847,41.227122602673944],[-122.009457921057219,41.227375269340257],[-122.009545121057101,41.227435802673483],[-122.009566921057058,41.227496202673365],[-122.009486721057158,41.227743202673025],[-122.009406521057315,41.227918869339419],[-122.00896278772467,41.22789666933943],[-122.00884652105816,41.227896602672786],[-122.008766521058305,41.227885669339457],[-122.008679187725079,41.227896602672786],[-122.008635521058522,41.227929469339358],[-122.008416987725525,41.228330202672112],[-122.008351387725611,41.228467469338511],[-122.008293187725712,41.228577269338359],[-122.008249387725755,41.228632069338289],[-122.008212987725813,41.228681469338198],[-122.008132987725958,41.2287254026715],[-122.008052987726046,41.228763802671438],[-122.008001987726175,41.228802202671375],[-122.007980321059506,41.228829669337983],[-122.00805258772607,41.22927986933729],[-122.008081521059353,41.229428202670363],[-122.008088721059323,41.229554469336847],[-122.008132187725948,41.229768802669867],[-122.008161121059231,41.229917002669595],[-122.008168187725914,41.23006520266938],[-122.008189987725871,41.230230002669146],[-122.008196987725853,41.230383669335538],[-122.008225921059136,41.230526469335359],[-122.008262187725734,41.230680269335096],[-122.008298387725688,41.230790069334944],[-122.008370987725584,41.230888869334763],[-122.008443721058825,41.230976802667954],[-122.00853092105865,41.231064802667845],[-122.00857452105862,41.231130669334391],[-122.008588987725261,41.231191002667629],[-122.00857452105862,41.231229469334266],[-122.008530787725306,41.231267869334204],[-122.008458121058766,41.231289802667504],[-122.008385321058881,41.231306269334141],[-122.008268921059084,41.23128966933416],[-122.008181587725858,41.23128966933416],[-122.008116187725989,41.231300602667488],[-122.008072521059376,41.231317069334125],[-122.008021521059447,41.231355469334062],[-122.00797778772619,41.231503669333847],[-122.007977721059547,41.231619002667003],[-122.007963121059561,41.231668469333556],[-122.007933987726233,41.231717802666822],[-122.007868521059663,41.231739802666766],[-122.007795721059779,41.231756202666759],[-122.007708387726609,41.231778069333416],[-122.007621121060083,41.231805602666668],[-122.007584787726785,41.231816469333353],[-122.0075119877269,41.23185486933329],[-122.00741738772706,41.23197566933311],[-122.007451121060342,41.232188469332755],[-122.007524587726891,41.232361469332488],[-122.007765321059878,41.232559069332183],[-122.007962921059573,41.232583669332143],[-122.008209787725832,41.23236740266583],[-122.008305721059003,41.232069402666298],[-122.00845958772544,41.231967202666453],[-122.00871772105836,41.232015469333021],[-122.009001111682949,41.232263542249314],[-122.00905152105787,41.232307669332556],[-122.009168587724332,41.232410202665733],[-122.010216721056054,41.233603269330558],[-122.010495387722301,41.234307002662831],[-122.010381321055775,41.234800402662017],[-122.01002632105633,41.235119202661565],[-122.009855987723256,41.235301669327953],[-122.009927587723155,41.235601202660803],[-122.010441121055692,41.235881469327012],[-122.010725587721936,41.236205869326511],[-122.010597187722112,41.236641669325877],[-122.010001987723058,41.237728669324156],[-122.009853721056629,41.238474669323011],[-122.009928121056475,41.238911869322351],[-122.009898787723216,41.239213802655172],[-122.00988418772323,41.239290669321747],[-122.009869521056601,41.239378469321593],[-122.00985478772327,41.239449869321504],[-122.009803787723342,41.239554202654688],[-122.009723787723487,41.239664002654479],[-122.00961452105696,41.239790202654319],[-122.009505321057134,41.239938469320748],[-122.009417921057263,41.239998802653986],[-122.009323321057423,41.24007560265386],[-122.009184921057624,41.240278802653563],[-122.009082921057825,41.240416002653319],[-122.008587721058575,41.240613669319714],[-122.007867321059678,41.240917869319219],[-122.007480987726979,41.241282402651962],[-122.00745938772701,41.241696202651326],[-122.008107521059344,41.242150202650635],[-122.008466587725422,41.242578602649985],[-122.008717521058372,41.243109602649156],[-122.00899138772462,41.243175469315702],[-122.009189587724279,41.24325240264892],[-122.009599187723666,41.243220602648989],[-122.010361387722469,41.243181202649055],[-122.011091921054685,41.243222002648963],[-122.011857521053514,41.242952602649382],[-122.012552121052408,41.24233766931701],[-122.013165521051462,41.242067069317443],[-122.013847721050411,41.242279802650444],[-122.014544587715989,41.242527202650024],[-122.015809787714034,41.242457602650177],[-122.017606921044603,41.242472869316828],[-122.018779121042769,41.242505869316744],[-122.019416587708406,41.242649202649886],[-122.019451921041707,41.242668202649838],[-122.020413921040245,41.243186469315674],[-122.021154187705747,41.243595202648407],[-122.02197118770448,41.243958469314521],[-122.02244232103709,41.244031469314393],[-122.023081921036066,41.244036869314357],[-122.023770787701665,41.243801402648046],[-122.024082987701206,41.243298069315529],[-122.024638121033661,41.242843002649579],[-122.024933787699865,41.242420069316893],[-122.025092187699613,41.242007602650858],[-122.025094787699629,41.241835069317801],[-122.025082187699638,41.241651069318095],[-122.02494998769987,41.241328002651926],[-122.024497587700523,41.241025269319039],[-122.024089987701188,41.240780469319418],[-122.023788921034964,41.240547869319812],[-122.023643387701895,41.240086869320521],[-122.023729921035056,41.239397802654935],[-122.023797587701608,41.238938469322306],[-122.023760387701714,41.238363402656489],[-122.023858321034879,41.237927402657192],[-122.024262587700889,41.237378869324687],[-122.024815987700038,41.237027269325267],[-122.025184721032815,41.236811869325606],[-122.025371787699214,41.236526069326032],[-122.025346121032555,41.236203869326516],[-122.025169587699509,41.235777069327185],[-122.025007587699747,41.235407869327787],[-122.024890387699941,41.235096469328255],[-122.024864387699949,41.234797269328737],[-122.024928121033213,41.234613869328996],[-122.025294921032639,41.234525002662451],[-122.026764921030349,41.23418560266299],[-122.026975921030044,41.234136869329745],[-122.027069321029899,41.233999602663289],[-122.027074121029898,41.233677802663806],[-122.027052787696562,41.233056869331392],[-122.027131587696431,41.232885002665],[-122.027376387696052,41.232806669331808],[-122.027787187695424,41.232833069331775],[-122.028165187694867,41.233008669331468],[-122.028708321027352,41.233358202664306],[-122.029131587693371,41.233568669330623],[-122.029495587692793,41.233663802663784],[-122.029953321025403,41.233610069330553],[-122.030353187691446,41.233349069330984],[-122.030601787691069,41.233017669331502],[-122.030622721024372,41.232627002665424],[-122.030385521024755,41.232188202666123],[-122.029997987692013,41.231621602666962],[-122.029629987692601,41.230767802668311],[-122.029665321025846,41.230434602668822],[-122.029912721025482,41.230183802669217],[-122.030680587690938,41.229741869336578],[-122.030942921023893,41.229514069336915],[-122.030963187690531,41.229169402670777],[-122.030817121024086,41.228754402671427],[-122.030960987690491,41.228284202672171],[-122.031163721023518,41.22796400267265],[-122.031431921023113,41.227760936006291],[-122.031764387689293,41.227509202673332],[-122.032925387687442,41.227254469340437],[-122.033616987686401,41.227058536007405],[-122.033949987685901,41.226964202674196],[-122.034598187684878,41.226371802675146],[-122.034838587684476,41.225557469343073],[-122.035155321017328,41.224633336011152],[-122.035156787684002,41.22462900267783],[-122.035512921016789,41.224229602678463],[-122.035804587683003,41.224071069345371],[-122.036024254349343,41.224079602678671],[-122.036185121015762,41.224085802678701],[-122.036284721015591,41.224302269345003],[-122.036450587681998,41.224662802677756],[-122.03643758768203,41.226582602674796],[-122.036572587681803,41.227756402672981],[-122.036826587681389,41.228091869339096],[-122.037495121013706,41.228200869338934],[-122.03824238767919,41.228115202672427],[-122.03898852101139,41.2281214026724],[-122.039716121010258,41.228345869338739],[-122.040485387675744,41.228846669337941],[-122.040765787675298,41.22900220267104],[-122.041074587674814,41.229173469337468],[-122.042279187672932,41.22905700267097],[-122.043811321003886,41.228426002671938],[-122.044623187669288,41.228087802672462],[-122.0452355210017,41.227874402672796],[-122.045707187667631,41.227618469339859],[-122.04575738766755,41.227591269339882],[-122.046567787666277,41.227356602673581],[-122.047391987665037,41.22722540267381],[-122.048094187663935,41.227104802673978],[-122.048846187662775,41.226708602674591],[-122.050353920993757,41.225640402676277],[-122.051275587659006,41.225084669343801],[-122.052413187657237,41.224335202678276],[-122.052848320989881,41.223729402679226],[-122.052981987656324,41.222914269347143],[-122.052670187656815,41.222374336014639],[-122.052655120990153,41.222348269348061],[-122.052328587657371,41.221759269348979],[-122.052473187657142,41.221243069349725],[-122.052598587656917,41.220991202683479],[-122.052844987656556,41.220797802683762],[-122.053109320989449,41.220420602684385],[-122.053331787655793,41.219767069352031],[-122.05351898765548,41.219458269352515],[-122.054071120987999,41.219186869352939],[-122.054469587654012,41.219006069353213],[-122.054976787653231,41.218676869353715],[-122.055545787652363,41.218279202687711],[-122.056100187651509,41.217846869355014],[-122.056592120984078,41.217517469355528],[-122.057052187650015,41.217291269355883],[-122.05839538764792,41.217049402689611],[-122.060130787645221,41.217063602689564],[-122.060726387644308,41.216942002689734],[-122.061386787643301,41.216545002690395],[-122.062095120975528,41.215987402691269],[-122.062362187641781,41.215414669358779],[-122.062523387641534,41.214783669359804],[-122.062493187641564,41.214231602693985],[-122.062320320975175,41.213551869361709],[-122.062141787642133,41.213251602695493],[-122.061056787643793,41.212472469363377],[-122.060595187644537,41.211756002697825],[-122.060482120978008,41.211145669365408],[-122.060539520977954,41.210329802700016],[-122.060364987644846,41.209753602700914],[-122.060370120978178,41.209397202701496],[-122.060484320978048,41.208869269368961],[-122.060738520977623,41.208124069370115],[-122.060900587644028,41.207435669371193],[-122.060722720977651,41.207100802705042],[-122.060454387644711,41.206696202705643],[-122.060139187645234,41.206383269372793],[-122.059917387645555,41.205933069373543],[-122.059921787645578,41.205622802707353],[-122.060076987645346,41.205417002707634],[-122.061640787642887,41.204636602708888],[-122.062713787641201,41.204116402709644],[-122.06323118764044,41.204132069376328],[-122.063513177223342,41.204243755834455],[-122.063822507431155,41.204424594375837],[-122.064069972014124,41.204819585000223],[-122.064188944930606,41.205333548541091],[-122.06436502513867,41.205457280832604],[-122.064760014721401,41.205528664165797],[-122.064940854304439,41.205490593332513],[-122.065250184512308,41.205343066249441],[-122.065607103261755,41.205109879791451],[-122.066219657427439,41.204513166250706],[-122.066532187635289,41.204285402709388],[-122.067075015759485,41.203855438126766],[-122.067459513675544,41.203648890210388],[-122.06779263867503,41.203280073544306],[-122.067959200133089,41.202988590211419],[-122.068042481382975,41.202536492295451],[-122.068060327216244,41.202137932921062],[-122.068063520966234,41.201504002713705],[-122.069422720964155,41.200112402715888],[-122.069840720963498,41.199621402716673],[-122.070105920963101,41.199163669384006],[-122.07005138762986,41.19871486938473],[-122.070026587629854,41.198312269385326],[-122.069793987630248,41.197540202719892],[-122.069487787630692,41.196595002721324],[-122.069010920964786,41.195878269389141],[-122.066103187635974,41.194854602724035],[-122.063847520972786,41.194008602725376],[-122.062304720975192,41.193329269393075],[-122.061611387642927,41.19286366939383],[-122.061281520976763,41.192516202727688],[-122.061058187643823,41.192157869394919],[-122.061019387643853,41.191686202728988],[-122.061009587643866,41.191306802729571],[-122.061135120976985,41.191043402729974],[-122.061351120976667,41.19083826939692],[-122.062066920975553,41.190798069397033],[-122.062538120974807,41.190847802730275],[-122.062737187641176,41.190757469397056],[-122.06341712097344,41.190038802731522],[-122.064062387639126,41.189607069398846],[-122.064524920971735,41.18919700273284],[-122.064848787637914,41.188889202733321],[-122.06497532097103,41.188556802733842],[-122.064965387637756,41.188188802734373],[-122.064817187637971,41.187900269401496],[-122.06457692097166,41.187679869401848],[-122.064197320972255,41.187619269401921],[-122.063634387639809,41.187614802735311],[-122.063163387640543,41.187553402735375],[-122.06238912097507,41.187420669402229],[-122.061996987642317,41.187176002735953],[-122.061924987642442,41.186888069403096],[-122.061853720975876,41.186554002736955],[-122.061963587642367,41.186313469403956],[-122.062208587642033,41.186212002737477],[-122.062406720975048,41.186190602737497],[-122.062756120974484,41.186239469404086],[-122.064063387639123,41.186342069403906],[-122.065484320970256,41.185939802737892],[-122.066248187635722,41.185727469404867],[-122.067638720966897,41.185336269405468],[-122.068471720965647,41.185068136072573],[-122.069136787631237,41.184854069406242],[-122.070500320962481,41.184209802740554],[-122.070686920962203,41.183935402740985],[-122.070630520962254,41.183613002741481],[-122.069352787630919,41.182499002743214],[-122.06897892096481,41.182036202743916],[-122.068801920965086,41.181643802744532],[-122.068730387631888,41.181321402745027],[-122.068687520965284,41.181125469411995],[-122.068766987631818,41.180884802745709],[-122.068944987631539,41.180788736079194],[-122.06916572096452,41.180669602746036],[-122.069788987630261,41.180709069412671],[-122.070365320962708,41.180851669412448],[-122.070650120962227,41.181152802745316],[-122.070640187628896,41.181854069410917],[-122.070769320962029,41.182407002743389],[-122.071024587628301,41.182650402742979],[-122.07144918762765,41.182757402742823],[-122.072241187626446,41.182683269409608],[-122.072471987626102,41.182524202743195],[-122.072689987625722,41.182169469410383],[-122.072776387625595,41.181445869411505],[-122.073350520958058,41.180657269412734],[-122.073455920957883,41.18010133608027],[-122.073498520957799,41.179876669413943],[-122.07232198762631,41.179142869415102],[-122.071516654294214,41.178417536082918],[-122.071510587627586,41.178412069416254],[-122.071522787627543,41.177549869417589],[-122.071671654293993,41.177478602751023],[-122.07239598762618,41.177131602751558],[-122.073818787623964,41.177660402750746],[-122.075322120954979,41.17787940275042],[-122.076607520953019,41.177372402751189],[-122.076218720953591,41.176886269418617],[-122.075630587621163,41.176502269419188],[-122.074861787622353,41.175990202753326],[-122.074141787623489,41.175260069421142],[-122.074804720955797,41.174644602755393],[-122.075614187621227,41.174432669422401],[-122.076697987619525,41.174177002756153],[-122.077403187618415,41.173803269423388],[-122.077402854285083,41.173755402756797],[-122.077397920951739,41.17309040275785],[-122.077229587618717,41.17207726942604],[-122.076875320952581,41.171304202760609],[-122.07604878762055,41.169492602763398],[-122.07656178761971,41.168714869431312],[-122.077454520951676,41.167974802765741],[-122.078050187617407,41.166726402767722],[-122.078364320950243,41.166027669435437],[-122.078380987616924,41.165731936102588],[-122.078420987616823,41.165020869437001],[-122.078425120950158,41.164947469437152],[-122.077981587617501,41.164024069438597],[-122.077350720951813,41.163455802772773],[-122.076730187619489,41.163077802773387],[-122.076279787620194,41.162803402773818],[-122.074366054289783,41.161430802775953],[-122.074156187623487,41.161280269442841],[-122.07428318762328,41.160182069444545],[-122.074510787622899,41.158213269447572],[-122.07453732095621,41.157983802781303],[-122.075583520954581,41.157141402782599],[-122.076906920952524,41.156250136117308],[-122.077756120951221,41.155678136118183],[-122.07897812094933,41.154855069452822],[-122.079007920949266,41.154835002786172],[-122.079947987614503,41.153968802787517],[-122.081489520945411,41.153590202788109],[-122.082240187610921,41.152124602790366],[-122.083442120942379,41.151007402792118],[-122.081843387611514,41.150580802792774],[-122.081750987611656,41.15042646945966],[-122.081248920945768,41.149587402794339],[-122.080821520946472,41.148606802795825],[-122.081480587612077,41.146666536132159],[-122.081481720945419,41.146663336132178],[-122.081693920945099,41.146038469466475],[-122.082560120943754,41.144999069468099],[-122.0823416542774,41.144547869468795],[-122.08185052094484,41.143533402803712],[-122.081409187612223,41.142366936138842],[-122.081322587612362,41.142138069472537],[-122.082288320944201,41.139409602810133],[-122.082139520944395,41.135901869482211],[-122.081552987611985,41.135437402816251],[-122.074827787622439,41.13463626948419],[-122.074203587623401,41.132527402820813],[-122.072423720959478,41.131512802822385],[-122.071629187627366,41.130462202823992],[-122.071380120961123,41.130044402824637],[-122.070401320962617,41.128708002826727],[-122.070185320962935,41.128648469493498],[-122.070194187629625,41.128460002827126],[-122.070595120962309,41.128243869494099],[-122.07089072096187,41.127863869494718],[-122.070562787629058,41.127604202828422],[-122.069820187630171,41.127360069495467],[-122.069282320964362,41.127293002828935],[-122.068894320964944,41.127170802829085],[-122.068769654298478,41.126945536162793],[-122.068716587631911,41.126849669496266],[-122.06895972096487,41.126068202830822],[-122.068955387631547,41.125792269497936],[-122.068740320965219,41.125176202832222],[-122.068705587631939,41.125153536165556],[-122.068289120965915,41.124881802832647],[-122.0674469876339,41.12436160283346],[-122.066651120968459,41.123889869500886],[-122.066041120969373,41.123520869501419],[-122.065804587636421,41.123215602835216],[-122.065514187636893,41.122950269502326],[-122.065493520970222,41.122940002835662],[-122.065142387637479,41.122765202835922],[-122.065012120971005,41.122521402836298],[-122.064856520971261,41.12217620283684],[-122.064674187638161,41.121830869504038],[-122.064596387638289,41.121519336171218],[-122.064496987638449,41.121121402838469],[-122.064421920971881,41.120756669505738],[-122.064266187638793,41.120514602839421],[-122.06410792097239,41.120268669506459],[-122.063583120973192,41.119556469507586],[-122.063427120973472,41.119231469508122],[-122.06321918764047,41.118805002842066],[-122.062797587641114,41.118356602842766],[-122.062482120974892,41.117969669510046],[-122.061874920975868,41.117418602844225],[-122.061118587643705,41.116057202846378],[-122.061047787643815,41.115389002847394],[-122.061090187643742,41.114297069515771],[-122.061258987643498,41.113711869516635],[-122.061792654309329,41.112909002851268],[-122.061887587642502,41.112766202851446],[-122.062401787641704,41.112345602852145],[-122.063020720974066,41.112087669519212],[-122.063797320972867,41.112013069519321],[-122.064651920971528,41.112100869519168],[-122.065211520970706,41.112247069518958],[-122.065344120970451,41.112329069518808],[-122.065529587636831,41.112451869518623],[-122.065815987636427,41.113000402851128],[-122.066128787635932,41.113569269516859],[-122.06689778763473,41.114040802849502],[-122.067830920966628,41.114250669515854],[-122.068844587631702,41.11444080284889],[-122.069163654297881,41.114443402848849],[-122.069753920963649,41.114448202848848],[-122.070431854295919,41.114508602848787],[-122.070501920962499,41.114514869515403],[-122.070877920961891,41.114396602848956],[-122.071176187628112,41.114115802849369],[-122.071365720961126,41.11395546951627],[-122.071714987627274,41.113837002849777],[-122.072027187626759,41.113770202849878],[-122.072170987626521,41.113739469516645],[-122.072814720958888,41.113623202850135],[-122.073858987623908,41.11353060285029],[-122.074759387622521,41.113568069516873],[-122.075061787622076,41.113580669516864],[-122.076078987620463,41.113528069516974],[-122.076669720952907,41.113412869517106],[-122.07687072095257,41.113373669517216],[-122.077473587618329,41.113256069517377],[-122.077481787618296,41.113257402850707],[-122.077740387617894,41.113298669517292],[-122.078273587617048,41.113424269517111],[-122.078381720950233,41.113431002850405],[-122.078647720949846,41.113447469517098],[-122.079397987615323,41.11335240285058],[-122.079745920948142,41.113334869517246],[-122.080467720947013,41.11336086951718],[-122.080654920946699,41.113362402850555],[-122.080947120946234,41.113506269516961],[-122.081347920945632,41.113529669516936],[-122.081385920945593,41.113527469516953],[-122.081963587611369,41.113494202850347],[-122.082394387610691,41.113466002850373],[-122.083488787608985,41.113789402849875],[-122.08395258760828,41.113837002849777],[-122.084419920940888,41.113885002849713],[-122.084451987607508,41.113886269516399],[-122.086034120938336,41.113948202849656],[-122.086866120937088,41.113979869516243],[-122.087452120936177,41.113745269516585],[-122.087908920935433,41.113220069517411],[-122.088330187601457,41.112858202851328],[-122.088491787601242,41.112788602851424],[-122.088933120933859,41.112598469518389],[-122.089461654266358,41.11245553618528],[-122.089701920932669,41.112390602852031],[-122.090368787598322,41.112320269518818],[-122.091052187597256,41.112262669518884],[-122.091567787596432,41.112304469518847],[-122.09271305426131,41.112548336185114],[-122.092796187594558,41.112566069518437],[-122.09347838759345,41.112596602851738],[-122.093757787593063,41.112474069518612],[-122.094014520925953,41.11236146951876],[-122.094487720925258,41.111849002852864],[-122.094977587591131,41.111361869520294],[-122.095027920924394,41.11131180285372],[-122.095330587590581,41.111087402854082],[-122.095614920923481,41.11098900285424],[-122.096186787589261,41.110565269521544],[-122.096910387588139,41.110004402855736],[-122.097532187587205,41.109581069523074],[-122.097934520919864,41.109382802856715],[-122.098671987585419,41.109023269523959],[-122.099570854250658,41.108768936190984],[-122.099624720917291,41.108753669524333],[-122.100408120916029,41.108684269524474],[-122.100992720915144,41.108550402857986],[-122.101493920914379,41.108415669524902],[-122.102461987579545,41.1082344028585],[-122.102795787578998,41.108174002858618],[-122.103096320911902,41.108113402858692],[-122.103348187578149,41.107951669525619],[-122.103552720911182,41.107600669526164],[-122.103876987577337,41.10701126952705],[-122.104218387576793,41.106397002861343],[-122.104491987576353,41.10587020286215],[-122.10479872090923,41.105343669529645],[-122.104992987575599,41.104526802864257],[-122.105017387575572,41.103960269531797],[-122.105038654242207,41.103411536199303],[-122.105042787575542,41.103305669532801],[-122.105282320908486,41.102829002866883],[-122.105587720908034,41.102415869534184],[-122.105889787574199,41.102229269534462],[-122.106303254240231,41.102106002868027],[-122.106424720906716,41.102069802868073],[-122.106928120905934,41.101771469535208],[-122.107215720905458,41.101433669535709],[-122.107092454239023,41.101015869536354],[-122.107040720905729,41.100840469536649],[-122.106805720906095,41.099755669538354],[-122.106849720906041,41.098962802872904],[-122.106990987572487,41.098359469540469],[-122.107336120905302,41.098022602874323],[-122.107362120905236,41.09799720287441],[-122.108262120903873,41.097916002874513],[-122.109056587569285,41.09824946954069],[-122.109868187568054,41.098545402873526],[-122.110732920900034,41.09861500287343],[-122.111249787565896,41.098556002873522],[-122.112000187564718,41.098448469540358],[-122.112284987564294,41.098312069540555],[-122.112904787563309,41.098027269541035],[-122.11337118756262,41.097825336207961],[-122.113390320895917,41.097817002874649],[-122.113893387561802,41.097543802875066],[-122.114184787561328,41.096916469542748],[-122.114206787561272,41.096513602876712],[-122.11404772089486,41.095971002877548],[-122.113673720895463,41.095313269545215],[-122.113498920895722,41.094695002879519],[-122.11353652089565,41.094380402880006],[-122.113873787561829,41.094043069547183],[-122.114374920894363,41.093921002880734],[-122.116371387557933,41.093986669547292],[-122.117218787556624,41.094093869547123],[-122.118132520888537,41.094226802880257],[-122.118432720888052,41.094178669546977],[-122.11881752088749,41.094030602880537],[-122.118996587553852,41.093704469547731],[-122.119050120887096,41.093440469548113],[-122.119390320886566,41.092889002882316],[-122.120066387552185,41.092126069550147],[-122.120345387551765,41.091631736217607],[-122.120441387551637,41.091461602884522],[-122.121081187550601,41.090912402885408],[-122.121801320882867,41.090654069552443],[-122.122318787548693,41.090468402886074],[-122.122752320881375,41.090408802886145],[-122.123265854213912,41.090072869553353],[-122.123323187547157,41.09003540288677],[-122.123758787546478,41.089812002887072],[-122.124276254212361,41.08980506955379],[-122.124957387544612,41.089796002887113],[-122.125722720876752,41.089814269553756],[-122.126116187542834,41.090017069553426],[-122.12639292087573,41.090401002886153],[-122.126726587541839,41.091019002885218],[-122.127144920874571,41.091425469551268],[-122.127511520874009,41.091614402884318],[-122.128241520872848,41.091482269551193],[-122.128388720872636,41.091455602884537],[-122.129114987538173,41.091233469551526],[-122.129164187538095,41.09121840288492],[-122.130238520869739,41.091128202885045],[-122.130906987535354,41.091241802884895],[-122.131299187534751,41.091416869551267],[-122.13139352086796,41.091449869551241],[-122.131618387534274,41.091521402884439],[-122.132010187533638,41.091625869550967],[-122.13238758753306,41.091741402884111],[-122.132754787532519,41.091845269550618],[-122.133155320865228,41.09206040288359],[-122.133445187531436,41.092367669549787],[-122.13365212086444,41.09275706954918],[-122.133794387530884,41.093358002881587],[-122.134000587530579,41.094311202880135],[-122.134208067738598,41.094458286213239],[-122.134451520863195,41.094630869546279],[-122.134501920863158,41.094666602879556],[-122.135173787528743,41.095033669545671],[-122.135486320861617,41.095185869545446],[-122.135936720860911,41.095241002878652],[-122.136149520860556,41.09518060287877],[-122.136377720860196,41.094975402879072],[-122.136534587526626,41.094474869546502],[-122.137070987525817,41.0926688695493],[-122.137184187525634,41.091863002883883],[-122.137167120858976,41.091594002884335],[-122.137033587525877,41.090832802885529],[-122.136827787526215,41.090360602886221],[-122.136443520860098,41.089959469553548],[-122.136372187526888,41.089659002887345],[-122.136656120859811,41.08937666955444],[-122.137630120858262,41.089120202888182],[-122.139152320855885,41.088754069555421],[-122.139496987522023,41.088534269555737],[-122.13993572085468,41.088439402889207],[-122.140852787519918,41.08834786955606],[-122.141569787518847,41.08788260289009],[-122.142256387517762,41.08711720289125],[-122.142495720850718,41.086586269558779],[-122.142827854183565,41.086305869559226],[-122.143698187515497,41.085571202893675],[-122.14414032084818,41.085212469560872],[-122.144206520848059,41.084851002894766],[-122.14347298751585,41.083961202896148],[-122.143317120849474,41.083603202896711],[-122.143303520849486,41.083512136230183],[-122.143260520849537,41.083225269563968],[-122.143444387515899,41.082745669564702],[-122.143605387515663,41.0824624028985],[-122.14391078751521,41.082097469565724],[-122.144322120847903,41.081480002900037],[-122.144633120847402,41.081208202900427],[-122.14537138751291,41.081198202900453],[-122.145786120845628,41.0813614695669],[-122.146172520845028,41.081612669566482],[-122.147180854176781,41.081719602899682],[-122.147482920843004,41.081751602899601],[-122.148834787507553,41.081854669566098],[-122.149552120839758,41.081875602899402],[-122.149934254172535,41.081809136232835],[-122.15023712083871,41.081756469566244],[-122.150374320838466,41.081693402899703],[-122.150479720838348,41.081579802899853],[-122.150597720838164,41.081360869566879],[-122.150700120837996,41.080844469567694],[-122.150783787504508,41.080172869568742],[-122.150739320837943,41.079386402903253],[-122.150648520838047,41.079008202903879],[-122.150597787504807,41.078697602904356],[-122.150711787504633,41.078341602904914],[-122.151113120837351,41.077956602905488],[-122.15184932083622,41.077574202906078],[-122.152331987502123,41.077236402906635],[-122.15257538750177,41.076379669574635],[-122.152608387501687,41.0759404029086],[-122.152994520834454,41.075141602909866],[-122.153235987500693,41.074698669577231],[-122.153584520833533,41.074168602911357],[-122.153881320833023,41.073932869578414],[-122.154429120832219,41.073854069578545],[-122.155323587497492,41.073907202911755],[-122.156390187495845,41.07386326957851],[-122.157212787494529,41.073672802912142],[-122.157702787493804,41.073293669579414],[-122.157921187493457,41.072778069580181],[-122.157988987493354,41.072282069580979],[-122.157958787493385,41.071439002915611],[-122.157864987493554,41.071029802916257],[-122.157851320826865,41.070491802917104],[-122.157977920826681,41.070213469584189],[-122.158073854159852,41.070068202917753],[-122.158124120826471,41.069992069584544],[-122.158674787492259,41.069680669585011],[-122.159132520824926,41.069553202918542],[-122.159579987490872,41.06942866958542],[-122.160919120822143,41.069453869585345],[-122.162258920820022,41.069949802917904],[-122.163107987485375,41.070343869583951],[-122.163565187484664,41.070404069583901],[-122.16409232081719,41.070320002917356],[-122.16438918748338,41.070084202917712],[-122.164543120816518,41.069806069584786],[-122.164580720816446,41.069532202918595],[-122.164486987483258,41.068838602919641],[-122.164759387482832,41.067832069587894],[-122.164920787482572,41.067497069588399],[-122.165758920814596,41.066603402923135],[-122.165766720814588,41.066525869589896],[-122.166070520814117,41.066016002924016],[-122.166111454147426,41.065342602925057],[-122.166113587480709,41.065307869591777],[-122.165816587481174,41.063397402928103],[-122.165846120814479,41.063216602928378],[-122.165965787480957,41.062943402928795],[-122.166275920813803,41.062733602929143],[-122.166769787479723,41.062576802929357],[-122.168900787476389,41.062100869596748],[-122.170148987474477,41.061727202930683],[-122.171022387473101,41.061273202931375],[-122.171464720805773,41.060878069598687],[-122.171874720805135,41.060327669599531],[-122.171925787471707,41.060069602933254],[-122.172192320804641,41.059518069600756],[-122.172435587470943,41.059188869601314],[-122.173062920803261,41.058743469602007],[-122.174044120801739,41.05840920293582],[-122.174306120801361,41.058219602936106],[-122.175018787466911,41.057495469603907],[-122.175259120799865,41.057137069604494],[-122.175408720799624,41.056914002938186],[-122.175618787465964,41.056227602939202],[-122.175663254132587,41.055856069606477],[-122.175670387465914,41.055796069606572],[-122.175817187465668,41.054569002941776],[-122.175840920798976,41.053214202943877],[-122.175813587465655,41.052861469611116],[-122.175779187465707,41.052417402945139],[-122.175651520799249,41.051929069612584],[-122.1755379874661,41.051495002946581],[-122.175371387466384,41.050604402947954],[-122.175377387466369,41.050128602948689],[-122.175518654132816,41.049876602949098],[-122.175593987466016,41.049742269615933],[-122.17605638746528,41.049357669616541],[-122.17709618746369,41.048692869617582],[-122.178428254128278,41.048180136285055],[-122.178784787461041,41.048042869618598],[-122.178815587461031,41.048019669618611],[-122.179350320793503,41.047617669619228],[-122.17932352079356,41.04647460295439],[-122.178841187460989,41.045711002955557],[-122.178287187461819,41.045210602956331],[-122.178058720795548,41.044924469623425],[-122.177927187462387,41.0444994696241],[-122.177916787462436,41.044246002957834],[-122.177996454128959,41.044010336291535],[-122.178023187462259,41.043931269624977],[-122.178182587462004,41.043741069625298],[-122.178306520795161,41.043669469625399],[-122.178443387461584,41.043649869625426],[-122.178585720794729,41.043662602958705],[-122.178832320794299,41.043657202958741],[-122.179158720793794,41.043772469625196],[-122.179252987460359,41.04380546962517],[-122.179477920793317,41.043920669624981],[-122.179818720792809,41.044102002958027],[-122.180057987459065,41.044255669624476],[-122.180609720791551,41.044394402957607],[-122.18143598745695,41.044405469624223],[-122.181955387456128,41.044378069624258],[-122.182528587455238,41.044433869624186],[-122.182951854121256,41.044524202957405],[-122.1830053874545,41.044535602957353],[-122.183284587454068,41.044604669623936],[-122.183604787453589,41.04467426962384],[-122.183999320786313,41.044816669623629],[-122.184788387451761,41.045086002956509],[-122.185578920783826,41.04522606962297],[-122.185879987450051,41.045181602956347],[-122.18649458744909,41.044653269623836],[-122.187239120781271,41.044100069624733],[-122.187908720780229,41.043525469625592],[-122.188615120779161,41.042744402960125],[-122.189155720778274,41.042101802961156],[-122.189566920777679,41.041990869627966],[-122.19005698744354,41.042128802961088],[-122.190652987442661,41.042546669627143],[-122.191077187441977,41.042743469626828],[-122.192011387440516,41.043176802959465],[-122.19282092077259,41.043494136292338],[-122.19369052077127,41.043835002958474],[-122.194609720769847,41.044068869624766],[-122.195060387435774,41.044082402958054],[-122.195485787435132,41.043925069625004],[-122.196157387434084,41.043743602958614],[-122.196733720766531,41.043535602958912],[-122.19723372076578,41.043425202959099],[-122.197481787432025,41.043246002959393],[-122.197655587431768,41.042993802959757],[-122.197735920764956,41.042570269627106],[-122.197680120765085,41.042104402961172],[-122.197801987431546,41.041634669628536],[-122.198195387430928,41.040851136296396],[-122.198228920764222,41.040784269629853],[-122.198489787430503,41.040113869630886],[-122.1987349874301,41.039598402965055],[-122.199017720762981,41.039388269632013],[-122.1993255874292,41.039343869632091],[-122.199796787428454,41.039352269632104],[-122.200110720761302,41.039532069631832],[-122.200217320761112,41.039593069631735],[-122.200719520760344,41.040424069630433],[-122.201123787426411,41.040876869629699],[-122.20156492075904,41.04111766962933],[-122.20211538742484,41.04118506962925],[-122.202506187424262,41.041232869629141],[-122.203470120756094,41.041156802962632],[-122.204587987421007,41.040781802963181],[-122.205246320753304,41.040433802963719],[-122.205399187419744,41.040353002963855],[-122.206003787418808,41.040057202964306],[-122.206318920751642,41.03997660296443],[-122.206654387417814,41.039906469631205],[-122.207214187416923,41.039936202964498],[-122.207991587415734,41.040039869631016],[-122.209016787414157,41.039984802964455],[-122.209186587413853,41.039903602964557],[-122.209421987413521,41.039791069631406],[-122.209865920746154,41.039235602965618],[-122.210282920745499,41.038628202966549],[-122.210827187411326,41.038238869633801],[-122.211624187410109,41.037840869634408],[-122.212051987409438,41.03748180296833],[-122.21256832074198,41.037133669635523],[-122.213028987407881,41.036878269635906],[-122.214189520739467,41.036358669636741],[-122.214330987405901,41.036198336303642],[-122.214452587405674,41.036060469637221],[-122.21469812073866,41.035508802971378],[-122.214755920738583,41.03546046963811],[-122.215249987404434,41.035047202972123],[-122.215472320737433,41.034733202972575],[-122.215609120737213,41.034489936306272],[-122.215660720737162,41.03439826963978],[-122.215857387403503,41.033944602973804],[-122.216233387402951,41.033336802974759],[-122.216711387402199,41.032760869642289],[-122.216885187401942,41.032503469642734],[-122.217003120735058,41.032344002976288],[-122.217116387401575,41.032008469643472],[-122.217201587401405,41.031740202977232],[-122.217190520734789,41.031523002977565],[-122.217078720734946,41.031155002978153],[-122.216825720735358,41.030615469645625],[-122.216328587402813,41.029908669646716],[-122.215987587403333,41.029488536314034],[-122.215830587403559,41.029295069647674],[-122.215547787403978,41.028957002981542],[-122.215434520737517,41.028718402981951],[-122.215450587404121,41.028511602982235],[-122.215542587404002,41.028238069649319],[-122.215695587403786,41.02800640298301],[-122.215874720736849,41.02787840298322],[-122.216334520736098,41.027684869650216],[-122.216445187402599,41.027571869650387],[-122.216811520735348,41.027202069650968],[-122.217039720734988,41.02695540298464],[-122.217301920734599,41.026734802985004],[-122.21770818740066,41.026447869652088],[-122.217859987400402,41.026314469652334],[-122.217985187400188,41.026129202985942],[-122.218256920733154,41.025676002986643],[-122.218535920732677,41.025176202987439],[-122.219012720731939,41.024693269654847],[-122.219540587397773,41.023936602989352],[-122.219899254063932,41.023489269656693],[-122.220192187396776,41.023123869657297],[-122.220814587395807,41.02234333632515],[-122.220874387395725,41.022268269658582],[-122.220885320729053,41.02225460299195],[-122.221263587395129,41.021582002993],[-122.22129678739509,41.021523002993092],[-122.221494320728084,41.020986469660613],[-122.221450387394839,41.020491336328007],[-122.22144612072816,41.020443069661439],[-122.221200987395207,41.019810469662389],[-122.220931920728958,41.019457069662963],[-122.220704787396016,41.019026269663641],[-122.220517120729596,41.018735402997436],[-122.220105120730238,41.018355069664665],[-122.220063254063632,41.018272002998117],[-122.220044987396989,41.01823580299822],[-122.2198053207307,41.017727402998958],[-122.219664120730954,41.017535002999296],[-122.219440987397945,41.017342069666256],[-122.21921212073164,41.017082002999985],[-122.218991120731971,41.016708203000576],[-122.218967987398685,41.016361469667743],[-122.219072987398533,41.016139869668109],[-122.219172120731685,41.01583020300194],[-122.21914692073176,41.015080203003095],[-122.219131520731764,41.014930469669991],[-122.219110187398485,41.014723003003667],[-122.219016720731929,41.014541403003932],[-122.218746187399006,41.014322403004257],[-122.218611987399242,41.014124869671264],[-122.218475054066118,41.013855936338302],[-122.218345120732977,41.013600803005374],[-122.217954587400243,41.013137869672789],[-122.217575387400871,41.012871603006545],[-122.216884320735232,41.012427403007223],[-122.216050120736554,41.011961403007945],[-122.215910320736782,41.011874536341395],[-122.215561987403987,41.011658069675093],[-122.214878920738386,41.011120803009248],[-122.214446587405689,41.010689869676582],[-122.214069187406267,41.010313669677146],[-122.213922787406545,41.009992003011007],[-122.213744187406803,41.009821403011244],[-122.213639320740299,41.009721203011395],[-122.21349098740717,41.00956500301163],[-122.213427454073951,41.009425469678547],[-122.213417787407309,41.009404203011911],[-122.213425320740612,41.009347403011986],[-122.213219787407638,41.008834003012794],[-122.213026987407886,41.008398203013485],[-122.212907787408085,41.008092269680617],[-122.212878187408137,41.00770940301453],[-122.213000120741299,41.007218869681935],[-122.213354787407411,41.006668003016159],[-122.213902120739874,41.005994269683868],[-122.214186587406118,41.005608269684444],[-122.214442320739067,41.005346269684878],[-122.214568187405519,41.00509380301861],[-122.214629120738778,41.004561403019409],[-122.214579387405479,41.00415766968672],[-122.214373387405828,41.003675403020793],[-122.214225787406065,41.003460603021153],[-122.213984187406425,41.003109003021677],[-122.213513320740503,41.002396869689449],[-122.21342772074064,41.002267403022984],[-122.212999320741289,41.001940669690157],[-122.212832387408184,41.001813403023675],[-122.212358120742294,41.001510269690812],[-122.211379387410489,41.001157069691374],[-122.21044172074528,41.000799003025236],[-122.21041365407865,41.000782269691967],[-122.209933320746018,41.00049560302574],[-122.209377987413575,41.000119403026304],[-122.209086187414016,40.999873603026685],[-122.208894320747675,40.999707269693602],[-122.208646187414729,40.999322803027553],[-122.208686320747972,40.998807669694997],[-122.208688787414644,40.998776069695055],[-122.209027187414108,40.9976570696968],[-122.20932252074698,40.996847469698082],[-122.209474987413444,40.996429403032039],[-122.209994587412609,40.99522960303392],[-122.210692187411553,40.994249803035416],[-122.212113387409318,40.993110803037212],[-122.212696187408426,40.992677203037886],[-122.213426120740621,40.991998403038906],[-122.213645987406949,40.991726469706009],[-122.213674720740244,40.99153626970633],[-122.213724320740141,40.991207403040164],[-122.213689720740206,40.991153669706875],[-122.21347632074054,40.990822803040771],[-122.212936787408069,40.990655003041013],[-122.212693520741766,40.99063726970769],[-122.212107387409333,40.990594603041075],[-122.211498120743613,40.990234869708331],[-122.210853720744637,40.989793003042337],[-122.210026787412573,40.989513803042769],[-122.208765987414552,40.989313669709759],[-122.208188920748739,40.989282403043148],[-122.207654254082911,40.989170403043317],[-122.207648920749591,40.989169269709976],[-122.207147187417036,40.98886500304377],[-122.206578920751269,40.988230869711458],[-122.206505987418041,40.988149469711573],[-122.206209120751851,40.987584803045763],[-122.205870987419019,40.986941803046761],[-122.205826187419063,40.986829669713586],[-122.205521654086226,40.986066936381462],[-122.205520587419585,40.986064203048159],[-122.205224054086671,40.985533203048931],[-122.204707987420818,40.984609069717067],[-122.204100120755072,40.983415003052244],[-122.203967520755327,40.983154469719295],[-122.203720787422355,40.982660469720088],[-122.202998787423496,40.982682869720065],[-122.201366320759348,40.983382669718935],[-122.19984478742839,40.983864403051541],[-122.199156387429468,40.984078403051228],[-122.19819598743095,40.984071736384578],[-122.19792952076466,40.984069869717871],[-122.197349387432268,40.983900336384806],[-122.197066320765998,40.983817669718292],[-122.196674120766602,40.983432069718901],[-122.196605787433384,40.983208403052572],[-122.196431120766988,40.982637269720101],[-122.196882387432993,40.981136203055769],[-122.196798387433091,40.980922003056094],[-122.196400587433743,40.980382869723599],[-122.196329120767189,40.980037803057485],[-122.196535920766848,40.979656203058084],[-122.196638120766693,40.979561203058211],[-122.197221787432454,40.979354469725195],[-122.199830520761736,40.97887466972594],[-122.201199387426243,40.978520269726516],[-122.201629120758923,40.97829213639352],[-122.201911520758472,40.978142203060429],[-122.202116920758158,40.977875469727508],[-122.20212078742486,40.977549869728023],[-122.201670587425554,40.977163669728611],[-122.201146920759697,40.976585603062858],[-122.200789920760258,40.975957736397163],[-122.200676787427085,40.975758803064139],[-122.200733120760333,40.975280403064858],[-122.201245987426205,40.974651869732497],[-122.20163172075894,40.974099269733358],[-122.201939120758482,40.973756603067216],[-122.202271920757937,40.973395003067822],[-122.202521787424189,40.972843736402012],[-122.202628654090745,40.972608003069013],[-122.202998787423496,40.971791403070313],[-122.203332787422937,40.971334003070979],[-122.204246120754874,40.971033803071464],[-122.205385987419788,40.970792803071845],[-122.206756320750969,40.970304269739245],[-122.207672720749542,40.969736003073479],[-122.207878587415905,40.969411803073967],[-122.207873254082585,40.969375936407346],[-122.207761787416075,40.968625869741857],[-122.207588787416341,40.968299003075686],[-122.207369920750011,40.967588869743452],[-122.207342787416735,40.96753966974353],[-122.207147387417024,40.967185203077463],[-122.206648520751116,40.966645469744947],[-122.206429720751487,40.966267803078836],[-122.206202987418521,40.965876403079449],[-122.206110720751951,40.965148003080571],[-122.206519587418029,40.964748669747905],[-122.206988187417267,40.964370803081806],[-122.207131987417085,40.964254869748629],[-122.207745120749451,40.963684603082868],[-122.20876218741455,40.963136069750362],[-122.208965854080873,40.963060603083818],[-122.209775587412935,40.962760669750992],[-122.209929587412717,40.962703603084378],[-122.210469520745221,40.962460603084764],[-122.210767920744729,40.962326269751657],[-122.212166387409241,40.961569803086149],[-122.212237054075786,40.961520269752896],[-122.213032520741251,40.960962869753757],[-122.214015520739736,40.960088003088458],[-122.214207120739388,40.959917469755396],[-122.215045587404802,40.959501869756025],[-122.215985120736661,40.959106069756615],[-122.217122120734871,40.959094603089966],[-122.217873320733702,40.959194869756516],[-122.218030120733488,40.959215803089819],[-122.218307187399716,40.959200203089836],[-122.218636920732536,40.95918160308986],[-122.219093120731827,40.959050469756733],[-122.219265854064872,40.95887053642366],[-122.219604587397725,40.958517669757555],[-122.21986818739731,40.957581069758987],[-122.22053592072956,40.956666403093777],[-122.221200587395231,40.956000603094822],[-122.222013587393974,40.955603803095414],[-122.222099987393847,40.955600536428733],[-122.22244318739331,40.95558760309541],[-122.223021320725707,40.955840403095067],[-122.223903387391033,40.95601866976142],[-122.224483187390149,40.956118403094592],[-122.224726587389739,40.956120003094611],[-122.225013587389299,40.956121869761262],[-122.22524158738895,40.956107736427953],[-122.225291720722225,40.956104669761316],[-122.225723187388212,40.955935203094896],[-122.226130120720882,40.955715003095236],[-122.226282387387357,40.955632603095353],[-122.226891587386376,40.955387669762388],[-122.228839920716723,40.955113403096163],[-122.2292171207161,40.955269069762608],[-122.229846787381803,40.955426469762358],[-122.230628920713912,40.95550826976222],[-122.231321454046167,40.955566936428795],[-122.231613187379082,40.955591603095456],[-122.233204320709945,40.955621269762048],[-122.23398692070873,40.955626469762024],[-122.23413892070846,40.955627469762021],[-122.23454538737451,40.955419469762376],[-122.234675320707652,40.955114003096185],[-122.234751787374194,40.954315869764059],[-122.23476152070748,40.954214269764236],[-122.234724720707561,40.953026669766075],[-122.23477758737414,40.952816403099746],[-122.235590920706215,40.952400469767042],[-122.236607987371315,40.951813469767956],[-122.236967320704082,40.951318003102074],[-122.237477987369971,40.950842469769441],[-122.238190520702176,40.950387603103536],[-122.238774320701282,40.950142403103882],[-122.239411120700311,40.9496870031046],[-122.239717587366499,40.94938260310505],[-122.239922987366185,40.949096669772189],[-122.239973787366068,40.948877269772538],[-122.240002720699351,40.948752469772728],[-122.239958787366106,40.948177603106956],[-122.239836920699645,40.947793803107515],[-122.239718720699841,40.947084403108647],[-122.23975018736644,40.946931469775564],[-122.239852520699628,40.94643406977633],[-122.240157987365819,40.946225403109963],[-122.240552720698531,40.946069136443555],[-122.242018520696263,40.945488669777774],[-122.243202787361099,40.945019669778503],[-122.24368698736032,40.94463986977911],[-122.243717387360277,40.944432269779441],[-122.243768854026882,40.944080803113309],[-122.243933587359948,40.942956069781701],[-122.244195920692846,40.942096003116376],[-122.244369254025912,40.941664336450401],[-122.244663720692131,40.940930803118192],[-122.24526438735785,40.940089269786142],[-122.245548520690761,40.939691136453462],[-122.245789187357047,40.939354003120627],[-122.246705920688953,40.938189869789085],[-122.246757254022214,40.938124669789204],[-122.24684372068873,40.938014869789356],[-122.246879120688675,40.937927269789498],[-122.247415387354522,40.936601403124882],[-122.247374054021236,40.936029736459147],[-122.247328120687996,40.935394203126805],[-122.247590187354263,40.934553203128075],[-122.249354187351514,40.93264960313104],[-122.249461320684702,40.932114003131858],[-122.249509920684602,40.930045869801745],[-122.249155720685167,40.929520003135906],[-122.248913920685538,40.929161003136471],[-122.246117320689905,40.928606469803981],[-122.245679920690577,40.927109803139615],[-122.245673120690583,40.926699069806943],[-122.245660387357248,40.925926869808166],[-122.245656654023946,40.925700069808499],[-122.24562012069066,40.923489803145287],[-122.245661720690578,40.923137736479134],[-122.245703787357172,40.922781669813048],[-122.245562720690714,40.922517203146754],[-122.243880520693381,40.919362936485015],[-122.243182387361117,40.918053869820369],[-122.243010587361368,40.917612203154363],[-122.240011387366053,40.914968669825157],[-122.238557654034935,40.914169803159723],[-122.236778920704353,40.913192203161259],[-122.236448987371546,40.913010869828213],[-122.234522920707889,40.911466003163923],[-122.234198854041722,40.91071233649842],[-122.233465720709546,40.909007469834421],[-122.233537720709421,40.90821346983563],[-122.233639320709244,40.907093469837378],[-122.23290598737708,40.905020203173933],[-122.231681720712288,40.903939469842271],[-122.230702587380449,40.903473403176349],[-122.230042654048191,40.903257003176691],[-122.229749320715314,40.903160869843475],[-122.226949587386287,40.90224280317824],[-122.226572654053541,40.902119203178415],[-122.224919187389446,40.901577003179284],[-122.224957120722706,40.90028960318125],[-122.224960920722708,40.900160003181497],[-122.225266387388899,40.899669736515591],[-122.225742720721485,40.898905336516748],[-122.226992987386211,40.896898669853215],[-122.227174387385958,40.896412603187287],[-122.227670320718516,40.895083669856035],[-122.227574920718666,40.894808736523089],[-122.227304120719054,40.894027869857666],[-122.225779987388137,40.892696269859698],[-122.225325120722175,40.892273003193736],[-122.223458187391714,40.890535603196383],[-122.223149987392219,40.889970069863978],[-122.223081987392277,40.889845269864168],[-122.222494587393214,40.888767203199166],[-122.222383720726725,40.88746406986786],[-122.223352187391868,40.886647069869127],[-122.224199720723902,40.886175803203173],[-122.226162054054214,40.885084536538216],[-122.226857387386417,40.884697869872127],[-122.227275520719104,40.883954869873264],[-122.227888120718148,40.882866203208323],[-122.227327387385685,40.881177069877594],[-122.229300987382658,40.878031669882489],[-122.229701987382043,40.877392536550133],[-122.231280787379603,40.87487600322072],[-122.234144787375158,40.872589469890954],[-122.237289920703574,40.871599536559131],[-122.238512720701692,40.87121466989305],[-122.240001920699399,40.870745869893767],[-122.241526520696993,40.868695603230321],[-122.243489054027293,40.866056203234393],[-122.244902654025111,40.864154936570685],[-122.245242987357926,40.863697136571375],[-122.245884320690266,40.86283446990609],[-122.251114720682097,40.8598470699107],[-122.252007587347407,40.859511803244573],[-122.252029587347351,40.85950346991126],[-122.254221387343989,40.856591069915794],[-122.255697454008327,40.854629469918791],[-122.256462454007135,40.853612803253725],[-122.258888187336709,40.850388736592038],[-122.26005312066826,40.848840336594435],[-122.260287587334574,40.848528669928271],[-122.260356920667789,40.848436669928446],[-122.260493987334257,40.848023336595759],[-122.261232987333074,40.845795469932511],[-122.261987387331942,40.843521003269359],[-122.262369253997974,40.841710403272202],[-122.26248992066445,40.841138269939734],[-122.264003987328806,40.83763300327854],[-122.264968920660635,40.835398869948676],[-122.265294720660108,40.832187203286992],[-122.265399187326636,40.83196586995399],[-122.265799453992656,40.83111766995529],[-122.267406053990157,40.827712869960578],[-122.267506587323339,40.827499869960945],[-122.271095853984434,40.824653536632013],[-122.274876253978562,40.821655203303351],[-122.275940253976898,40.820811203304629],[-122.277446320641275,40.819616603306486],[-122.280368053970051,40.818202803308679],[-122.283044053965909,40.816907803310698],[-122.28463058729676,40.816140003311887],[-122.28531472062906,40.815434669979652],[-122.286180520627681,40.814542003314386],[-122.290531587287603,40.810055469988015],[-122.294178320615288,40.807109669992599],[-122.292621520617672,40.803751536664436],[-122.292138387285092,40.802709269999411],[-122.294265387281825,40.798436670006026],[-122.294317920615072,40.796699670008707],[-122.296879720611059,40.790811736684532],[-122.29835785394215,40.787413870023158],[-122.299179720607526,40.785524470026076],[-122.299702187273397,40.784323203361282],[-122.299318120607325,40.779819803368241],[-122.29995312060629,40.776061803374091],[-122.300022320606217,40.775253403375359],[-122.299979520606257,40.773634003377879],[-122.300677387271833,40.771921270047187],[-122.301256387270939,40.77175407004745],[-122.30205518726973,40.771432270047967],[-122.303490720600848,40.77094727004868],[-122.304629920599041,40.770426403382828],[-122.304677259140647,40.769895372133647],[-122.305639587264182,40.767497870054058],[-122.306678320595893,40.767269403387729],[-122.308380387259888,40.767012936721471],[-122.309675920591246,40.766817670055104],[-122.310507187256576,40.76623100338935],[-122.312386187253708,40.764677203391784],[-122.312668387253268,40.764224003392485],[-122.313156187252503,40.763739203393243],[-122.314717987250049,40.763097736727559],[-122.315341187249089,40.762841803394622],[-122.318776453910459,40.762811003394688],[-122.322491320571316,40.762825203394641],[-122.324919787234251,40.762753603394742],[-122.331037587224728,40.760728670064566],[-122.338329720546767,40.759783403399354],[-122.341614587208312,40.758729003401015],[-122.343843387204856,40.756388603404616],[-122.347101320533113,40.755070403406705],[-122.359345520514125,40.754239470074651],[-122.363964763215279,40.758098592985334],[-122.370119587164083,40.765486603390514]]]}}
]
}
