{
"type": "FeatureCollection",
"name": "sacramento_river_mainstem",
"crs": { "type": "name", "properties": { "name": "urn:ogc:def:crs:OGC:1.3:CRS84" } },
"features": [
{ "type": "Feature", "properties": { "label": "Sacramento River"}, "geometry": { "type": "MultiLineString", "coordinates": [ [ [ -122.35482, 41.28905 ], [ -122.3528, 41.28911 ], [ -122.34872, 41.28825 ], [ -122.34782, 41.28774 ], [ -122.34687, 41.2872 ], [ -122.34239, 41.28498 ], [ -122.3402, 41.28413 ], [ -122.33999, 41.28398 ], [ -122.33744, 41.28216 ], [ -122.33509, 41.28092 ], [ -122.33202, 41.28014 ], [ -122.32916, 41.27914 ], [ -122.32913, 41.27913 ], [ -122.32834, 41.27923 ], [ -122.32808, 41.27924 ], [ -122.32744, 41.27924 ], [ -122.32726, 41.27924 ], [ -122.32704, 41.27922 ], [ -122.32649, 41.27915 ], [ -122.32643, 41.27917 ], [ -122.32637, 41.27918 ], [ -122.3263, 41.27921 ], [ -122.32627, 41.27926 ], [ -122.32618, 41.27934 ], [ -122.32612, 41.27941 ], [ -122.32603, 41.27952 ], [ -122.32576, 41.2797 ], [ -122.32563, 41.27973 ], [ -122.32557, 41.27974 ], [ -122.32547, 41.27976 ], [ -122.3253, 41.27977 ], [ -122.32517, 41.27974 ], [ -122.32505, 41.27971 ], [ -122.3249, 41.27972 ], [ -122.32474, 41.27973 ], [ -122.32457, 41.27973 ], [ -122.32439, 41.27972 ], [ -122.32438, 41.27971 ], [ -122.32375, 41.27974 ], [ -122.32357, 41.27978 ], [ -122.32328, 41.27981 ], [ -122.32312, 41.2798 ], [ -122.32298, 41.27979 ], [ -122.32284, 41.27976 ], [ -122.32266, 41.2797 ], [ -122.32261, 41.27968 ], [ -122.32258, 41.27967 ], [ -122.32245, 41.27959 ], [ -122.32242, 41.27956 ], [ -122.32239, 41.27949 ], [ -122.32236, 41.2794 ], [ -122.32229, 41.27934 ], [ -122.32222, 41.27931 ], [ -122.32213, 41.27931 ], [ -122.32191, 41.27924 ], [ -122.32185, 41.27919 ], [ -122.32183, 41.27917 ], [ -122.32178, 41.27911 ], [ -122.32178, 41.27902 ], [ -122.32183, 41.27894 ], [ -122.32188, 41.27886 ], [ -122.32208, 41.27866 ], [ -122.32218, 41.2786 ], [ -122.32234, 41.27853 ], [ -122.32252, 41.27847 ], [ -122.32322, 41.27831 ], [ -122.32328, 41.27827 ], [ -122.32332, 41.2782 ], [ -122.32334, 41.27811 ], [ -122.32332, 41.27794 ], [ -122.32324, 41.2778 ], [ -122.32314, 41.27771 ], [ -122.32308, 41.27763 ], [ -122.32301, 41.2775 ], [ -122.32295, 41.27737 ], [ -122.32279, 41.27716 ], [ -122.32263, 41.277 ], [ -122.32238, 41.27677 ], [ -122.3222, 41.27662 ], [ -122.32208, 41.27658 ], [ -122.32195, 41.27657 ], [ -122.32176, 41.27657 ], [ -122.32111, 41.27656 ], [ -122.32074, 41.27662 ], [ -122.32025, 41.27668 ], [ -122.32011, 41.27668 ], [ -122.32001, 41.27666 ], [ -122.31993, 41.27663 ], [ -122.31967, 41.27635 ], [ -122.31964, 41.27631 ], [ -122.31963, 41.27621 ], [ -122.31961, 41.27588 ], [ -122.3197, 41.27556 ], [ -122.31977, 41.27545 ], [ -122.31977, 41.27535 ], [ -122.31977, 41.27527 ], [ -122.31975, 41.27517 ], [ -122.31977, 41.27506 ], [ -122.31979, 41.27496 ], [ -122.31982, 41.27464 ], [ -122.31977, 41.27456 ], [ -122.31967, 41.27451 ], [ -122.31954, 41.27445 ], [ -122.31944, 41.2744 ], [ -122.3193, 41.27431 ], [ -122.31912, 41.27417 ], [ -122.319, 41.27409 ], [ -122.31888, 41.27404 ], [ -122.31876, 41.27402 ], [ -122.31867, 41.27399 ], [ -122.31816, 41.2739 ], [ -122.31801, 41.27384 ], [ -122.31788, 41.27376 ], [ -122.31769, 41.27363 ], [ -122.31706, 41.27319 ], [ -122.31694, 41.2731 ], [ -122.31682, 41.27305 ], [ -122.31666, 41.273 ], [ -122.31653, 41.27298 ], [ -122.31643, 41.27298 ], [ -122.3164, 41.27298 ], [ -122.31633, 41.27297 ], [ -122.31601, 41.27296 ], [ -122.31591, 41.27294 ], [ -122.31587, 41.27294 ], [ -122.31579, 41.27292 ], [ -122.3157, 41.2729 ], [ -122.31537, 41.27279 ], [ -122.31503, 41.27262 ], [ -122.3149, 41.27255 ], [ -122.31465, 41.27235 ], [ -122.31461, 41.2723 ], [ -122.31455, 41.27221 ], [ -122.31447, 41.27208 ], [ -122.31438, 41.27189 ], [ -122.31434, 41.27129 ], [ -122.3146, 41.27089 ], [ -122.31511, 41.27059 ], [ -122.31589, 41.27028 ], [ -122.31657, 41.26998 ], [ -122.31677, 41.26978 ], [ -122.31685, 41.26953 ], [ -122.31681, 41.26922 ], [ -122.31678, 41.26913 ], [ -122.31675, 41.26905 ], [ -122.3167, 41.26897 ], [ -122.31665, 41.2689 ], [ -122.31651, 41.26873 ], [ -122.3164, 41.26852 ], [ -122.31638, 41.26825 ], [ -122.31643, 41.26782 ], [ -122.31639, 41.26747 ], [ -122.31633, 41.26724 ], [ -122.3161, 41.26691 ], [ -122.31581, 41.26675 ], [ -122.31561, 41.26672 ], [ -122.31547, 41.26675 ], [ -122.31501, 41.26686 ], [ -122.31474, 41.2669 ], [ -122.3146, 41.26689 ], [ -122.31437, 41.26683 ], [ -122.31378, 41.26681 ], [ -122.31316, 41.26677 ], [ -122.3129, 41.26659 ], [ -122.3129, 41.26658 ], [ -122.31289, 41.26658 ], [ -122.31287, 41.26656 ], [ -122.31267, 41.26641 ], [ -122.31249, 41.26632 ], [ -122.31228, 41.26623 ], [ -122.3119, 41.26607 ], [ -122.31185, 41.26605 ], [ -122.31132, 41.26584 ], [ -122.31096, 41.26566 ], [ -122.3109, 41.26564 ], [ -122.31084, 41.2656 ], [ -122.31075, 41.26554 ], [ -122.31069, 41.2655 ], [ -122.31043, 41.26533 ], [ -122.3103, 41.26526 ], [ -122.31015, 41.26519 ], [ -122.31003, 41.26515 ], [ -122.30995, 41.26514 ], [ -122.30985, 41.26512 ], [ -122.30974, 41.26511 ], [ -122.3095, 41.2651 ], [ -122.30892, 41.26521 ], [ -122.30864, 41.26526 ], [ -122.3084, 41.26531 ], [ -122.30824, 41.26536 ], [ -122.30806, 41.26542 ], [ -122.3076, 41.26569 ], [ -122.30678, 41.26608 ], [ -122.30604, 41.26636 ], [ -122.30592, 41.26641 ], [ -122.3057, 41.26651 ], [ -122.30557, 41.26657 ], [ -122.30542, 41.26663 ], [ -122.3053, 41.26669 ], [ -122.30522, 41.26672 ], [ -122.30509, 41.26674 ], [ -122.30498, 41.26675 ], [ -122.30446, 41.26676 ], [ -122.30426, 41.26677 ], [ -122.30404, 41.26677 ], [ -122.30385, 41.26677 ], [ -122.30367, 41.26678 ], [ -122.30287, 41.26693 ], [ -122.30228, 41.26707 ], [ -122.30205, 41.26714 ], [ -122.30135, 41.26746 ], [ -122.30114, 41.26756 ], [ -122.30022, 41.268 ], [ -122.30005, 41.26804 ], [ -122.29996, 41.26806 ], [ -122.29984, 41.26807 ], [ -122.2997, 41.26805 ], [ -122.29962, 41.26802 ], [ -122.29955, 41.26799 ], [ -122.29952, 41.26793 ], [ -122.29945, 41.26784 ], [ -122.29941, 41.26772 ], [ -122.29933, 41.26752 ], [ -122.29912, 41.26721 ], [ -122.29894, 41.26705 ], [ -122.29856, 41.26691 ], [ -122.29838, 41.26683 ], [ -122.29824, 41.26677 ], [ -122.29818, 41.26675 ], [ -122.29811, 41.2667 ], [ -122.29803, 41.26665 ], [ -122.29796, 41.26659 ], [ -122.29786, 41.26653 ], [ -122.2978, 41.26649 ], [ -122.2977, 41.26643 ], [ -122.29758, 41.26637 ], [ -122.2973, 41.26629 ], [ -122.29688, 41.26615 ], [ -122.29629, 41.26599 ], [ -122.29586, 41.26589 ], [ -122.29573, 41.26588 ], [ -122.29567, 41.26587 ], [ -122.29557, 41.26586 ], [ -122.29533, 41.26586 ], [ -122.29526, 41.26586 ], [ -122.2952, 41.26586 ], [ -122.29507, 41.26585 ], [ -122.29494, 41.26583 ], [ -122.2948, 41.26581 ], [ -122.29427, 41.26579 ], [ -122.29422, 41.26576 ], [ -122.2941, 41.26576 ], [ -122.29397, 41.26574 ], [ -122.29386, 41.26574 ], [ -122.29367, 41.26575 ], [ -122.29314, 41.26581 ], [ -122.29294, 41.26581 ], [ -122.29278, 41.26579 ], [ -122.29262, 41.26579 ], [ -122.29245, 41.26578 ], [ -122.29226, 41.26578 ], [ -122.29207, 41.26579 ], [ -122.2918, 41.26582 ], [ -122.29175, 41.26582 ], [ -122.29145, 41.26582 ], [ -122.29139, 41.2658 ], [ -122.29129, 41.26577 ], [ -122.29121, 41.26571 ], [ -122.29096, 41.2656 ], [ -122.29072, 41.26533 ], [ -122.29069, 41.26527 ], [ -122.29069, 41.26518 ], [ -122.29069, 41.26509 ], [ -122.29068, 41.26496 ], [ -122.29066, 41.26468 ], [ -122.29037, 41.26405 ], [ -122.29004, 41.26366 ], [ -122.28972, 41.26347 ], [ -122.28934, 41.26334 ], [ -122.28894, 41.26339 ], [ -122.28823, 41.26345 ], [ -122.28798, 41.26344 ], [ -122.2879, 41.2634 ], [ -122.28774, 41.26333 ], [ -122.28735, 41.263 ], [ -122.28729, 41.26292 ], [ -122.28721, 41.2628 ], [ -122.28713, 41.26265 ], [ -122.28705, 41.2625 ], [ -122.28694, 41.26231 ], [ -122.28668, 41.26178 ], [ -122.28639, 41.26136 ], [ -122.2863, 41.26128 ], [ -122.28622, 41.26119 ], [ -122.28614, 41.2611 ], [ -122.28595, 41.26091 ], [ -122.28566, 41.2605 ], [ -122.28561, 41.26038 ], [ -122.28559, 41.26026 ], [ -122.28557, 41.26013 ], [ -122.28556, 41.25999 ], [ -122.28547, 41.25954 ], [ -122.28545, 41.2595 ], [ -122.28542, 41.25942 ], [ -122.28538, 41.25933 ], [ -122.28531, 41.25924 ], [ -122.2852, 41.25914 ], [ -122.2847, 41.25885 ], [ -122.28433, 41.25865 ], [ -122.28417, 41.2586 ], [ -122.28402, 41.25858 ], [ -122.28385, 41.25858 ], [ -122.28366, 41.25858 ], [ -122.28345, 41.25859 ], [ -122.28322, 41.25861 ], [ -122.28293, 41.25857 ], [ -122.2827, 41.25852 ], [ -122.28249, 41.25848 ], [ -122.28227, 41.25843 ], [ -122.28211, 41.25839 ], [ -122.28198, 41.25835 ], [ -122.28179, 41.25827 ], [ -122.2814, 41.25807 ], [ -122.28114, 41.25786 ], [ -122.28102, 41.25761 ], [ -122.2809, 41.25722 ], [ -122.28079, 41.25695 ], [ -122.28062, 41.25685 ], [ -122.28022, 41.25671 ], [ -122.28002, 41.25665 ], [ -122.27992, 41.25662 ], [ -122.27981, 41.25656 ], [ -122.27975, 41.2565 ], [ -122.27965, 41.25641 ], [ -122.27955, 41.25631 ], [ -122.27947, 41.25622 ], [ -122.27934, 41.25609 ], [ -122.27918, 41.25597 ], [ -122.27898, 41.25583 ], [ -122.27886, 41.25575 ], [ -122.27874, 41.25571 ], [ -122.27856, 41.25565 ], [ -122.27843, 41.25561 ], [ -122.27832, 41.25556 ], [ -122.27811, 41.25546 ], [ -122.27792, 41.25537 ], [ -122.27712, 41.25492 ], [ -122.27703, 41.25483 ], [ -122.27697, 41.25475 ], [ -122.27695, 41.25469 ], [ -122.27692, 41.25462 ], [ -122.27693, 41.25456 ], [ -122.27694, 41.2545 ], [ -122.27697, 41.25442 ], [ -122.27702, 41.25425 ], [ -122.2772, 41.2538 ], [ -122.27724, 41.25365 ], [ -122.2774, 41.25308 ], [ -122.27746, 41.25279 ], [ -122.27749, 41.25261 ], [ -122.27751, 41.25238 ], [ -122.27754, 41.25221 ], [ -122.27754, 41.25197 ], [ -122.27756, 41.25183 ], [ -122.27757, 41.25172 ], [ -122.27757, 41.25158 ], [ -122.27758, 41.25145 ], [ -122.27756, 41.25132 ], [ -122.27745, 41.2509 ], [ -122.27739, 41.25082 ], [ -122.27736, 41.25077 ], [ -122.27727, 41.2507 ], [ -122.27715, 41.25063 ], [ -122.27693, 41.25056 ], [ -122.27662, 41.25046 ], [ -122.27656, 41.25045 ], [ -122.2765, 41.25045 ], [ -122.27642, 41.25047 ], [ -122.27634, 41.25052 ], [ -122.27628, 41.25056 ], [ -122.27615, 41.25064 ], [ -122.27593, 41.25077 ], [ -122.27573, 41.25087 ], [ -122.27523, 41.25111 ], [ -122.27513, 41.25116 ], [ -122.27499, 41.25121 ], [ -122.27492, 41.25124 ], [ -122.27463, 41.2513 ], [ -122.2745, 41.25129 ], [ -122.2744, 41.25124 ], [ -122.27428, 41.25117 ], [ -122.27415, 41.25091 ], [ -122.27402, 41.25036 ], [ -122.27404, 41.24988 ], [ -122.27405, 41.24949 ], [ -122.27403, 41.24927 ], [ -122.27389, 41.2488 ], [ -122.27364, 41.24846 ], [ -122.27334, 41.24814 ], [ -122.27303, 41.24788 ], [ -122.27232, 41.24756 ], [ -122.27134, 41.24716 ], [ -122.27069, 41.24705 ], [ -122.27009, 41.24703 ], [ -122.26966, 41.24702 ], [ -122.26879, 41.24715 ], [ -122.26853, 41.24716 ], [ -122.26833, 41.24715 ], [ -122.26814, 41.24712 ], [ -122.26763, 41.247 ], [ -122.26738, 41.24688 ], [ -122.2671, 41.24675 ], [ -122.26686, 41.24658 ], [ -122.26675, 41.24645 ], [ -122.26659, 41.24615 ], [ -122.26654, 41.24597 ], [ -122.26658, 41.24573 ], [ -122.2667, 41.24554 ], [ -122.26692, 41.24528 ], [ -122.2671, 41.24512 ], [ -122.26731, 41.24486 ], [ -122.26742, 41.24461 ], [ -122.26749, 41.24421 ], [ -122.26747, 41.24396 ], [ -122.26735, 41.24341 ], [ -122.26721, 41.24303 ], [ -122.26698, 41.2427 ], [ -122.26675, 41.24246 ], [ -122.26668, 41.24225 ], [ -122.26664, 41.24213 ], [ -122.26666, 41.24204 ], [ -122.26677, 41.24193 ], [ -122.26721, 41.2417 ], [ -122.26763, 41.2415 ], [ -122.26825, 41.24109 ], [ -122.26859, 41.24072 ], [ -122.26883, 41.24037 ], [ -122.26895, 41.24002 ], [ -122.269, 41.23972 ], [ -122.26901, 41.23926 ], [ -122.26898, 41.23879 ], [ -122.26904, 41.23853 ], [ -122.26933, 41.23819 ], [ -122.26969, 41.23784 ], [ -122.26999, 41.2377 ], [ -122.27037, 41.23758 ], [ -122.27058, 41.23753 ], [ -122.27099, 41.23746 ], [ -122.27204, 41.23737 ], [ -122.27239, 41.23726 ], [ -122.27311, 41.23705 ], [ -122.27335, 41.23697 ], [ -122.27382, 41.23687 ], [ -122.27429, 41.23679 ], [ -122.27479, 41.23679 ], [ -122.27527, 41.23679 ], [ -122.27574, 41.23674 ], [ -122.27601, 41.23667 ], [ -122.27626, 41.23657 ], [ -122.27659, 41.23638 ], [ -122.27674, 41.23627 ], [ -122.27693, 41.23594 ], [ -122.27709, 41.23551 ], [ -122.27724, 41.23491 ], [ -122.27737, 41.23441 ], [ -122.27756, 41.23403 ], [ -122.2779, 41.23375 ], [ -122.27818, 41.2336 ], [ -122.27874, 41.23336 ], [ -122.27907, 41.23314 ], [ -122.27917, 41.23293 ], [ -122.27918, 41.23266 ], [ -122.27916, 41.23248 ], [ -122.27895, 41.23171 ], [ -122.27884, 41.23131 ], [ -122.27886, 41.23105 ], [ -122.2789, 41.2305 ], [ -122.27887, 41.22999 ], [ -122.27868, 41.22962 ], [ -122.27847, 41.22933 ], [ -122.27816, 41.22898 ], [ -122.27801, 41.22877 ], [ -122.27763, 41.22834 ], [ -122.27729, 41.22798 ], [ -122.27706, 41.22775 ], [ -122.27703, 41.22762 ], [ -122.27714, 41.22754 ], [ -122.2773, 41.22741 ], [ -122.27782, 41.22734 ], [ -122.27854, 41.22692 ], [ -122.27907, 41.2265 ], [ -122.27942, 41.22615 ], [ -122.27962, 41.22573 ], [ -122.27975, 41.22536 ], [ -122.27977, 41.22508 ], [ -122.27976, 41.22428 ], [ -122.27975, 41.22416 ], [ -122.27971, 41.22388 ], [ -122.27954, 41.2234 ], [ -122.27932, 41.22282 ], [ -122.2792, 41.22219 ], [ -122.27914, 41.22181 ], [ -122.27908, 41.22158 ], [ -122.27901, 41.22143 ], [ -122.27889, 41.22129 ], [ -122.27847, 41.221 ], [ -122.2777, 41.22065 ], [ -122.27709, 41.22039 ], [ -122.2766, 41.22028 ], [ -122.27626, 41.22026 ], [ -122.27566, 41.22027 ], [ -122.27499, 41.22033 ], [ -122.2743, 41.22058 ], [ -122.27407, 41.22064 ], [ -122.27386, 41.22061 ], [ -122.2737, 41.22055 ], [ -122.27365, 41.22053 ], [ -122.27331, 41.22028 ], [ -122.27298, 41.21988 ], [ -122.27273, 41.21947 ], [ -122.2725, 41.21882 ], [ -122.27231, 41.21843 ], [ -122.27197, 41.21773 ], [ -122.27178, 41.21736 ], [ -122.27172, 41.21694 ], [ -122.27172, 41.21691 ], [ -122.2717, 41.21665 ], [ -122.27167, 41.21616 ], [ -122.27159, 41.21561 ], [ -122.27149, 41.21537 ], [ -122.27133, 41.21514 ], [ -122.27089, 41.21476 ], [ -122.27065, 41.21454 ], [ -122.26984, 41.21399 ], [ -122.26949, 41.21374 ], [ -122.26923, 41.21355 ], [ -122.26893, 41.21331 ], [ -122.26877, 41.21308 ], [ -122.26872, 41.21283 ], [ -122.26872, 41.21277 ], [ -122.26872, 41.21239 ], [ -122.26889, 41.21178 ], [ -122.26918, 41.21095 ], [ -122.26943, 41.21031 ], [ -122.26963, 41.20992 ], [ -122.26981, 41.20978 ], [ -122.27042, 41.2094 ], [ -122.27081, 41.20909 ], [ -122.27088, 41.20903 ], [ -122.27134, 41.20863 ], [ -122.27152, 41.2084 ], [ -122.27163, 41.20804 ], [ -122.27166, 41.20767 ], [ -122.27164, 41.20726 ], [ -122.2716, 41.20679 ], [ -122.27154, 41.20659 ], [ -122.27143, 41.20627 ], [ -122.27142, 41.20626 ], [ -122.27128, 41.20595 ], [ -122.27096, 41.20536 ], [ -122.27059, 41.20486 ], [ -122.27056, 41.20464 ], [ -122.27068, 41.20448 ], [ -122.27161, 41.20384 ], [ -122.27176, 41.20364 ], [ -122.27189, 41.20347 ], [ -122.27247, 41.20271 ], [ -122.27287, 41.20222 ], [ -122.27308, 41.20189 ], [ -122.27322, 41.20169 ], [ -122.27327, 41.20157 ], [ -122.27328, 41.20126 ], [ -122.27329, 41.20042 ], [ -122.2733, 41.19993 ], [ -122.27334, 41.19965 ], [ -122.27338, 41.19911 ], [ -122.27354, 41.19873 ], [ -122.27382, 41.19812 ], [ -122.27394, 41.19785 ], [ -122.27407, 41.19772 ], [ -122.27444, 41.19729 ], [ -122.27476, 41.19694 ], [ -122.27506, 41.19673 ], [ -122.27546, 41.19642 ], [ -122.27594, 41.1962 ], [ -122.27619, 41.19611 ], [ -122.27683, 41.19583 ], [ -122.27691, 41.19579 ], [ -122.2773, 41.19548 ], [ -122.27792, 41.19492 ], [ -122.27882, 41.19407 ], [ -122.27959, 41.19341 ], [ -122.27995, 41.19307 ], [ -122.28008, 41.19289 ], [ -122.28023, 41.19267 ], [ -122.28048, 41.19221 ], [ -122.28073, 41.19162 ], [ -122.28088, 41.19134 ], [ -122.28104, 41.19109 ], [ -122.28133, 41.19076 ], [ -122.28174, 41.19038 ], [ -122.2826, 41.18967 ], [ -122.28271, 41.18958 ], [ -122.2832, 41.1892 ], [ -122.28407, 41.18855 ], [ -122.28477, 41.18794 ], [ -122.28494, 41.18769 ], [ -122.28502, 41.18741 ], [ -122.28512, 41.18705 ], [ -122.2851, 41.18668 ], [ -122.28511, 41.18585 ], [ -122.28506, 41.18541 ], [ -122.28493, 41.18491 ], [ -122.28485, 41.18474 ], [ -122.28462, 41.1844 ], [ -122.28442, 41.18416 ], [ -122.2837, 41.18346 ], [ -122.28301, 41.1829 ], [ -122.28242, 41.18233 ], [ -122.28213, 41.18196 ], [ -122.28197, 41.18169 ], [ -122.28186, 41.18142 ], [ -122.28179, 41.1812 ], [ -122.28181, 41.18102 ], [ -122.28193, 41.18048 ], [ -122.28204, 41.18028 ], [ -122.2822, 41.18 ], [ -122.28239, 41.17974 ], [ -122.2828, 41.17935 ], [ -122.28297, 41.17918 ], [ -122.2832, 41.17885 ], [ -122.28344, 41.17817 ], [ -122.28379, 41.17747 ], [ -122.28393, 41.17728 ], [ -122.28437, 41.17679 ], [ -122.28462, 41.17662 ], [ -122.28497, 41.17646 ], [ -122.28535, 41.17618 ], [ -122.28584, 41.17577 ], [ -122.28632, 41.17539 ], [ -122.28687, 41.17509 ], [ -122.28734, 41.17498 ], [ -122.28795, 41.17496 ], [ -122.28906, 41.17492 ], [ -122.28963, 41.17483 ], [ -122.29103, 41.1747 ], [ -122.29177, 41.17468 ], [ -122.29251, 41.17468 ], [ -122.29286, 41.17466 ], [ -122.29306, 41.17456 ], [ -122.29319, 41.17446 ], [ -122.29335, 41.17434 ], [ -122.29365, 41.17405 ], [ -122.29378, 41.17392 ], [ -122.29396, 41.17362 ], [ -122.29431, 41.17288 ], [ -122.29432, 41.17285 ], [ -122.29526, 41.17127 ], [ -122.2955, 41.17102 ], [ -122.29566, 41.17086 ], [ -122.29605, 41.17047 ], [ -122.29623, 41.17017 ], [ -122.29632, 41.16985 ], [ -122.29639, 41.16945 ], [ -122.29639, 41.16929 ], [ -122.29642, 41.16902 ], [ -122.29649, 41.16866 ], [ -122.29653, 41.1684 ], [ -122.29653, 41.16817 ], [ -122.29655, 41.16793 ], [ -122.29655, 41.16755 ], [ -122.29653, 41.16719 ], [ -122.29647, 41.16691 ], [ -122.29634, 41.16664 ], [ -122.29621, 41.16636 ], [ -122.29605, 41.166 ], [ -122.29535, 41.16575 ], [ -122.29474, 41.16546 ], [ -122.29425, 41.16503 ], [ -122.29402, 41.16461 ], [ -122.29407, 41.16413 ], [ -122.29421, 41.16377 ], [ -122.29436, 41.16326 ], [ -122.29433, 41.163 ], [ -122.29424, 41.16254 ], [ -122.29397, 41.1618 ], [ -122.29392, 41.16158 ], [ -122.29375, 41.16087 ], [ -122.29362, 41.16039 ], [ -122.29354, 41.16014 ], [ -122.2932, 41.15976 ], [ -122.29293, 41.15961 ], [ -122.29266, 41.15943 ], [ -122.29227, 41.15931 ], [ -122.29178, 41.15919 ], [ -122.29137, 41.15904 ], [ -122.29107, 41.15895 ], [ -122.29066, 41.15867 ], [ -122.29027, 41.15824 ], [ -122.29015, 41.158 ], [ -122.29013, 41.15785 ], [ -122.29013, 41.15777 ], [ -122.29013, 41.15768 ], [ -122.29021, 41.15762 ], [ -122.29033, 41.15759 ], [ -122.29069, 41.15755 ], [ -122.2909, 41.15759 ], [ -122.2911, 41.15754 ], [ -122.2912, 41.15736 ], [ -122.29128, 41.157 ], [ -122.29124, 41.15656 ], [ -122.29124, 41.15597 ], [ -122.29118, 41.15577 ], [ -122.291, 41.15547 ], [ -122.29059, 41.15479 ], [ -122.29025, 41.15441 ], [ -122.29004, 41.15409 ], [ -122.28995, 41.1536 ], [ -122.29003, 41.15309 ], [ -122.29012, 41.15278 ], [ -122.29023, 41.15254 ], [ -122.29068, 41.15201 ], [ -122.29106, 41.15175 ], [ -122.29164, 41.15154 ], [ -122.29186, 41.15153 ], [ -122.29214, 41.15152 ], [ -122.29244, 41.15152 ], [ -122.29261, 41.1515 ], [ -122.29284, 41.15143 ], [ -122.29296, 41.15134 ], [ -122.29309, 41.15129 ], [ -122.29331, 41.15124 ], [ -122.29353, 41.15119 ], [ -122.29384, 41.15112 ], [ -122.29417, 41.15108 ], [ -122.29477, 41.1511 ], [ -122.29495, 41.15114 ], [ -122.2951, 41.15117 ], [ -122.29547, 41.15124 ], [ -122.29581, 41.15136 ], [ -122.29625, 41.15149 ], [ -122.29667, 41.15156 ], [ -122.29698, 41.15162 ], [ -122.29727, 41.1516 ], [ -122.29772, 41.15147 ], [ -122.29802, 41.15138 ], [ -122.29831, 41.15118 ], [ -122.2986, 41.15092 ], [ -122.29866, 41.15087 ], [ -122.29895, 41.1506 ], [ -122.29923, 41.15028 ], [ -122.29949, 41.14989 ], [ -122.29975, 41.14957 ], [ -122.2999, 41.14943 ], [ -122.30018, 41.14922 ], [ -122.30039, 41.14914 ], [ -122.30058, 41.14915 ], [ -122.30073, 41.14919 ], [ -122.3009, 41.14921 ], [ -122.30108, 41.14922 ], [ -122.30131, 41.1492 ], [ -122.30166, 41.14918 ], [ -122.30199, 41.1492 ], [ -122.30243, 41.14929 ], [ -122.30296, 41.14945 ], [ -122.30384, 41.14972 ], [ -122.30436, 41.14983 ], [ -122.30548, 41.15006 ], [ -122.30632, 41.15022 ], [ -122.30683, 41.15026 ], [ -122.30743, 41.1502 ], [ -122.30822, 41.14992 ], [ -122.30957, 41.14958 ], [ -122.30971, 41.14954 ], [ -122.3104, 41.1493 ], [ -122.31099, 41.14903 ], [ -122.31231, 41.14856 ], [ -122.31261, 41.14843 ], [ -122.31305, 41.14834 ], [ -122.31329, 41.14827 ], [ -122.31387, 41.14816 ], [ -122.31419, 41.1481 ], [ -122.31488, 41.14781 ], [ -122.31507, 41.14762 ], [ -122.31517, 41.14752 ], [ -122.31539, 41.14712 ], [ -122.31546, 41.14685 ], [ -122.31555, 41.14651 ], [ -122.31554, 41.14622 ], [ -122.31541, 41.14595 ], [ -122.31516, 41.14591 ], [ -122.31488, 41.14584 ], [ -122.31465, 41.14578 ], [ -122.31446, 41.14556 ], [ -122.31429, 41.14532 ], [ -122.31415, 41.14508 ], [ -122.31358, 41.14405 ], [ -122.31341, 41.14344 ], [ -122.3133, 41.14301 ], [ -122.3133, 41.1429 ], [ -122.31329, 41.14208 ], [ -122.31354, 41.14144 ], [ -122.31377, 41.14113 ], [ -122.31429, 41.14069 ], [ -122.31493, 41.14015 ], [ -122.3156, 41.13959 ], [ -122.31653, 41.13876 ], [ -122.31726, 41.13815 ], [ -122.31789, 41.13772 ], [ -122.31821, 41.13756 ], [ -122.31862, 41.13732 ], [ -122.31907, 41.13707 ], [ -122.3197, 41.1367 ], [ -122.31996, 41.13655 ], [ -122.32017, 41.13636 ], [ -122.32047, 41.13603 ], [ -122.32073, 41.13561 ], [ -122.32075, 41.13538 ], [ -122.32076, 41.1353 ], [ -122.32074, 41.13515 ], [ -122.32053, 41.13468 ], [ -122.32019, 41.13422 ], [ -122.31965, 41.13367 ], [ -122.3193, 41.13353 ], [ -122.31894, 41.1334 ], [ -122.31859, 41.13318 ], [ -122.31836, 41.13299 ], [ -122.3182, 41.13276 ], [ -122.31814, 41.1326 ], [ -122.31816, 41.13233 ], [ -122.31819, 41.132 ], [ -122.31838, 41.13161 ], [ -122.31851, 41.13147 ], [ -122.3187, 41.13126 ], [ -122.31887, 41.13107 ], [ -122.31899, 41.13088 ], [ -122.31911, 41.1306 ], [ -122.31916, 41.13042 ], [ -122.31926, 41.13018 ], [ -122.31942, 41.12997 ], [ -122.31957, 41.12974 ], [ -122.31983, 41.12936 ], [ -122.31995, 41.12922 ], [ -122.32025, 41.12906 ], [ -122.3205, 41.12888 ], [ -122.32069, 41.12878 ], [ -122.32084, 41.12867 ], [ -122.32102, 41.12838 ], [ -122.32115, 41.12806 ], [ -122.32161, 41.12702 ], [ -122.32168, 41.12677 ], [ -122.3218, 41.12653 ], [ -122.32194, 41.1262 ], [ -122.32207, 41.12575 ], [ -122.32217, 41.12516 ], [ -122.3222, 41.12503 ], [ -122.32223, 41.12479 ], [ -122.32231, 41.12457 ], [ -122.32245, 41.12416 ], [ -122.3226, 41.1238 ], [ -122.32283, 41.12322 ], [ -122.32306, 41.12264 ], [ -122.3236, 41.12173 ], [ -122.32389, 41.12123 ], [ -122.3241, 41.12097 ], [ -122.32459, 41.12051 ], [ -122.32506, 41.12003 ], [ -122.32552, 41.1198 ], [ -122.32583, 41.11962 ], [ -122.32601, 41.11949 ], [ -122.32618, 41.11937 ], [ -122.32642, 41.11914 ], [ -122.32659, 41.11891 ], [ -122.32672, 41.11863 ], [ -122.32675, 41.11839 ], [ -122.32677, 41.11818 ], [ -122.32673, 41.11805 ], [ -122.32664, 41.11795 ], [ -122.32654, 41.1178 ], [ -122.32654, 41.11749 ], [ -122.32652, 41.11732 ], [ -122.32646, 41.1172 ], [ -122.3265, 41.11703 ], [ -122.32644, 41.11685 ], [ -122.32639, 41.11669 ], [ -122.32636, 41.11647 ], [ -122.32635, 41.11631 ], [ -122.32636, 41.11604 ], [ -122.32633, 41.11585 ], [ -122.32628, 41.11556 ], [ -122.32606, 41.11514 ], [ -122.32575, 41.1142 ], [ -122.32568, 41.11397 ], [ -122.32559, 41.11371 ], [ -122.32547, 41.1135 ], [ -122.32538, 41.11328 ], [ -122.32529, 41.1129 ], [ -122.32519, 41.1127 ], [ -122.325, 41.11243 ], [ -122.32487, 41.11224 ], [ -122.3247, 41.11201 ], [ -122.32463, 41.11176 ], [ -122.32461, 41.11158 ], [ -122.32463, 41.11143 ], [ -122.32464, 41.11124 ], [ -122.32476, 41.11089 ], [ -122.32488, 41.11071 ], [ -122.32522, 41.11036 ], [ -122.32552, 41.11005 ], [ -122.32592, 41.10972 ], [ -122.32633, 41.1095 ], [ -122.32659, 41.10931 ], [ -122.3266, 41.1093 ], [ -122.32733, 41.10867 ], [ -122.32784, 41.10826 ], [ -122.32784, 41.10824 ], [ -122.32799, 41.10807 ], [ -122.32818, 41.10787 ], [ -122.32842, 41.1077 ], [ -122.32862, 41.10759 ], [ -122.32884, 41.10745 ], [ -122.32905, 41.10727 ], [ -122.32928, 41.10709 ], [ -122.32948, 41.10692 ], [ -122.32958, 41.10684 ], [ -122.32972, 41.10677 ], [ -122.32989, 41.10669 ], [ -122.33003, 41.1066 ], [ -122.33045, 41.10639 ], [ -122.33116, 41.10627 ], [ -122.33179, 41.10621 ], [ -122.33213, 41.10618 ], [ -122.33266, 41.10612 ], [ -122.33313, 41.106 ], [ -122.33348, 41.10587 ], [ -122.33369, 41.10577 ], [ -122.33393, 41.10569 ], [ -122.33406, 41.10555 ], [ -122.33427, 41.10532 ], [ -122.33446, 41.10515 ], [ -122.33463, 41.10487 ], [ -122.33479, 41.10467 ], [ -122.33481, 41.10464 ], [ -122.33502, 41.1044 ], [ -122.33533, 41.10417 ], [ -122.33563, 41.10395 ], [ -122.33592, 41.10377 ], [ -122.33592, 41.10377 ], [ -122.33619, 41.1036 ], [ -122.33645, 41.10344 ], [ -122.33674, 41.10324 ], [ -122.33697, 41.10306 ], [ -122.33726, 41.10286 ], [ -122.33753, 41.10273 ], [ -122.33776, 41.10257 ], [ -122.33803, 41.10238 ], [ -122.33825, 41.10223 ], [ -122.33872, 41.10182 ], [ -122.33901, 41.10154 ], [ -122.33933, 41.10117 ], [ -122.33943, 41.10104 ], [ -122.33981, 41.1007 ], [ -122.34018, 41.10036 ], [ -122.34049, 41.10017 ], [ -122.34082, 41.09996 ], [ -122.34145, 41.09963 ], [ -122.34214, 41.09925 ], [ -122.3427, 41.09899 ], [ -122.34326, 41.09865 ], [ -122.34367, 41.09838 ], [ -122.34382, 41.09823 ], [ -122.34386, 41.09804 ], [ -122.34388, 41.09779 ], [ -122.34379, 41.09722 ], [ -122.34354, 41.09643 ], [ -122.34352, 41.09636 ], [ -122.34349, 41.09624 ], [ -122.34336, 41.09588 ], [ -122.34332, 41.09571 ], [ -122.34332, 41.09562 ], [ -122.34333, 41.09554 ], [ -122.34334, 41.09544 ], [ -122.34336, 41.09537 ], [ -122.34344, 41.0953 ], [ -122.34366, 41.09486 ], [ -122.34392, 41.09444 ], [ -122.3442, 41.09394 ], [ -122.34433, 41.09374 ], [ -122.3446, 41.09326 ], [ -122.34504, 41.0926 ], [ -122.34556, 41.09193 ], [ -122.34582, 41.09163 ], [ -122.34604, 41.0915 ], [ -122.34626, 41.09141 ], [ -122.34627, 41.09141 ], [ -122.34652, 41.09127 ], [ -122.34685, 41.09112 ], [ -122.34719, 41.09091 ], [ -122.34749, 41.09078 ], [ -122.34771, 41.0907 ], [ -122.34789, 41.09064 ], [ -122.34802, 41.0906 ], [ -122.34824, 41.09057 ], [ -122.34851, 41.09055 ], [ -122.34881, 41.09058 ], [ -122.34907, 41.09062 ], [ -122.34936, 41.09062 ], [ -122.34979, 41.09058 ], [ -122.35042, 41.09046 ], [ -122.35082, 41.09036 ], [ -122.351, 41.09032 ], [ -122.35123, 41.09024 ], [ -122.35145, 41.0901 ], [ -122.35159, 41.08997 ], [ -122.35174, 41.08982 ], [ -122.35185, 41.08968 ], [ -122.35186, 41.08944 ], [ -122.3518, 41.08912 ], [ -122.35174, 41.08901 ], [ -122.35159, 41.08885 ], [ -122.35123, 41.08865 ], [ -122.35094, 41.08838 ], [ -122.35048, 41.0879 ], [ -122.35028, 41.08755 ], [ -122.35009, 41.08723 ], [ -122.35005, 41.08712 ], [ -122.35005, 41.087 ], [ -122.35007, 41.08694 ], [ -122.3501, 41.08688 ], [ -122.35015, 41.08682 ], [ -122.35023, 41.08674 ], [ -122.35032, 41.0867 ], [ -122.35043, 41.08661 ], [ -122.3505, 41.08656 ], [ -122.35062, 41.08649 ], [ -122.35068, 41.08648 ], [ -122.35076, 41.08638 ], [ -122.35096, 41.08613 ], [ -122.35103, 41.0858 ], [ -122.35102, 41.08556 ], [ -122.35097, 41.08537 ], [ -122.35092, 41.08525 ], [ -122.35082, 41.08514 ], [ -122.35061, 41.08496 ], [ -122.35039, 41.08482 ], [ -122.3501, 41.0848 ], [ -122.34988, 41.08468 ], [ -122.34971, 41.0845 ], [ -122.34956, 41.08429 ], [ -122.34951, 41.08403 ], [ -122.34954, 41.08383 ], [ -122.34966, 41.08357 ], [ -122.3498, 41.08334 ], [ -122.35004, 41.08315 ], [ -122.35039, 41.0829 ], [ -122.35072, 41.08269 ], [ -122.3511, 41.08265 ], [ -122.35137, 41.08257 ], [ -122.35143, 41.08255 ], [ -122.35153, 41.08252 ], [ -122.35168, 41.08242 ], [ -122.35176, 41.08239 ], [ -122.35184, 41.08233 ], [ -122.35242, 41.08225 ], [ -122.35274, 41.08218 ], [ -122.35355, 41.08188 ], [ -122.35414, 41.08159 ], [ -122.35435, 41.08142 ], [ -122.35437, 41.08139 ], [ -122.35443, 41.08129 ], [ -122.35443, 41.08117 ], [ -122.35444, 41.08099 ], [ -122.35437, 41.08075 ], [ -122.35421, 41.0805 ], [ -122.35402, 41.08039 ], [ -122.35362, 41.08036 ], [ -122.35316, 41.08021 ], [ -122.35282, 41.0802 ], [ -122.35245, 41.08018 ], [ -122.35227, 41.08016 ], [ -122.35199, 41.08008 ], [ -122.35179, 41.08002 ], [ -122.35136, 41.07981 ], [ -122.35098, 41.07953 ], [ -122.35083, 41.07936 ], [ -122.35081, 41.07909 ], [ -122.35091, 41.07886 ], [ -122.35135, 41.07864 ], [ -122.35138, 41.07863 ], [ -122.3515, 41.07856 ], [ -122.35211, 41.078 ], [ -122.35235, 41.07767 ], [ -122.35269, 41.07726 ], [ -122.35285, 41.07709 ], [ -122.3531, 41.07688 ], [ -122.35331, 41.07677 ], [ -122.35344, 41.07665 ], [ -122.35363, 41.07652 ], [ -122.35383, 41.07636 ], [ -122.35408, 41.07625 ], [ -122.35428, 41.07615 ], [ -122.35442, 41.07601 ], [ -122.35458, 41.07572 ], [ -122.35463, 41.0754 ], [ -122.35471, 41.07487 ], [ -122.35479, 41.07424 ], [ -122.35477, 41.07352 ], [ -122.35476, 41.07302 ], [ -122.35468, 41.07277 ], [ -122.35463, 41.07261 ], [ -122.3546, 41.07247 ], [ -122.35459, 41.07234 ], [ -122.35459, 41.07225 ], [ -122.35464, 41.07207 ], [ -122.35473, 41.0718 ], [ -122.35478, 41.07167 ], [ -122.35481, 41.07159 ], [ -122.35479, 41.07152 ], [ -122.35478, 41.07143 ], [ -122.35484, 41.07132 ], [ -122.35489, 41.07119 ], [ -122.35494, 41.07109 ], [ -122.35503, 41.07099 ], [ -122.35509, 41.07091 ], [ -122.35513, 41.07074 ], [ -122.35532, 41.07036 ], [ -122.35556, 41.06999 ], [ -122.35567, 41.06984 ], [ -122.3557, 41.06971 ], [ -122.35587, 41.06952 ], [ -122.35611, 41.06928 ], [ -122.35628, 41.06913 ], [ -122.35647, 41.06892 ], [ -122.35658, 41.06869 ], [ -122.3567, 41.06857 ], [ -122.35709, 41.0681 ], [ -122.35734, 41.06768 ], [ -122.35764, 41.06734 ], [ -122.35786, 41.06709 ], [ -122.35835, 41.06651 ], [ -122.35866, 41.06608 ], [ -122.35874, 41.06592 ], [ -122.35888, 41.06561 ], [ -122.35908, 41.06522 ], [ -122.35919, 41.06492 ], [ -122.35934, 41.06449 ], [ -122.35957, 41.06417 ], [ -122.36008, 41.06341 ], [ -122.3602, 41.06323 ], [ -122.36048, 41.0628 ], [ -122.36105, 41.06216 ], [ -122.36168, 41.06194 ], [ -122.36177, 41.06189 ], [ -122.36213, 41.06193 ], [ -122.36319, 41.06192 ], [ -122.36331, 41.06197 ], [ -122.36363, 41.06206 ], [ -122.36394, 41.06215 ], [ -122.36415, 41.06222 ], [ -122.36433, 41.06223 ], [ -122.36451, 41.06224 ], [ -122.36462, 41.06224 ], [ -122.3648, 41.0622 ], [ -122.36491, 41.06218 ], [ -122.36506, 41.06215 ], [ -122.36524, 41.06215 ], [ -122.36546, 41.06215 ], [ -122.36558, 41.06214 ], [ -122.36576, 41.06211 ], [ -122.36589, 41.06212 ], [ -122.36602, 41.06211 ], [ -122.36614, 41.06215 ], [ -122.36628, 41.06221 ], [ -122.36638, 41.06227 ], [ -122.36646, 41.06232 ], [ -122.36655, 41.06235 ], [ -122.36662, 41.0623 ], [ -122.36666, 41.06223 ], [ -122.36674, 41.0622 ], [ -122.36689, 41.06213 ], [ -122.36704, 41.06205 ], [ -122.36713, 41.06201 ], [ -122.36734, 41.06193 ], [ -122.36747, 41.0619 ], [ -122.36759, 41.06185 ], [ -122.36771, 41.06183 ], [ -122.36786, 41.06175 ], [ -122.36801, 41.06161 ], [ -122.36814, 41.06142 ], [ -122.36822, 41.06121 ], [ -122.36824, 41.06082 ], [ -122.36826, 41.06068 ], [ -122.36829, 41.06051 ], [ -122.36829, 41.06039 ], [ -122.36826, 41.06019 ], [ -122.36819, 41.06004 ], [ -122.36817, 41.05993 ], [ -122.36809, 41.05952 ], [ -122.36801, 41.05917 ], [ -122.36796, 41.05903 ], [ -122.36789, 41.05894 ], [ -122.36781, 41.05885 ], [ -122.36776, 41.05875 ], [ -122.36772, 41.05863 ], [ -122.3677, 41.05845 ], [ -122.3677, 41.05831 ], [ -122.36771, 41.05818 ], [ -122.36769, 41.05791 ], [ -122.36774, 41.0577 ], [ -122.36783, 41.05746 ], [ -122.36791, 41.0573 ], [ -122.36815, 41.05692 ], [ -122.36841, 41.05669 ], [ -122.36854, 41.05663 ], [ -122.36869, 41.05659 ], [ -122.36892, 41.05653 ], [ -122.36923, 41.05646 ], [ -122.36963, 41.05635 ], [ -122.36981, 41.05631 ], [ -122.3699, 41.05629 ], [ -122.36998, 41.05626 ], [ -122.37004, 41.05624 ], [ -122.37012, 41.05621 ], [ -122.37019, 41.0562 ], [ -122.37025, 41.05622 ], [ -122.37029, 41.05624 ], [ -122.37037, 41.05626 ], [ -122.37064, 41.05626 ], [ -122.37086, 41.05625 ], [ -122.37099, 41.05626 ], [ -122.37114, 41.05628 ], [ -122.37121, 41.05628 ], [ -122.37128, 41.05626 ], [ -122.37136, 41.05623 ], [ -122.37141, 41.05621 ], [ -122.37147, 41.05619 ], [ -122.37155, 41.05615 ], [ -122.37168, 41.05605 ], [ -122.37177, 41.05597 ], [ -122.37183, 41.05589 ], [ -122.37185, 41.05581 ], [ -122.37186, 41.05569 ], [ -122.37194, 41.05553 ], [ -122.37234, 41.05471 ], [ -122.37237, 41.05457 ], [ -122.37241, 41.05442 ], [ -122.37244, 41.05426 ], [ -122.37247, 41.05419 ], [ -122.37257, 41.05402 ], [ -122.37269, 41.05391 ], [ -122.37297, 41.05369 ], [ -122.37306, 41.05363 ], [ -122.37338, 41.05337 ], [ -122.37353, 41.0533 ], [ -122.37364, 41.05325 ], [ -122.37381, 41.05322 ], [ -122.37399, 41.05323 ], [ -122.37413, 41.05323 ], [ -122.37424, 41.05323 ], [ -122.37451, 41.05325 ], [ -122.37478, 41.05333 ], [ -122.37501, 41.0535 ], [ -122.37517, 41.05363 ], [ -122.37527, 41.0537 ], [ -122.37535, 41.05377 ], [ -122.37542, 41.05388 ], [ -122.37555, 41.05401 ], [ -122.37585, 41.05423 ], [ -122.37615, 41.05443 ], [ -122.37633, 41.05453 ], [ -122.3764, 41.05456 ], [ -122.3765, 41.0546 ], [ -122.3766, 41.05461 ], [ -122.37678, 41.05458 ], [ -122.37705, 41.05456 ], [ -122.37718, 41.05456 ], [ -122.37732, 41.05453 ], [ -122.37744, 41.05448 ], [ -122.37757, 41.0544 ], [ -122.37763, 41.05428 ], [ -122.3777, 41.05408 ], [ -122.37771, 41.05385 ], [ -122.37766, 41.05365 ], [ -122.37753, 41.05343 ], [ -122.37735, 41.05318 ], [ -122.37722, 41.05305 ], [ -122.37713, 41.05291 ], [ -122.37703, 41.05272 ], [ -122.37669, 41.05244 ], [ -122.37655, 41.05223 ], [ -122.37649, 41.05217 ], [ -122.37644, 41.05212 ], [ -122.37643, 41.05205 ], [ -122.37646, 41.05194 ], [ -122.37648, 41.05189 ], [ -122.37652, 41.05181 ], [ -122.37654, 41.05174 ], [ -122.37652, 41.05162 ], [ -122.37659, 41.05152 ], [ -122.37667, 41.05142 ], [ -122.37669, 41.05131 ], [ -122.37676, 41.05124 ], [ -122.37687, 41.05119 ], [ -122.37697, 41.05118 ], [ -122.37704, 41.05115 ], [ -122.37708, 41.05101 ], [ -122.37712, 41.0508 ], [ -122.37717, 41.05065 ], [ -122.37728, 41.05054 ], [ -122.37742, 41.05033 ], [ -122.37742, 41.05021 ], [ -122.37742, 41.05004 ], [ -122.37747, 41.04991 ], [ -122.37771, 41.04976 ], [ -122.3779, 41.04959 ], [ -122.37803, 41.04941 ], [ -122.37829, 41.04922 ], [ -122.37849, 41.04907 ], [ -122.37894, 41.0487 ], [ -122.37965, 41.04837 ], [ -122.3799, 41.04824 ], [ -122.38011, 41.04818 ], [ -122.38049, 41.04807 ], [ -122.38069, 41.04801 ], [ -122.38093, 41.04796 ], [ -122.38121, 41.04784 ], [ -122.38148, 41.04769 ], [ -122.38178, 41.04758 ], [ -122.38228, 41.04736 ], [ -122.38275, 41.04721 ], [ -122.38302, 41.04706 ], [ -122.3833, 41.04692 ], [ -122.38343, 41.04683 ], [ -122.38358, 41.04674 ], [ -122.38375, 41.04668 ], [ -122.38386, 41.04652 ], [ -122.38399, 41.0463 ], [ -122.38408, 41.04601 ], [ -122.38416, 41.04583 ], [ -122.38436, 41.04552 ], [ -122.38449, 41.04528 ], [ -122.38459, 41.04515 ], [ -122.38471, 41.04502 ], [ -122.38486, 41.04497 ], [ -122.38502, 41.04495 ], [ -122.38517, 41.04499 ], [ -122.38538, 41.04509 ], [ -122.38574, 41.0453 ], [ -122.38621, 41.04557 ], [ -122.38657, 41.04578 ], [ -122.38689, 41.04599 ], [ -122.3871, 41.04607 ], [ -122.38731, 41.0461 ], [ -122.38745, 41.04605 ], [ -122.38757, 41.04599 ], [ -122.38769, 41.04597 ], [ -122.38783, 41.04598 ], [ -122.38803, 41.04597 ], [ -122.3882, 41.04595 ], [ -122.38834, 41.04594 ], [ -122.38852, 41.04589 ], [ -122.38874, 41.04581 ], [ -122.38888, 41.04566 ], [ -122.389, 41.04553 ], [ -122.3891, 41.04539 ], [ -122.38921, 41.04518 ], [ -122.38931, 41.04498 ], [ -122.38938, 41.04482 ], [ -122.38936, 41.04468 ], [ -122.38927, 41.04462 ], [ -122.38914, 41.04463 ], [ -122.38896, 41.04459 ], [ -122.38884, 41.04448 ], [ -122.38877, 41.04434 ], [ -122.38871, 41.04422 ], [ -122.38875, 41.04409 ], [ -122.389, 41.044 ], [ -122.3893, 41.04396 ], [ -122.38966, 41.04393 ], [ -122.39021, 41.04392 ], [ -122.39087, 41.04392 ], [ -122.39113, 41.04396 ], [ -122.3914, 41.04394 ], [ -122.3917, 41.04393 ], [ -122.39188, 41.04385 ], [ -122.39225, 41.04371 ], [ -122.39258, 41.04353 ], [ -122.39298, 41.04316 ], [ -122.39323, 41.04285 ], [ -122.39341, 41.0426 ], [ -122.3935, 41.04237 ], [ -122.39353, 41.04194 ], [ -122.39347, 41.04133 ], [ -122.39351, 41.04093 ], [ -122.39352, 41.04057 ], [ -122.39353, 41.04036 ], [ -122.39357, 41.04004 ], [ -122.3936, 41.03971 ], [ -122.39364, 41.03948 ], [ -122.39368, 41.03919 ], [ -122.39378, 41.03889 ], [ -122.39379, 41.03876 ], [ -122.3938, 41.03866 ], [ -122.39378, 41.03848 ], [ -122.39375, 41.03825 ], [ -122.39359, 41.03807 ], [ -122.39338, 41.03785 ], [ -122.39334, 41.03775 ], [ -122.39334, 41.03719 ], [ -122.39343, 41.03678 ], [ -122.39352, 41.03633 ], [ -122.39355, 41.03622 ], [ -122.39358, 41.03612 ], [ -122.39363, 41.03575 ], [ -122.39381, 41.03556 ], [ -122.39396, 41.03543 ], [ -122.39418, 41.03525 ], [ -122.39435, 41.03501 ], [ -122.39485, 41.03445 ], [ -122.39502, 41.03414 ], [ -122.39533, 41.03363 ], [ -122.39563, 41.03325 ], [ -122.39591, 41.03287 ], [ -122.39612, 41.03255 ], [ -122.39619, 41.03226 ], [ -122.39618, 41.03194 ], [ -122.39604, 41.03155 ], [ -122.39565, 41.03124 ], [ -122.39525, 41.0309 ], [ -122.39491, 41.0307 ], [ -122.39448, 41.03054 ], [ -122.39441, 41.03051 ], [ -122.3943, 41.03053 ], [ -122.39417, 41.03054 ], [ -122.39402, 41.03052 ], [ -122.39385, 41.03049 ], [ -122.39365, 41.03044 ], [ -122.39351, 41.03043 ], [ -122.39341, 41.03046 ], [ -122.3932, 41.0305 ], [ -122.39303, 41.03051 ], [ -122.39283, 41.03051 ], [ -122.39266, 41.03051 ], [ -122.39244, 41.0305 ], [ -122.39221, 41.0304 ], [ -122.39214, 41.03034 ], [ -122.39203, 41.03027 ], [ -122.39191, 41.03011 ], [ -122.39187, 41.03006 ], [ -122.39178, 41.02991 ], [ -122.39169, 41.0297 ], [ -122.39169, 41.0295 ], [ -122.39188, 41.0293 ], [ -122.39216, 41.02912 ], [ -122.39285, 41.02882 ], [ -122.39367, 41.02858 ], [ -122.39413, 41.02825 ], [ -122.39436, 41.02801 ], [ -122.3945, 41.02779 ], [ -122.39452, 41.02754 ], [ -122.39435, 41.02739 ], [ -122.39422, 41.02725 ], [ -122.39401, 41.02709 ], [ -122.39386, 41.02694 ], [ -122.39362, 41.02677 ], [ -122.39302, 41.02649 ], [ -122.39301, 41.02648 ], [ -122.39275, 41.02633 ], [ -122.3922, 41.02618 ], [ -122.39176, 41.02603 ], [ -122.39148, 41.02584 ], [ -122.39143, 41.02578 ], [ -122.39132, 41.02566 ], [ -122.39123, 41.02557 ], [ -122.39119, 41.02546 ], [ -122.39125, 41.02534 ], [ -122.39138, 41.02524 ], [ -122.3916, 41.02503 ], [ -122.39189, 41.02479 ], [ -122.39209, 41.02457 ], [ -122.39227, 41.02443 ], [ -122.39243, 41.02433 ], [ -122.39258, 41.02421 ], [ -122.39272, 41.02417 ], [ -122.39287, 41.02417 ], [ -122.39298, 41.02429 ], [ -122.39308, 41.02441 ], [ -122.39319, 41.02453 ], [ -122.39336, 41.02458 ], [ -122.39361, 41.02459 ], [ -122.39394, 41.02457 ], [ -122.39429, 41.02453 ], [ -122.3946, 41.02442 ], [ -122.39489, 41.02431 ], [ -122.39513, 41.02414 ], [ -122.39522, 41.02405 ], [ -122.39535, 41.02392 ], [ -122.39551, 41.02325 ], [ -122.39559, 41.02247 ], [ -122.39565, 41.022 ], [ -122.3959, 41.02106 ], [ -122.39607, 41.02023 ], [ -122.39612, 41.01994 ], [ -122.39618, 41.01976 ], [ -122.39624, 41.01966 ], [ -122.39632, 41.0196 ], [ -122.39641, 41.01958 ], [ -122.39649, 41.01956 ], [ -122.39663, 41.01955 ], [ -122.39677, 41.01956 ], [ -122.39686, 41.0196 ], [ -122.39695, 41.01962 ], [ -122.39703, 41.01963 ], [ -122.39713, 41.01962 ], [ -122.39724, 41.01959 ], [ -122.39751, 41.01959 ], [ -122.39783, 41.01955 ], [ -122.39805, 41.01952 ], [ -122.39842, 41.01948 ], [ -122.39862, 41.01944 ], [ -122.39909, 41.01935 ], [ -122.39926, 41.01927 ], [ -122.39949, 41.01913 ], [ -122.39967, 41.01897 ], [ -122.39989, 41.01869 ], [ -122.40029, 41.01815 ], [ -122.40099, 41.01746 ], [ -122.40137, 41.01692 ], [ -122.40176, 41.01661 ], [ -122.40199, 41.01642 ], [ -122.40276, 41.01589 ], [ -122.40337, 41.01559 ], [ -122.40376, 41.01547 ], [ -122.40397, 41.01547 ], [ -122.40431, 41.01555 ], [ -122.40463, 41.01558 ], [ -122.40493, 41.01556 ], [ -122.40536, 41.01548 ], [ -122.40609, 41.01539 ], [ -122.4067, 41.01543 ], [ -122.40717, 41.01549 ], [ -122.40761, 41.01556 ], [ -122.40799, 41.01558 ], [ -122.4086, 41.01568 ], [ -122.40893, 41.01574 ], [ -122.40915, 41.01578 ], [ -122.40936, 41.01581 ], [ -122.40955, 41.0158 ], [ -122.40976, 41.01576 ], [ -122.40996, 41.01571 ], [ -122.41021, 41.01554 ], [ -122.41031, 41.01546 ], [ -122.41033, 41.01524 ], [ -122.41028, 41.01509 ], [ -122.41023, 41.01494 ], [ -122.4102, 41.01486 ], [ -122.41023, 41.0147 ], [ -122.41032, 41.01444 ], [ -122.41037, 41.01426 ], [ -122.41044, 41.01404 ], [ -122.41036, 41.01384 ], [ -122.41023, 41.01367 ], [ -122.41018, 41.01352 ], [ -122.41004, 41.01329 ], [ -122.40994, 41.01319 ], [ -122.40976, 41.01309 ], [ -122.40937, 41.01294 ], [ -122.4091, 41.0129 ], [ -122.40854, 41.01273 ], [ -122.40846, 41.01267 ], [ -122.40825, 41.01253 ], [ -122.40798, 41.0123 ], [ -122.40762, 41.01196 ], [ -122.40734, 41.01175 ], [ -122.4071, 41.0115 ], [ -122.40704, 41.01132 ], [ -122.40698, 41.01108 ], [ -122.4068, 41.01058 ], [ -122.40657, 41.01005 ], [ -122.40637, 41.00965 ], [ -122.40629, 41.0094 ], [ -122.40632, 41.00891 ], [ -122.40629, 41.00864 ], [ -122.4062, 41.0081 ], [ -122.40629, 41.00702 ], [ -122.40624, 41.00673 ], [ -122.40618, 41.00604 ], [ -122.40612, 41.00521 ], [ -122.40597, 41.00444 ], [ -122.40575, 41.0037 ], [ -122.40564, 41.00321 ], [ -122.40538, 41.00236 ], [ -122.40518, 41.00174 ], [ -122.4049, 41.00109 ], [ -122.40463, 41.00032 ], [ -122.40454, 41.00009 ], [ -122.40459, 40.99987 ], [ -122.40479, 40.99929 ], [ -122.40483, 40.99915 ], [ -122.40491, 40.99893 ], [ -122.40505, 40.99881 ], [ -122.40525, 40.99876 ], [ -122.40549, 40.99884 ], [ -122.40626, 40.99931 ], [ -122.4072, 40.99987 ], [ -122.40772, 41.00005 ], [ -122.40804, 41.00007 ], [ -122.40821, 41.0 ], [ -122.40843, 40.99987 ], [ -122.40864, 40.99971 ], [ -122.40867, 40.99947 ], [ -122.40864, 40.99913 ], [ -122.40846, 40.99877 ], [ -122.40816, 40.99842 ], [ -122.40766, 40.99782 ], [ -122.40723, 40.99744 ], [ -122.40696, 40.9972 ], [ -122.40693, 40.99715 ], [ -122.40679, 40.99694 ], [ -122.40664, 40.99665 ], [ -122.4062, 40.99604 ], [ -122.40615, 40.99585 ], [ -122.40609, 40.99561 ], [ -122.4062, 40.99521 ], [ -122.40645, 40.995 ], [ -122.40652, 40.99495 ], [ -122.40696, 40.99479 ], [ -122.4076, 40.99457 ], [ -122.40799, 40.99454 ], [ -122.40872, 40.99456 ], [ -122.40965, 40.99461 ], [ -122.40999, 40.99468 ], [ -122.41079, 40.99499 ], [ -122.41145, 40.99538 ], [ -122.41224, 40.99571 ], [ -122.41245, 40.99585 ], [ -122.41274, 40.99599 ], [ -122.41316, 40.9961 ], [ -122.41393, 40.99614 ], [ -122.41459, 40.99609 ], [ -122.41523, 40.99596 ], [ -122.41557, 40.99588 ], [ -122.41579, 40.99572 ], [ -122.41592, 40.99543 ], [ -122.41594, 40.99508 ], [ -122.41597, 40.99471 ], [ -122.416, 40.99458 ], [ -122.41602, 40.99446 ], [ -122.41605, 40.99426 ], [ -122.41608, 40.99398 ], [ -122.41607, 40.99378 ], [ -122.41604, 40.99353 ], [ -122.41598, 40.99321 ], [ -122.41579, 40.99286 ], [ -122.41555, 40.99261 ], [ -122.41531, 40.99237 ], [ -122.41523, 40.99226 ], [ -122.41509, 40.99191 ], [ -122.41487, 40.99149 ], [ -122.41476, 40.99129 ], [ -122.41472, 40.991 ], [ -122.41475, 40.99076 ], [ -122.41492, 40.99051 ], [ -122.4154, 40.99025 ], [ -122.41602, 40.99005 ], [ -122.41681, 40.98989 ], [ -122.41691, 40.98987 ], [ -122.41742, 40.9898 ], [ -122.41778, 40.98982 ], [ -122.4188, 40.9903 ], [ -122.41925, 40.99042 ], [ -122.41994, 40.99047 ], [ -122.42013, 40.99049 ], [ -122.42019, 40.9905 ], [ -122.42128, 40.99072 ], [ -122.42206, 40.99076 ], [ -122.42265, 40.99075 ], [ -122.42283, 40.9907 ], [ -122.42319, 40.99052 ], [ -122.42328, 40.99048 ], [ -122.42347, 40.99027 ], [ -122.42359, 40.99009 ], [ -122.42383, 40.98932 ], [ -122.42387, 40.98921 ], [ -122.4239, 40.98886 ], [ -122.42391, 40.98862 ], [ -122.42394, 40.98819 ], [ -122.42393, 40.98773 ], [ -122.42392, 40.98743 ], [ -122.42392, 40.9874 ], [ -122.42393, 40.98699 ], [ -122.42399, 40.98683 ], [ -122.42406, 40.98664 ], [ -122.42423, 40.98639 ], [ -122.42443, 40.98623 ], [ -122.42473, 40.98607 ], [ -122.42506, 40.98603 ], [ -122.42556, 40.98615 ], [ -122.42588, 40.98627 ], [ -122.42615, 40.98633 ], [ -122.42647, 40.98629 ], [ -122.42679, 40.98613 ], [ -122.42713, 40.98584 ], [ -122.42754, 40.98541 ], [ -122.42772, 40.98511 ], [ -122.42781, 40.98485 ], [ -122.42796, 40.98441 ], [ -122.4281, 40.98386 ], [ -122.42814, 40.98369 ], [ -122.42819, 40.98333 ], [ -122.42826, 40.98285 ], [ -122.42842, 40.98203 ], [ -122.42851, 40.98135 ], [ -122.42858, 40.98094 ], [ -122.42859, 40.98051 ], [ -122.42851, 40.97986 ], [ -122.42854, 40.97915 ], [ -122.42855, 40.97884 ], [ -122.42859, 40.97846 ], [ -122.42863, 40.97834 ], [ -122.42863, 40.97833 ], [ -122.42877, 40.97801 ], [ -122.42899, 40.97781 ], [ -122.42918, 40.97776 ], [ -122.42978, 40.97763 ], [ -122.4306, 40.97743 ], [ -122.43115, 40.97716 ], [ -122.43136, 40.97697 ], [ -122.43154, 40.97669 ], [ -122.43157, 40.97624 ], [ -122.43141, 40.97598 ], [ -122.43105, 40.97567 ], [ -122.43082, 40.9755 ], [ -122.43065, 40.97544 ], [ -122.42982, 40.97515 ], [ -122.42941, 40.97497 ], [ -122.42912, 40.97478 ], [ -122.42899, 40.97463 ], [ -122.42894, 40.97446 ], [ -122.42898, 40.97404 ], [ -122.42902, 40.9738 ], [ -122.42913, 40.97347 ], [ -122.42917, 40.97327 ], [ -122.42923, 40.97289 ], [ -122.42918, 40.97254 ], [ -122.42918, 40.97222 ], [ -122.4291, 40.97199 ], [ -122.42905, 40.97173 ], [ -122.42909, 40.97155 ], [ -122.4292, 40.97144 ], [ -122.42942, 40.97137 ], [ -122.42946, 40.97136 ], [ -122.42989, 40.97116 ], [ -122.43027, 40.97103 ], [ -122.43089, 40.97083 ], [ -122.4312, 40.9706 ], [ -122.43154, 40.97023 ], [ -122.43182, 40.96981 ], [ -122.432, 40.96955 ], [ -122.43212, 40.96923 ], [ -122.43233, 40.96893 ], [ -122.43266, 40.96864 ], [ -122.43283, 40.9685 ], [ -122.43293, 40.96836 ], [ -122.43304, 40.96815 ], [ -122.43337, 40.9677 ], [ -122.43355, 40.96727 ], [ -122.43358, 40.96719 ], [ -122.43369, 40.96684 ], [ -122.43382, 40.9665 ], [ -122.43408, 40.96589 ], [ -122.43435, 40.96551 ], [ -122.43452, 40.96539 ], [ -122.43479, 40.96519 ], [ -122.43515, 40.96498 ], [ -122.43582, 40.96459 ], [ -122.43651, 40.96429 ], [ -122.43707, 40.96393 ], [ -122.43734, 40.96368 ], [ -122.43749, 40.9635 ], [ -122.43765, 40.96318 ], [ -122.43767, 40.96291 ], [ -122.43765, 40.96264 ], [ -122.43748, 40.9623 ], [ -122.43725, 40.96208 ], [ -122.43645, 40.96166 ], [ -122.43603, 40.9615 ], [ -122.43517, 40.96115 ], [ -122.4345, 40.96084 ], [ -122.43419, 40.96061 ], [ -122.43382, 40.96034 ], [ -122.43363, 40.96013 ], [ -122.43355, 40.95985 ], [ -122.4335, 40.95951 ], [ -122.43342, 40.95908 ], [ -122.43321, 40.95852 ], [ -122.43316, 40.95844 ], [ -122.433, 40.95824 ], [ -122.43268, 40.95803 ], [ -122.43205, 40.95773 ], [ -122.43178, 40.9576 ], [ -122.43161, 40.95748 ], [ -122.43107, 40.9571 ], [ -122.43083, 40.95688 ], [ -122.43073, 40.9567 ], [ -122.43064, 40.95634 ], [ -122.43064, 40.95631 ], [ -122.43063, 40.95609 ], [ -122.43072, 40.95573 ], [ -122.43094, 40.95487 ], [ -122.43108, 40.9546 ], [ -122.43128, 40.95425 ], [ -122.43156, 40.95376 ], [ -122.43172, 40.95337 ], [ -122.43175, 40.95331 ], [ -122.43179, 40.95308 ], [ -122.43178, 40.95285 ], [ -122.43162, 40.95259 ], [ -122.4314, 40.95235 ], [ -122.43133, 40.95212 ], [ -122.43129, 40.95192 ], [ -122.43131, 40.95171 ], [ -122.43135, 40.95157 ], [ -122.43156, 40.95076 ], [ -122.43177, 40.95015 ], [ -122.43212, 40.94914 ], [ -122.43237, 40.94865 ], [ -122.43286, 40.94807 ], [ -122.43339, 40.94767 ], [ -122.43345, 40.94762 ], [ -122.43409, 40.94713 ], [ -122.43498, 40.94635 ], [ -122.43527, 40.94596 ], [ -122.43543, 40.94568 ], [ -122.43549, 40.94544 ], [ -122.43546, 40.94522 ], [ -122.43534, 40.94491 ], [ -122.43507, 40.94462 ], [ -122.43444, 40.94412 ], [ -122.43382, 40.94352 ], [ -122.43306, 40.94309 ], [ -122.43265, 40.94291 ], [ -122.43235, 40.94284 ], [ -122.43185, 40.94282 ], [ -122.43093, 40.9428 ], [ -122.43024, 40.94293 ], [ -122.42973, 40.94316 ], [ -122.42931, 40.94342 ], [ -122.42912, 40.94363 ], [ -122.42846, 40.94435 ], [ -122.42799, 40.94465 ], [ -122.42751, 40.94498 ], [ -122.42703, 40.94521 ], [ -122.42655, 40.94546 ], [ -122.42615, 40.94553 ], [ -122.42588, 40.94549 ], [ -122.42568, 40.9454 ], [ -122.42543, 40.9452 ], [ -122.42494, 40.94483 ], [ -122.42456, 40.94456 ], [ -122.42432, 40.9444 ], [ -122.42392, 40.94419 ], [ -122.42337, 40.94389 ], [ -122.42201, 40.94292 ], [ -122.42198, 40.9429 ], [ -122.42076, 40.94195 ], [ -122.42034, 40.94148 ], [ -122.42026, 40.94139 ], [ -122.42015, 40.94117 ], [ -122.41995, 40.94075 ], [ -122.41965, 40.93987 ], [ -122.41937, 40.93929 ], [ -122.41882, 40.93854 ], [ -122.41866, 40.93835 ], [ -122.4183, 40.93802 ], [ -122.41807, 40.93798 ], [ -122.41738, 40.93804 ], [ -122.4167, 40.93824 ], [ -122.41598, 40.9385 ], [ -122.41441, 40.93912 ], [ -122.41402, 40.93918 ], [ -122.41378, 40.93918 ], [ -122.4135, 40.93912 ], [ -122.41326, 40.93904 ], [ -122.41302, 40.93887 ], [ -122.41287, 40.93876 ], [ -122.41272, 40.93857 ], [ -122.41257, 40.93813 ], [ -122.41214, 40.93755 ], [ -122.4113, 40.93668 ], [ -122.41097, 40.93644 ], [ -122.41065, 40.93615 ], [ -122.40986, 40.93552 ], [ -122.40967, 40.93536 ], [ -122.40965, 40.93535 ], [ -122.40952, 40.93513 ], [ -122.40941, 40.93485 ], [ -122.40936, 40.93466 ], [ -122.40942, 40.93449 ], [ -122.40961, 40.9344 ], [ -122.41004, 40.93423 ], [ -122.41031, 40.93403 ], [ -122.41077, 40.93359 ], [ -122.41118, 40.93317 ], [ -122.41129, 40.93293 ], [ -122.41134, 40.9323 ], [ -122.41132, 40.93198 ], [ -122.41126, 40.93173 ], [ -122.41114, 40.9315 ], [ -122.41069, 40.93134 ], [ -122.41044, 40.93124 ], [ -122.41007, 40.9311 ], [ -122.40935, 40.93053 ], [ -122.40906, 40.93031 ], [ -122.40898, 40.93017 ], [ -122.40895, 40.93009 ], [ -122.40891, 40.92998 ], [ -122.40887, 40.92982 ], [ -122.40858, 40.9295 ], [ -122.40841, 40.92915 ], [ -122.40833, 40.92881 ], [ -122.40834, 40.92852 ], [ -122.40832, 40.92767 ], [ -122.40837, 40.92701 ], [ -122.40828, 40.9264 ], [ -122.40824, 40.92598 ], [ -122.40819, 40.9255 ], [ -122.40806, 40.9244 ], [ -122.40793, 40.92408 ], [ -122.40765, 40.9237 ], [ -122.40704, 40.92333 ], [ -122.40647, 40.9232 ], [ -122.40591, 40.92318 ], [ -122.40539, 40.92331 ], [ -122.40536, 40.92333 ], [ -122.40496, 40.92362 ], [ -122.40489, 40.92418 ], [ -122.40487, 40.92482 ], [ -122.40437, 40.9263 ], [ -122.40386, 40.92699 ], [ -122.40355, 40.92721 ], [ -122.4032, 40.92722 ], [ -122.40233, 40.92688 ], [ -122.40211, 40.92675 ], [ -122.40131, 40.92624 ], [ -122.40055, 40.92531 ], [ -122.39995, 40.92461 ], [ -122.3992, 40.92366 ], [ -122.39743, 40.92146 ], [ -122.39738, 40.92141 ], [ -122.39665, 40.92065 ], [ -122.39591, 40.91999 ], [ -122.39517, 40.91932 ], [ -122.39443, 40.9189 ], [ -122.39345, 40.91865 ], [ -122.3925, 40.91882 ], [ -122.39156, 40.91903 ], [ -122.39022, 40.9198 ], [ -122.38986, 40.91993 ], [ -122.38856, 40.92039 ], [ -122.38762, 40.92054 ], [ -122.38718, 40.92048 ], [ -122.38663, 40.92041 ], [ -122.38583, 40.92003 ], [ -122.38549, 40.91897 ], [ -122.38517, 40.918 ], [ -122.38443, 40.91754 ], [ -122.38334, 40.91698 ], [ -122.38231, 40.91635 ], [ -122.38112, 40.91559 ], [ -122.37905, 40.91461 ], [ -122.37845, 40.91376 ], [ -122.37839, 40.91172 ], [ -122.37837, 40.91122 ], [ -122.37865, 40.90965 ], [ -122.37865, 40.90925 ], [ -122.37803, 40.90867 ], [ -122.3774, 40.90828 ], [ -122.37612, 40.90799 ], [ -122.37565, 40.90773 ], [ -122.37505, 40.90696 ], [ -122.3742, 40.90588 ], [ -122.37409, 40.90573 ], [ -122.37308, 40.90444 ], [ -122.37268, 40.90393 ], [ -122.37068, 40.90173 ], [ -122.37017, 40.90116 ], [ -122.36977, 40.89995 ], [ -122.36957, 40.89869 ], [ -122.36931, 40.89699 ], [ -122.36905, 40.89564 ], [ -122.3696, 40.89326 ], [ -122.37032, 40.8917 ], [ -122.37035, 40.89164 ], [ -122.37105, 40.89009 ], [ -122.37303, 40.88683 ], [ -122.37357, 40.88594 ], [ -122.37489, 40.88485 ], [ -122.37612, 40.88421 ], [ -122.37908, 40.88288 ], [ -122.37954, 40.88268 ], [ -122.3811, 40.88209 ], [ -122.38355, 40.88162 ], [ -122.38531, 40.88066 ], [ -122.38607, 40.87948 ], [ -122.38642, 40.8779 ], [ -122.38633, 40.87693 ], [ -122.38613, 40.87487 ], [ -122.38614, 40.87471 ], [ -122.38625, 40.87342 ], [ -122.3865, 40.87274 ], [ -122.38723, 40.87078 ], [ -122.38754, 40.86843 ], [ -122.38815, 40.86714 ], [ -122.38891, 40.86649 ], [ -122.39242, 40.86632 ], [ -122.39256, 40.86623 ], [ -122.39388, 40.86542 ], [ -122.39392, 40.86529 ], [ -122.39448, 40.86386 ], [ -122.39447, 40.86372 ], [ -122.39438, 40.86198 ], [ -122.3943, 40.86106 ], [ -122.39381, 40.85976 ], [ -122.39376, 40.85954 ], [ -122.39343, 40.85811 ], [ -122.39333, 40.85653 ], [ -122.39324, 40.85527 ], [ -122.3934, 40.85485 ], [ -122.39379, 40.85381 ], [ -122.39554, 40.85293 ], [ -122.3967, 40.85185 ], [ -122.39697, 40.85159 ], [ -122.39766, 40.85093 ], [ -122.3988, 40.84984 ], [ -122.39931, 40.84893 ], [ -122.39985, 40.84793 ], [ -122.40011, 40.84766 ], [ -122.40054, 40.84721 ], [ -122.40111, 40.84661 ], [ -122.40258, 40.84575 ], [ -122.40602, 40.84539 ], [ -122.40904, 40.84511 ], [ -122.4095, 40.8447 ], [ -122.41008, 40.84417 ], [ -122.40967, 40.84337 ], [ -122.40961, 40.84295 ], [ -122.40943, 40.84177 ], [ -122.40972, 40.8409 ], [ -122.40998, 40.84007 ], [ -122.41134, 40.83943 ], [ -122.4123, 40.83938 ], [ -122.41667, 40.84041 ], [ -122.41919, 40.84058 ], [ -122.42002, 40.84007 ], [ -122.42005, 40.83975 ], [ -122.42014, 40.83877 ], [ -122.41979, 40.83811 ], [ -122.41919, 40.83696 ], [ -122.41891, 40.83504 ], [ -122.41889, 40.83242 ], [ -122.41888, 40.83142 ], [ -122.41833, 40.83065 ], [ -122.41832, 40.83063 ], [ -122.41768, 40.8303 ], [ -122.41683, 40.83027 ], [ -122.41437, 40.83069 ], [ -122.41401, 40.8309 ], [ -122.41176, 40.83222 ], [ -122.40961, 40.83364 ], [ -122.40644, 40.834 ], [ -122.4045, 40.83375 ], [ -122.40431, 40.83372 ], [ -122.40336, 40.83307 ], [ -122.403, 40.83192 ], [ -122.40291, 40.83161 ], [ -122.40296, 40.82982 ], [ -122.40298, 40.82742 ], [ -122.40272, 40.82673 ], [ -122.40209, 40.82509 ], [ -122.40176, 40.82449 ], [ -122.40083, 40.82278 ], [ -122.39904, 40.82018 ], [ -122.39755, 40.81825 ], [ -122.39663, 40.81719 ], [ -122.39483, 40.81625 ], [ -122.39298, 40.81527 ], [ -122.38915, 40.81325 ], [ -122.38909, 40.81322 ], [ -122.38405, 40.81067 ], [ -122.38327, 40.80949 ], [ -122.38319, 40.80937 ], [ -122.38182, 40.80729 ], [ -122.38105, 40.8061 ], [ -122.38118, 40.80337 ], [ -122.38212, 40.79983 ], [ -122.38112, 40.79616 ], [ -122.38074, 40.79475 ], [ -122.38034, 40.79329 ], [ -122.37994, 40.7918 ], [ -122.37998, 40.79133 ], [ -122.38022, 40.78868 ], [ -122.38044, 40.78624 ], [ -122.38224, 40.78132 ], [ -122.38174, 40.77968 ], [ -122.38158, 40.77918 ], [ -122.37976, 40.77659 ], [ -122.37959, 40.77645 ], [ -122.37738, 40.7746 ], [ -122.37612, 40.774 ], [ -122.37308, 40.77287 ], [ -122.37243, 40.77261 ], [ -122.37008, 40.77166 ], [ -122.36857, 40.77089 ], [ -122.36848, 40.76953 ], [ -122.36888, 40.76779 ], [ -122.37012, 40.76549 ], [ -122.37612, 40.76172 ], [ -122.3801, 40.7566 ], [ -122.38245, 40.75397 ], [ -122.38617, 40.74773 ], [ -122.38727, 40.74527 ], [ -122.38733, 40.74525 ], [ -122.39239, 40.74382 ], [ -122.39957, 40.74266 ], [ -122.40615, 40.7416 ], [ -122.40978, 40.74099 ], [ -122.41387, 40.73579 ], [ -122.41376, 40.73466 ], [ -122.41371, 40.73413 ], [ -122.41322, 40.72911 ], [ -122.41446, 40.72696 ], [ -122.41519, 40.7257 ], [ -122.41608, 40.72416 ], [ -122.41631, 40.72376 ], [ -122.41921, 40.71872 ], [ -122.41985, 40.71785 ], [ -122.42008, 40.71764 ], [ -122.42078, 40.71697 ], [ -122.42214, 40.71656 ], [ -122.425, 40.71606 ], [ -122.42698, 40.71558 ], [ -122.42863, 40.71489 ], [ -122.42925, 40.71457 ], [ -122.42925, 40.71456 ], [ -122.42962, 40.71386 ], [ -122.43056, 40.7131 ], [ -122.43186, 40.71246 ], [ -122.43308, 40.71196 ], [ -122.43371, 40.7117 ], [ -122.43535, 40.71128 ], [ -122.4362, 40.71112 ], [ -122.43848, 40.71063 ], [ -122.43936, 40.71061 ], [ -122.43959, 40.7105 ], [ -122.43995, 40.71033 ], [ -122.44073, 40.70956 ], [ -122.44122, 40.70848 ], [ -122.44104, 40.70777 ], [ -122.44112, 40.70731 ], [ -122.44163, 40.70635 ], [ -122.44244, 40.70571 ], [ -122.44348, 40.70495 ], [ -122.44548, 40.70377 ], [ -122.44663, 40.70297 ], [ -122.44728, 40.70219 ], [ -122.44796, 40.70161 ], [ -122.44831, 40.70137 ], [ -122.44932, 40.70076 ], [ -122.45033, 40.69976 ], [ -122.45085, 40.6988 ], [ -122.45115, 40.69823 ], [ -122.45131, 40.69758 ], [ -122.45083, 40.69627 ], [ -122.44981, 40.69523 ], [ -122.44837, 40.69389 ], [ -122.4488, 40.69233 ], [ -122.4495, 40.69126 ], [ -122.45054, 40.68847 ], [ -122.45062, 40.68694 ], [ -122.45028, 40.68601 ], [ -122.44975, 40.68456 ], [ -122.44951, 40.68389 ], [ -122.45021, 40.68205 ], [ -122.45163, 40.68039 ], [ -122.45379, 40.67861 ], [ -122.45667, 40.67661 ], [ -122.45798, 40.67525 ], [ -122.45922, 40.67429 ], [ -122.45934, 40.6742 ], [ -122.46015, 40.67316 ], [ -122.46042, 40.67121 ], [ -122.46011, 40.66894 ], [ -122.45981, 40.66806 ], [ -122.45944, 40.667 ], [ -122.45951, 40.66535 ], [ -122.45998, 40.66279 ], [ -122.45976, 40.66066 ], [ -122.45842, 40.65969 ], [ -122.45672, 40.65857 ], [ -122.45527, 40.65813 ], [ -122.45238, 40.65734 ], [ -122.4503, 40.65744 ], [ -122.44309, 40.65818 ], [ -122.44153, 40.65809 ], [ -122.44096, 40.65805 ], [ -122.43972, 40.65706 ], [ -122.4395, 40.65625 ], [ -122.43912, 40.65479 ], [ -122.43901, 40.65446 ], [ -122.4384, 40.65286 ], [ -122.43838, 40.6523 ], [ -122.43836, 40.65195 ], [ -122.43918, 40.65038 ], [ -122.44066, 40.64791 ], [ -122.44088, 40.64754 ], [ -122.4422, 40.64571 ], [ -122.44304, 40.6445 ], [ -122.44338, 40.6433 ], [ -122.44371, 40.64216 ], [ -122.44385, 40.64157 ], [ -122.4451, 40.63939 ], [ -122.44611, 40.63862 ], [ -122.44723, 40.63784 ], [ -122.44977, 40.63616 ], [ -122.45045, 40.6347 ], [ -122.45051, 40.63286 ], [ -122.45046, 40.63181 ], [ -122.45048, 40.63062 ], [ -122.45114, 40.62933 ], [ -122.45249, 40.629 ], [ -122.45341, 40.62715 ], [ -122.45308, 40.62562 ], [ -122.45305, 40.62545 ], [ -122.45247, 40.62487 ], [ -122.45094, 40.62381 ], [ -122.45085, 40.62375 ], [ -122.44976, 40.62298 ], [ -122.44821, 40.62194 ], [ -122.44661, 40.62045 ], [ -122.44556, 40.61752 ], [ -122.44556, 40.61368 ], [ -122.44609, 40.61213 ], [ -122.44608, 40.61159 ], [ -122.44608, 40.61158 ], [ -122.44597, 40.61124 ], [ -122.44561, 40.6102 ], [ -122.44595, 40.60908 ], [ -122.44594, 40.6083 ], [ -122.44601, 40.60797 ], [ -122.4459, 40.60684 ], [ -122.44544, 40.60551 ], [ -122.44517, 40.60486 ], [ -122.44462, 40.60419 ], [ -122.44432, 40.60316 ], [ -122.44417, 40.60237 ], [ -122.44377, 40.60102 ], [ -122.4427, 40.59963 ], [ -122.44167, 40.5988 ], [ -122.44092, 40.59808 ], [ -122.43998, 40.59751 ], [ -122.43894, 40.59668 ], [ -122.43793, 40.59581 ], [ -122.43634, 40.59511 ], [ -122.43508, 40.59475 ], [ -122.43478, 40.59465 ], [ -122.43412, 40.59443 ], [ -122.4327, 40.59417 ], [ -122.43143, 40.59422 ], [ -122.43034, 40.59441 ], [ -122.4292, 40.59464 ], [ -122.42567, 40.59406 ], [ -122.42238, 40.59386 ], [ -122.42102, 40.59378 ], [ -122.41689, 40.59305 ], [ -122.41148, 40.59273 ], [ -122.41069, 40.59276 ], [ -122.40671, 40.59294 ], [ -122.40127, 40.59322 ], [ -122.40056, 40.59325 ], [ -122.39543, 40.59284 ], [ -122.39537, 40.59283 ], [ -122.39178, 40.59205 ], [ -122.38869, 40.59137 ], [ -122.3864, 40.59144 ], [ -122.38294, 40.59181 ], [ -122.37842, 40.59236 ], [ -122.37644, 40.59267 ], [ -122.37612, 40.59248 ], [ -122.36952, 40.59186 ], [ -122.36698, 40.59138 ], [ -122.36549, 40.59124 ], [ -122.36463, 40.59059 ], [ -122.36404, 40.59035 ], [ -122.36366, 40.58987 ], [ -122.36366, 40.58937 ], [ -122.36404, 40.5888 ], [ -122.36516, 40.58823 ], [ -122.36799, 40.58708 ], [ -122.36822, 40.58596 ], [ -122.36827, 40.58553 ], [ -122.36805, 40.58437 ], [ -122.36783, 40.58233 ], [ -122.36659, 40.58124 ], [ -122.36583, 40.5809 ], [ -122.3644, 40.58006 ], [ -122.36393, 40.5791 ], [ -122.36387, 40.57862 ], [ -122.36371, 40.57721 ], [ -122.36382, 40.57618 ], [ -122.36413, 40.57575 ], [ -122.3653, 40.57542 ], [ -122.36709, 40.57523 ], [ -122.36868, 40.57481 ], [ -122.36886, 40.57476 ], [ -122.3699, 40.57403 ], [ -122.37022, 40.57382 ], [ -122.37087, 40.57339 ], [ -122.3723, 40.57232 ], [ -122.37288, 40.57204 ], [ -122.374, 40.57149 ], [ -122.37534, 40.57047 ], [ -122.37612, 40.56933 ], [ -122.37679, 40.56798 ], [ -122.37668, 40.56606 ], [ -122.37612, 40.56426 ], [ -122.3747, 40.55924 ], [ -122.37448, 40.55648 ], [ -122.37536, 40.55537 ], [ -122.37612, 40.55359 ], [ -122.37596, 40.55304 ], [ -122.37587, 40.55137 ], [ -122.37564, 40.54949 ], [ -122.37483, 40.54729 ], [ -122.37379, 40.54558 ], [ -122.37062, 40.54361 ], [ -122.36954, 40.54317 ], [ -122.36846, 40.54318 ], [ -122.36539, 40.54381 ], [ -122.36457, 40.54398 ], [ -122.36384, 40.54399 ], [ -122.36316, 40.5437 ], [ -122.35986, 40.54096 ], [ -122.35764, 40.53895 ], [ -122.35631, 40.53745 ], [ -122.35508, 40.53613 ], [ -122.35449, 40.53549 ], [ -122.35387, 40.53426 ], [ -122.35388, 40.53291 ], [ -122.3543, 40.532 ], [ -122.35547, 40.53141 ], [ -122.35727, 40.53118 ], [ -122.35873, 40.53067 ], [ -122.35964, 40.53023 ], [ -122.36025, 40.52897 ], [ -122.36104, 40.52605 ], [ -122.36088, 40.52456 ], [ -122.35976, 40.52219 ], [ -122.35891, 40.52033 ], [ -122.35831, 40.51837 ], [ -122.35843, 40.51614 ], [ -122.35903, 40.51455 ], [ -122.35944, 40.51334 ], [ -122.36006, 40.51268 ], [ -122.36521, 40.50734 ], [ -122.36535, 40.5068 ], [ -122.36552, 40.50622 ], [ -122.36552, 40.50569 ], [ -122.36552, 40.50489 ], [ -122.3648, 40.50408 ], [ -122.36434, 40.50349 ], [ -122.36422, 40.5028 ], [ -122.3641, 40.50267 ], [ -122.36386, 40.50242 ], [ -122.36183, 40.50048 ], [ -122.36134, 40.49987 ], [ -122.36022, 40.49928 ], [ -122.35865, 40.49868 ], [ -122.35694, 40.49781 ], [ -122.3543, 40.49638 ], [ -122.35234, 40.49576 ], [ -122.34979, 40.49559 ], [ -122.34863, 40.49557 ], [ -122.3476, 40.49657 ], [ -122.34644, 40.49711 ], [ -122.34506, 40.49744 ], [ -122.34377, 40.49801 ], [ -122.34289, 40.49851 ], [ -122.34187, 40.49873 ], [ -122.34054, 40.49884 ], [ -122.33861, 40.49794 ], [ -122.33724, 40.49713 ], [ -122.33496, 40.49687 ], [ -122.33278, 40.4953 ], [ -122.33169, 40.49377 ], [ -122.33118, 40.492 ], [ -122.33091, 40.49 ], [ -122.33037, 40.48742 ], [ -122.32937, 40.48499 ], [ -122.32823, 40.48299 ], [ -122.32715, 40.48136 ], [ -122.32581, 40.48023 ], [ -122.32408, 40.47879 ], [ -122.32217, 40.47729 ], [ -122.32001, 40.4755 ], [ -122.31823, 40.474 ], [ -122.31732, 40.47345 ], [ -122.31574, 40.47247 ], [ -122.31397, 40.47192 ], [ -122.31183, 40.47174 ], [ -122.31082, 40.47192 ], [ -122.30634, 40.47305 ], [ -122.30453, 40.47334 ], [ -122.30288, 40.47343 ], [ -122.30209, 40.4734 ], [ -122.29883, 40.47277 ], [ -122.29501, 40.47212 ], [ -122.29328, 40.47162 ], [ -122.29035, 40.47102 ], [ -122.28696, 40.47025 ], [ -122.28392, 40.46937 ], [ -122.28123, 40.46872 ], [ -122.27846, 40.46859 ], [ -122.27668, 40.46864 ], [ -122.2753, 40.46913 ], [ -122.27398, 40.46963 ], [ -122.27135, 40.47169 ], [ -122.26956, 40.47317 ], [ -122.26873, 40.47361 ], [ -122.26698, 40.47352 ], [ -122.2646, 40.47277 ], [ -122.262, 40.47163 ], [ -122.25995, 40.47082 ], [ -122.25865, 40.4703 ], [ -122.2576, 40.46987 ], [ -122.25678, 40.46932 ], [ -122.25498, 40.4682 ], [ -122.25436, 40.46704 ], [ -122.25295, 40.46555 ], [ -122.25237, 40.46408 ], [ -122.253, 40.46317 ], [ -122.25209, 40.46177 ], [ -122.25153, 40.46187 ], [ -122.25114, 40.4618 ], [ -122.2498, 40.46192 ], [ -122.24729, 40.46237 ], [ -122.24617, 40.46259 ], [ -122.24514, 40.46262 ], [ -122.2443, 40.46263 ], [ -122.24358, 40.46258 ], [ -122.24339, 40.46258 ], [ -122.24211, 40.46255 ], [ -122.23887, 40.46233 ], [ -122.23653, 40.46226 ], [ -122.23622, 40.46226 ], [ -122.23591, 40.46225 ], [ -122.2346, 40.46211 ], [ -122.23351, 40.46206 ], [ -122.23276, 40.46221 ], [ -122.23217, 40.46241 ], [ -122.23166, 40.46266 ], [ -122.23138, 40.46305 ], [ -122.23119, 40.4634 ], [ -122.23111, 40.46369 ], [ -122.22906, 40.46261 ], [ -122.22821, 40.46186 ], [ -122.2278, 40.46034 ], [ -122.22743, 40.45887 ], [ -122.22677, 40.45715 ], [ -122.22453, 40.45397 ], [ -122.22282, 40.45165 ], [ -122.22174, 40.45018 ], [ -122.22047, 40.44906 ], [ -122.21963, 40.44812 ], [ -122.21817, 40.44681 ], [ -122.21691, 40.44553 ], [ -122.21569, 40.44499 ], [ -122.21306, 40.44401 ], [ -122.21229, 40.44398 ], [ -122.21102, 40.4434 ], [ -122.21016, 40.44288 ], [ -122.2095, 40.44234 ], [ -122.20901, 40.44179 ], [ -122.2077, 40.44018 ], [ -122.20639, 40.43833 ], [ -122.20549, 40.4366 ], [ -122.20491, 40.43632 ], [ -122.20371, 40.43513 ], [ -122.20172, 40.43296 ], [ -122.2, 40.43183 ], [ -122.19856, 40.4308 ], [ -122.19782, 40.43026 ], [ -122.19524, 40.42846 ], [ -122.19473, 40.42734 ], [ -122.1945, 40.42462 ], [ -122.1945, 40.42427 ], [ -122.19433, 40.4203 ], [ -122.19399, 40.41822 ], [ -122.19313, 40.41467 ], [ -122.193, 40.41334 ], [ -122.19185, 40.41058 ], [ -122.19148, 40.40843 ], [ -122.19098, 40.40468 ], [ -122.19089, 40.40294 ], [ -122.19092, 40.4025 ], [ -122.19098, 40.40103 ], [ -122.19128, 40.39984 ], [ -122.1922, 40.39629 ], [ -122.19306, 40.39433 ], [ -122.19529, 40.38942 ], [ -122.19568, 40.38795 ], [ -122.19794, 40.38365 ], [ -122.19904, 40.38111 ], [ -122.19908, 40.38085 ], [ -122.1992, 40.3782 ], [ -122.19921, 40.37707 ], [ -122.19875, 40.37601 ], [ -122.1972, 40.37488 ], [ -122.19699, 40.37467 ], [ -122.19435, 40.37276 ], [ -122.19163, 40.37064 ], [ -122.18908, 40.36861 ], [ -122.18634, 40.36624 ], [ -122.18538, 40.36537 ], [ -122.18172, 40.36083 ], [ -122.18047, 40.35953 ], [ -122.17841, 40.35867 ], [ -122.1778, 40.35771 ], [ -122.17639, 40.35605 ], [ -122.17619, 40.35534 ], [ -122.17601, 40.35449 ], [ -122.17622, 40.35429 ], [ -122.17663, 40.35387 ], [ -122.1771, 40.35341 ], [ -122.17757, 40.35295 ], [ -122.18079, 40.35251 ], [ -122.18219, 40.35117 ], [ -122.18258, 40.34987 ], [ -122.18293, 40.34871 ], [ -122.18329, 40.34766 ], [ -122.18594, 40.34515 ], [ -122.18835, 40.34264 ], [ -122.19221, 40.34204 ], [ -122.19535, 40.34249 ], [ -122.19707, 40.34274 ], [ -122.19936, 40.34284 ], [ -122.20089, 40.34279 ], [ -122.20231, 40.34238 ], [ -122.20376, 40.34185 ], [ -122.2066, 40.33865 ], [ -122.2091, 40.33617 ], [ -122.21027, 40.33478 ], [ -122.21073, 40.3324 ], [ -122.2113, 40.33052 ], [ -122.21155, 40.32969 ], [ -122.21164, 40.32831 ], [ -122.21114, 40.32635 ], [ -122.2108, 40.32563 ], [ -122.20785, 40.32212 ], [ -122.20682, 40.32092 ], [ -122.20556, 40.31978 ], [ -122.20486, 40.31915 ], [ -122.20185, 40.31821 ], [ -122.2005, 40.31781 ], [ -122.19731, 40.31745 ], [ -122.19369, 40.31717 ], [ -122.19146, 40.31725 ], [ -122.19, 40.31723 ], [ -122.18616, 40.3168 ], [ -122.18362, 40.31661 ], [ -122.18016, 40.31651 ], [ -122.17755, 40.31663 ], [ -122.17602, 40.31701 ], [ -122.17341, 40.31794 ], [ -122.17143, 40.31933 ], [ -122.17052, 40.32076 ], [ -122.16943, 40.32266 ], [ -122.1683, 40.32424 ], [ -122.16692, 40.32561 ], [ -122.16533, 40.32652 ], [ -122.16339, 40.32708 ], [ -122.16172, 40.32773 ], [ -122.15776, 40.32916 ], [ -122.15399, 40.32982 ], [ -122.15294, 40.3297 ], [ -122.15208, 40.32814 ], [ -122.15102, 40.3265 ], [ -122.15071, 40.32532 ], [ -122.15078, 40.32346 ], [ -122.15113, 40.32186 ], [ -122.15218, 40.32103 ], [ -122.15368, 40.3202 ], [ -122.15473, 40.31906 ], [ -122.15479, 40.31869 ], [ -122.1548, 40.31765 ], [ -122.15413, 40.31704 ], [ -122.15286, 40.31632 ], [ -122.15183, 40.31584 ], [ -122.14992, 40.31437 ], [ -122.14927, 40.31371 ], [ -122.14922, 40.31305 ], [ -122.14938, 40.31191 ], [ -122.15044, 40.30959 ], [ -122.15161, 40.30817 ], [ -122.15252, 40.3072 ], [ -122.15295, 40.30645 ], [ -122.15332, 40.30581 ], [ -122.15364, 40.30474 ], [ -122.15462, 40.30316 ], [ -122.15515, 40.30248 ], [ -122.15623, 40.30168 ], [ -122.1575, 40.30122 ], [ -122.15872, 40.30118 ], [ -122.16089, 40.30148 ], [ -122.162, 40.30193 ], [ -122.16305, 40.30224 ], [ -122.16419, 40.30233 ], [ -122.16489, 40.30237 ], [ -122.16574, 40.30237 ], [ -122.16683, 40.30216 ], [ -122.16799, 40.30179 ], [ -122.16855, 40.30143 ], [ -122.17042, 40.30056 ], [ -122.17347, 40.29936 ], [ -122.17789, 40.29757 ], [ -122.17854, 40.29712 ], [ -122.17949, 40.29654 ], [ -122.18074, 40.29583 ], [ -122.18232, 40.29441 ], [ -122.18393, 40.2926 ], [ -122.18537, 40.29044 ], [ -122.1855, 40.29031 ], [ -122.18609, 40.2897 ], [ -122.18732, 40.28842 ], [ -122.18979, 40.28598 ], [ -122.18997, 40.28582 ], [ -122.19017, 40.28567 ], [ -122.19024, 40.28562 ], [ -122.19026, 40.28559 ], [ -122.19039, 40.28544 ], [ -122.19048, 40.28536 ], [ -122.19051, 40.28533 ], [ -122.19052, 40.28529 ], [ -122.19053, 40.28522 ], [ -122.19059, 40.28512 ], [ -122.19063, 40.28506 ], [ -122.19065, 40.28499 ], [ -122.19069, 40.28484 ], [ -122.1908, 40.28473 ], [ -122.19082, 40.2847 ], [ -122.19091, 40.28453 ], [ -122.19093, 40.2845 ], [ -122.19095, 40.28447 ], [ -122.1912, 40.28421 ], [ -122.19126, 40.28415 ], [ -122.19134, 40.28402 ], [ -122.19138, 40.28395 ], [ -122.19142, 40.28388 ], [ -122.19162, 40.28379 ], [ -122.19173, 40.28372 ], [ -122.1918, 40.28367 ], [ -122.19183, 40.28364 ], [ -122.19197, 40.2835 ], [ -122.19202, 40.28344 ], [ -122.19211, 40.28332 ], [ -122.19216, 40.28325 ], [ -122.19221, 40.28315 ], [ -122.19223, 40.28308 ], [ -122.19224, 40.28303 ], [ -122.19237, 40.28288 ], [ -122.19262, 40.28262 ], [ -122.19289, 40.28236 ], [ -122.19311, 40.28213 ], [ -122.19318, 40.28204 ], [ -122.19326, 40.28192 ], [ -122.19331, 40.28182 ], [ -122.19334, 40.28171 ], [ -122.1934, 40.28165 ], [ -122.19343, 40.28163 ], [ -122.19359, 40.28153 ], [ -122.19364, 40.28147 ], [ -122.19378, 40.28133 ], [ -122.19384, 40.28127 ], [ -122.19391, 40.28122 ], [ -122.19392, 40.28107 ], [ -122.194, 40.28094 ], [ -122.19405, 40.28088 ], [ -122.19408, 40.28085 ], [ -122.19427, 40.2807 ], [ -122.19434, 40.28065 ], [ -122.19443, 40.2806 ], [ -122.19454, 40.28048 ], [ -122.19459, 40.28043 ], [ -122.1948, 40.28024 ], [ -122.19485, 40.28018 ], [ -122.19491, 40.28013 ], [ -122.19497, 40.28007 ], [ -122.19508, 40.27999 ], [ -122.19513, 40.27993 ], [ -122.19519, 40.27988 ], [ -122.19537, 40.27972 ], [ -122.19545, 40.27967 ], [ -122.19546, 40.27964 ], [ -122.19552, 40.27954 ], [ -122.19556, 40.27948 ], [ -122.19561, 40.27942 ], [ -122.19573, 40.27931 ], [ -122.1958, 40.27922 ], [ -122.19586, 40.27916 ], [ -122.19588, 40.27913 ], [ -122.19595, 40.27903 ], [ -122.19597, 40.279 ], [ -122.19598, 40.27893 ], [ -122.19602, 40.27883 ], [ -122.19602, 40.27879 ], [ -122.19605, 40.27876 ], [ -122.19613, 40.27873 ], [ -122.19619, 40.27869 ], [ -122.19641, 40.27846 ], [ -122.19649, 40.2784 ], [ -122.19664, 40.27822 ], [ -122.1967, 40.27816 ], [ -122.19681, 40.27809 ], [ -122.19688, 40.27804 ], [ -122.19696, 40.27801 ], [ -122.19702, 40.27799 ], [ -122.19706, 40.27797 ], [ -122.19712, 40.27791 ], [ -122.19723, 40.2778 ], [ -122.19726, 40.27777 ], [ -122.19737, 40.27761 ], [ -122.19742, 40.27751 ], [ -122.19744, 40.27748 ], [ -122.19749, 40.27742 ], [ -122.19757, 40.27733 ], [ -122.19764, 40.27724 ], [ -122.19768, 40.27717 ], [ -122.19781, 40.27694 ], [ -122.19785, 40.27688 ], [ -122.19791, 40.27682 ], [ -122.19801, 40.27675 ], [ -122.19814, 40.27669 ], [ -122.19821, 40.27665 ], [ -122.19839, 40.27654 ], [ -122.19846, 40.27649 ], [ -122.19855, 40.27641 ], [ -122.19866, 40.27617 ], [ -122.19867, 40.27607 ], [ -122.19877, 40.27594 ], [ -122.19894, 40.27589 ], [ -122.19903, 40.27586 ], [ -122.19906, 40.27583 ], [ -122.19916, 40.27575 ], [ -122.19926, 40.27567 ], [ -122.19929, 40.27565 ], [ -122.19946, 40.27548 ], [ -122.19948, 40.27545 ], [ -122.19953, 40.27538 ], [ -122.19959, 40.27529 ], [ -122.19962, 40.27522 ], [ -122.19965, 40.27515 ], [ -122.19967, 40.27509 ], [ -122.19989, 40.27496 ], [ -122.19996, 40.27491 ], [ -122.20012, 40.27478 ], [ -122.20028, 40.27465 ], [ -122.2004, 40.27454 ], [ -122.20058, 40.27442 ], [ -122.2011, 40.27413 ], [ -122.20124, 40.2741 ], [ -122.20132, 40.27408 ], [ -122.20139, 40.27405 ], [ -122.20156, 40.27389 ], [ -122.20163, 40.27384 ], [ -122.20174, 40.27377 ], [ -122.20182, 40.27373 ], [ -122.20186, 40.27371 ], [ -122.20208, 40.27364 ], [ -122.20219, 40.27352 ], [ -122.20227, 40.27343 ], [ -122.20232, 40.27337 ], [ -122.20235, 40.27332 ], [ -122.20242, 40.27327 ], [ -122.2026, 40.27315 ], [ -122.20274, 40.27309 ], [ -122.20289, 40.27302 ], [ -122.20312, 40.2729 ], [ -122.20372, 40.27255 ], [ -122.2038, 40.27251 ], [ -122.20382, 40.2725 ], [ -122.20395, 40.27245 ], [ -122.20402, 40.2724 ], [ -122.20413, 40.27233 ], [ -122.20439, 40.27217 ], [ -122.20443, 40.27215 ], [ -122.205, 40.27189 ], [ -122.20538, 40.27175 ], [ -122.20546, 40.27171 ], [ -122.20618, 40.27137 ], [ -122.20657, 40.27116 ], [ -122.20677, 40.27106 ], [ -122.207, 40.27096 ], [ -122.20713, 40.27091 ], [ -122.20794, 40.27062 ], [ -122.20806, 40.27056 ], [ -122.20849, 40.27034 ], [ -122.20869, 40.27025 ], [ -122.20918, 40.27002 ], [ -122.20959, 40.26984 ], [ -122.21033, 40.26952 ], [ -122.21163, 40.26901 ], [ -122.21172, 40.26898 ], [ -122.21237, 40.26877 ], [ -122.21282, 40.26865 ], [ -122.21308, 40.26857 ], [ -122.21334, 40.26848 ], [ -122.21369, 40.26837 ], [ -122.21433, 40.26814 ], [ -122.21473, 40.26802 ], [ -122.2149, 40.26796 ], [ -122.21541, 40.26777 ], [ -122.2158, 40.26764 ], [ -122.21589, 40.26761 ], [ -122.2162, 40.26753 ], [ -122.21664, 40.26738 ], [ -122.21681, 40.26732 ], [ -122.21717, 40.26724 ], [ -122.21763, 40.26713 ], [ -122.21807, 40.267 ], [ -122.21829, 40.26694 ], [ -122.21864, 40.26685 ], [ -122.21936, 40.26666 ], [ -122.21968, 40.26658 ], [ -122.21998, 40.26647 ], [ -122.22007, 40.26644 ], [ -122.22017, 40.26642 ], [ -122.22041, 40.26631 ], [ -122.22086, 40.26619 ], [ -122.22094, 40.26616 ], [ -122.22113, 40.26612 ], [ -122.22126, 40.26607 ], [ -122.22142, 40.26601 ], [ -122.2215, 40.26597 ], [ -122.22154, 40.26594 ], [ -122.22207, 40.26559 ], [ -122.22235, 40.26539 ], [ -122.22241, 40.26534 ], [ -122.22249, 40.26525 ], [ -122.22254, 40.26519 ], [ -122.22262, 40.26506 ], [ -122.22269, 40.26501 ], [ -122.22275, 40.26496 ], [ -122.2228, 40.26491 ], [ -122.2231, 40.26462 ], [ -122.2232, 40.26454 ], [ -122.22325, 40.26448 ], [ -122.2233, 40.26442 ], [ -122.22334, 40.26435 ], [ -122.22337, 40.26429 ], [ -122.2234, 40.26422 ], [ -122.22352, 40.26407 ], [ -122.22363, 40.26395 ], [ -122.22368, 40.26385 ], [ -122.22376, 40.26372 ], [ -122.22383, 40.26363 ], [ -122.22405, 40.26339 ], [ -122.2241, 40.26333 ], [ -122.22416, 40.26324 ], [ -122.22421, 40.26314 ], [ -122.22429, 40.2631 ], [ -122.22436, 40.26305 ], [ -122.22443, 40.26301 ], [ -122.22454, 40.26292 ], [ -122.22466, 40.26286 ], [ -122.22473, 40.26281 ], [ -122.2248, 40.26275 ], [ -122.22489, 40.26262 ], [ -122.22498, 40.26246 ], [ -122.22527, 40.26218 ], [ -122.2253, 40.26215 ], [ -122.22535, 40.26209 ], [ -122.22537, 40.26202 ], [ -122.22539, 40.26191 ], [ -122.2254, 40.26184 ], [ -122.2254, 40.26177 ], [ -122.22558, 40.26136 ], [ -122.2257, 40.26109 ], [ -122.22584, 40.26083 ], [ -122.22586, 40.26076 ], [ -122.22586, 40.26072 ], [ -122.22586, 40.26036 ], [ -122.22587, 40.26008 ], [ -122.22586, 40.25969 ], [ -122.22587, 40.25954 ], [ -122.2259, 40.2594 ], [ -122.22593, 40.25905 ], [ -122.22598, 40.25884 ], [ -122.22597, 40.25859 ], [ -122.22598, 40.25839 ], [ -122.22594, 40.25833 ], [ -122.22592, 40.25826 ], [ -122.22589, 40.25812 ], [ -122.22588, 40.25808 ], [ -122.22588, 40.25801 ], [ -122.2259, 40.25783 ], [ -122.22593, 40.25769 ], [ -122.22595, 40.25766 ], [ -122.22598, 40.25759 ], [ -122.22604, 40.2575 ], [ -122.22605, 40.25743 ], [ -122.22604, 40.25729 ], [ -122.22602, 40.25722 ], [ -122.22599, 40.25708 ], [ -122.22588, 40.25698 ], [ -122.22591, 40.2568 ], [ -122.22591, 40.25666 ], [ -122.22595, 40.25605 ], [ -122.22595, 40.25598 ], [ -122.22593, 40.25584 ], [ -122.22593, 40.2558 ], [ -122.22594, 40.25569 ], [ -122.22595, 40.25562 ], [ -122.22592, 40.25534 ], [ -122.22596, 40.25495 ], [ -122.22604, 40.2546 ], [ -122.22605, 40.25449 ], [ -122.22608, 40.2542 ], [ -122.22609, 40.25399 ], [ -122.2261, 40.25382 ], [ -122.22609, 40.25371 ], [ -122.2261, 40.25338 ], [ -122.22612, 40.25334 ], [ -122.22618, 40.25321 ], [ -122.2262, 40.25314 ], [ -122.22621, 40.25307 ], [ -122.22623, 40.25264 ], [ -122.22624, 40.25249 ], [ -122.22624, 40.25239 ], [ -122.22623, 40.25224 ], [ -122.22618, 40.25175 ], [ -122.22616, 40.25139 ], [ -122.22613, 40.25114 ], [ -122.2261, 40.25104 ], [ -122.22593, 40.25044 ], [ -122.22582, 40.24989 ], [ -122.22566, 40.24928 ], [ -122.2256, 40.24915 ], [ -122.22556, 40.24905 ], [ -122.22546, 40.24859 ], [ -122.2253, 40.24818 ], [ -122.22528, 40.24811 ], [ -122.22523, 40.24792 ], [ -122.22518, 40.2478 ], [ -122.22509, 40.24756 ], [ -122.225, 40.2474 ], [ -122.22498, 40.24734 ], [ -122.22495, 40.24723 ], [ -122.22489, 40.24706 ], [ -122.2248, 40.24686 ], [ -122.22453, 40.24644 ], [ -122.22432, 40.24608 ], [ -122.22428, 40.24598 ], [ -122.22411, 40.24553 ], [ -122.22406, 40.24543 ], [ -122.22389, 40.2451 ], [ -122.22375, 40.24487 ], [ -122.22364, 40.2446 ], [ -122.22331, 40.24397 ], [ -122.22289, 40.24317 ], [ -122.22285, 40.24311 ], [ -122.22245, 40.2425 ], [ -122.22214, 40.2421 ], [ -122.22209, 40.24204 ], [ -122.22158, 40.24123 ], [ -122.22149, 40.24111 ], [ -122.22133, 40.24085 ], [ -122.22128, 40.24079 ], [ -122.22103, 40.24053 ], [ -122.22059, 40.24011 ], [ -122.22043, 40.23998 ], [ -122.2201, 40.23967 ], [ -122.22007, 40.23964 ], [ -122.21992, 40.23946 ], [ -122.21971, 40.23927 ], [ -122.21968, 40.23924 ], [ -122.21888, 40.23858 ], [ -122.21851, 40.23821 ], [ -122.21842, 40.23812 ], [ -122.21805, 40.23785 ], [ -122.2179, 40.23771 ], [ -122.21784, 40.23765 ], [ -122.21766, 40.23745 ], [ -122.21754, 40.23734 ], [ -122.21714, 40.23703 ], [ -122.21693, 40.23688 ], [ -122.21675, 40.23677 ], [ -122.21668, 40.23667 ], [ -122.2166, 40.23659 ], [ -122.21632, 40.23635 ], [ -122.21628, 40.23632 ], [ -122.21599, 40.23614 ], [ -122.21591, 40.2361 ], [ -122.21583, 40.23606 ], [ -122.21558, 40.23596 ], [ -122.21539, 40.23585 ], [ -122.21526, 40.23582 ], [ -122.21517, 40.2358 ], [ -122.21484, 40.23566 ], [ -122.2143, 40.23552 ], [ -122.21324, 40.23533 ], [ -122.21273, 40.23524 ], [ -122.2124, 40.2352 ], [ -122.21193, 40.23519 ], [ -122.21141, 40.23516 ], [ -122.21112, 40.23516 ], [ -122.21042, 40.23522 ], [ -122.20991, 40.23531 ], [ -122.2095, 40.23541 ], [ -122.20942, 40.23544 ], [ -122.20889, 40.23568 ], [ -122.2088, 40.23571 ], [ -122.20872, 40.23575 ], [ -122.20868, 40.23581 ], [ -122.20865, 40.23584 ], [ -122.20854, 40.23596 ], [ -122.20848, 40.23601 ], [ -122.20823, 40.23618 ], [ -122.20812, 40.23625 ], [ -122.2074, 40.23676 ], [ -122.20734, 40.23681 ], [ -122.20728, 40.23687 ], [ -122.20727, 40.23693 ], [ -122.20726, 40.237 ], [ -122.20718, 40.23724 ], [ -122.20714, 40.23731 ], [ -122.20682, 40.2379 ], [ -122.2068, 40.23793 ], [ -122.20674, 40.23807 ], [ -122.20667, 40.23834 ], [ -122.20666, 40.23841 ], [ -122.20662, 40.23891 ], [ -122.20661, 40.23894 ], [ -122.2065, 40.23918 ], [ -122.20647, 40.23925 ], [ -122.20632, 40.23977 ], [ -122.20627, 40.23998 ], [ -122.20625, 40.24001 ], [ -122.2059, 40.24071 ], [ -122.20581, 40.24088 ], [ -122.20543, 40.24172 ], [ -122.2053, 40.24207 ], [ -122.20521, 40.24223 ], [ -122.2051, 40.24239 ], [ -122.20508, 40.24242 ], [ -122.205, 40.24263 ], [ -122.20496, 40.24277 ], [ -122.20495, 40.24287 ], [ -122.20494, 40.24291 ], [ -122.20481, 40.2431 ], [ -122.20478, 40.24317 ], [ -122.20475, 40.24331 ], [ -122.20473, 40.24334 ], [ -122.20467, 40.24347 ], [ -122.20452, 40.24403 ], [ -122.20443, 40.24427 ], [ -122.20442, 40.24431 ], [ -122.20438, 40.24452 ], [ -122.20432, 40.24487 ], [ -122.20429, 40.24494 ], [ -122.20418, 40.2451 ], [ -122.20417, 40.24514 ], [ -122.20407, 40.24556 ], [ -122.20405, 40.24563 ], [ -122.20401, 40.24573 ], [ -122.204, 40.24584 ], [ -122.204, 40.24587 ], [ -122.20398, 40.24591 ], [ -122.20392, 40.24604 ], [ -122.20392, 40.24608 ], [ -122.20393, 40.24622 ], [ -122.20393, 40.24626 ], [ -122.20385, 40.24672 ], [ -122.20382, 40.24707 ], [ -122.20379, 40.24718 ], [ -122.20375, 40.24728 ], [ -122.20364, 40.24752 ], [ -122.20357, 40.24769 ], [ -122.20349, 40.24781 ], [ -122.20338, 40.24801 ], [ -122.2033, 40.24814 ], [ -122.20321, 40.24827 ], [ -122.20298, 40.24854 ], [ -122.20287, 40.2487 ], [ -122.20283, 40.24876 ], [ -122.20282, 40.2488 ], [ -122.20281, 40.24887 ], [ -122.20279, 40.24894 ], [ -122.20269, 40.24918 ], [ -122.2026, 40.2493 ], [ -122.20248, 40.24949 ], [ -122.20231, 40.24971 ], [ -122.20228, 40.24974 ], [ -122.20225, 40.2498 ], [ -122.20221, 40.24987 ], [ -122.20218, 40.24998 ], [ -122.20211, 40.25011 ], [ -122.20205, 40.2502 ], [ -122.20198, 40.25034 ], [ -122.20193, 40.25055 ], [ -122.20188, 40.25069 ], [ -122.20189, 40.25076 ], [ -122.20185, 40.25085 ], [ -122.20179, 40.25087 ], [ -122.20174, 40.25093 ], [ -122.20157, 40.25115 ], [ -122.20148, 40.25131 ], [ -122.20139, 40.25148 ], [ -122.20132, 40.25157 ], [ -122.20132, 40.25164 ], [ -122.20128, 40.25189 ], [ -122.20127, 40.25196 ], [ -122.20118, 40.2522 ], [ -122.20116, 40.25223 ], [ -122.20111, 40.25229 ], [ -122.20108, 40.25232 ], [ -122.20101, 40.25237 ], [ -122.20098, 40.25239 ], [ -122.20089, 40.25243 ], [ -122.20085, 40.25245 ], [ -122.20083, 40.25247 ], [ -122.20083, 40.25247 ], [ -122.20081, 40.25251 ], [ -122.20079, 40.25254 ], [ -122.20076, 40.25265 ], [ -122.20074, 40.25268 ], [ -122.20071, 40.25282 ], [ -122.20065, 40.25292 ], [ -122.20064, 40.25295 ], [ -122.20066, 40.25305 ], [ -122.20066, 40.25309 ], [ -122.20065, 40.25312 ], [ -122.20061, 40.25319 ], [ -122.20053, 40.25332 ], [ -122.20049, 40.25342 ], [ -122.20044, 40.25352 ], [ -122.20038, 40.25358 ], [ -122.20034, 40.25364 ], [ -122.20033, 40.25368 ], [ -122.20024, 40.25392 ], [ -122.20022, 40.25395 ], [ -122.20018, 40.25397 ], [ -122.20014, 40.25399 ], [ -122.19998, 40.25417 ], [ -122.19995, 40.2542 ], [ -122.19992, 40.25427 ], [ -122.19985, 40.25436 ], [ -122.19983, 40.25439 ], [ -122.19968, 40.25453 ], [ -122.19967, 40.25457 ], [ -122.19964, 40.25464 ], [ -122.19961, 40.25471 ], [ -122.19959, 40.25474 ], [ -122.19954, 40.25478 ], [ -122.19944, 40.25486 ], [ -122.19937, 40.25493 ], [ -122.19935, 40.25494 ], [ -122.19933, 40.25516 ], [ -122.19932, 40.25519 ], [ -122.19928, 40.25525 ], [ -122.19918, 40.25538 ], [ -122.19912, 40.25547 ], [ -122.1991, 40.25551 ], [ -122.19903, 40.25556 ], [ -122.19885, 40.25572 ], [ -122.19882, 40.25575 ], [ -122.19878, 40.25581 ], [ -122.19853, 40.25598 ], [ -122.19851, 40.25601 ], [ -122.19847, 40.25618 ], [ -122.19844, 40.25625 ], [ -122.19838, 40.25634 ], [ -122.19829, 40.25647 ], [ -122.19826, 40.2565 ], [ -122.19819, 40.25655 ], [ -122.19812, 40.2566 ], [ -122.19808, 40.25661 ], [ -122.19789, 40.25664 ], [ -122.19771, 40.25669 ], [ -122.19766, 40.25668 ], [ -122.19752, 40.25671 ], [ -122.19739, 40.25681 ], [ -122.19728, 40.25688 ], [ -122.19718, 40.25695 ], [ -122.19708, 40.25705 ], [ -122.19701, 40.25715 ], [ -122.1969, 40.2572 ], [ -122.19678, 40.25726 ], [ -122.19666, 40.25732 ], [ -122.19645, 40.25733 ], [ -122.19636, 40.25733 ], [ -122.19611, 40.25745 ], [ -122.19587, 40.2575 ], [ -122.19569, 40.25754 ], [ -122.19564, 40.25755 ], [ -122.19541, 40.25755 ], [ -122.19534, 40.25756 ], [ -122.19506, 40.2576 ], [ -122.19502, 40.2576 ], [ -122.19487, 40.25761 ], [ -122.19473, 40.25762 ], [ -122.19441, 40.25768 ], [ -122.19437, 40.25769 ], [ -122.19433, 40.25771 ], [ -122.19428, 40.25772 ], [ -122.19409, 40.25772 ], [ -122.19405, 40.25773 ], [ -122.19382, 40.25778 ], [ -122.19373, 40.25781 ], [ -122.1936, 40.25784 ], [ -122.19334, 40.25794 ], [ -122.1933, 40.25795 ], [ -122.19325, 40.25798 ], [ -122.19317, 40.25801 ], [ -122.19304, 40.25806 ], [ -122.19296, 40.25809 ], [ -122.19291, 40.2581 ], [ -122.19277, 40.25812 ], [ -122.19272, 40.25812 ], [ -122.19263, 40.25812 ], [ -122.19262, 40.25812 ], [ -122.19249, 40.25813 ], [ -122.1924, 40.25812 ], [ -122.19232, 40.25815 ], [ -122.19219, 40.25818 ], [ -122.19201, 40.25824 ], [ -122.19192, 40.25832 ], [ -122.19165, 40.25838 ], [ -122.19156, 40.2584 ], [ -122.19147, 40.25839 ], [ -122.19137, 40.25838 ], [ -122.19133, 40.2584 ], [ -122.1912, 40.25845 ], [ -122.19103, 40.25851 ], [ -122.191, 40.25855 ], [ -122.19092, 40.25858 ], [ -122.19084, 40.25861 ], [ -122.19068, 40.25869 ], [ -122.19055, 40.25874 ], [ -122.19047, 40.25877 ], [ -122.19039, 40.25878 ], [ -122.19029, 40.25877 ], [ -122.1902, 40.25883 ], [ -122.19012, 40.25886 ], [ -122.19008, 40.25888 ], [ -122.18999, 40.2589 ], [ -122.1899, 40.25892 ], [ -122.18976, 40.25894 ], [ -122.18969, 40.25897 ], [ -122.18964, 40.25898 ], [ -122.18941, 40.25902 ], [ -122.18932, 40.25903 ], [ -122.18917, 40.25903 ], [ -122.18893, 40.25908 ], [ -122.18879, 40.25909 ], [ -122.18872, 40.25913 ], [ -122.18849, 40.25925 ], [ -122.18841, 40.25929 ], [ -122.18832, 40.25932 ], [ -122.18814, 40.25936 ], [ -122.188, 40.25939 ], [ -122.18778, 40.25945 ], [ -122.18769, 40.25948 ], [ -122.18751, 40.25951 ], [ -122.18746, 40.25951 ], [ -122.18737, 40.25952 ], [ -122.18727, 40.25953 ], [ -122.18679, 40.2595 ], [ -122.1867, 40.25949 ], [ -122.18665, 40.25948 ], [ -122.18652, 40.25944 ], [ -122.18643, 40.25941 ], [ -122.18635, 40.25937 ], [ -122.18628, 40.25933 ], [ -122.18612, 40.25931 ], [ -122.18598, 40.25929 ], [ -122.18588, 40.25929 ], [ -122.18579, 40.25929 ], [ -122.1857, 40.25927 ], [ -122.18561, 40.25925 ], [ -122.18556, 40.25924 ], [ -122.18545, 40.25918 ], [ -122.18534, 40.25912 ], [ -122.18527, 40.25907 ], [ -122.18512, 40.25893 ], [ -122.18505, 40.25889 ], [ -122.18486, 40.25878 ], [ -122.18473, 40.25868 ], [ -122.18455, 40.25856 ], [ -122.18452, 40.25853 ], [ -122.18446, 40.25848 ], [ -122.1844, 40.25842 ], [ -122.18421, 40.25826 ], [ -122.18368, 40.25791 ], [ -122.18351, 40.25778 ], [ -122.18348, 40.25776 ], [ -122.18342, 40.2577 ], [ -122.18333, 40.25762 ], [ -122.18293, 40.25731 ], [ -122.18281, 40.25716 ], [ -122.18276, 40.2571 ], [ -122.1827, 40.25704 ], [ -122.18259, 40.25697 ], [ -122.18239, 40.25688 ], [ -122.18228, 40.25681 ], [ -122.18212, 40.25673 ], [ -122.18205, 40.25669 ], [ -122.18194, 40.25661 ], [ -122.18191, 40.25659 ], [ -122.18172, 40.25643 ], [ -122.18159, 40.25632 ], [ -122.18152, 40.25628 ], [ -122.1814, 40.25621 ], [ -122.18101, 40.25609 ], [ -122.1808, 40.25601 ], [ -122.18024, 40.25582 ], [ -122.18014, 40.2558 ], [ -122.17981, 40.25578 ], [ -122.17967, 40.25576 ], [ -122.17944, 40.25573 ], [ -122.17874, 40.25564 ], [ -122.17836, 40.25561 ], [ -122.17823, 40.25557 ], [ -122.17814, 40.25555 ], [ -122.17786, 40.25551 ], [ -122.17776, 40.25551 ], [ -122.17762, 40.25551 ], [ -122.17748, 40.2555 ], [ -122.17734, 40.25549 ], [ -122.17677, 40.25543 ], [ -122.17622, 40.25535 ], [ -122.17603, 40.25532 ], [ -122.1757, 40.25527 ], [ -122.17514, 40.25523 ], [ -122.17505, 40.25521 ], [ -122.17491, 40.25517 ], [ -122.17482, 40.25515 ], [ -122.17414, 40.25501 ], [ -122.17383, 40.25491 ], [ -122.1737, 40.25488 ], [ -122.1736, 40.25486 ], [ -122.17346, 40.25484 ], [ -122.17327, 40.25483 ], [ -122.17318, 40.25482 ], [ -122.17313, 40.25481 ], [ -122.17305, 40.25478 ], [ -122.17292, 40.25473 ], [ -122.17272, 40.25464 ], [ -122.17267, 40.25463 ], [ -122.17237, 40.25453 ], [ -122.1722, 40.25447 ], [ -122.17216, 40.25445 ], [ -122.17204, 40.25439 ], [ -122.17193, 40.25432 ], [ -122.17178, 40.25424 ], [ -122.17161, 40.25417 ], [ -122.17153, 40.25413 ], [ -122.17131, 40.25399 ], [ -122.17122, 40.25391 ], [ -122.17116, 40.25386 ], [ -122.17109, 40.25376 ], [ -122.17096, 40.25361 ], [ -122.17081, 40.25339 ], [ -122.17076, 40.25329 ], [ -122.17073, 40.25322 ], [ -122.17067, 40.25301 ], [ -122.17066, 40.25298 ], [ -122.17066, 40.25287 ], [ -122.17067, 40.25276 ], [ -122.17068, 40.25266 ], [ -122.17068, 40.25244 ], [ -122.17078, 40.2522 ], [ -122.17082, 40.25211 ], [ -122.17086, 40.25209 ], [ -122.17092, 40.25204 ], [ -122.17097, 40.25198 ], [ -122.17105, 40.25189 ], [ -122.17107, 40.25185 ], [ -122.1711, 40.25177 ], [ -122.17117, 40.25172 ], [ -122.17123, 40.25167 ], [ -122.17135, 40.25156 ], [ -122.1714, 40.2515 ], [ -122.17143, 40.25144 ], [ -122.17149, 40.25138 ], [ -122.17157, 40.2513 ], [ -122.17163, 40.25124 ], [ -122.17166, 40.25121 ], [ -122.1717, 40.25115 ], [ -122.17175, 40.25105 ], [ -122.17181, 40.25095 ], [ -122.17185, 40.25088 ], [ -122.17188, 40.25081 ], [ -122.17191, 40.25072 ], [ -122.17199, 40.25063 ], [ -122.17216, 40.25046 ], [ -122.17244, 40.25022 ], [ -122.17253, 40.25014 ], [ -122.17261, 40.25005 ], [ -122.17268, 40.24992 ], [ -122.17293, 40.24966 ], [ -122.17299, 40.2496 ], [ -122.17306, 40.2495 ], [ -122.17308, 40.24947 ], [ -122.17328, 40.24927 ], [ -122.17334, 40.24922 ], [ -122.17402, 40.24862 ], [ -122.17424, 40.24848 ], [ -122.17473, 40.2482 ], [ -122.17476, 40.24818 ], [ -122.17525, 40.24778 ], [ -122.17537, 40.24768 ], [ -122.17567, 40.24735 ], [ -122.17589, 40.24708 ], [ -122.17594, 40.24702 ], [ -122.17612, 40.24673 ], [ -122.17639, 40.24623 ], [ -122.17663, 40.24588 ], [ -122.17685, 40.24553 ], [ -122.17716, 40.24493 ], [ -122.17746, 40.24429 ], [ -122.17772, 40.24379 ], [ -122.17776, 40.24373 ], [ -122.17779, 40.24362 ], [ -122.17793, 40.24313 ], [ -122.17808, 40.24276 ], [ -122.17814, 40.24262 ], [ -122.17842, 40.24183 ], [ -122.17847, 40.24165 ], [ -122.17868, 40.24107 ], [ -122.17874, 40.24082 ], [ -122.17885, 40.24015 ], [ -122.17891, 40.23994 ], [ -122.17926, 40.23924 ], [ -122.17932, 40.2391 ], [ -122.17935, 40.239 ], [ -122.17941, 40.23873 ], [ -122.17956, 40.23854 ], [ -122.17963, 40.23845 ], [ -122.17969, 40.23835 ], [ -122.17972, 40.23828 ], [ -122.17974, 40.23821 ], [ -122.17975, 40.23814 ], [ -122.17976, 40.23807 ], [ -122.17977, 40.23804 ], [ -122.17991, 40.23777 ], [ -122.17994, 40.23771 ], [ -122.17998, 40.2376 ], [ -122.18008, 40.23718 ], [ -122.18011, 40.23704 ], [ -122.18012, 40.23701 ], [ -122.18016, 40.23694 ], [ -122.18019, 40.23687 ], [ -122.18026, 40.2367 ], [ -122.1803, 40.2366 ], [ -122.18047, 40.23615 ], [ -122.1805, 40.23609 ], [ -122.18058, 40.23577 ], [ -122.18079, 40.23537 ], [ -122.18082, 40.23527 ], [ -122.18089, 40.23484 ], [ -122.18091, 40.23477 ], [ -122.18095, 40.23467 ], [ -122.18104, 40.23446 ], [ -122.18107, 40.23436 ], [ -122.18132, 40.23386 ], [ -122.18147, 40.23345 ], [ -122.18155, 40.23328 ], [ -122.18173, 40.23299 ], [ -122.18176, 40.23292 ], [ -122.18179, 40.23285 ], [ -122.18195, 40.23244 ], [ -122.18216, 40.23204 ], [ -122.18219, 40.23198 ], [ -122.18224, 40.23184 ], [ -122.18226, 40.2318 ], [ -122.18247, 40.23152 ], [ -122.18251, 40.23146 ], [ -122.18254, 40.23135 ], [ -122.18255, 40.23128 ], [ -122.18255, 40.23121 ], [ -122.18256, 40.23118 ], [ -122.18264, 40.23093 ], [ -122.18268, 40.23083 ], [ -122.1827, 40.2308 ], [ -122.18273, 40.23077 ], [ -122.18301, 40.23044 ], [ -122.18308, 40.23027 ], [ -122.18311, 40.2302 ], [ -122.18334, 40.22978 ], [ -122.1835, 40.22951 ], [ -122.18391, 40.22891 ], [ -122.18428, 40.22845 ], [ -122.1843, 40.22842 ], [ -122.18451, 40.2281 ], [ -122.18459, 40.2279 ], [ -122.18462, 40.22783 ], [ -122.18469, 40.22773 ], [ -122.18473, 40.22767 ], [ -122.18494, 40.22743 ], [ -122.18499, 40.22737 ], [ -122.18517, 40.22716 ], [ -122.18523, 40.22711 ], [ -122.18544, 40.22691 ], [ -122.18568, 40.22665 ], [ -122.18592, 40.22634 ], [ -122.18598, 40.22628 ], [ -122.18623, 40.22602 ], [ -122.18625, 40.22599 ], [ -122.18635, 40.22583 ], [ -122.18642, 40.22573 ], [ -122.18675, 40.22534 ], [ -122.18709, 40.225 ], [ -122.18715, 40.22494 ], [ -122.18741, 40.22474 ], [ -122.18751, 40.22466 ], [ -122.18777, 40.22451 ], [ -122.18784, 40.22446 ], [ -122.18791, 40.22441 ], [ -122.18798, 40.22436 ], [ -122.1881, 40.22425 ], [ -122.18819, 40.22417 ], [ -122.18829, 40.22405 ], [ -122.18832, 40.22402 ], [ -122.1884, 40.22398 ], [ -122.18844, 40.22396 ], [ -122.18869, 40.22386 ], [ -122.18883, 40.22384 ], [ -122.18897, 40.22381 ], [ -122.1891, 40.22377 ], [ -122.18918, 40.22373 ], [ -122.18926, 40.2237 ], [ -122.18942, 40.22362 ], [ -122.1895, 40.22358 ], [ -122.18957, 40.22353 ], [ -122.18963, 40.22348 ], [ -122.18969, 40.22342 ], [ -122.18974, 40.22336 ], [ -122.18979, 40.2233 ], [ -122.18983, 40.22323 ], [ -122.18986, 40.22317 ], [ -122.18989, 40.2231 ], [ -122.18992, 40.22301 ], [ -122.19, 40.22298 ], [ -122.19032, 40.22282 ], [ -122.19043, 40.22275 ], [ -122.1905, 40.22271 ], [ -122.19101, 40.22229 ], [ -122.1911, 40.2222 ], [ -122.19115, 40.22214 ], [ -122.19119, 40.22209 ], [ -122.19136, 40.22197 ], [ -122.19157, 40.22182 ], [ -122.19163, 40.22177 ], [ -122.19169, 40.22171 ], [ -122.19175, 40.22166 ], [ -122.1919, 40.22148 ], [ -122.19193, 40.22145 ], [ -122.19214, 40.22131 ], [ -122.19226, 40.2212 ], [ -122.19287, 40.2207 ], [ -122.1939, 40.21996 ], [ -122.1943, 40.21971 ], [ -122.1946, 40.21954 ], [ -122.195, 40.21928 ], [ -122.19557, 40.21899 ], [ -122.19612, 40.21871 ], [ -122.19649, 40.21855 ], [ -122.19677, 40.21841 ], [ -122.19723, 40.21816 ], [ -122.1973, 40.21812 ], [ -122.19835, 40.21744 ], [ -122.19877, 40.21716 ], [ -122.19891, 40.21706 ], [ -122.19946, 40.21666 ], [ -122.19971, 40.21651 ], [ -122.19985, 40.21641 ], [ -122.20061, 40.21587 ], [ -122.20113, 40.2155 ], [ -122.20251, 40.21463 ], [ -122.20262, 40.21456 ], [ -122.20312, 40.21424 ], [ -122.20329, 40.21411 ], [ -122.20379, 40.21378 ], [ -122.20428, 40.21345 ], [ -122.20452, 40.21327 ], [ -122.20469, 40.21315 ], [ -122.20495, 40.213 ], [ -122.2052, 40.21283 ], [ -122.2055, 40.2126 ], [ -122.20579, 40.21242 ], [ -122.20679, 40.21176 ], [ -122.20781, 40.21101 ], [ -122.20787, 40.21096 ], [ -122.20823, 40.21063 ], [ -122.20902, 40.21001 ], [ -122.20944, 40.20966 ], [ -122.20976, 40.20935 ], [ -122.20985, 40.20926 ], [ -122.20991, 40.20921 ], [ -122.21022, 40.20899 ], [ -122.21028, 40.20894 ], [ -122.21054, 40.20868 ], [ -122.21071, 40.20851 ], [ -122.21106, 40.20822 ], [ -122.21115, 40.20813 ], [ -122.21124, 40.20805 ], [ -122.2113, 40.208 ], [ -122.21161, 40.20777 ], [ -122.21173, 40.20766 ], [ -122.21181, 40.20758 ], [ -122.21219, 40.20731 ], [ -122.21223, 40.20728 ], [ -122.2129, 40.20664 ], [ -122.21299, 40.20656 ], [ -122.21309, 40.20648 ], [ -122.21386, 40.20595 ], [ -122.2155, 40.20533 ], [ -122.21668, 40.20481 ], [ -122.21697, 40.2047 ], [ -122.21729, 40.20454 ], [ -122.21767, 40.20433 ], [ -122.21793, 40.20417 ], [ -122.21809, 40.20409 ], [ -122.21834, 40.20393 ], [ -122.21838, 40.20391 ], [ -122.21857, 40.20376 ], [ -122.2186, 40.20373 ], [ -122.21878, 40.20356 ], [ -122.21891, 40.20341 ], [ -122.21897, 40.20335 ], [ -122.2196, 40.20273 ], [ -122.21974, 40.20258 ], [ -122.21978, 40.20252 ], [ -122.21983, 40.20242 ], [ -122.21986, 40.20234 ], [ -122.22011, 40.20207 ], [ -122.22017, 40.20198 ], [ -122.22021, 40.20191 ], [ -122.22033, 40.20164 ], [ -122.22035, 40.20157 ], [ -122.22038, 40.2015 ], [ -122.22051, 40.20139 ], [ -122.22054, 40.20136 ], [ -122.22059, 40.20127 ], [ -122.22064, 40.2012 ], [ -122.22089, 40.2009 ], [ -122.22091, 40.20087 ], [ -122.2212, 40.20054 ], [ -122.2213, 40.20042 ], [ -122.22173, 40.19995 ], [ -122.22181, 40.19986 ], [ -122.22219, 40.19933 ], [ -122.22222, 40.1993 ], [ -122.22239, 40.19913 ], [ -122.22246, 40.19903 ], [ -122.22285, 40.19842 ], [ -122.22311, 40.19808 ], [ -122.22339, 40.19771 ], [ -122.22355, 40.19741 ], [ -122.22374, 40.19709 ], [ -122.22378, 40.19702 ], [ -122.22383, 40.19696 ], [ -122.22396, 40.19681 ], [ -122.22416, 40.19645 ], [ -122.2242, 40.19638 ], [ -122.22424, 40.19632 ], [ -122.22441, 40.1961 ], [ -122.22466, 40.19568 ], [ -122.22497, 40.1952 ], [ -122.22526, 40.19467 ], [ -122.22557, 40.19419 ], [ -122.22584, 40.19366 ], [ -122.22652, 40.19216 ], [ -122.22708, 40.19083 ], [ -122.22736, 40.19015 ], [ -122.2274, 40.19009 ], [ -122.22744, 40.19002 ], [ -122.22792, 40.18937 ], [ -122.22799, 40.18927 ], [ -122.22804, 40.18913 ], [ -122.22819, 40.18858 ], [ -122.22821, 40.18854 ], [ -122.22825, 40.18848 ], [ -122.22844, 40.18823 ], [ -122.22853, 40.1881 ], [ -122.2287, 40.18797 ], [ -122.22881, 40.1879 ], [ -122.22891, 40.18783 ], [ -122.22905, 40.18773 ], [ -122.22914, 40.18765 ], [ -122.22945, 40.18733 ], [ -122.22955, 40.18721 ], [ -122.22958, 40.18719 ], [ -122.22969, 40.18712 ], [ -122.22992, 40.18697 ], [ -122.23016, 40.18681 ], [ -122.23114, 40.18614 ], [ -122.23157, 40.18587 ], [ -122.2316, 40.1858 ], [ -122.23165, 40.1857 ], [ -122.23169, 40.18564 ], [ -122.23174, 40.18558 ], [ -122.23182, 40.18549 ], [ -122.23188, 40.18543 ], [ -122.23203, 40.1853 ], [ -122.2321, 40.18524 ], [ -122.23226, 40.18512 ], [ -122.23272, 40.18481 ], [ -122.23279, 40.18476 ], [ -122.23286, 40.18471 ], [ -122.23292, 40.18465 ], [ -122.233, 40.18456 ], [ -122.23318, 40.18446 ], [ -122.23361, 40.18417 ], [ -122.23371, 40.18409 ], [ -122.23395, 40.18388 ], [ -122.23444, 40.1833 ], [ -122.23485, 40.1827 ], [ -122.23489, 40.18264 ], [ -122.23526, 40.18194 ], [ -122.23539, 40.18166 ], [ -122.2353, 40.18146 ], [ -122.23527, 40.18139 ], [ -122.2352, 40.1813 ], [ -122.23515, 40.18124 ], [ -122.2351, 40.18118 ], [ -122.23504, 40.18112 ], [ -122.23463, 40.18073 ], [ -122.23456, 40.18068 ], [ -122.23426, 40.18045 ], [ -122.23423, 40.18043 ], [ -122.23418, 40.18036 ], [ -122.23413, 40.1803 ], [ -122.23404, 40.18022 ], [ -122.23291, 40.17942 ], [ -122.2316, 40.17856 ], [ -122.23074, 40.17793 ], [ -122.23033, 40.17758 ], [ -122.22902, 40.17651 ], [ -122.22878, 40.17615 ], [ -122.22842, 40.17576 ], [ -122.22801, 40.17514 ], [ -122.22768, 40.17466 ], [ -122.22742, 40.17328 ], [ -122.22737, 40.17318 ], [ -122.22734, 40.17308 ], [ -122.22732, 40.17301 ], [ -122.22727, 40.1728 ], [ -122.22726, 40.17273 ], [ -122.22726, 40.17262 ], [ -122.22726, 40.17251 ], [ -122.22727, 40.17241 ], [ -122.22715, 40.17233 ], [ -122.22703, 40.17222 ], [ -122.22697, 40.17216 ], [ -122.22667, 40.17184 ], [ -122.22609, 40.1711 ], [ -122.22523, 40.17012 ], [ -122.2244, 40.16912 ], [ -122.22394, 40.16854 ], [ -122.22389, 40.16848 ], [ -122.2238, 40.16839 ], [ -122.2237, 40.16832 ], [ -122.2236, 40.16825 ], [ -122.22345, 40.16816 ], [ -122.22342, 40.16809 ], [ -122.2233, 40.16782 ], [ -122.22324, 40.16772 ], [ -122.22317, 40.16763 ], [ -122.22306, 40.16751 ], [ -122.22196, 40.16631 ], [ -122.22121, 40.16544 ], [ -122.22116, 40.16538 ], [ -122.22107, 40.1653 ], [ -122.22101, 40.16524 ], [ -122.22094, 40.16519 ], [ -122.22079, 40.1651 ], [ -122.22064, 40.16502 ], [ -122.22047, 40.16495 ], [ -122.22039, 40.16492 ], [ -122.22026, 40.16488 ], [ -122.22008, 40.16483 ], [ -122.21985, 40.16477 ], [ -122.21977, 40.16467 ], [ -122.21934, 40.1642 ], [ -122.21889, 40.16365 ], [ -122.21878, 40.16354 ], [ -122.21852, 40.16333 ], [ -122.2184, 40.16322 ], [ -122.21798, 40.16278 ], [ -122.21783, 40.16264 ], [ -122.21768, 40.16247 ], [ -122.21797, 40.16221 ], [ -122.21752, 40.16153 ], [ -122.21722, 40.1612 ], [ -122.21691, 40.16105 ], [ -122.21663, 40.16075 ], [ -122.21592, 40.16006 ], [ -122.2155, 40.15975 ], [ -122.21532, 40.15949 ], [ -122.21511, 40.15917 ], [ -122.21468, 40.15892 ], [ -122.21445, 40.15884 ], [ -122.21422, 40.15878 ], [ -122.21414, 40.15865 ], [ -122.21406, 40.15856 ], [ -122.21398, 40.15848 ], [ -122.21356, 40.15809 ], [ -122.21298, 40.15762 ], [ -122.21291, 40.15757 ], [ -122.21169, 40.15672 ], [ -122.21146, 40.15654 ], [ -122.2114, 40.15649 ], [ -122.21134, 40.15643 ], [ -122.21123, 40.15637 ], [ -122.21115, 40.15632 ], [ -122.21101, 40.15622 ], [ -122.2109, 40.15618 ], [ -122.2106, 40.15607 ], [ -122.21052, 40.15603 ], [ -122.2104, 40.15597 ], [ -122.20951, 40.1555 ], [ -122.20935, 40.15543 ], [ -122.20926, 40.1554 ], [ -122.20913, 40.15535 ], [ -122.209, 40.15532 ], [ -122.20881, 40.15528 ], [ -122.20863, 40.15525 ], [ -122.20844, 40.15524 ], [ -122.2083, 40.15523 ], [ -122.20811, 40.15523 ], [ -122.20797, 40.15523 ], [ -122.20764, 40.15525 ], [ -122.20742, 40.15508 ], [ -122.20732, 40.15501 ], [ -122.20707, 40.15484 ], [ -122.20683, 40.15467 ], [ -122.20597, 40.15416 ], [ -122.20558, 40.15391 ], [ -122.20547, 40.15383 ], [ -122.20534, 40.15373 ], [ -122.20519, 40.15373 ], [ -122.20518, 40.15373 ], [ -122.205, 40.15372 ], [ -122.20453, 40.15367 ], [ -122.20439, 40.15365 ], [ -122.20425, 40.15363 ], [ -122.20398, 40.15358 ], [ -122.20394, 40.15355 ], [ -122.20385, 40.15347 ], [ -122.20344, 40.15312 ], [ -122.20341, 40.1531 ], [ -122.20283, 40.15293 ], [ -122.20262, 40.15285 ], [ -122.20253, 40.15281 ], [ -122.20236, 40.15278 ], [ -122.20203, 40.15274 ], [ -122.20189, 40.15272 ], [ -122.20162, 40.15265 ], [ -122.20157, 40.15265 ], [ -122.20153, 40.15265 ], [ -122.20152, 40.15265 ], [ -122.20098, 40.15308 ], [ -122.19701, 40.15272 ], [ -122.19245, 40.15312 ], [ -122.18802, 40.15421 ], [ -122.18375, 40.15464 ], [ -122.18161, 40.15458 ], [ -122.17966, 40.15382 ], [ -122.17731, 40.15269 ], [ -122.17563, 40.15095 ], [ -122.17481, 40.1492 ], [ -122.17359, 40.14838 ], [ -122.17225, 40.14747 ], [ -122.17017, 40.14647 ], [ -122.16801, 40.14573 ], [ -122.16621, 40.14537 ], [ -122.16447, 40.14531 ], [ -122.16243, 40.14522 ], [ -122.16063, 40.14561 ], [ -122.15898, 40.14604 ], [ -122.15711, 40.14658 ], [ -122.15666, 40.14671 ], [ -122.15421, 40.14644 ], [ -122.15354, 40.14629 ], [ -122.15251, 40.14598 ], [ -122.15187, 40.14558 ], [ -122.15188, 40.14558 ], [ -122.1509, 40.14506 ], [ -122.14849, 40.14403 ], [ -122.14669, 40.14293 ], [ -122.14504, 40.14149 ], [ -122.14373, 40.13956 ], [ -122.1437, 40.13952 ], [ -122.1437, 40.13951 ], [ -122.1437, 40.1395 ], [ -122.14352, 40.13881 ], [ -122.14312, 40.13808 ], [ -122.14281, 40.13713 ], [ -122.14138, 40.13472 ], [ -122.14044, 40.13237 ], [ -122.14013, 40.12923 ], [ -122.13937, 40.12515 ], [ -122.13845, 40.12304 ], [ -122.138, 40.12216 ], [ -122.13745, 40.12075 ], [ -122.13703, 40.12012 ], [ -122.13644, 40.11898 ], [ -122.13549, 40.1178 ], [ -122.13464, 40.11636 ], [ -122.13437, 40.11542 ], [ -122.13434, 40.11453 ], [ -122.1344, 40.11359 ], [ -122.13492, 40.11252 ], [ -122.13559, 40.1116 ], [ -122.13639, 40.11086 ], [ -122.13699, 40.11029 ], [ -122.13815, 40.10919 ], [ -122.13876, 40.10849 ], [ -122.13912, 40.10779 ], [ -122.13912, 40.10672 ], [ -122.13912, 40.10553 ], [ -122.13854, 40.10441 ], [ -122.13699, 40.10322 ], [ -122.13461, 40.102 ], [ -122.13281, 40.10105 ], [ -122.13144, 40.10029 ], [ -122.13032, 40.09928 ], [ -122.13032, 40.09927 ], [ -122.12967, 40.0959 ], [ -122.12925, 40.0935 ], [ -122.12798, 40.09081 ], [ -122.12741, 40.08998 ], [ -122.12634, 40.0887 ], [ -122.12546, 40.08809 ], [ -122.12381, 40.08711 ], [ -122.1221, 40.08632 ], [ -122.12082, 40.0858 ], [ -122.12036, 40.08562 ], [ -122.11954, 40.08531 ], [ -122.11805, 40.08461 ], [ -122.11683, 40.08385 ], [ -122.11619, 40.08293 ], [ -122.11607, 40.08199 ], [ -122.11619, 40.08058 ], [ -122.11631, 40.07933 ], [ -122.11665, 40.07869 ], [ -122.1175, 40.07839 ], [ -122.11875, 40.07784 ], [ -122.1197, 40.07766 ], [ -122.12137, 40.07683 ], [ -122.12375, 40.07537 ], [ -122.12424, 40.07451 ], [ -122.12443, 40.0742 ], [ -122.12458, 40.07363 ], [ -122.12482, 40.07259 ], [ -122.12476, 40.07259 ], [ -122.12473, 40.07156 ], [ -122.12448, 40.07055 ], [ -122.12375, 40.0697 ], [ -122.12271, 40.06884 ], [ -122.12186, 40.06841 ], [ -122.11948, 40.06753 ], [ -122.11762, 40.06698 ], [ -122.11604, 40.06625 ], [ -122.11512, 40.06509 ], [ -122.11433, 40.06326 ], [ -122.11289, 40.06158 ], [ -122.11137, 40.06026 ], [ -122.11014, 40.06007 ], [ -122.11027, 40.0582 ], [ -122.11029, 40.05804 ], [ -122.11, 40.05556 ], [ -122.11049, 40.05443 ], [ -122.11111, 40.05288 ], [ -122.11194, 40.05085 ], [ -122.11253, 40.04959 ], [ -122.11385, 40.04698 ], [ -122.11465, 40.04299 ], [ -122.11468, 40.04293 ], [ -122.11596, 40.04007 ], [ -122.11693, 40.03862 ], [ -122.11742, 40.03775 ], [ -122.11805, 40.03614 ], [ -122.11807, 40.03607 ], [ -122.1182, 40.03547 ], [ -122.11829, 40.03494 ], [ -122.11845, 40.03423 ], [ -122.11853, 40.03374 ], [ -122.11855, 40.03367 ], [ -122.11858, 40.0336 ], [ -122.11866, 40.03325 ], [ -122.1187, 40.03271 ], [ -122.11872, 40.03261 ], [ -122.11893, 40.03176 ], [ -122.11915, 40.03071 ], [ -122.11918, 40.03046 ], [ -122.11927, 40.02925 ], [ -122.11927, 40.029 ], [ -122.11926, 40.02835 ], [ -122.11922, 40.02803 ], [ -122.1192, 40.02789 ], [ -122.11919, 40.02782 ], [ -122.11917, 40.02768 ], [ -122.11917, 40.02754 ], [ -122.11922, 40.02714 ], [ -122.11927, 40.02693 ], [ -122.11929, 40.02672 ], [ -122.1193, 40.02661 ], [ -122.1193, 40.02654 ], [ -122.1193, 40.02647 ], [ -122.11928, 40.02626 ], [ -122.11921, 40.02547 ], [ -122.11921, 40.0254 ], [ -122.11921, 40.02533 ], [ -122.11922, 40.0253 ], [ -122.11928, 40.02501 ], [ -122.1193, 40.02491 ], [ -122.11931, 40.02487 ], [ -122.11932, 40.02473 ], [ -122.11932, 40.02452 ], [ -122.1193, 40.02437 ], [ -122.11926, 40.0242 ], [ -122.1192, 40.02381 ], [ -122.11917, 40.02349 ], [ -122.11908, 40.02314 ], [ -122.11907, 40.02307 ], [ -122.11901, 40.02264 ], [ -122.11896, 40.02203 ], [ -122.11889, 40.02162 ], [ -122.11873, 40.02099 ], [ -122.11864, 40.02057 ], [ -122.11859, 40.02036 ], [ -122.11855, 40.02026 ], [ -122.11824, 40.0194 ], [ -122.11821, 40.01933 ], [ -122.11801, 40.019 ], [ -122.11746, 40.01802 ], [ -122.11684, 40.01709 ], [ -122.1168, 40.01703 ], [ -122.11675, 40.01697 ], [ -122.11614, 40.01638 ], [ -122.11603, 40.01626 ], [ -122.11582, 40.01602 ], [ -122.11553, 40.01574 ], [ -122.11547, 40.01568 ], [ -122.1149, 40.01517 ], [ -122.11483, 40.01511 ], [ -122.11477, 40.01506 ], [ -122.11434, 40.01478 ], [ -122.11423, 40.01471 ], [ -122.11416, 40.01468 ], [ -122.1141, 40.01458 ], [ -122.11406, 40.01452 ], [ -122.11399, 40.01443 ], [ -122.11393, 40.01437 ], [ -122.1133, 40.01379 ], [ -122.11299, 40.01348 ], [ -122.11259, 40.01312 ], [ -122.11218, 40.01277 ], [ -122.11182, 40.0124 ], [ -122.11136, 40.012 ], [ -122.11118, 40.01183 ], [ -122.11014, 40.01091 ], [ -122.10988, 40.01065 ], [ -122.10925, 40.01002 ], [ -122.10901, 40.00976 ], [ -122.10886, 40.00958 ], [ -122.10873, 40.00943 ], [ -122.10766, 40.00879 ], [ -122.10718, 40.00847 ], [ -122.10611, 40.00781 ], [ -122.1059, 40.00659 ], [ -122.10587, 40.00629 ], [ -122.10594, 40.00608 ], [ -122.10643, 40.00477 ], [ -122.10642, 40.00476 ], [ -122.10643, 40.00475 ], [ -122.10643, 40.00473 ], [ -122.10674, 40.00341 ], [ -122.10767, 40.00202 ], [ -122.10877, 40.00043 ], [ -122.10899, 40.00011 ], [ -122.10965, 39.99946 ], [ -122.10989, 39.99855 ], [ -122.1099, 39.99855 ], [ -122.11031, 39.99665 ], [ -122.11034, 39.99516 ], [ -122.11006, 39.99415 ], [ -122.10971, 39.99293 ], [ -122.10924, 39.99245 ], [ -122.10807, 39.99176 ], [ -122.10717, 39.99159 ], [ -122.10635, 39.99154 ], [ -122.10539, 39.99171 ], [ -122.10386, 39.99201 ], [ -122.10337, 39.99196 ], [ -122.1023, 39.99183 ], [ -122.10164, 39.99184 ], [ -122.10165, 39.99188 ], [ -122.10162, 39.99186 ], [ -122.09943, 39.99178 ], [ -122.09765, 39.99158 ], [ -122.09651, 39.99124 ], [ -122.09651, 39.99124 ], [ -122.09523, 39.9902 ], [ -122.09509, 39.98978 ], [ -122.09397, 39.98736 ], [ -122.09337, 39.98512 ], [ -122.09341, 39.98311 ], [ -122.0933, 39.98271 ], [ -122.0933, 39.98268 ], [ -122.09325, 39.9824 ], [ -122.09325, 39.98232 ], [ -122.09324, 39.9819 ], [ -122.09323, 39.98175 ], [ -122.09312, 39.98119 ], [ -122.09316, 39.98109 ], [ -122.09319, 39.98098 ], [ -122.0932, 39.98087 ], [ -122.0932, 39.98073 ], [ -122.09318, 39.98059 ], [ -122.09301, 39.97985 ], [ -122.093, 39.97971 ], [ -122.093, 39.97935 ], [ -122.09309, 39.97927 ], [ -122.09315, 39.97921 ], [ -122.09325, 39.97909 ], [ -122.09332, 39.979 ], [ -122.09349, 39.97875 ], [ -122.09351, 39.97871 ], [ -122.09357, 39.97858 ], [ -122.09363, 39.97837 ], [ -122.09374, 39.97766 ], [ -122.09375, 39.97755 ], [ -122.09376, 39.97727 ], [ -122.09376, 39.97641 ], [ -122.09375, 39.9763 ], [ -122.09375, 39.97598 ], [ -122.09383, 39.97538 ], [ -122.09402, 39.97464 ], [ -122.09404, 39.9745 ], [ -122.09406, 39.97336 ], [ -122.09406, 39.97325 ], [ -122.09403, 39.9729 ], [ -122.09395, 39.97215 ], [ -122.09394, 39.97208 ], [ -122.0939, 39.97187 ], [ -122.09389, 39.9718 ], [ -122.09388, 39.97126 ], [ -122.09388, 39.97119 ], [ -122.09364, 39.9697 ], [ -122.09363, 39.96963 ], [ -122.09361, 39.96956 ], [ -122.09356, 39.96942 ], [ -122.09356, 39.96894 ], [ -122.09343, 39.96707 ], [ -122.09318, 39.96554 ], [ -122.09287, 39.96476 ], [ -122.09286, 39.96477 ], [ -122.09219, 39.96293 ], [ -122.09165, 39.96191 ], [ -122.09071, 39.96113 ], [ -122.08841, 39.9598 ], [ -122.087, 39.95929 ], [ -122.08561, 39.95896 ], [ -122.08374, 39.95829 ], [ -122.08281, 39.95812 ], [ -122.08166, 39.9578 ], [ -122.08, 39.95707 ], [ -122.07814, 39.95443 ], [ -122.07815, 39.95443 ], [ -122.07736, 39.95335 ], [ -122.07689, 39.95196 ], [ -122.0765, 39.94947 ], [ -122.0767, 39.94661 ], [ -122.07731, 39.94509 ], [ -122.07757, 39.94458 ], [ -122.07772, 39.9444 ], [ -122.0781, 39.94408 ], [ -122.07848, 39.94385 ], [ -122.0795, 39.94343 ], [ -122.08001, 39.94322 ], [ -122.08066, 39.943 ], [ -122.08209, 39.94256 ], [ -122.08461, 39.94199 ], [ -122.08535, 39.94172 ], [ -122.08584, 39.94128 ], [ -122.08738, 39.93976 ], [ -122.08921, 39.93805 ], [ -122.09016, 39.93698 ], [ -122.09017, 39.93697 ], [ -122.0907, 39.93627 ], [ -122.09129, 39.93517 ], [ -122.09141, 39.93506 ], [ -122.0916, 39.9349 ], [ -122.09206, 39.93449 ], [ -122.09219, 39.93434 ], [ -122.09228, 39.93426 ], [ -122.09255, 39.93396 ], [ -122.0926, 39.9339 ], [ -122.09265, 39.93384 ], [ -122.09283, 39.93351 ], [ -122.0929, 39.93342 ], [ -122.09307, 39.93324 ], [ -122.09322, 39.93311 ], [ -122.0933, 39.93302 ], [ -122.0937, 39.93258 ], [ -122.09391, 39.9323 ], [ -122.09416, 39.93204 ], [ -122.09448, 39.93169 ], [ -122.0946, 39.93153 ], [ -122.09475, 39.93131 ], [ -122.09499, 39.93084 ], [ -122.09501, 39.93078 ], [ -122.09519, 39.93026 ], [ -122.0952, 39.93022 ], [ -122.09521, 39.93015 ], [ -122.09526, 39.92976 ], [ -122.09527, 39.92951 ], [ -122.09527, 39.9294 ], [ -122.09522, 39.92905 ], [ -122.09511, 39.92867 ], [ -122.09506, 39.92857 ], [ -122.09502, 39.9285 ], [ -122.0949, 39.92831 ], [ -122.0947, 39.92806 ], [ -122.09465, 39.928 ], [ -122.09445, 39.9278 ], [ -122.09409, 39.92748 ], [ -122.09402, 39.92742 ], [ -122.09366, 39.9272 ], [ -122.09325, 39.92696 ], [ -122.09321, 39.92694 ], [ -122.09313, 39.9269 ], [ -122.0927, 39.92676 ], [ -122.09208, 39.92657 ], [ -122.09122, 39.92603 ], [ -122.09026, 39.92547 ], [ -122.09025, 39.92548 ], [ -122.09024, 39.92544 ], [ -122.0885, 39.92422 ], [ -122.08699, 39.92324 ], [ -122.08577, 39.92249 ], [ -122.08507, 39.92228 ], [ -122.08508, 39.92227 ], [ -122.08437, 39.92137 ], [ -122.0844, 39.92134 ], [ -122.08453, 39.92107 ], [ -122.08457, 39.92101 ], [ -122.08461, 39.92094 ], [ -122.08491, 39.92054 ], [ -122.08497, 39.92048 ], [ -122.08538, 39.92005 ], [ -122.08582, 39.91916 ], [ -122.08619, 39.9187 ], [ -122.0868, 39.91809 ], [ -122.08758, 39.91747 ], [ -122.08788, 39.91712 ], [ -122.08809, 39.91682 ], [ -122.08872, 39.91596 ], [ -122.08937, 39.91504 ], [ -122.08989, 39.91408 ], [ -122.09157, 39.91236 ], [ -122.0923, 39.91196 ], [ -122.09256, 39.91156 ], [ -122.093, 39.91083 ], [ -122.09312, 39.91044 ], [ -122.0931, 39.91041 ], [ -122.09306, 39.91031 ], [ -122.09303, 39.91024 ], [ -122.09302, 39.91017 ], [ -122.093, 39.91008 ], [ -122.09257, 39.90973 ], [ -122.09243, 39.90963 ], [ -122.0921, 39.90943 ], [ -122.09203, 39.90939 ], [ -122.09187, 39.90931 ], [ -122.09179, 39.90927 ], [ -122.09172, 39.90922 ], [ -122.09092, 39.90861 ], [ -122.0905, 39.90833 ], [ -122.08933, 39.90755 ], [ -122.08871, 39.90711 ], [ -122.08816, 39.90677 ], [ -122.08737, 39.90621 ], [ -122.08709, 39.90602 ], [ -122.08689, 39.90592 ], [ -122.08632, 39.90567 ], [ -122.0862, 39.90561 ], [ -122.08589, 39.90545 ], [ -122.08581, 39.90542 ], [ -122.08556, 39.90532 ], [ -122.08528, 39.9052 ], [ -122.08246, 39.90441 ], [ -122.08117, 39.90397 ], [ -122.07988, 39.9031 ], [ -122.07851, 39.9025 ], [ -122.07763, 39.90208 ], [ -122.07705, 39.90189 ], [ -122.07653, 39.90182 ], [ -122.07577, 39.90176 ], [ -122.07518, 39.90169 ], [ -122.07403, 39.90125 ], [ -122.07313, 39.9008 ], [ -122.07236, 39.90039 ], [ -122.07177, 39.90003 ], [ -122.0715, 39.89983 ], [ -122.07106, 39.89951 ], [ -122.07014, 39.89889 ], [ -122.06995, 39.89876 ], [ -122.06878, 39.89783 ], [ -122.06802, 39.89715 ], [ -122.06779, 39.89692 ], [ -122.06736, 39.89645 ], [ -122.06731, 39.89639 ], [ -122.06656, 39.89575 ], [ -122.06636, 39.89555 ], [ -122.06631, 39.89549 ], [ -122.06627, 39.89543 ], [ -122.06604, 39.89508 ], [ -122.06526, 39.89418 ], [ -122.06486, 39.89365 ], [ -122.06453, 39.8931 ], [ -122.0645, 39.89303 ], [ -122.0634, 39.89161 ], [ -122.063, 39.89037 ], [ -122.06281, 39.88919 ], [ -122.06278, 39.88713 ], [ -122.06424, 39.88296 ], [ -122.06523, 39.88148 ], [ -122.06791, 39.87746 ], [ -122.06804, 39.87618 ], [ -122.06748, 39.87559 ], [ -122.06685, 39.87519 ], [ -122.06586, 39.87478 ], [ -122.06477, 39.87459 ], [ -122.06328, 39.87453 ], [ -122.06185, 39.87463 ], [ -122.0601, 39.87475 ], [ -122.05852, 39.87428 ], [ -122.05662, 39.87435 ], [ -122.05077, 39.87512 ], [ -122.04862, 39.87519 ], [ -122.04632, 39.87441 ], [ -122.04554, 39.87351 ], [ -122.04548, 39.87226 ], [ -122.04598, 39.87049 ], [ -122.04732, 39.86865 ], [ -122.05055, 39.86613 ], [ -122.05071, 39.86601 ], [ -122.05457, 39.86458 ], [ -122.0578, 39.86181 ], [ -122.05982, 39.85951 ], [ -122.06111, 39.8566 ], [ -122.06137, 39.85532 ], [ -122.0616, 39.85428 ], [ -122.0616, 39.85297 ], [ -122.06132, 39.8521 ], [ -122.06107, 39.85145 ], [ -122.0607, 39.85086 ], [ -122.06026, 39.85014 ], [ -122.05948, 39.84828 ], [ -122.06004, 39.84594 ], [ -122.06188, 39.84464 ], [ -122.06294, 39.84411 ], [ -122.0644, 39.84293 ], [ -122.06514, 39.84243 ], [ -122.06595, 39.84146 ], [ -122.06657, 39.84025 ], [ -122.06689, 39.8396 ], [ -122.06704, 39.83863 ], [ -122.06726, 39.83726 ], [ -122.0675, 39.83616 ], [ -122.06802, 39.83482 ], [ -122.06789, 39.83429 ], [ -122.06769, 39.83375 ], [ -122.0672, 39.83325 ], [ -122.06664, 39.83266 ], [ -122.06601, 39.83191 ], [ -122.0654, 39.83194 ], [ -122.06466, 39.83184 ], [ -122.06402, 39.83168 ], [ -122.0633, 39.83137 ], [ -122.06247, 39.8312 ], [ -122.06167, 39.83115 ], [ -122.06097, 39.83105 ], [ -122.06048, 39.83096 ], [ -122.06019, 39.8308 ], [ -122.06009, 39.83072 ], [ -122.05971, 39.83041 ], [ -122.05847, 39.82894 ], [ -122.05777, 39.82827 ], [ -122.0569, 39.82781 ], [ -122.0549, 39.82669 ], [ -122.05382, 39.82603 ], [ -122.05326, 39.82532 ], [ -122.05286, 39.82455 ], [ -122.05314, 39.82302 ], [ -122.0533, 39.82273 ], [ -122.05369, 39.82216 ], [ -122.05399, 39.82153 ], [ -122.05424, 39.82106 ], [ -122.05466, 39.82047 ], [ -122.05574, 39.8197 ], [ -122.05635, 39.81948 ], [ -122.05704, 39.81923 ], [ -122.05806, 39.81915 ], [ -122.05847, 39.81893 ], [ -122.05934, 39.81832 ], [ -122.06057, 39.81763 ], [ -122.0621, 39.81642 ], [ -122.06299, 39.81553 ], [ -122.06373, 39.81515 ], [ -122.06395, 39.81501 ], [ -122.06398, 39.81499 ], [ -122.06424, 39.81477 ], [ -122.06474, 39.81444 ], [ -122.06487, 39.8143 ], [ -122.06503, 39.81412 ], [ -122.06505, 39.81409 ], [ -122.06516, 39.81389 ], [ -122.06519, 39.81381 ], [ -122.06551, 39.81321 ], [ -122.06562, 39.81289 ], [ -122.06564, 39.81252 ], [ -122.06561, 39.81229 ], [ -122.06552, 39.81192 ], [ -122.06534, 39.81154 ], [ -122.06512, 39.81126 ], [ -122.06491, 39.8111 ], [ -122.06433, 39.81076 ], [ -122.06338, 39.8103 ], [ -122.06201, 39.80955 ], [ -122.06154, 39.80924 ], [ -122.06151, 39.80922 ], [ -122.06136, 39.80908 ], [ -122.06125, 39.80896 ], [ -122.06121, 39.80894 ], [ -122.06115, 39.80889 ], [ -122.06111, 39.80886 ], [ -122.06104, 39.80882 ], [ -122.06071, 39.80868 ], [ -122.06068, 39.80865 ], [ -122.06056, 39.8085 ], [ -122.06001, 39.80783 ], [ -122.05998, 39.8078 ], [ -122.05971, 39.80756 ], [ -122.05968, 39.80753 ], [ -122.05964, 39.80751 ], [ -122.05895, 39.80707 ], [ -122.05872, 39.80695 ], [ -122.0586, 39.8069 ], [ -122.05852, 39.80686 ], [ -122.05843, 39.80684 ], [ -122.05834, 39.80681 ], [ -122.05825, 39.80679 ], [ -122.0578, 39.80634 ], [ -122.05656, 39.80559 ], [ -122.05365, 39.80369 ], [ -122.05266, 39.80303 ], [ -122.0503, 39.79958 ], [ -122.04926, 39.79866 ], [ -122.04925, 39.79866 ], [ -122.04736, 39.79728 ], [ -122.04603, 39.79637 ], [ -122.0455, 39.79574 ], [ -122.04514, 39.79509 ], [ -122.04414, 39.79399 ], [ -122.04367, 39.79362 ], [ -122.04267, 39.79311 ], [ -122.04186, 39.79294 ], [ -122.04114, 39.79281 ], [ -122.04037, 39.79277 ], [ -122.03946, 39.79259 ], [ -122.03879, 39.79249 ], [ -122.03872, 39.7925 ], [ -122.03544, 39.791 ], [ -122.03332, 39.79011 ], [ -122.03222, 39.78945 ], [ -122.03153, 39.78903 ], [ -122.03064, 39.78836 ], [ -122.0299, 39.78725 ], [ -122.0293, 39.78617 ], [ -122.02901, 39.78483 ], [ -122.02845, 39.78175 ], [ -122.02845, 39.77963 ], [ -122.02845, 39.77829 ], [ -122.02804, 39.77624 ], [ -122.0283, 39.77349 ], [ -122.02897, 39.77056 ], [ -122.02934, 39.76866 ], [ -122.02904, 39.76695 ], [ -122.02793, 39.76569 ], [ -122.02652, 39.76461 ], [ -122.02477, 39.76386 ], [ -122.02275, 39.7632 ], [ -122.02244, 39.76312 ], [ -122.02183, 39.76309 ], [ -122.02165, 39.76308 ], [ -122.02142, 39.76309 ], [ -122.02095, 39.76313 ], [ -122.01991, 39.76323 ], [ -122.01935, 39.76321 ], [ -122.01913, 39.76315 ], [ -122.01843, 39.76289 ], [ -122.01815, 39.76271 ], [ -122.01597, 39.76111 ], [ -122.01468, 39.76079 ], [ -122.0137, 39.76052 ], [ -122.01361, 39.7605 ], [ -122.01195, 39.75999 ], [ -122.01133, 39.75984 ], [ -122.0098, 39.75936 ], [ -122.00933, 39.7592 ], [ -122.00851, 39.75885 ], [ -122.00838, 39.75881 ], [ -122.00811, 39.75874 ], [ -122.00781, 39.75863 ], [ -122.00741, 39.75844 ], [ -122.00714, 39.7583 ], [ -122.0052, 39.75716 ], [ -122.00512, 39.75712 ], [ -122.00472, 39.75694 ], [ -122.00411, 39.75661 ], [ -122.00372, 39.75639 ], [ -122.00311, 39.756 ], [ -122.003, 39.75593 ], [ -122.00276, 39.75576 ], [ -122.00178, 39.75499 ], [ -122.00165, 39.75488 ], [ -122.00159, 39.75483 ], [ -122.00055, 39.7541 ], [ -122.00049, 39.75405 ], [ -122.00039, 39.75397 ], [ -121.9997, 39.75349 ], [ -121.99921, 39.75316 ], [ -121.99887, 39.75291 ], [ -121.99851, 39.75268 ], [ -121.99837, 39.75258 ], [ -121.99802, 39.75229 ], [ -121.99773, 39.75201 ], [ -121.99722, 39.7515 ], [ -121.99688, 39.7512 ], [ -121.9963, 39.75074 ], [ -121.99579, 39.75036 ], [ -121.99534, 39.75 ], [ -121.99527, 39.74995 ], [ -121.9949, 39.7496 ], [ -121.99451, 39.74938 ], [ -121.99302, 39.74907 ], [ -121.99123, 39.74834 ], [ -121.99001, 39.74753 ], [ -121.98916, 39.74678 ], [ -121.98898, 39.74625 ], [ -121.98892, 39.74587 ], [ -121.98898, 39.7453 ], [ -121.98902, 39.74469 ], [ -121.989, 39.74438 ], [ -121.98892, 39.744 ], [ -121.98862, 39.74297 ], [ -121.98775, 39.74107 ], [ -121.9871, 39.73982 ], [ -121.98656, 39.73892 ], [ -121.98619, 39.73829 ], [ -121.98593, 39.73793 ], [ -121.98529, 39.73729 ], [ -121.98441, 39.73641 ], [ -121.98397, 39.73595 ], [ -121.98317, 39.73503 ], [ -121.98273, 39.73462 ], [ -121.98195, 39.73386 ], [ -121.98136, 39.73327 ], [ -121.98065, 39.73278 ], [ -121.98003, 39.73238 ], [ -121.97883, 39.73195 ], [ -121.97801, 39.73179 ], [ -121.97663, 39.73168 ], [ -121.97523, 39.73163 ], [ -121.97447, 39.73163 ], [ -121.97214, 39.73188 ], [ -121.97051, 39.73197 ], [ -121.96678, 39.73331 ], [ -121.96334, 39.73497 ], [ -121.96026, 39.73602 ], [ -121.95848, 39.7358 ], [ -121.95805, 39.73522 ], [ -121.9576, 39.73407 ], [ -121.95701, 39.73312 ], [ -121.95645, 39.73228 ], [ -121.95614, 39.73175 ], [ -121.95578, 39.7309 ], [ -121.95575, 39.7305 ], [ -121.95585, 39.72933 ], [ -121.95606, 39.72813 ], [ -121.95628, 39.72731 ], [ -121.9567, 39.72517 ], [ -121.9568, 39.72423 ], [ -121.95672, 39.72382 ], [ -121.9565, 39.72345 ], [ -121.95615, 39.72299 ], [ -121.95578, 39.7228 ], [ -121.95494, 39.72235 ], [ -121.95436, 39.72082 ], [ -121.95383, 39.71941 ], [ -121.95288, 39.71799 ], [ -121.95153, 39.71675 ], [ -121.94866, 39.71526 ], [ -121.94773, 39.71474 ], [ -121.94737, 39.71442 ], [ -121.94712, 39.7142 ], [ -121.94627, 39.71312 ], [ -121.94541, 39.71178 ], [ -121.94507, 39.7109 ], [ -121.94457, 39.7088 ], [ -121.94408, 39.70522 ], [ -121.94409, 39.7027 ], [ -121.9441, 39.7024 ], [ -121.94454, 39.70088 ], [ -121.94455, 39.69947 ], [ -121.94452, 39.69873 ], [ -121.94383, 39.6981 ], [ -121.94193, 39.69581 ], [ -121.94199, 39.69536 ], [ -121.94213, 39.69428 ], [ -121.94216, 39.69159 ], [ -121.94289, 39.69001 ], [ -121.94342, 39.689 ], [ -121.9438, 39.68837 ], [ -121.94433, 39.68729 ], [ -121.94573, 39.68634 ], [ -121.94863, 39.68568 ], [ -121.95174, 39.68589 ], [ -121.95714, 39.68736 ], [ -121.95717, 39.68729 ], [ -121.95821, 39.68718 ], [ -121.95964, 39.68667 ], [ -121.96006, 39.68652 ], [ -121.96097, 39.68596 ], [ -121.96198, 39.68557 ], [ -121.96265, 39.68491 ], [ -121.96324, 39.6839 ], [ -121.96338, 39.68312 ], [ -121.96349, 39.6825 ], [ -121.96331, 39.6811 ], [ -121.96261, 39.67956 ], [ -121.96209, 39.67851 ], [ -121.96195, 39.67697 ], [ -121.96209, 39.6761 ], [ -121.96258, 39.67463 ], [ -121.96317, 39.67397 ], [ -121.96408, 39.67351 ], [ -121.96527, 39.67341 ], [ -121.96646, 39.67355 ], [ -121.96726, 39.67379 ], [ -121.96845, 39.67418 ], [ -121.96908, 39.67477 ], [ -121.96992, 39.67512 ], [ -121.97177, 39.67572 ], [ -121.9739, 39.67583 ], [ -121.97399, 39.6758 ], [ -121.97412, 39.67576 ], [ -121.97426, 39.67573 ], [ -121.97435, 39.67572 ], [ -121.97449, 39.67571 ], [ -121.97475, 39.67555 ], [ -121.97502, 39.67548 ], [ -121.97523, 39.67537 ], [ -121.97796, 39.67539 ], [ -121.9804, 39.67469 ], [ -121.98271, 39.67329 ], [ -121.98619, 39.66994 ], [ -121.98786, 39.66976 ], [ -121.99173, 39.67021 ], [ -121.99615, 39.66982 ], [ -121.99758, 39.66887 ], [ -121.9988, 39.66717 ], [ -121.9991, 39.66543 ], [ -121.99849, 39.66339 ], [ -121.99712, 39.66178 ], [ -121.99514, 39.66053 ], [ -121.99295, 39.66031 ], [ -121.991, 39.66004 ], [ -121.9868, 39.65967 ], [ -121.9846, 39.6591 ], [ -121.98256, 39.65888 ], [ -121.98143, 39.65937 ], [ -121.97985, 39.65995 ], [ -121.97735, 39.66153 ], [ -121.97504, 39.66287 ], [ -121.97345, 39.66421 ], [ -121.97215, 39.66406 ], [ -121.97055, 39.66347 ], [ -121.96896, 39.66254 ], [ -121.9682, 39.66109 ], [ -121.96798, 39.65932 ], [ -121.96848, 39.656 ], [ -121.96928, 39.6527 ], [ -121.96983, 39.65046 ], [ -121.97062, 39.64827 ], [ -121.97126, 39.64736 ], [ -121.97232, 39.64685 ], [ -121.97423, 39.64666 ], [ -121.97629, 39.64677 ], [ -121.97752, 39.64775 ], [ -121.97841, 39.64876 ], [ -121.98009, 39.64937 ], [ -121.98203, 39.64923 ], [ -121.98401, 39.64893 ], [ -121.98615, 39.64864 ], [ -121.98855, 39.64805 ], [ -121.98986, 39.64699 ], [ -121.99024, 39.64559 ], [ -121.99029, 39.64443 ], [ -121.99019, 39.64425 ], [ -121.98966, 39.64285 ], [ -121.98864, 39.64147 ], [ -121.98739, 39.64007 ], [ -121.98659, 39.63939 ], [ -121.98591, 39.63903 ], [ -121.98529, 39.63816 ], [ -121.9851, 39.63738 ], [ -121.98509, 39.63666 ], [ -121.98534, 39.63601 ], [ -121.98584, 39.63546 ], [ -121.9865, 39.63512 ], [ -121.98715, 39.63508 ], [ -121.98922, 39.63495 ], [ -121.98991, 39.63475 ], [ -121.99082, 39.63449 ], [ -121.99158, 39.63414 ], [ -121.99217, 39.63366 ], [ -121.99269, 39.63288 ], [ -121.99282, 39.63244 ], [ -121.993, 39.63142 ], [ -121.99297, 39.63039 ], [ -121.99273, 39.62953 ], [ -121.9924, 39.62873 ], [ -121.99173, 39.62776 ], [ -121.99081, 39.62669 ], [ -121.98891, 39.62292 ], [ -121.98736, 39.6213 ], [ -121.98421, 39.61942 ], [ -121.97966, 39.6178 ], [ -121.97831, 39.61751 ], [ -121.97719, 39.6168 ], [ -121.97651, 39.61583 ], [ -121.97613, 39.61457 ], [ -121.97604, 39.61322 ], [ -121.97628, 39.61201 ], [ -121.97692, 39.61107 ], [ -121.97825, 39.60987 ], [ -121.97951, 39.60908 ], [ -121.98023, 39.60881 ], [ -121.98618, 39.60778 ], [ -121.98843, 39.60839 ], [ -121.99155, 39.6084 ], [ -121.99229, 39.60805 ], [ -121.99314, 39.60738 ], [ -121.9954, 39.60411 ], [ -121.99726, 39.60097 ], [ -122.00002, 39.5987 ], [ -122.00084, 39.5975 ], [ -122.00087, 39.59569 ], [ -121.99985, 39.59352 ], [ -121.99814, 39.59196 ], [ -121.99735, 39.59124 ], [ -121.99588, 39.5881 ], [ -121.99608, 39.58478 ], [ -121.99667, 39.58325 ], [ -121.99802, 39.58175 ], [ -121.9984, 39.58028 ], [ -121.99823, 39.57846 ], [ -121.99779, 39.57719 ], [ -121.99849, 39.57531 ], [ -122.00084, 39.57161 ], [ -122.00296, 39.56888 ], [ -122.00296, 39.5677 ], [ -122.0024, 39.56647 ], [ -122.00181, 39.56559 ], [ -122.00114, 39.56529 ], [ -121.99961, 39.56485 ], [ -121.99723, 39.56441 ], [ -121.99467, 39.56397 ], [ -121.99241, 39.5633 ], [ -121.99118, 39.5625 ], [ -121.98975, 39.5616 ], [ -121.98962, 39.56132 ], [ -121.98936, 39.56074 ], [ -121.9893, 39.55958 ], [ -121.9893, 39.55956 ], [ -121.98947, 39.55924 ], [ -121.98994, 39.55845 ], [ -121.99059, 39.55804 ], [ -121.9915, 39.55757 ], [ -121.99256, 39.55721 ], [ -121.99341, 39.55713 ], [ -121.9945, 39.5571 ], [ -121.99523, 39.55734 ], [ -121.99646, 39.55752 ], [ -121.99714, 39.55762 ], [ -121.99835, 39.5576 ], [ -121.99964, 39.55754 ], [ -122.00055, 39.55736 ], [ -122.00131, 39.55713 ], [ -122.00193, 39.55686 ], [ -122.00252, 39.55618 ], [ -122.00252, 39.55539 ], [ -122.00205, 39.5536 ], [ -122.00169, 39.55216 ], [ -122.00105, 39.55121 ], [ -121.99703, 39.53958 ], [ -121.99429, 39.53428 ], [ -121.99282, 39.53065 ], [ -121.9927, 39.52865 ], [ -121.99314, 39.52698 ], [ -121.99435, 39.52563 ], [ -121.9962, 39.52463 ], [ -121.9999, 39.5233 ], [ -122.00416, 39.52178 ], [ -122.00569, 39.52098 ], [ -122.00643, 39.52037 ], [ -122.00713, 39.51963 ], [ -122.00763, 39.51901 ], [ -122.00776, 39.51821 ], [ -122.00745, 39.51663 ], [ -122.00631, 39.51455 ], [ -122.00502, 39.51252 ], [ -122.0034, 39.51076 ], [ -122.00208, 39.50967 ], [ -122.00002, 39.50867 ], [ -121.99793, 39.50823 ], [ -121.99558, 39.50811 ], [ -121.99311, 39.50849 ], [ -121.99094, 39.50897 ], [ -121.98997, 39.50888 ], [ -121.9885, 39.5087 ], [ -121.98712, 39.50811 ], [ -121.98704, 39.50803 ], [ -121.9867, 39.50792 ], [ -121.98509, 39.50702 ], [ -121.98473, 39.50617 ], [ -121.98553, 39.50486 ], [ -121.98553, 39.50482 ], [ -121.98642, 39.50318 ], [ -121.98721, 39.50194 ], [ -121.98788, 39.50086 ], [ -121.98927, 39.4988 ], [ -121.99103, 39.49745 ], [ -121.99303, 39.49709 ], [ -121.99711, 39.49756 ], [ -121.99979, 39.49774 ], [ -122.00181, 39.49724 ], [ -122.00293, 39.49671 ], [ -122.00317, 39.49649 ], [ -122.0044, 39.49573 ], [ -122.00508, 39.49469 ], [ -122.00538, 39.49368 ], [ -122.00538, 39.49231 ], [ -122.00485, 39.49097 ], [ -122.00315, 39.48916 ], [ -122.00187, 39.48815 ], [ -122.00064, 39.48763 ], [ -122.00026, 39.48734 ], [ -121.99893, 39.48678 ], [ -121.9985, 39.48662 ], [ -121.99753, 39.48627 ], [ -121.9962, 39.4854 ], [ -121.99549, 39.48434 ], [ -121.99508, 39.48322 ], [ -121.99497, 39.48214 ], [ -121.99523, 39.4792 ], [ -121.99555, 39.47755 ], [ -121.99602, 39.4765 ], [ -121.99661, 39.47556 ], [ -121.99735, 39.4735 ], [ -121.99705, 39.47082 ], [ -121.99614, 39.4685 ], [ -121.99485, 39.46624 ], [ -121.99385, 39.4651 ], [ -121.99353, 39.46348 ], [ -121.99494, 39.45939 ], [ -121.99487, 39.45817 ], [ -121.99503, 39.45552 ], [ -121.99546, 39.45458 ], [ -121.99573, 39.45384 ], [ -121.99576, 39.45324 ], [ -121.99574, 39.45266 ], [ -121.99554, 39.45201 ], [ -121.99539, 39.45143 ], [ -121.99496, 39.45054 ], [ -121.99442, 39.4495 ], [ -121.9942, 39.44872 ], [ -121.99423, 39.44782 ], [ -121.9944, 39.44586 ], [ -121.99465, 39.44416 ], [ -121.99505, 39.44306 ], [ -121.99576, 39.44148 ], [ -121.99696, 39.43992 ], [ -121.99794, 39.43884 ], [ -121.99939, 39.4378 ], [ -122.00148, 39.43671 ], [ -122.00242, 39.43629 ], [ -122.00334, 39.43539 ], [ -122.00463, 39.43421 ], [ -122.00549, 39.43318 ], [ -122.00581, 39.43207 ], [ -122.00575, 39.43175 ], [ -122.00589, 39.43086 ], [ -122.00532, 39.42896 ], [ -122.00428, 39.42832 ], [ -122.00339, 39.42789 ], [ -122.0001, 39.42743 ], [ -121.99919, 39.42736 ], [ -121.9989, 39.42722 ], [ -121.99817, 39.42651 ], [ -121.99757, 39.42558 ], [ -121.99754, 39.42516 ], [ -121.99725, 39.42489 ], [ -121.99693, 39.42293 ], [ -121.99732, 39.42154 ], [ -121.99811, 39.42058 ], [ -122.00128, 39.4199 ], [ -122.00566, 39.42029 ], [ -122.00646, 39.42023 ], [ -122.00813, 39.41964 ], [ -122.00904, 39.4189 ], [ -122.00963, 39.41811 ], [ -122.00972, 39.41682 ], [ -122.00925, 39.41517 ], [ -122.00896, 39.41388 ], [ -122.00775, 39.40808 ], [ -122.0066, 39.4033 ], [ -122.00398, 39.3998 ], [ -122.00319, 39.39589 ], [ -122.00355, 39.39452 ], [ -122.00446, 39.39199 ], [ -122.00634, 39.39028 ], [ -122.00807, 39.3892 ], [ -122.00918, 39.38849 ], [ -122.00986, 39.38805 ], [ -122.01054, 39.38685 ], [ -122.0111, 39.38555 ], [ -122.01122, 39.38426 ], [ -122.01089, 39.38303 ], [ -122.0102, 39.38177 ], [ -122.00901, 39.38026 ], [ -122.00816, 39.37909 ], [ -122.00795, 39.37832 ], [ -122.00801, 39.37724 ], [ -122.00857, 39.37615 ], [ -122.00945, 39.37477 ], [ -122.00998, 39.37439 ], [ -122.01066, 39.37245 ], [ -122.01075, 39.3698 ], [ -122.01201, 39.36681 ], [ -122.01333, 39.3641 ], [ -122.01311, 39.35932 ], [ -122.01365, 39.3567 ], [ -122.01404, 39.35464 ], [ -122.01421, 39.35373 ], [ -122.01454, 39.35247 ], [ -122.01536, 39.35129 ], [ -122.01703, 39.34985 ], [ -122.0178, 39.3495 ], [ -122.01924, 39.34941 ], [ -122.02088, 39.34918 ], [ -122.02347, 39.34897 ], [ -122.02567, 39.34894 ], [ -122.02723, 39.34874 ], [ -122.02795, 39.34861 ], [ -122.02902, 39.348 ], [ -122.03011, 39.347 ], [ -122.03058, 39.34615 ], [ -122.03064, 39.34471 ], [ -122.03102, 39.34315 ], [ -122.03078, 39.34186 ], [ -122.02986, 39.33989 ], [ -122.03046, 39.3386 ], [ -122.03111, 39.33724 ], [ -122.03126, 39.3361 ], [ -122.03002, 39.33367 ], [ -122.02917, 39.33155 ], [ -122.0284, 39.32987 ], [ -122.02817, 39.32828 ], [ -122.02814, 39.32567 ], [ -122.02793, 39.32423 ], [ -122.02729, 39.32282 ], [ -122.02679, 39.32167 ], [ -122.02673, 39.32014 ], [ -122.02673, 39.31962 ], [ -122.02688, 39.31865 ], [ -122.02673, 39.3178 ], [ -122.02681, 39.31726 ], [ -122.02683, 39.31641 ], [ -122.02633, 39.31524 ], [ -122.02574, 39.31484 ], [ -122.02374, 39.31396 ], [ -122.02288, 39.31329 ], [ -122.02226, 39.31272 ], [ -122.02203, 39.31205 ], [ -122.02222, 39.31146 ], [ -122.02352, 39.31003 ], [ -122.02626, 39.30808 ], [ -122.02895, 39.30684 ], [ -122.03066, 39.30564 ], [ -122.03111, 39.30428 ], [ -122.03114, 39.30348 ], [ -122.03102, 39.3026 ], [ -122.03067, 39.30196 ], [ -122.0302, 39.3014 ], [ -122.02914, 39.2999 ], [ -122.0284, 39.29913 ], [ -122.02717, 39.29849 ], [ -122.02635, 39.2982 ], [ -122.02488, 39.29802 ], [ -122.02345, 39.2982 ], [ -122.01949, 39.2992 ], [ -122.01744, 39.29881 ], [ -122.016, 39.29828 ], [ -122.0152, 39.29724 ], [ -122.01541, 39.29571 ], [ -122.01431, 39.29249 ], [ -122.01494, 39.28849 ], [ -122.01526, 39.28592 ], [ -122.01787, 39.2815 ], [ -122.02124, 39.27199 ], [ -122.02224, 39.27082 ], [ -122.02189, 39.26834 ], [ -122.02128, 39.26681 ], [ -122.02008, 39.2661 ], [ -122.01812, 39.26559 ], [ -122.01609, 39.26563 ], [ -122.01462, 39.26616 ], [ -122.01237, 39.26792 ], [ -122.01032, 39.27014 ], [ -122.00851, 39.27176 ], [ -122.00506, 39.2721 ], [ -122.00299, 39.27055 ], [ -122.00159, 39.26917 ], [ -122.00087, 39.26786 ], [ -121.99929, 39.26599 ], [ -121.99918, 39.26489 ], [ -122.00108, 39.26209 ], [ -122.00416, 39.25935 ], [ -122.00645, 39.25808 ], [ -122.008, 39.25653 ], [ -122.00841, 39.25558 ], [ -122.00755, 39.2534 ], [ -122.00577, 39.25106 ], [ -122.00412, 39.24935 ], [ -122.00247, 39.24801 ], [ -122.00089, 39.24673 ], [ -121.99958, 39.24518 ], [ -121.99838, 39.24387 ], [ -121.9979, 39.24321 ], [ -121.99764, 39.24214 ], [ -121.99777, 39.24075 ], [ -121.99812, 39.2396 ], [ -121.99848, 39.23912 ], [ -121.99868, 39.23885 ], [ -121.99924, 39.23824 ], [ -122.00017, 39.23781 ], [ -122.00137, 39.23736 ], [ -122.0023, 39.23693 ], [ -122.00282, 39.23658 ], [ -122.00298, 39.23621 ], [ -122.00295, 39.23573 ], [ -122.00279, 39.23525 ], [ -122.00172, 39.23458 ], [ -122.00007, 39.23378 ], [ -121.999, 39.23322 ], [ -121.99844, 39.23247 ], [ -121.99835, 39.23229 ], [ -121.99806, 39.23172 ], [ -121.99822, 39.23095 ], [ -121.99876, 39.2302 ], [ -121.99945, 39.2298 ], [ -122.00017, 39.22956 ], [ -122.00116, 39.22945 ], [ -122.00218, 39.22972 ], [ -122.003, 39.22985 ], [ -122.00372, 39.22993 ], [ -122.00453, 39.22964 ], [ -122.00589, 39.22865 ], [ -122.00693, 39.22785 ], [ -122.00748, 39.22732 ], [ -122.00786, 39.22641 ], [ -122.00701, 39.22422 ], [ -122.00674, 39.22291 ], [ -122.00685, 39.22203 ], [ -122.0075, 39.22133 ], [ -122.00907, 39.22032 ], [ -122.00957, 39.22003 ], [ -122.01091, 39.21936 ], [ -122.0116, 39.2185 ], [ -122.01182, 39.21762 ], [ -122.01144, 39.21698 ], [ -122.01017, 39.21634 ], [ -122.00717, 39.21647 ], [ -122.0051, 39.21626 ], [ -122.00298, 39.21527 ], [ -122.00108, 39.21449 ], [ -121.9968, 39.21406 ], [ -121.99455, 39.21362 ], [ -121.9935, 39.21341 ], [ -121.99248, 39.21289 ], [ -121.98987, 39.21078 ], [ -121.98965, 39.21061 ], [ -121.98823, 39.20925 ], [ -121.98816, 39.20918 ], [ -121.98685, 39.20864 ], [ -121.98481, 39.2078 ], [ -121.98458, 39.20764 ], [ -121.98353, 39.2069 ], [ -121.98326, 39.20671 ], [ -121.9833, 39.20641 ], [ -121.98349, 39.20499 ], [ -121.98356, 39.20447 ], [ -121.98606, 39.20069 ], [ -121.98619, 39.20047 ], [ -121.98765, 39.19811 ], [ -121.98809, 39.19662 ], [ -121.98805, 39.19636 ], [ -121.98787, 39.19508 ], [ -121.98778, 39.19442 ], [ -121.98758, 39.19416 ], [ -121.98677, 39.19307 ], [ -121.98639, 39.19256 ], [ -121.98633, 39.19252 ], [ -121.98474, 39.19147 ], [ -121.98453, 39.19133 ], [ -121.98413, 39.19121 ], [ -121.9822, 39.19067 ], [ -121.98083, 39.19034 ], [ -121.98019, 39.19018 ], [ -121.97723, 39.18838 ], [ -121.97446, 39.18681 ], [ -121.97189, 39.18678 ], [ -121.96798, 39.18694 ], [ -121.96616, 39.18704 ], [ -121.96501, 39.1871 ], [ -121.96497, 39.1871 ], [ -121.96351, 39.18783 ], [ -121.9618, 39.18866 ], [ -121.96149, 39.18888 ], [ -121.96063, 39.1895 ], [ -121.95768, 39.19162 ], [ -121.95761, 39.19167 ], [ -121.95474, 39.1928 ], [ -121.95202, 39.19399 ], [ -121.95181, 39.19408 ], [ -121.9493, 39.19578 ], [ -121.94893, 39.19619 ], [ -121.94817, 39.19703 ], [ -121.94742, 39.19726 ], [ -121.94657, 39.19752 ], [ -121.9465, 39.19754 ], [ -121.94615, 39.19737 ], [ -121.94279, 39.19574 ], [ -121.93752, 39.19361 ], [ -121.93741, 39.19354 ], [ -121.93679, 39.19323 ], [ -121.93583, 39.19275 ], [ -121.93509, 39.19206 ], [ -121.93459, 39.19151 ], [ -121.93437, 39.19046 ], [ -121.93467, 39.18964 ], [ -121.93523, 39.18919 ], [ -121.93621, 39.18896 ], [ -121.93723, 39.18871 ], [ -121.93888, 39.18816 ], [ -121.94023, 39.18752 ], [ -121.94179, 39.18629 ], [ -121.94345, 39.18434 ], [ -121.94536, 39.18202 ], [ -121.94578, 39.18133 ], [ -121.94586, 39.18071 ], [ -121.94565, 39.17998 ], [ -121.94515, 39.17938 ], [ -121.94333, 39.17794 ], [ -121.94315, 39.17777 ], [ -121.94052, 39.17546 ], [ -121.93987, 39.17488 ], [ -121.93896, 39.17356 ], [ -121.93789, 39.17133 ], [ -121.9368, 39.16728 ], [ -121.93567, 39.16452 ], [ -121.93477, 39.16206 ], [ -121.93423, 39.16121 ], [ -121.93321, 39.16031 ], [ -121.93212, 39.15957 ], [ -121.93002, 39.1584 ], [ -121.92792, 39.15763 ], [ -121.92636, 39.15716 ], [ -121.9248, 39.15622 ], [ -121.92266, 39.15478 ], [ -121.92031, 39.15328 ], [ -121.91998, 39.15298 ], [ -121.91901, 39.15208 ], [ -121.9189, 39.15199 ], [ -121.91857, 39.1515 ], [ -121.9178, 39.15039 ], [ -121.91748, 39.14902 ], [ -121.91745, 39.14717 ], [ -121.91805, 39.14446 ], [ -121.91835, 39.1437 ], [ -121.91899, 39.1421 ], [ -121.91923, 39.142 ], [ -121.92062, 39.14142 ], [ -121.92073, 39.14137 ], [ -121.92131, 39.14152 ], [ -121.92159, 39.14159 ], [ -121.92515, 39.14262 ], [ -121.92523, 39.14262 ], [ -121.93057, 39.14238 ], [ -121.93131, 39.14252 ], [ -121.93264, 39.14278 ], [ -121.93315, 39.14288 ], [ -121.93467, 39.14359 ], [ -121.93544, 39.14395 ], [ -121.93582, 39.14404 ], [ -121.93671, 39.14427 ], [ -121.9368, 39.14429 ], [ -121.93713, 39.14421 ], [ -121.93771, 39.14406 ], [ -121.93775, 39.14405 ], [ -121.93783, 39.14398 ], [ -121.93868, 39.14323 ], [ -121.93919, 39.14255 ], [ -121.93961, 39.1416 ], [ -121.9397, 39.14106 ], [ -121.93963, 39.14026 ], [ -121.93951, 39.13933 ], [ -121.93931, 39.13821 ], [ -121.93916, 39.13721 ], [ -121.93929, 39.13596 ], [ -121.9393, 39.13553 ], [ -121.93912, 39.13484 ], [ -121.93889, 39.13431 ], [ -121.93856, 39.13374 ], [ -121.93783, 39.13286 ], [ -121.93718, 39.13212 ], [ -121.93629, 39.13141 ], [ -121.93495, 39.13051 ], [ -121.9337, 39.12988 ], [ -121.93238, 39.12949 ], [ -121.93088, 39.1292 ], [ -121.92709, 39.12851 ], [ -121.92539, 39.12805 ], [ -121.92438, 39.12759 ], [ -121.92332, 39.12671 ], [ -121.92284, 39.12627 ], [ -121.92217, 39.12559 ], [ -121.92194, 39.12514 ], [ -121.92187, 39.12493 ], [ -121.9213, 39.12381 ], [ -121.92066, 39.12261 ], [ -121.91992, 39.12193 ], [ -121.91917, 39.12162 ], [ -121.91821, 39.12147 ], [ -121.91619, 39.12161 ], [ -121.9128, 39.12195 ], [ -121.91132, 39.12199 ], [ -121.91051, 39.12183 ], [ -121.90998, 39.12151 ], [ -121.9097, 39.12112 ], [ -121.90955, 39.12074 ], [ -121.90949, 39.11994 ], [ -121.90959, 39.11739 ], [ -121.90985, 39.11415 ], [ -121.90987, 39.11295 ], [ -121.90967, 39.1123 ], [ -121.90838, 39.11121 ], [ -121.90711, 39.11087 ], [ -121.9047, 39.11022 ], [ -121.90367, 39.11035 ], [ -121.90366, 39.11032 ], [ -121.90342, 39.11015 ], [ -121.90305, 39.10989 ], [ -121.90281, 39.10903 ], [ -121.90288, 39.10881 ], [ -121.90258, 39.10828 ], [ -121.90345, 39.1047 ], [ -121.90415, 39.10279 ], [ -121.90415, 39.10277 ], [ -121.90418, 39.10216 ], [ -121.90404, 39.10121 ], [ -121.90375, 39.10046 ], [ -121.90306, 39.09965 ], [ -121.90224, 39.09904 ], [ -121.90144, 39.09874 ], [ -121.90044, 39.09858 ], [ -121.89918, 39.09829 ], [ -121.89857, 39.09804 ], [ -121.898, 39.09749 ], [ -121.89743, 39.09696 ], [ -121.89697, 39.09666 ], [ -121.89655, 39.09654 ], [ -121.8957, 39.09653 ], [ -121.89535, 39.09645 ], [ -121.89468, 39.09617 ], [ -121.89418, 39.09588 ], [ -121.89388, 39.09551 ], [ -121.89369, 39.09481 ], [ -121.89361, 39.09388 ], [ -121.89356, 39.09338 ], [ -121.89352, 39.09263 ], [ -121.89339, 39.09181 ], [ -121.89353, 39.09131 ], [ -121.89383, 39.09073 ], [ -121.89457, 39.08951 ], [ -121.8947, 39.08929 ], [ -121.89508, 39.08855 ], [ -121.89533, 39.08789 ], [ -121.89542, 39.08749 ], [ -121.89536, 39.08671 ], [ -121.89515, 39.08606 ], [ -121.89492, 39.08567 ], [ -121.89343, 39.08423 ], [ -121.89259, 39.08317 ], [ -121.89208, 39.08209 ], [ -121.892, 39.08167 ], [ -121.89199, 39.08142 ], [ -121.89216, 39.08111 ], [ -121.89315, 39.08051 ], [ -121.89404, 39.08009 ], [ -121.89443, 39.07955 ], [ -121.89449, 39.07899 ], [ -121.89421, 39.07836 ], [ -121.89368, 39.07745 ], [ -121.89287, 39.07635 ], [ -121.89174, 39.07525 ], [ -121.89086, 39.07421 ], [ -121.88988, 39.07299 ], [ -121.8888, 39.07229 ], [ -121.88765, 39.07179 ], [ -121.88623, 39.07129 ], [ -121.88488, 39.07103 ], [ -121.88326, 39.07083 ], [ -121.88121, 39.07061 ], [ -121.88032, 39.07056 ], [ -121.87911, 39.07059 ], [ -121.87785, 39.07051 ], [ -121.87625, 39.07016 ], [ -121.87565, 39.06995 ], [ -121.87498, 39.06963 ], [ -121.87126, 39.06725 ], [ -121.87055, 39.06684 ], [ -121.86994, 39.06673 ], [ -121.86908, 39.06672 ], [ -121.86832, 39.06689 ], [ -121.86721, 39.0672 ], [ -121.86649, 39.06733 ], [ -121.86503, 39.0676 ], [ -121.86301, 39.06778 ], [ -121.86081, 39.06798 ], [ -121.85839, 39.06864 ], [ -121.85407, 39.0706 ], [ -121.85164, 39.0715 ], [ -121.85104, 39.07155 ], [ -121.84955, 39.0714 ], [ -121.84835, 39.07083 ], [ -121.84826, 39.07075 ], [ -121.84732, 39.07 ], [ -121.8458, 39.06861 ], [ -121.84429, 39.0673 ], [ -121.84282, 39.06623 ], [ -121.84076, 39.06523 ], [ -121.83914, 39.06435 ], [ -121.83862, 39.06375 ], [ -121.83848, 39.06312 ], [ -121.83872, 39.06192 ], [ -121.83909, 39.06048 ], [ -121.83958, 39.05879 ], [ -121.83989, 39.05658 ], [ -121.84039, 39.05401 ], [ -121.84076, 39.05213 ], [ -121.84068, 39.05063 ], [ -121.84025, 39.04917 ], [ -121.83965, 39.04701 ], [ -121.83878, 39.04536 ], [ -121.83818, 39.04433 ], [ -121.83719, 39.04317 ], [ -121.83572, 39.04192 ], [ -121.83381, 39.04073 ], [ -121.83177, 39.03966 ], [ -121.83103, 39.0392 ], [ -121.83033, 39.03861 ], [ -121.82983, 39.03808 ], [ -121.82941, 39.03746 ], [ -121.82933, 39.03692 ], [ -121.82958, 39.03566 ], [ -121.82974, 39.03472 ], [ -121.82976, 39.03372 ], [ -121.82964, 39.03297 ], [ -121.8293, 39.03229 ], [ -121.82888, 39.03208 ], [ -121.82804, 39.03197 ], [ -121.82736, 39.03185 ], [ -121.82673, 39.03195 ], [ -121.82564, 39.03202 ], [ -121.82483, 39.03192 ], [ -121.82429, 39.03161 ], [ -121.82357, 39.0306 ], [ -121.8228, 39.02947 ], [ -121.82252, 39.02837 ], [ -121.8225, 39.02677 ], [ -121.82251, 39.02663 ], [ -121.82257, 39.02528 ], [ -121.82173, 39.02311 ], [ -121.82116, 39.02113 ], [ -121.82112, 39.02089 ], [ -121.82113, 39.02014 ], [ -121.82119, 39.01948 ], [ -121.82143, 39.01898 ], [ -121.82192, 39.01827 ], [ -121.82291, 39.0173 ], [ -121.82384, 39.01633 ], [ -121.82645, 39.01315 ], [ -121.8265, 39.01252 ], [ -121.82654, 39.01209 ], [ -121.8265, 39.01187 ], [ -121.82642, 39.0116 ], [ -121.82632, 39.0114 ], [ -121.82611, 39.0111 ], [ -121.82568, 39.01068 ], [ -121.82475, 39.00998 ], [ -121.8238, 39.0094 ], [ -121.82273, 39.00881 ], [ -121.82184, 39.0081 ], [ -121.82104, 39.00738 ], [ -121.82021, 39.00672 ], [ -121.8195, 39.00633 ], [ -121.81881, 39.0061 ], [ -121.81784, 39.00588 ], [ -121.81674, 39.00572 ], [ -121.81588, 39.00573 ], [ -121.81387, 39.00605 ], [ -121.8133, 39.00605 ], [ -121.81229, 39.00588 ], [ -121.8115, 39.00565 ], [ -121.80756, 39.00421 ], [ -121.80629, 39.00369 ], [ -121.80529, 39.00307 ], [ -121.80413, 39.00212 ], [ -121.80413, 39.00212 ], [ -121.80171, 38.99989 ], [ -121.80101, 38.99936 ], [ -121.79717, 38.99799 ], [ -121.79717, 38.99799 ], [ -121.79621, 38.99751 ], [ -121.79577, 38.99722 ], [ -121.79538, 38.99673 ], [ -121.79517, 38.99616 ], [ -121.79513, 38.9957 ], [ -121.79521, 38.99512 ], [ -121.79551, 38.99456 ], [ -121.79623, 38.99371 ], [ -121.79758, 38.99263 ], [ -121.80006, 38.99064 ], [ -121.80076, 38.99019 ], [ -121.80166, 38.98972 ], [ -121.80248, 38.98947 ], [ -121.80361, 38.98925 ], [ -121.80462, 38.98918 ], [ -121.80592, 38.98919 ], [ -121.80733, 38.98932 ], [ -121.80888, 38.98922 ], [ -121.81075, 38.9889 ], [ -121.81229, 38.98866 ], [ -121.81348, 38.98859 ], [ -121.81516, 38.98862 ], [ -121.81591, 38.98871 ], [ -121.81704, 38.98885 ], [ -121.81809, 38.98873 ], [ -121.81902, 38.98837 ], [ -121.81968, 38.98791 ], [ -121.82015, 38.98736 ], [ -121.82051, 38.98642 ], [ -121.82076, 38.98446 ], [ -121.82099, 38.98046 ], [ -121.82095, 38.97816 ], [ -121.82075, 38.97717 ], [ -121.82075, 38.97621 ], [ -121.82088, 38.97551 ], [ -121.82113, 38.97482 ], [ -121.82137, 38.97446 ], [ -121.82182, 38.97407 ], [ -121.82266, 38.97371 ], [ -121.82392, 38.97343 ], [ -121.82537, 38.97332 ], [ -121.82699, 38.97311 ], [ -121.82877, 38.97271 ], [ -121.83007, 38.97221 ], [ -121.83151, 38.97149 ], [ -121.83255, 38.97084 ], [ -121.8333, 38.97011 ], [ -121.83392, 38.96944 ], [ -121.83454, 38.96836 ], [ -121.8348, 38.9675 ], [ -121.8349, 38.96657 ], [ -121.83479, 38.96575 ], [ -121.83444, 38.96446 ], [ -121.83349, 38.96293 ], [ -121.83202, 38.96134 ], [ -121.83197, 38.96014 ], [ -121.8329, 38.95945 ], [ -121.83348, 38.95904 ], [ -121.83413, 38.95844 ], [ -121.83486, 38.95775 ], [ -121.83612, 38.95698 ], [ -121.83717, 38.95642 ], [ -121.83804, 38.95602 ], [ -121.83876, 38.95566 ], [ -121.83956, 38.95525 ], [ -121.84002, 38.95481 ], [ -121.8402, 38.95435 ], [ -121.83822, 38.95233 ], [ -121.83727, 38.95085 ], [ -121.8368, 38.94944 ], [ -121.83656, 38.94764 ], [ -121.83694, 38.94531 ], [ -121.83662, 38.9439 ], [ -121.83536, 38.94236 ], [ -121.83343, 38.94126 ], [ -121.83156, 38.94037 ], [ -121.8304, 38.93927 ], [ -121.8304, 38.93924 ], [ -121.83019, 38.93858 ], [ -121.83029, 38.9377 ], [ -121.83135, 38.93657 ], [ -121.83417, 38.93404 ], [ -121.83498, 38.93309 ], [ -121.83518, 38.93264 ], [ -121.83539, 38.93199 ], [ -121.83556, 38.93113 ], [ -121.83593, 38.93008 ], [ -121.83646, 38.92915 ], [ -121.83743, 38.92783 ], [ -121.83792, 38.9268 ], [ -121.83776, 38.92621 ], [ -121.83713, 38.92557 ], [ -121.83598, 38.92483 ], [ -121.83449, 38.92405 ], [ -121.83338, 38.92335 ], [ -121.83232, 38.92256 ], [ -121.83174, 38.92199 ], [ -121.83102, 38.9209 ], [ -121.83034, 38.91982 ], [ -121.82947, 38.91901 ], [ -121.82876, 38.91866 ], [ -121.82782, 38.9184 ], [ -121.82619, 38.91816 ], [ -121.82292, 38.91818 ], [ -121.82029, 38.91804 ], [ -121.81891, 38.91757 ], [ -121.81649, 38.91644 ], [ -121.81489, 38.91587 ], [ -121.8137, 38.91558 ], [ -121.81188, 38.91536 ], [ -121.81088, 38.91536 ], [ -121.80735, 38.91561 ], [ -121.80582, 38.91542 ], [ -121.80499, 38.91518 ], [ -121.80441, 38.91473 ], [ -121.80411, 38.91413 ], [ -121.80395, 38.91353 ], [ -121.80405, 38.9128 ], [ -121.80449, 38.91195 ], [ -121.80513, 38.91117 ], [ -121.80603, 38.91061 ], [ -121.80681, 38.91033 ], [ -121.80747, 38.91022 ], [ -121.80812, 38.91024 ], [ -121.8092, 38.91043 ], [ -121.81052, 38.9109 ], [ -121.81169, 38.91108 ], [ -121.81296, 38.91116 ], [ -121.81359, 38.91093 ], [ -121.81389, 38.91053 ], [ -121.81381, 38.9101 ], [ -121.81359, 38.90994 ], [ -121.8132, 38.90961 ], [ -121.80961, 38.90783 ], [ -121.80719, 38.90699 ], [ -121.80545, 38.90649 ], [ -121.80381, 38.9062 ], [ -121.80166, 38.90583 ], [ -121.7998, 38.90555 ], [ -121.79853, 38.90554 ], [ -121.79654, 38.90558 ], [ -121.79509, 38.90572 ], [ -121.79369, 38.90602 ], [ -121.79277, 38.90632 ], [ -121.79199, 38.90633 ], [ -121.7915, 38.906 ], [ -121.79099, 38.90515 ], [ -121.79076, 38.90395 ], [ -121.79101, 38.90284 ], [ -121.79166, 38.90213 ], [ -121.79205, 38.90167 ], [ -121.79261, 38.90113 ], [ -121.79361, 38.90075 ], [ -121.79451, 38.90062 ], [ -121.79565, 38.90061 ], [ -121.79657, 38.90075 ], [ -121.79745, 38.9009 ], [ -121.79868, 38.90122 ], [ -121.80079, 38.9016 ], [ -121.80213, 38.9018 ], [ -121.80288, 38.90189 ], [ -121.80343, 38.90177 ], [ -121.80375, 38.90146 ], [ -121.80388, 38.90103 ], [ -121.80373, 38.90069 ], [ -121.8033, 38.89999 ], [ -121.80305, 38.8996 ], [ -121.80296, 38.89913 ], [ -121.80306, 38.89853 ], [ -121.80343, 38.89696 ], [ -121.8047, 38.89548 ], [ -121.80544, 38.89393 ], [ -121.80591, 38.89135 ], [ -121.80618, 38.89068 ], [ -121.80681, 38.88975 ], [ -121.80758, 38.88895 ], [ -121.80927, 38.88765 ], [ -121.8104, 38.88701 ], [ -121.81223, 38.88619 ], [ -121.81371, 38.88562 ], [ -121.81488, 38.88527 ], [ -121.81599, 38.88488 ], [ -121.8164, 38.88459 ], [ -121.81688, 38.88381 ], [ -121.81728, 38.88236 ], [ -121.81732, 38.88202 ], [ -121.81726, 38.88135 ], [ -121.81702, 38.88079 ], [ -121.81671, 38.88023 ], [ -121.81605, 38.8794 ], [ -121.81541, 38.87882 ], [ -121.8149, 38.87808 ], [ -121.81457, 38.87734 ], [ -121.81426, 38.87652 ], [ -121.81397, 38.87588 ], [ -121.81349, 38.87538 ], [ -121.81301, 38.87509 ], [ -121.81178, 38.87403 ], [ -121.81002, 38.87258 ], [ -121.80798, 38.87159 ], [ -121.80707, 38.87134 ], [ -121.8055, 38.87114 ], [ -121.80412, 38.87091 ], [ -121.80324, 38.87046 ], [ -121.80248, 38.86995 ], [ -121.80172, 38.86918 ], [ -121.80139, 38.86814 ], [ -121.80113, 38.86601 ], [ -121.80113, 38.86554 ], [ -121.80105, 38.86514 ], [ -121.80082, 38.86488 ], [ -121.80056, 38.8648 ], [ -121.80012, 38.86482 ], [ -121.79962, 38.86507 ], [ -121.79819, 38.86611 ], [ -121.7964, 38.86698 ], [ -121.79564, 38.86705 ], [ -121.79466, 38.86633 ], [ -121.79354, 38.86458 ], [ -121.79264, 38.86322 ], [ -121.79248, 38.8632 ], [ -121.79133, 38.86305 ], [ -121.79031, 38.86328 ], [ -121.7885, 38.86446 ], [ -121.78764, 38.86454 ], [ -121.78763, 38.86454 ], [ -121.7871, 38.86436 ], [ -121.78595, 38.86372 ], [ -121.78514, 38.86312 ], [ -121.7847, 38.86269 ], [ -121.78445, 38.86228 ], [ -121.78442, 38.86226 ], [ -121.78394, 38.86063 ], [ -121.784, 38.85917 ], [ -121.78412, 38.85891 ], [ -121.78429, 38.85738 ], [ -121.78412, 38.85708 ], [ -121.78396, 38.85679 ], [ -121.78336, 38.85653 ], [ -121.78247, 38.85685 ], [ -121.78129, 38.85795 ], [ -121.77966, 38.85953 ], [ -121.77965, 38.85954 ], [ -121.77906, 38.86012 ], [ -121.77818, 38.86075 ], [ -121.77688, 38.86133 ], [ -121.77606, 38.86163 ], [ -121.7721, 38.86163 ], [ -121.76995, 38.86188 ], [ -121.7679, 38.86278 ], [ -121.76605, 38.86387 ], [ -121.76357, 38.8645 ], [ -121.76096, 38.86431 ], [ -121.75926, 38.86409 ], [ -121.75875, 38.86424 ], [ -121.75842, 38.86455 ], [ -121.75848, 38.86508 ], [ -121.75938, 38.86654 ], [ -121.75971, 38.86709 ], [ -121.75976, 38.86742 ], [ -121.75966, 38.86793 ], [ -121.75929, 38.86838 ], [ -121.75838, 38.86876 ], [ -121.75722, 38.86887 ], [ -121.75606, 38.86894 ], [ -121.75509, 38.86914 ], [ -121.75413, 38.86947 ], [ -121.75311, 38.86983 ], [ -121.75108, 38.87071 ], [ -121.74995, 38.87131 ], [ -121.74888, 38.87156 ], [ -121.74807, 38.87119 ], [ -121.74619, 38.86519 ], [ -121.74406, 38.86405 ], [ -121.74092, 38.86301 ], [ -121.7387, 38.86151 ], [ -121.73848, 38.86138 ], [ -121.73723, 38.8609 ], [ -121.73597, 38.86059 ], [ -121.73345, 38.86023 ], [ -121.73173, 38.85999 ], [ -121.73104, 38.85977 ], [ -121.73011, 38.85934 ], [ -121.72945, 38.85868 ], [ -121.72889, 38.85741 ], [ -121.72864, 38.85638 ], [ -121.72869, 38.85525 ], [ -121.72871, 38.85415 ], [ -121.72853, 38.85346 ], [ -121.72806, 38.85286 ], [ -121.72739, 38.85267 ], [ -121.72664, 38.85276 ], [ -121.72552, 38.85281 ], [ -121.72495, 38.8527 ], [ -121.72429, 38.85244 ], [ -121.72384, 38.8521 ], [ -121.7236, 38.85167 ], [ -121.72361, 38.85121 ], [ -121.72388, 38.85074 ], [ -121.72455, 38.85014 ], [ -121.72554, 38.84959 ], [ -121.72639, 38.84912 ], [ -121.72727, 38.84862 ], [ -121.72797, 38.84812 ], [ -121.72871, 38.84724 ], [ -121.72911, 38.84652 ], [ -121.72912, 38.84604 ], [ -121.72899, 38.84473 ], [ -121.72637, 38.84146 ], [ -121.72674, 38.84075 ], [ -121.72976, 38.83995 ], [ -121.73141, 38.83637 ], [ -121.73123, 38.83505 ], [ -121.73018, 38.83376 ], [ -121.72736, 38.83142 ], [ -121.72602, 38.82981 ], [ -121.7244, 38.82743 ], [ -121.72378, 38.82527 ], [ -121.72362, 38.82232 ], [ -121.72418, 38.81957 ], [ -121.72463, 38.81742 ], [ -121.72411, 38.81518 ], [ -121.72342, 38.81226 ], [ -121.72383, 38.80943 ], [ -121.72348, 38.80615 ], [ -121.72324, 38.80507 ], [ -121.72297, 38.80315 ], [ -121.72222, 38.80227 ], [ -121.72126, 38.80206 ], [ -121.72121, 38.80206 ], [ -121.71935, 38.80244 ], [ -121.71774, 38.80275 ], [ -121.71664, 38.80288 ], [ -121.7156, 38.80265 ], [ -121.7143, 38.80216 ], [ -121.71226, 38.80141 ], [ -121.71074, 38.80108 ], [ -121.70956, 38.80095 ], [ -121.70807, 38.80094 ], [ -121.70712, 38.80103 ], [ -121.70575, 38.80132 ], [ -121.70458, 38.80181 ], [ -121.70327, 38.80255 ], [ -121.70298, 38.80272 ], [ -121.70207, 38.80302 ], [ -121.70094, 38.80306 ], [ -121.69975, 38.80277 ], [ -121.69856, 38.80201 ], [ -121.69794, 38.80116 ], [ -121.69739, 38.8 ], [ -121.69722, 38.79882 ], [ -121.69717, 38.79858 ], [ -121.69715, 38.79851 ], [ -121.69713, 38.79837 ], [ -121.69709, 38.79823 ], [ -121.69701, 38.79802 ], [ -121.69698, 38.79796 ], [ -121.69697, 38.79792 ], [ -121.69689, 38.79779 ], [ -121.69683, 38.79766 ], [ -121.69681, 38.79763 ], [ -121.6967, 38.79747 ], [ -121.69661, 38.79734 ], [ -121.69643, 38.79713 ], [ -121.69635, 38.79705 ], [ -121.69622, 38.79693 ], [ -121.6962, 38.79691 ], [ -121.69614, 38.79686 ], [ -121.69608, 38.7968 ], [ -121.69601, 38.79671 ], [ -121.69582, 38.79655 ], [ -121.69562, 38.7964 ], [ -121.69559, 38.79637 ], [ -121.69536, 38.7962 ], [ -121.69529, 38.79616 ], [ -121.69523, 38.79612 ], [ -121.69521, 38.79611 ], [ -121.69294, 38.79478 ], [ -121.69194, 38.79436 ], [ -121.69141, 38.79412 ], [ -121.69101, 38.79349 ], [ -121.69113, 38.79273 ], [ -121.69151, 38.79212 ], [ -121.69243, 38.79118 ], [ -121.69314, 38.79042 ], [ -121.69355, 38.78982 ], [ -121.69347, 38.78859 ], [ -121.69298, 38.78723 ], [ -121.69239, 38.7862 ], [ -121.69147, 38.78542 ], [ -121.69028, 38.78451 ], [ -121.68974, 38.78382 ], [ -121.68929, 38.78307 ], [ -121.68866, 38.78208 ], [ -121.6886, 38.78202 ], [ -121.6885, 38.7819 ], [ -121.68848, 38.78187 ], [ -121.68843, 38.78177 ], [ -121.68839, 38.7817 ], [ -121.68834, 38.78164 ], [ -121.68828, 38.78154 ], [ -121.68824, 38.78148 ], [ -121.68821, 38.78141 ], [ -121.68815, 38.78132 ], [ -121.68803, 38.78108 ], [ -121.68793, 38.78085 ], [ -121.68786, 38.78072 ], [ -121.68781, 38.78062 ], [ -121.68775, 38.78048 ], [ -121.6877, 38.78038 ], [ -121.68767, 38.78032 ], [ -121.68763, 38.78025 ], [ -121.68758, 38.78015 ], [ -121.68745, 38.77992 ], [ -121.68742, 38.77985 ], [ -121.68732, 38.77969 ], [ -121.6872, 38.77946 ], [ -121.68707, 38.77919 ], [ -121.68695, 38.779 ], [ -121.68685, 38.77888 ], [ -121.68684, 38.77884 ], [ -121.68673, 38.77868 ], [ -121.68666, 38.77855 ], [ -121.68652, 38.77821 ], [ -121.68648, 38.77811 ], [ -121.6863, 38.77763 ], [ -121.68622, 38.77743 ], [ -121.68619, 38.77732 ], [ -121.68614, 38.77704 ], [ -121.68612, 38.77683 ], [ -121.6861, 38.77628 ], [ -121.68609, 38.77615 ], [ -121.6861, 38.77586 ], [ -121.68613, 38.77565 ], [ -121.68618, 38.77537 ], [ -121.68624, 38.77505 ], [ -121.68626, 38.77498 ], [ -121.6863, 38.77488 ], [ -121.68647, 38.77447 ], [ -121.68653, 38.77433 ], [ -121.68661, 38.77417 ], [ -121.68666, 38.77407 ], [ -121.6867, 38.77401 ], [ -121.68671, 38.77398 ], [ -121.68675, 38.77391 ], [ -121.68684, 38.77378 ], [ -121.68691, 38.77369 ], [ -121.68695, 38.77363 ], [ -121.68719, 38.77332 ], [ -121.68727, 38.77323 ], [ -121.68729, 38.7732 ], [ -121.68731, 38.77317 ], [ -121.68746, 38.77299 ], [ -121.68755, 38.7729 ], [ -121.68762, 38.77281 ], [ -121.68784, 38.77258 ], [ -121.68817, 38.77228 ], [ -121.68836, 38.77212 ], [ -121.68855, 38.77197 ], [ -121.68898, 38.77164 ], [ -121.68967, 38.77117 ], [ -121.68999, 38.77096 ], [ -121.6904, 38.77072 ], [ -121.69072, 38.77057 ], [ -121.69099, 38.77043 ], [ -121.69109, 38.77037 ], [ -121.69121, 38.77031 ], [ -121.6914, 38.77021 ], [ -121.69153, 38.77016 ], [ -121.69168, 38.77009 ], [ -121.6918, 38.77003 ], [ -121.69196, 38.76995 ], [ -121.6921, 38.76986 ], [ -121.69216, 38.76981 ], [ -121.69229, 38.7697 ], [ -121.69243, 38.76956 ], [ -121.69249, 38.76948 ], [ -121.6925, 38.76947 ], [ -121.69251, 38.76944 ], [ -121.69283, 38.76895 ], [ -121.69289, 38.76882 ], [ -121.69296, 38.76865 ], [ -121.69298, 38.76857 ], [ -121.693, 38.76851 ], [ -121.69304, 38.76834 ], [ -121.69306, 38.76816 ], [ -121.69305, 38.76809 ], [ -121.69302, 38.76799 ], [ -121.69301, 38.76795 ], [ -121.69299, 38.76788 ], [ -121.69295, 38.76781 ], [ -121.69289, 38.76771 ], [ -121.69286, 38.76768 ], [ -121.69282, 38.76762 ], [ -121.69262, 38.76738 ], [ -121.69238, 38.76715 ], [ -121.69236, 38.76713 ], [ -121.69225, 38.76701 ], [ -121.69209, 38.76688 ], [ -121.69201, 38.7668 ], [ -121.69159, 38.76646 ], [ -121.69087, 38.7659 ], [ -121.69013, 38.76532 ], [ -121.68987, 38.76511 ], [ -121.68952, 38.76487 ], [ -121.68949, 38.76485 ], [ -121.68905, 38.76453 ], [ -121.68898, 38.76449 ], [ -121.68854, 38.76422 ], [ -121.68843, 38.76415 ], [ -121.68835, 38.76411 ], [ -121.68809, 38.76397 ], [ -121.68805, 38.76395 ], [ -121.68785, 38.76386 ], [ -121.68769, 38.76379 ], [ -121.68761, 38.76375 ], [ -121.68741, 38.76367 ], [ -121.68693, 38.76353 ], [ -121.6868, 38.76349 ], [ -121.68671, 38.76348 ], [ -121.68662, 38.76345 ], [ -121.68658, 38.76344 ], [ -121.68644, 38.76342 ], [ -121.68639, 38.76342 ], [ -121.68625, 38.76341 ], [ -121.68574, 38.76341 ], [ -121.68551, 38.76342 ], [ -121.685, 38.76345 ], [ -121.68454, 38.76351 ], [ -121.684, 38.76358 ], [ -121.68341, 38.76368 ], [ -121.68336, 38.7637 ], [ -121.68323, 38.76371 ], [ -121.68284, 38.76377 ], [ -121.68281, 38.76377 ], [ -121.68279, 38.76377 ], [ -121.68275, 38.76377 ], [ -121.68258, 38.76378 ], [ -121.6824, 38.76379 ], [ -121.68179, 38.76379 ], [ -121.68175, 38.76379 ], [ -121.68161, 38.76377 ], [ -121.68143, 38.76374 ], [ -121.6813, 38.76371 ], [ -121.68098, 38.7636 ], [ -121.68096, 38.76359 ], [ -121.68072, 38.76348 ], [ -121.68031, 38.76325 ], [ -121.68023, 38.7632 ], [ -121.68006, 38.76308 ], [ -121.68005, 38.76307 ], [ -121.67989, 38.76296 ], [ -121.67986, 38.76293 ], [ -121.67981, 38.76288 ], [ -121.67973, 38.7628 ], [ -121.67968, 38.76274 ], [ -121.67964, 38.76268 ], [ -121.67956, 38.76259 ], [ -121.67952, 38.76254 ], [ -121.67949, 38.7625 ], [ -121.67945, 38.76243 ], [ -121.67941, 38.76237 ], [ -121.67937, 38.76231 ], [ -121.67925, 38.76215 ], [ -121.67922, 38.76209 ], [ -121.6792, 38.76205 ], [ -121.67914, 38.76199 ], [ -121.67909, 38.7619 ], [ -121.67902, 38.7618 ], [ -121.67894, 38.76168 ], [ -121.67887, 38.76158 ], [ -121.67876, 38.76143 ], [ -121.67863, 38.76128 ], [ -121.67855, 38.76119 ], [ -121.67827, 38.76095 ], [ -121.67798, 38.76072 ], [ -121.67791, 38.76067 ], [ -121.6778, 38.7606 ], [ -121.67765, 38.76052 ], [ -121.67753, 38.76047 ], [ -121.67744, 38.76045 ], [ -121.67736, 38.76041 ], [ -121.67719, 38.76036 ], [ -121.6771, 38.76034 ], [ -121.67692, 38.76031 ], [ -121.67659, 38.76028 ], [ -121.67595, 38.76025 ], [ -121.67548, 38.76023 ], [ -121.67488, 38.7602 ], [ -121.67446, 38.76017 ], [ -121.67419, 38.76014 ], [ -121.67414, 38.76014 ], [ -121.67405, 38.76011 ], [ -121.67392, 38.76009 ], [ -121.6735, 38.76004 ], [ -121.67337, 38.76001 ], [ -121.67305, 38.75997 ], [ -121.67296, 38.75996 ], [ -121.67237, 38.75985 ], [ -121.67228, 38.75983 ], [ -121.6721, 38.75979 ], [ -121.67206, 38.75978 ], [ -121.67179, 38.75972 ], [ -121.67166, 38.7597 ], [ -121.67152, 38.75966 ], [ -121.6713, 38.75962 ], [ -121.6709, 38.75952 ], [ -121.67081, 38.7595 ], [ -121.67068, 38.75948 ], [ -121.6705, 38.75943 ], [ -121.67032, 38.75939 ], [ -121.67024, 38.75937 ], [ -121.67001, 38.75933 ], [ -121.66983, 38.7593 ], [ -121.66969, 38.75928 ], [ -121.66951, 38.75927 ], [ -121.66941, 38.75926 ], [ -121.66904, 38.75927 ], [ -121.6689, 38.75927 ], [ -121.66877, 38.75928 ], [ -121.66844, 38.75932 ], [ -121.66791, 38.75939 ], [ -121.66743, 38.75959 ], [ -121.6669, 38.75987 ], [ -121.66628, 38.76049 ], [ -121.66572, 38.7614 ], [ -121.66511, 38.76276 ], [ -121.66465, 38.76421 ], [ -121.66421, 38.76644 ], [ -121.6639, 38.76817 ], [ -121.66312, 38.76925 ], [ -121.66214, 38.76999 ], [ -121.66121, 38.77014 ], [ -121.65959, 38.77002 ], [ -121.65854, 38.7694 ], [ -121.65773, 38.76863 ], [ -121.65754, 38.76781 ], [ -121.65726, 38.76682 ], [ -121.65711, 38.76616 ], [ -121.65663, 38.76549 ], [ -121.65649, 38.7654 ], [ -121.65639, 38.76533 ], [ -121.65616, 38.7652 ], [ -121.65601, 38.76512 ], [ -121.65593, 38.76508 ], [ -121.65585, 38.76504 ], [ -121.6557, 38.76496 ], [ -121.65558, 38.7649 ], [ -121.65554, 38.76488 ], [ -121.65546, 38.76485 ], [ -121.6553, 38.76478 ], [ -121.65522, 38.76475 ], [ -121.65513, 38.76472 ], [ -121.65492, 38.76465 ], [ -121.65457, 38.76455 ], [ -121.65448, 38.76454 ], [ -121.65434, 38.76453 ], [ -121.65402, 38.76449 ], [ -121.65383, 38.76448 ], [ -121.65351, 38.76448 ], [ -121.65309, 38.76449 ], [ -121.65281, 38.76451 ], [ -121.65249, 38.76455 ], [ -121.65204, 38.76462 ], [ -121.65176, 38.76465 ], [ -121.65174, 38.76465 ], [ -121.65017, 38.76473 ], [ -121.64829, 38.76523 ], [ -121.64639, 38.76594 ], [ -121.64403, 38.76671 ], [ -121.64219, 38.76697 ], [ -121.64056, 38.76712 ], [ -121.63938, 38.76715 ], [ -121.63748, 38.76735 ], [ -121.63452, 38.76767 ], [ -121.63372, 38.76832 ], [ -121.63277, 38.76994 ], [ -121.63252, 38.77132 ], [ -121.63252, 38.77282 ], [ -121.6324, 38.77461 ], [ -121.63201, 38.77552 ], [ -121.63098, 38.77662 ], [ -121.62958, 38.77752 ], [ -121.62847, 38.77823 ], [ -121.62816, 38.77865 ], [ -121.62812, 38.77874 ], [ -121.62796, 38.7791 ], [ -121.62796, 38.77947 ], [ -121.62818, 38.78003 ], [ -121.62875, 38.78047 ], [ -121.62951, 38.78086 ], [ -121.63041, 38.78127 ], [ -121.631, 38.78209 ], [ -121.63127, 38.78302 ], [ -121.63114, 38.78308 ], [ -121.63099, 38.78316 ], [ -121.63091, 38.7832 ], [ -121.63087, 38.78322 ], [ -121.63077, 38.78329 ], [ -121.63031, 38.78365 ], [ -121.63021, 38.78372 ], [ -121.63013, 38.78376 ], [ -121.63005, 38.7838 ], [ -121.62973, 38.784 ], [ -121.62917, 38.78432 ], [ -121.6291, 38.78436 ], [ -121.62886, 38.78448 ], [ -121.62874, 38.78453 ], [ -121.62866, 38.78456 ], [ -121.6284, 38.78464 ], [ -121.62819, 38.78471 ], [ -121.62806, 38.78475 ], [ -121.62797, 38.78478 ], [ -121.62789, 38.78481 ], [ -121.62776, 38.78485 ], [ -121.6274, 38.78492 ], [ -121.62718, 38.78497 ], [ -121.62699, 38.785 ], [ -121.62659, 38.78509 ], [ -121.62628, 38.78517 ], [ -121.62599, 38.78524 ], [ -121.62588, 38.78527 ], [ -121.62575, 38.7853 ], [ -121.62547, 38.78532 ], [ -121.62533, 38.78532 ], [ -121.62496, 38.78533 ], [ -121.62459, 38.78531 ], [ -121.62427, 38.78529 ], [ -121.62418, 38.78528 ], [ -121.62404, 38.78526 ], [ -121.62382, 38.7852 ], [ -121.6236, 38.78515 ], [ -121.62325, 38.78505 ], [ -121.62319, 38.78503 ], [ -121.62299, 38.78497 ], [ -121.6229, 38.78495 ], [ -121.62281, 38.78493 ], [ -121.62272, 38.78491 ], [ -121.62263, 38.7849 ], [ -121.62262, 38.7849 ], [ -121.62254, 38.78489 ], [ -121.62245, 38.78488 ], [ -121.62231, 38.78488 ], [ -121.62217, 38.78488 ], [ -121.62207, 38.78489 ], [ -121.62189, 38.7849 ], [ -121.62175, 38.78492 ], [ -121.62157, 38.78494 ], [ -121.62098, 38.7847 ], [ -121.61921, 38.78377 ], [ -121.61619, 38.78274 ], [ -121.61389, 38.78204 ], [ -121.60925, 38.7811 ], [ -121.60628, 38.78013 ], [ -121.60433, 38.77908 ], [ -121.60205, 38.77727 ], [ -121.6, 38.77518 ], [ -121.59812, 38.77218 ], [ -121.59678, 38.77044 ], [ -121.59487, 38.76691 ], [ -121.593, 38.76356 ], [ -121.59254, 38.76017 ], [ -121.59298, 38.75673 ], [ -121.59388, 38.75272 ], [ -121.59565, 38.7499 ], [ -121.59718, 38.74733 ], [ -121.60045, 38.74323 ], [ -121.60117, 38.74147 ], [ -121.60302, 38.73697 ], [ -121.60436, 38.73085 ], [ -121.60436, 38.73083 ], [ -121.60506, 38.72677 ], [ -121.60522, 38.72225 ], [ -121.60569, 38.7193 ], [ -121.60727, 38.71672 ], [ -121.60915, 38.71423 ], [ -121.61071, 38.71269 ], [ -121.61845, 38.7064 ], [ -121.61866, 38.70623 ], [ -121.62301, 38.7028 ], [ -121.62607, 38.70088 ], [ -121.62969, 38.69888 ], [ -121.63263, 38.6958 ], [ -121.63434, 38.69131 ], [ -121.63438, 38.68814 ], [ -121.63223, 38.68037 ], [ -121.63041, 38.67711 ], [ -121.62779, 38.67441 ], [ -121.62607, 38.6731 ], [ -121.62237, 38.67001 ], [ -121.61759, 38.66671 ], [ -121.61323, 38.6641 ], [ -121.6096, 38.66126 ], [ -121.60625, 38.65809 ], [ -121.60472, 38.65659 ], [ -121.6008, 38.65181 ], [ -121.59964, 38.64982 ], [ -121.5972, 38.64629 ], [ -121.59422, 38.64374 ], [ -121.59192, 38.64265 ], [ -121.58896, 38.64239 ], [ -121.58717, 38.64271 ], [ -121.58432, 38.64408 ], [ -121.58176, 38.64562 ], [ -121.57893, 38.64747 ], [ -121.57616, 38.64877 ], [ -121.57427, 38.64881 ], [ -121.57181, 38.64834 ], [ -121.56841, 38.64664 ], [ -121.56632, 38.64461 ], [ -121.56434, 38.6406 ], [ -121.56377, 38.63811 ], [ -121.56315, 38.63449 ], [ -121.56253, 38.63092 ], [ -121.5622, 38.6249 ], [ -121.56191, 38.62149 ], [ -121.56174, 38.61734 ], [ -121.56142, 38.61546 ], [ -121.56011, 38.61123 ], [ -121.5581, 38.60787 ], [ -121.55424, 38.60356 ], [ -121.55126, 38.60062 ], [ -121.54959, 38.59881 ], [ -121.54693, 38.59775 ], [ -121.54475, 38.59768 ], [ -121.54343, 38.59794 ], [ -121.54235, 38.59892 ], [ -121.53863, 38.6021 ], [ -121.5351, 38.60376 ], [ -121.53246, 38.60413 ], [ -121.52865, 38.60444 ], [ -121.52576, 38.60436 ], [ -121.5245, 38.60427 ], [ -121.52264, 38.60423 ], [ -121.51903, 38.60364 ], [ -121.51699, 38.60296 ], [ -121.51591, 38.60269 ], [ -121.51307, 38.60174 ], [ -121.51122, 38.60026 ], [ -121.50979, 38.59856 ], [ -121.50905, 38.59751 ], [ -121.50846, 38.59655 ], [ -121.50781, 38.59322 ], [ -121.50649, 38.58972 ], [ -121.50624, 38.5882 ], [ -121.50653, 38.58548 ], [ -121.50819, 38.58097 ], [ -121.51005, 38.57702 ], [ -121.51202, 38.5745 ], [ -121.51704, 38.57078 ], [ -121.51963, 38.56807 ], [ -121.52109, 38.56618 ], [ -121.52112, 38.56471 ], [ -121.52038, 38.56335 ], [ -121.51945, 38.56219 ], [ -121.5186, 38.5613 ], [ -121.51726, 38.56 ], [ -121.51604, 38.55867 ], [ -121.51542, 38.55756 ], [ -121.51451, 38.55453 ], [ -121.51315, 38.55079 ], [ -121.51225, 38.54811 ], [ -121.51146, 38.54629 ], [ -121.51136, 38.54378 ], [ -121.51232, 38.54192 ], [ -121.51433, 38.53929 ], [ -121.51802, 38.53616 ], [ -121.52211, 38.53409 ], [ -121.52817, 38.53195 ], [ -121.53021, 38.53082 ], [ -121.53092, 38.52952 ], [ -121.53086, 38.52793 ], [ -121.52906, 38.52589 ], [ -121.52676, 38.52436 ], [ -121.52489, 38.52256 ], [ -121.52418, 38.52129 ], [ -121.52458, 38.5198 ], [ -121.52577, 38.51876 ], [ -121.52941, 38.51746 ], [ -121.53482, 38.51695 ], [ -121.53912, 38.51685 ], [ -121.54522, 38.51558 ], [ -121.55077, 38.51411 ], [ -121.55337, 38.51279 ], [ -121.55466, 38.51093 ], [ -121.55727, 38.50648 ], [ -121.55843, 38.5035 ], [ -121.55909, 38.50115 ], [ -121.55916, 38.49991 ], [ -121.55942, 38.49827 ], [ -121.55828, 38.4961 ], [ -121.55782, 38.49523 ], [ -121.55298, 38.48858 ], [ -121.54918, 38.48379 ], [ -121.54827, 38.48266 ], [ -121.54555, 38.47889 ], [ -121.54301, 38.47657 ], [ -121.54252, 38.47612 ], [ -121.53848, 38.47435 ], [ -121.53231, 38.47368 ], [ -121.52204, 38.47426 ], [ -121.51337, 38.4738 ], [ -121.50737, 38.47212 ], [ -121.50629, 38.47093 ], [ -121.50494, 38.46944 ], [ -121.50359, 38.46176 ], [ -121.5018, 38.45557 ], [ -121.50147, 38.45289 ], [ -121.50151, 38.44744 ], [ -121.50197, 38.44324 ], [ -121.50288, 38.441 ], [ -121.50599, 38.43798 ], [ -121.51047, 38.43596 ], [ -121.51434, 38.435 ], [ -121.51977, 38.43483 ], [ -121.52542, 38.43502 ], [ -121.52756, 38.43482 ], [ -121.52935, 38.43466 ], [ -121.53035, 38.43402 ], [ -121.53217, 38.43286 ], [ -121.53274, 38.43102 ], [ -121.53262, 38.43022 ], [ -121.53259, 38.43001 ], [ -121.53236, 38.42929 ], [ -121.531, 38.42693 ], [ -121.52686, 38.42147 ], [ -121.52233, 38.41538 ], [ -121.51816, 38.41014 ], [ -121.51477, 38.40378 ], [ -121.51383, 38.39995 ], [ -121.51376, 38.39117 ], [ -121.51384, 38.39087 ], [ -121.51463, 38.38762 ], [ -121.51686, 38.38522 ], [ -121.52053, 38.38272 ], [ -121.52305, 38.38085 ], [ -121.52419, 38.37964 ], [ -121.52478, 38.37732 ], [ -121.52436, 38.37595 ], [ -121.52376, 38.37491 ], [ -121.52261, 38.37264 ], [ -121.5212, 38.36753 ], [ -121.52108, 38.36315 ], [ -121.52207, 38.36079 ], [ -121.52562, 38.35859 ], [ -121.52991, 38.35457 ], [ -121.53452, 38.35007 ], [ -121.53678, 38.34858 ], [ -121.54069, 38.34695 ], [ -121.5471, 38.34639 ], [ -121.55837, 38.34366 ], [ -121.56022, 38.34224 ], [ -121.5622, 38.33995 ], [ -121.56379, 38.33869 ], [ -121.57202, 38.3316 ], [ -121.57544, 38.32699 ], [ -121.57588, 38.32625 ], [ -121.57619, 38.3256 ], [ -121.57728, 38.3218 ], [ -121.57735, 38.31805 ], [ -121.57712, 38.31715 ], [ -121.57714, 38.31614 ], [ -121.57752, 38.31414 ], [ -121.57694, 38.31116 ], [ -121.5755, 38.30873 ], [ -121.57388, 38.30694 ], [ -121.57306, 38.30512 ], [ -121.57157, 38.30292 ], [ -121.56724, 38.29763 ], [ -121.56505, 38.2953 ], [ -121.55937, 38.28986 ], [ -121.5577, 38.28854 ], [ -121.55226, 38.28386 ], [ -121.55208, 38.2837 ], [ -121.54729, 38.28098 ], [ -121.54032, 38.27504 ], [ -121.53129, 38.26835 ], [ -121.5214, 38.26081 ], [ -121.51774, 38.25795 ], [ -121.51475, 38.25582 ], [ -121.51348, 38.25438 ], [ -121.51137, 38.25176 ], [ -121.51096, 38.25057 ], [ -121.51088, 38.24991 ], [ -121.51077, 38.24895 ], [ -121.51075, 38.24763 ], [ -121.51089, 38.24712 ], [ -121.51222, 38.2451 ], [ -121.51413, 38.24306 ], [ -121.51533, 38.24176 ], [ -121.51725, 38.24002 ], [ -121.51816, 38.2397 ], [ -121.52234, 38.23939 ], [ -121.52677, 38.23855 ], [ -121.52959, 38.23816 ], [ -121.53323, 38.23833 ], [ -121.53981, 38.23985 ], [ -121.54647, 38.24119 ], [ -121.55155, 38.24167 ], [ -121.55453, 38.24111 ], [ -121.55669, 38.23958 ], [ -121.55809, 38.23768 ], [ -121.55841, 38.23738 ], [ -121.55902, 38.23622 ], [ -121.55883, 38.23385 ], [ -121.55678, 38.23032 ], [ -121.55625, 38.22815 ], [ -121.5563, 38.22576 ], [ -121.55718, 38.22031 ], [ -121.55781, 38.21544 ], [ -121.55782, 38.21387 ], [ -121.55788, 38.20578 ], [ -121.55789, 38.20474 ], [ -121.5581, 38.20093 ], [ -121.56019, 38.19688 ], [ -121.56278, 38.19464 ], [ -121.56436, 38.19355 ], [ -121.5722, 38.19131 ], [ -121.58155, 38.18722 ], [ -121.58349, 38.18527 ], [ -121.58835, 38.18005 ], [ -121.59234, 38.17432 ], [ -121.59524, 38.17022 ], [ -121.59818, 38.16731 ], [ -121.60458, 38.16421 ], [ -121.61114, 38.16342 ], [ -121.61691, 38.16349 ], [ -121.62043, 38.16443 ], [ -121.62382, 38.1654 ], [ -121.62607, 38.1661 ], [ -121.62789, 38.16723 ], [ -121.62983, 38.169 ], [ -121.63212, 38.17041 ], [ -121.63259, 38.17069 ], [ -121.63609, 38.17233 ], [ -121.63879, 38.17286 ], [ -121.64076, 38.17289 ], [ -121.64342, 38.17285 ], [ -121.64695, 38.17289 ], [ -121.65221, 38.17378 ], [ -121.65631, 38.17484 ], [ -121.65891, 38.17588 ], [ -121.66385, 38.17674 ], [ -121.66718, 38.17768 ], [ -121.67432, 38.16951 ], [ -121.67963, 38.16152 ], [ -121.6851, 38.1559 ], [ -121.68833, 38.147 ], [ -121.69285, 38.13149 ], [ -121.69813, 38.12492 ], [ -121.69877, 38.12378 ], [ -121.6999, 38.12219 ], [ -121.7005, 38.12144 ], [ -121.70268, 38.11873 ], [ -121.70559, 38.11591 ], [ -121.70739, 38.11426 ], [ -121.71008, 38.1122 ], [ -121.71709, 38.10713 ], [ -121.72448, 38.10188 ], [ -121.7311, 38.09714 ], [ -121.73689, 38.09294 ], [ -121.74261, 38.08966 ], [ -121.74794, 38.08678 ], [ -121.74952, 38.08604 ], [ -121.75107, 38.0852 ], [ -121.76011, 38.08049 ], [ -121.77002, 38.07518 ], [ -121.77105, 38.07471 ], [ -121.77893, 38.07064 ], [ -121.79034, 38.0646 ], [ -121.79622, 38.06182 ], [ -121.79813, 38.0612 ], [ -121.8008, 38.06064 ], [ -121.80546, 38.06043 ], [ -121.81138, 38.0612 ], [ -121.82014, 38.0625 ], [ -121.82709, 38.06354 ], [ -121.83338, 38.06439 ], [ -121.8366, 38.06482 ] ], [ [ -122.3807, 41.28467 ], [ -122.38041, 41.28476 ], [ -122.38005, 41.28489 ], [ -122.37974, 41.28502 ], [ -122.37965, 41.28506 ], [ -122.37934, 41.28518 ], [ -122.37914, 41.28527 ], [ -122.37898, 41.2854 ], [ -122.3788, 41.28561 ], [ -122.37869, 41.28567 ], [ -122.37857, 41.28578 ], [ -122.37843, 41.28585 ], [ -122.37834, 41.2859 ], [ -122.37815, 41.28596 ], [ -122.37806, 41.28601 ], [ -122.37799, 41.28611 ], [ -122.37795, 41.28621 ], [ -122.37792, 41.28626 ], [ -122.37785, 41.28634 ], [ -122.37773, 41.28645 ], [ -122.37761, 41.28651 ], [ -122.37739, 41.28661 ], [ -122.37715, 41.28672 ], [ -122.37694, 41.28685 ], [ -122.37686, 41.28694 ], [ -122.37683, 41.28704 ], [ -122.37679, 41.28726 ], [ -122.37674, 41.28744 ], [ -122.37667, 41.28759 ], [ -122.37656, 41.28774 ], [ -122.37643, 41.28786 ], [ -122.37624, 41.28801 ], [ -122.37612, 41.28815 ], [ -122.37597, 41.28832 ], [ -122.37589, 41.28844 ], [ -122.37565, 41.28864 ] ], [ [ -122.37165, 41.29157 ], [ -122.37084, 41.29154 ], [ -122.37069, 41.29153 ], [ -122.3705, 41.29153 ], [ -122.37039, 41.29156 ], [ -122.37026, 41.29158 ], [ -122.37013, 41.2916 ], [ -122.37005, 41.29161 ], [ -122.36997, 41.2916 ], [ -122.36989, 41.29159 ], [ -122.36972, 41.29156 ], [ -122.36928, 41.2915 ], [ -122.36914, 41.29149 ], [ -122.36894, 41.29144 ], [ -122.36857, 41.29144 ], [ -122.36831, 41.29144 ], [ -122.36796, 41.29142 ], [ -122.36737, 41.2914 ], [ -122.36717, 41.29139 ], [ -122.36692, 41.29139 ], [ -122.36666, 41.29138 ] ], [ [ -122.37037, 41.29059 ], [ -122.37, 41.29062 ], [ -122.36942, 41.29068 ], [ -122.36921, 41.29072 ], [ -122.36905, 41.29075 ], [ -122.36883, 41.29078 ], [ -122.36794, 41.29086 ], [ -122.3678, 41.29086 ], [ -122.36772, 41.29085 ], [ -122.36766, 41.29083 ], [ -122.36758, 41.29078 ], [ -122.36749, 41.29072 ], [ -122.36738, 41.29065 ], [ -122.3673, 41.2906 ], [ -122.3672, 41.29056 ], [ -122.36708, 41.29053 ], [ -122.36705, 41.29051 ], [ -122.36698, 41.29046 ], [ -122.36686, 41.29037 ], [ -122.36673, 41.29027 ], [ -122.36643, 41.2901 ], [ -122.36615, 41.2899 ], [ -122.36603, 41.28987 ], [ -122.36589, 41.28983 ], [ -122.36562, 41.28979 ], [ -122.36524, 41.28961 ], [ -122.36511, 41.28958 ], [ -122.36498, 41.28954 ], [ -122.36483, 41.28948 ], [ -122.36471, 41.28942 ], [ -122.36461, 41.28935 ], [ -122.3645, 41.2893 ], [ -122.36436, 41.28925 ], [ -122.36419, 41.2892 ], [ -122.36378, 41.28909 ], [ -122.36366, 41.28905 ], [ -122.36361, 41.28901 ], [ -122.36355, 41.28894 ], [ -122.36348, 41.28885 ], [ -122.36335, 41.28875 ], [ -122.36319, 41.28871 ], [ -122.36306, 41.28866 ], [ -122.36291, 41.28858 ], [ -122.3626, 41.28843 ], [ -122.36234, 41.28837 ], [ -122.3619, 41.28831 ], [ -122.36168, 41.28827 ], [ -122.36148, 41.28823 ], [ -122.36136, 41.28822 ], [ -122.36128, 41.28822 ], [ -122.36056, 41.28841 ], [ -122.36028, 41.28842 ], [ -122.36014, 41.28843 ], [ -122.36004, 41.28844 ], [ -122.35996, 41.28846 ], [ -122.35983, 41.28851 ], [ -122.35943, 41.28868 ], [ -122.35926, 41.28873 ], [ -122.35911, 41.28878 ], [ -122.35898, 41.2888 ], [ -122.35859, 41.28883 ] ] ] } }
]
}
