{
  "type": "FeatureCollection",
  "name": "SacramentoRiver",
  "crs": {
    "type": "name",
    "properties": {
      "name": "urn:ogc:def:crs:EPSG::4269"
    }
  },
  "features": [
    {
      "type": "Feature",
      "properties": {
        "GNIS_Name": "Sacramento River",
        "segment": "trunk",
        "flow_order": 2
      },
      "geometry": {
        "type": "MultiLineString",
        "coordinates": [
          [
            [-122.380695387147682, 41.284673669251276],
            [-122.380411320481414, 41.284755869251171],
            [-122.380047320481992, 41.284887469250975],
            [-122.379742187149134, 41.285023669250734],
            [-122.379654120482599, 41.285063002584025],
            [-122.379340920483116, 41.285178202583836],
            [-122.379136987150048, 41.285266002583683],
            [-122.37898392048362, 41.285397669250187],
            [-122.378801787150621, 41.28560620258321],
            [-122.378692587150738, 41.285672069249756],
            [-122.378568720484282, 41.28577640258294],
            [-122.378431987151146, 41.285847135916129],
            [-122.378335587151298, 41.285897002582715],
            [-122.378146320484973, 41.285962802582617],
            [-122.378058920485103, 41.286006802582563],
            [-122.377993320485189, 41.286111002582402],
            [-122.377949587151932, 41.286209802582221],
            [-122.37792038715196, 41.286264669248851],
            [-122.377854720485402, 41.286336069248705],
            [-122.37773092048559, 41.286445802581852],
            [-122.377607120485777, 41.286506202581791],
            [-122.377388720486124, 41.28661040258163],
            [-122.377148320486469, 41.286720002581433],
            [-122.37694418715347, 41.286846269247917],
            [-122.376864120486914, 41.286945002581092],
            [-122.376834787153655, 41.287043869247611],
            [-122.376790987153697, 41.28726346924725],
            [-122.376739787153781, 41.287444669247009],
            [-122.376666787153908, 41.287592869246737],
            [-122.376564920487397, 41.287741069246522],
            [-122.376433720487626, 41.287856402579678],
            [-122.376244320487899, 41.288010002579426],
            [-122.376121320488096, 41.288148069245892],
            [-122.3759685204883, 41.28832386924563],
            [-122.375888587155089, 41.288439202578786],
            [-122.375648520488824, 41.288642402578489],
            [-122.375459587155774, 41.288983002577936],
            [-122.37540872048919, 41.289081869244455],
            [-122.375292587156025, 41.289362002577377],
            [-122.375227120489456, 41.28948280257714],
            [-122.375016120489818, 41.28964766924355],
            [-122.374484920490602, 41.289873069243242],
            [-122.374215587157721, 41.289983002576378],
            [-122.374070120491297, 41.290049002576268],
            [-122.3739755871581, 41.290087469242906],
            [-122.373851720491587, 41.290120469242822],
            [-122.373640587158604, 41.29015360257614],
            [-122.373487920492153, 41.290170069242777],
            [-122.373378720492326, 41.290186602576057],
            [-122.373225787159242, 41.290225202576039],
            [-122.373072920492802, 41.290274669242592],
            [-122.372956520493005, 41.290313202575874],
            [-122.372476387160418, 41.290741802575212],
            [-122.372272720494038, 41.29091760257495],
            [-122.372163587160912, 41.29101646924147],
            [-122.372083587161001, 41.291115402574633],
            [-122.372061787161044, 41.291197802574516],
            [-122.372054587161074, 41.291302069240999],
            [-122.372032920494462, 41.291400869240874],
            [-122.372011187161149, 41.2914614025741],
            [-122.371974787161207, 41.291505269240702],
            [-122.371894587161307, 41.291543802573983],
            [-122.371647187161727, 41.291565802573928],
            [-122.370839120496271, 41.291544269240603],
            [-122.370686120496543, 41.291533402573975],
            [-122.370496920496805, 41.291533469240676],
            [-122.370387720496979, 41.29155546924062],
            [-122.370256587163851, 41.29158300257393],
            [-122.370132920497383, 41.291599469240566],
            [-122.370045520497513, 41.291605069240518],
            [-122.369972720497628, 41.291599669240554],
            [-122.369892587164429, 41.29159420257389],
            [-122.369717787164689, 41.291561269240617],
            [-122.369280987165382, 41.291495669240703],
            [-122.369142587165584, 41.29149026924074],
            [-122.368938787165916, 41.291440869240773],
            [-122.368567520499823, 41.291441069240818],
            [-122.368312720500228, 41.291441202574106],
            [-122.367963187167391, 41.29141946924085],
            [-122.367475187168168, 41.291238402574436],
            [-122.367249387168499, 41.291106802574632],
            [-122.367118320502072, 41.291019002574785],
            [-122.366994387168916, 41.290958602574847],
            [-122.366877920502418, 41.290881869241673],
            [-122.366717720502663, 41.290777602575133],
            [-122.366637387169476, 41.290689802575287],
            [-122.36661558716952, 41.290612869242068],
            [-122.366586320502904, 41.290514069242249],
            [-122.366433187169775, 41.290096802576215],
            [-122.36614898717022, 41.28990480257653],
            [-122.366032587170423, 41.2898718692432],
            [-122.365894187170625, 41.289833469243263],
            [-122.365624787171043, 41.289789669243362],
            [-122.36523878717162, 41.289608669243648],
            [-122.365107787171837, 41.289581269243683],
            [-122.36497672050541, 41.289537402577082],
            [-122.364830987172297, 41.289477069243844],
            [-122.364707320505829, 41.289416669243906],
            [-122.364612520505943, 41.289350869244061],
            [-122.364495987172802, 41.289301469244094],
            [-122.364364920506318, 41.289252069244185],
            [-122.364190120506635, 41.289197269244255],
            [-122.363775120507228, 41.28909320257776],
            [-122.363658587174086, 41.289049269244515],
            [-122.363607587174158, 41.289010869244578],
            [-122.363549320507616, 41.288939602578012],
            [-122.363476520507731, 41.288846202578156],
            [-122.363345320507904, 41.288753002578289],
            [-122.36319238717482, 41.288709069245044],
            [-122.363061320508336, 41.288654202578471],
            [-122.362915720508568, 41.288577402578596],
            [-122.362595187175771, 41.288434802578763],
            [-122.362340520509463, 41.288374469245525],
            [-122.361896187176853, 41.288308802578968],
            [-122.3616777871772, 41.288270469245731],
            [-122.361481320510791, 41.288232069245794],
            [-122.361357520510978, 41.288215602579157],
            [-122.361284720511094, 41.288215669245801],
            [-122.360564187178909, 41.288408269245508],
            [-122.360280320512686, 41.288424802578788],
            [-122.360141920512888, 41.288430402578797],
            [-122.360039987179732, 41.288441402578769],
            [-122.359959920513177, 41.28846340257877],
            [-122.359828920513394, 41.288512869245324],
            [-122.359428587180673, 41.288683269245098],
            [-122.359261320514236, 41.288732669245007],
            [-122.359108387181152, 41.288776669244953],
            [-122.358977320514725, 41.288804269244906],
            [-122.35859152051529, 41.288831869244859],
            [-122.358431387182236, 41.288793469244922],
            [-122.358373187182281, 41.288766069244957],
            [-122.358271120515781, 41.288733202578328],
            [-122.358023520516156, 41.288601402578536],
            [-122.35774678718326, 41.288420402578822],
            [-122.357462720517049, 41.288277669245701],
            [-122.357273320517322, 41.288200869245827],
            [-122.356923787184542, 41.288157202579214],
            [-122.356690787184903, 41.288129669245905],
            [-122.35649432051855, 41.288140802579221],
            [-122.356414187185351, 41.288157269245914],
            [-122.356305120518869, 41.288179269245859],
            [-122.356006720519304, 41.288300202579023],
            [-122.355853920519564, 41.288355202578941],
            [-122.355686387186495, 41.288404669245494],
            [-122.355584520519983, 41.288454069245404],
            [-122.355444931978525, 41.288535120286951],
            [-122.355339270520346, 41.288637008828459],
            [-122.35519209760389, 41.288716254661665],
            [-122.355048699687472, 41.288874748411445],
            [-122.354936490312639, 41.288977200494628],
            [-122.35481817156284, 41.289049951536185],
            [-122.352799987190963, 41.289107802577746],
            [-122.348719387197264, 41.28825120257909],
            [-122.347821567407038, 41.287743987996521],
            [-122.3468669205335, 41.287204669247387],
            [-122.342389787207139, 41.284976269250819],
            [-122.340203920543843, 41.284130202585459],
            [-122.33998605387751, 41.283975202585736],
            [-122.337437320548133, 41.282161469255186],
            [-122.335089920551752, 41.280921402590479],
            [-122.332019587223215, 41.280141469258353],
            [-122.329161827852658, 41.279137279676547],
            [-122.329128787227717, 41.279125669259884],
            [-122.328340520562278, 41.279225402593113],
            [-122.328078520562656, 41.279236402593085],
            [-122.327437920563682, 41.279242002593037],
            [-122.327255787230627, 41.279236469259729],
            [-122.327044720564288, 41.279220069259736],
            [-122.326491587231772, 41.27915420259319],
            [-122.326433320565229, 41.279165202593163],
            [-122.326367787231959, 41.279176202593135],
            [-122.326302320565389, 41.279214669259773],
            [-122.326265920565447, 41.279264069259682],
            [-122.326178587232278, 41.279335469259593],
            [-122.326120320565678, 41.279412402592811],
            [-122.326033120565853, 41.279522202592602],
            [-122.325756520566244, 41.279703469259005],
            [-122.325625453899818, 41.27973006925896],
            [-122.325567187233219, 41.279741869258942],
            [-122.325465320566707, 41.279763869258943],
            [-122.325297920566982, 41.279769469258895],
            [-122.325166920567199, 41.279742002592286],
            [-122.325050387234, 41.279714469258977],
            [-122.324897520567617, 41.279720002592342],
            [-122.324744720567821, 41.279731069258958],
            [-122.324569987234781, 41.279731069258958],
            [-122.324388720568379, 41.279715335925687],
            [-122.324380787235043, 41.279714669259022],
            [-122.323754787236055, 41.279742202592274],
            [-122.323565520569673, 41.279780602592211],
            [-122.323281720570094, 41.279813602592185],
            [-122.323121520570339, 41.279802669258856],
            [-122.322975987237271, 41.279791602592184],
            [-122.322837720570817, 41.279758669258911],
            [-122.322662920571076, 41.279698402592373],
            [-122.322613253904478, 41.27967960259241],
            [-122.32257558723785, 41.2796654025924],
            [-122.322451787238037, 41.279594002592489],
            [-122.322415387238095, 41.279555602592552],
            [-122.322393587238139, 41.279489669259362],
            [-122.322364520571512, 41.279401869259459],
            [-122.322291720571627, 41.279336002592913],
            [-122.322218920571743, 41.279314002592969],
            [-122.322131587238573, 41.279314002592969],
            [-122.32191318723892, 41.279242669259702],
            [-122.321852187239017, 41.279189069259814],
            [-122.321825720572349, 41.279165802593184],
            [-122.321782120572436, 41.279105402593245],
            [-122.321782120572436, 41.279023002593419],
            [-122.32183298723902, 41.278940602593536],
            [-122.321883920572304, 41.278863802593662],
            [-122.322080520571944, 41.278655069260651],
            [-122.322175120571842, 41.278600069260733],
            [-122.322335187238252, 41.278528802594167],
            [-122.322524387237934, 41.278468269260941],
            [-122.323223187236863, 41.278314602594492],
            [-122.323281387236761, 41.278265202594582],
            [-122.323317787236704, 41.278199269261336],
            [-122.323339720570004, 41.278105869261481],
            [-122.32331772057006, 41.277941202595059],
            [-122.323237720570148, 41.277798402595295],
            [-122.323142987236963, 41.27770506926214],
            [-122.32307752057045, 41.277628202595565],
            [-122.32301198723718, 41.277496402595773],
            [-122.322946387237266, 41.277370202595989],
            [-122.322786320570856, 41.277161469262978],
            [-122.322633387237772, 41.276996802596557],
            [-122.322378587238177, 41.276766202596889],
            [-122.322203920571781, 41.276618002597161],
            [-122.322080187238612, 41.276579469263879],
            [-122.321949187238829, 41.276574069263859],
            [-122.321759987239147, 41.27656846926385],
            [-122.321112120573446, 41.276563069263887],
            [-122.320740920574053, 41.276618002597161],
            [-122.320253187241462, 41.276684002597051],
            [-122.320114987241709, 41.276678469263686],
            [-122.320013120575197, 41.27666200259705],
            [-122.319932920575297, 41.276629069263777],
            [-122.319674787242377, 41.276346802597573],
            [-122.319641787242404, 41.276310669264262],
            [-122.319634520575789, 41.276206269264435],
            [-122.319612720575776, 41.275882402598256],
            [-122.319699920575658, 41.275563802598754],
            [-122.319765520575572, 41.275448469265598],
            [-122.319772720575543, 41.275349669265779],
            [-122.319765520575572, 41.275267269265896],
            [-122.319750920575586, 41.275168469266077],
            [-122.319765387242228, 41.275064202599538],
            [-122.3197945872422, 41.274959869266354],
            [-122.319823587242126, 41.274635869266888],
            [-122.319772587242198, 41.274564469266977],
            [-122.319670787242387, 41.274509602600403],
            [-122.319539787242604, 41.274454669267186],
            [-122.319437787242748, 41.274399802600556],
            [-122.319299520576294, 41.274312002600709],
            [-122.319124787243197, 41.274169202600945],
            [-122.319000987243442, 41.274086802601062],
            [-122.318877387243617, 41.274037469267796],
            [-122.318760787243775, 41.274015402601151],
            [-122.318666320577279, 41.27399346926785],
            [-122.318163987244702, 41.27390020260134],
            [-122.318010987244975, 41.273839669268114],
            [-122.317879987245135, 41.273762869268239],
            [-122.317690787245454, 41.273631069268447],
            [-122.317057520579795, 41.273186402602448],
            [-122.316941120579941, 41.273098602602602],
            [-122.316817387246829, 41.273049202602692],
            [-122.316657187247074, 41.272999802602726],
            [-122.316526320580579, 41.272983202602802],
            [-122.316431720580738, 41.272977802602782],
            [-122.316403853914096, 41.272976269269464],
            [-122.316329787247582, 41.272972269269474],
            [-122.316009587248061, 41.272961269269501],
            [-122.315907587248205, 41.272944869269509],
            [-122.315871320581607, 41.2729392692695],
            [-122.315791187248408, 41.2729174026029],
            [-122.315703920581882, 41.272895469269599],
            [-122.31536898724903, 41.272785669269751],
            [-122.315026920582909, 41.272615402603321],
            [-122.314903187249797, 41.272549469270132],
            [-122.314648387250202, 41.272346402603773],
            [-122.314611987250203, 41.272296869270519],
            [-122.314553920583649, 41.272209069270616],
            [-122.314466520583778, 41.272082802604189],
            [-122.314383920583907, 41.27188640260448],
            [-122.314335987250672, 41.271289402605419],
            [-122.314597120583585, 41.270893002606044],
            [-122.315113987249447, 41.270590002606468],
            [-122.315894787248226, 41.270278402606948],
            [-122.316567187247188, 41.269981469274114],
            [-122.316765387246903, 41.269783669274432],
            [-122.316846320580112, 41.269534869274821],
            [-122.31680992058017, 41.26922186927527],
            [-122.316780787246842, 41.269134069275424],
            [-122.316751720580214, 41.269046202608877],
            [-122.316700720580343, 41.268969269275658],
            [-122.316649720580415, 41.268898002609092],
            [-122.31651138724726, 41.268733269276026],
            [-122.316399587247474, 41.268521402609679],
            [-122.316381587247463, 41.268253869276805],
            [-122.316427787247392, 41.267819002610793],
            [-122.316389787247488, 41.267472802611337],
            [-122.316329587247537, 41.267241869278337],
            [-122.316096787247943, 41.266910202612223],
            [-122.315813720581673, 41.266746002612479],
            [-122.315605520582039, 41.266723802612489],
            [-122.315466187248887, 41.266749202612459],
            [-122.315006520582926, 41.266861802612254],
            [-122.314742120583389, 41.266896869278867],
            [-122.314561787250284, 41.266859202612295],
            [-122.314235920584167, 41.266804802612342],
            [-122.313666120585026, 41.266801402612373],
            [-122.313290987252287, 41.266788602612394],
            [-122.313097120585894, 41.26673500261245],
            [-122.31299358725272, 41.266666269279256],
            [-122.312901787252883, 41.266586269279344],
            [-122.312668787253244, 41.26641060261295],
            [-122.312486920586878, 41.266322802613104],
            [-122.311904720587791, 41.266070202613491],
            [-122.311853720587862, 41.266048269280191],
            [-122.311322520588647, 41.26583960261388],
            [-122.310958720589213, 41.265663869280786],
            [-122.310900520589314, 41.265636402614177],
            [-122.310842187256071, 41.265597869280896],
            [-122.31074758725623, 41.265537602614359],
            [-122.310689387256332, 41.265499069281077],
            [-122.310434720590024, 41.265334402614656],
            [-122.310303720590241, 41.265257602614781],
            [-122.310150787257157, 41.265186069281526],
            [-122.310027187257333, 41.265147669281589],
            [-122.309947120590778, 41.265136669281617],
            [-122.309845187257622, 41.26512020261498],
            [-122.30973612059114, 41.265109202615008],
            [-122.309503187258144, 41.265103802614988],
            [-122.308920920592413, 41.265208069281528],
            [-122.308637120592834, 41.265257469281437],
            [-122.308404187259839, 41.265306869281346],
            [-122.308236787260114, 41.265356269281256],
            [-122.308062120593718, 41.265422202614502],
            [-122.307596387261128, 41.265685802614087],
            [-122.306781320595746, 41.266075602613512],
            [-122.306038920596848, 41.266361069279696],
            [-122.305922520597051, 41.266410469279663],
            [-122.305704120597397, 41.266509402612826],
            [-122.305573120597614, 41.26656966927942],
            [-122.305420320597818, 41.266630202612646],
            [-122.305296587264706, 41.26668506927922],
            [-122.305216520598151, 41.266718002612492],
            [-122.305092787264982, 41.266740002612494],
            [-122.3049837205985, 41.266750869279122],
            [-122.304459587265967, 41.26676180261245],
            [-122.304255920599644, 41.266767402612402],
            [-122.304037520599991, 41.266767269279114],
            [-122.303848387266953, 41.266772802612422],
            [-122.303666387267242, 41.266783802612395],
            [-122.302865920601789, 41.26693200261218],
            [-122.302283587269358, 41.267069202611935],
            [-122.302050787269707, 41.267140469278502],
            [-122.301352120604122, 41.267458869278016],
            [-122.30114098727114, 41.2675632026112],
            [-122.300223920605902, 41.267997002610514],
            [-122.300049187272862, 41.268040869277115],
            [-122.29996198727298, 41.268062802610416],
            [-122.299838187273167, 41.268073802610388],
            [-122.299699920606713, 41.268051802610444],
            [-122.299619787273514, 41.268024402610479],
            [-122.299554387273588, 41.267985869277197],
            [-122.299517987273646, 41.267925469277316],
            [-122.299452520607076, 41.267837602610768],
            [-122.299408920607164, 41.267722269277613],
            [-122.299328920607309, 41.267524669277918],
            [-122.299117920607614, 41.267206069278416],
            [-122.298935787274559, 41.267046802612015],
            [-122.298564720608454, 41.266909469278858],
            [-122.298375520608772, 41.266827069278975],
            [-122.298237187275674, 41.266772269279102],
            [-122.298179120609063, 41.2667502692791],
            [-122.298106320609179, 41.266700802612547],
            [-122.298033520609295, 41.266645869279273],
            [-122.297960787276054, 41.266591002612699],
            [-122.297858920609542, 41.266525069279453],
            [-122.297800720609644, 41.266486669279516],
            [-122.297698787276488, 41.266426202612934],
            [-122.297582387276691, 41.266365802613052],
            [-122.297298587277112, 41.266288869279833],
            [-122.296876520611079, 41.266151602613377],
            [-122.296294320611992, 41.265986669280323],
            [-122.295857787279317, 41.265893269280468],
            [-122.295733987279505, 41.265876802613832],
            [-122.295668520612992, 41.265865869280503],
            [-122.295566587279779, 41.265860469280483],
            [-122.295333787280128, 41.265860402613839],
            [-122.295260987280244, 41.265860402613839],
            [-122.295202787280346, 41.265860402613839],
            [-122.295071787280563, 41.265849402613867],
            [-122.29494078728078, 41.265827402613866],
            [-122.294802520614326, 41.265805469280565],
            [-122.29427132061511, 41.265788869280584],
            [-122.294220387281882, 41.265761402613975],
            [-122.29409658728207, 41.265761402613975],
            [-122.293965720615631, 41.265744869280695],
            [-122.293863787282419, 41.265739402614031],
            [-122.293674587282737, 41.265750402614003],
            [-122.293143320616878, 41.265810669280597],
            [-122.292939587283854, 41.265805069280589],
            [-122.292779520617444, 41.265794069280616],
            [-122.292619320617689, 41.265788602613952],
            [-122.292451920617964, 41.26577760261398],
            [-122.292255387284911, 41.26577760261398],
            [-122.292066187285229, 41.265788469280608],
            [-122.291804187285607, 41.265815869280573],
            [-122.291752187285738, 41.265815869280573],
            [-122.291454920619515, 41.265815802613872],
            [-122.291389387286301, 41.265799402613936],
            [-122.291294920619748, 41.265766402613963],
            [-122.291214787286549, 41.265711469280745],
            [-122.290960120620298, 41.265601602614254],
            [-122.290720120620676, 41.26532700261464],
            [-122.290690987287348, 41.265266602614759],
            [-122.290691120620693, 41.265178802614912],
            [-122.290691120620693, 41.265090869281664],
            [-122.290676587287408, 41.264964602615237],
            [-122.290662120620766, 41.264679069282352],
            [-122.29036532062122, 41.264049202616661],
            [-122.290039187288357, 41.263664069283891],
            [-122.289720387288867, 41.263470802617519],
            [-122.289343587289466, 41.263342002617719],
            [-122.288935987290074, 41.263386402617698],
            [-122.288231787291181, 41.263454069284251],
            [-122.28797712062493, 41.263437602617614],
            [-122.287896987291674, 41.263399069284333],
            [-122.287736987291964, 41.263327669284422],
            [-122.287351520625862, 41.263003669284956],
            [-122.287285920626005, 41.262915802618409],
            [-122.287205987292793, 41.262800402618609],
            [-122.287125987292882, 41.26265206928548],
            [-122.287046120626371, 41.262503869285695],
            [-122.286936920626545, 41.262311669286021],
            [-122.286682387293581, 41.261779069286831],
            [-122.286391520627376, 41.261361602620809],
            [-122.286304187294149, 41.261279202620926],
            [-122.286224187294295, 41.261191269287735],
            [-122.28614418729444, 41.261103469287889],
            [-122.285947787294731, 41.260911269288158],
            [-122.285656920628526, 41.260504869288809],
            [-122.285613320628556, 41.260384069288989],
            [-122.285591587295301, 41.260257669289217],
            [-122.285569720628644, 41.260126002622712],
            [-122.285562520628673, 41.259988669289612],
            [-122.285468187295464, 41.259543869290326],
            [-122.285453853962167, 41.259502335957052],
            [-122.285424520628851, 41.259417602623842],
            [-122.285380987295582, 41.259329802623995],
            [-122.285308120629054, 41.259241869290747],
            [-122.285199120629215, 41.25913746929092],
            [-122.284696987296684, 41.25885180262469],
            [-122.284326120630567, 41.258648669291688],
            [-122.284165987297513, 41.258604669291742],
            [-122.284020520631032, 41.258582602625154],
            [-122.283853120631306, 41.258577202625133],
            [-122.283663987298269, 41.258582602625154],
            [-122.28345292063193, 41.258593469291782],
            [-122.283220120632279, 41.258609869291774],
            [-122.28292912063273, 41.258565869291829],
            [-122.282696187299791, 41.258522002625227],
            [-122.282492520633411, 41.258483402625302],
            [-122.282266920633788, 41.258434002625336],
            [-122.282114120633992, 41.258390002625447],
            [-122.281983120634209, 41.258351469292165],
            [-122.281794120634515, 41.25827460262559],
            [-122.281400787301777, 41.258074869292557],
            [-122.281140720635506, 41.257861469292891],
            [-122.281021520635704, 41.257607469293305],
            [-122.280903720635877, 41.257220002627264],
            [-122.280790720636048, 41.256952202627645],
            [-122.280623187302979, 41.256846602627832],
            [-122.280215787303632, 41.256714669294695],
            [-122.280019187303935, 41.256654202628113],
            [-122.279924720637382, 41.256615802628176],
            [-122.279808187304241, 41.256555402628294],
            [-122.279749987304342, 41.256500402628376],
            [-122.279648320637818, 41.256407069295165],
            [-122.279546387304663, 41.256313669295309],
            [-122.279466387304808, 41.256220269295454],
            [-122.279335587305013, 41.256088469295662],
            [-122.279182720638573, 41.25597320262915],
            [-122.278979120638894, 41.255830402629385],
            [-122.278855387305725, 41.255753402629523],
            [-122.278738987305928, 41.255714869296241],
            [-122.278564387306176, 41.25565446929636],
            [-122.278433520639737, 41.255610469296414],
            [-122.278317120639883, 41.25555560262984],
            [-122.278113520640204, 41.255462202629985],
            [-122.277924320640523, 41.255368869296774],
            [-122.277124120641759, 41.254923802630799],
            [-122.277029520641918, 41.254830402630944],
            [-122.276971387308663, 41.254753602631069],
            [-122.276949587308707, 41.254687669297823],
            [-122.276920520642079, 41.254616269297969],
            [-122.27692778730875, 41.254561402631396],
            [-122.276935187308709, 41.254501002631457],
            [-122.276971720641995, 41.254418602631574],
            [-122.277022720641924, 41.254253869298509],
            [-122.277197520641664, 41.253803602632559],
            [-122.277241320641565, 41.253649869299466],
            [-122.277401587307963, 41.253084402633647],
            [-122.277459987307907, 41.252793269300753],
            [-122.277489320641166, 41.252606669301088],
            [-122.277511187307823, 41.252381602634728],
            [-122.277540320641094, 41.25220586930169],
            [-122.277540387307795, 41.251969669302071],
            [-122.277562387307739, 41.251832469302258],
            [-122.277569720641054, 41.251717202635803],
            [-122.277569787307755, 41.251579869302645],
            [-122.277577187307713, 41.251453602636218],
            [-122.277562720641072, 41.251316402636405],
            [-122.277453720641233, 41.250904469303691],
            [-122.277388320641364, 41.250816602637201],
            [-122.277359187308036, 41.250767202637235],
            [-122.27727192064151, 41.250701269304045],
            [-122.277148320641743, 41.250629869304134],
            [-122.276930120642078, 41.25055840263758],
            [-122.276617187309228, 41.250465002637725],
            [-122.276559120642617, 41.250454002637753],
            [-122.276500787309374, 41.250454002637753],
            [-122.276420787309519, 41.250470402637745],
            [-122.276340787309607, 41.250519802637655],
            [-122.276282520643065, 41.250563669304256],
            [-122.276151520643282, 41.25063506930411],
            [-122.275933120643629, 41.250772202637279],
            [-122.275729387310605, 41.25086546930379],
            [-122.275234520644688, 41.251107002636729],
            [-122.275125320644861, 41.251161869303303],
            [-122.274994320645078, 41.251211269303212],
            [-122.274921587311837, 41.251244269303186],
            [-122.274630587312288, 41.251304469303079],
            [-122.274499520645804, 41.251293469303107],
            [-122.274397720645993, 41.251238469303189],
            [-122.274281320646139, 41.251172669303287],
            [-122.274150587313045, 41.250909002637059],
            [-122.274017720646555, 41.250360269304565],
            [-122.274040587313209, 41.249876669305308],
            [-122.27404518731322, 41.249486669305895],
            [-122.274034120646547, 41.249268069306254],
            [-122.273891120646795, 41.248804669306992],
            [-122.273638987313802, 41.248462602640814],
            [-122.273339720647641, 41.248140602641342],
            [-122.273032787314776, 41.247884469308417],
            [-122.272315920649191, 41.24755986930893],
            [-122.27134398731738, 41.247162402642857],
            [-122.270692187318389, 41.24704646930968],
            [-122.270093187319333, 41.247027469309728],
            [-122.269655587320017, 41.247019669309736],
            [-122.268792187321367, 41.247151402642885],
            [-122.268529520655079, 41.247159869309542],
            [-122.268327720655407, 41.247148402642893],
            [-122.268139387322378, 41.247121802642937],
            [-122.267632520656491, 41.246996669309794],
            [-122.267377987323528, 41.246878069309957],
            [-122.267103320657327, 41.246754402643489],
            [-122.266856187324379, 41.246580069310426],
            [-122.266749920657844, 41.246447269310636],
            [-122.26659158732474, 41.246151469311087],
            [-122.266539787324859, 41.245973402644722],
            [-122.266576120658101, 41.245729669311743],
            [-122.266699387324593, 41.245537269312024],
            [-122.266917787324246, 41.245284602645768],
            [-122.267097987324007, 41.245123069312683],
            [-122.267309720657011, 41.24485520264642],
            [-122.267420120656823, 41.244611869313474],
            [-122.267485320656704, 41.244205802647457],
            [-122.267467787323426, 41.243961802647846],
            [-122.267352720656902, 41.243412202648699],
            [-122.267212387323809, 41.243025069315934],
            [-122.266980320657524, 41.242703469316439],
            [-122.266754120657822, 41.242458069316797],
            [-122.266675720657986, 41.242249202650498],
            [-122.266643320658034, 41.242132069317336],
            [-122.26665792065802, 41.242035602650787],
            [-122.266766720657813, 41.241934669317629],
            [-122.267206920657145, 41.241698602651354],
            [-122.267633387323144, 41.241503202651643],
            [-122.268247320655519, 41.241085269318944],
            [-122.268594787321661, 41.240716469319523],
            [-122.268827587321312, 41.240367269320075],
            [-122.26894592065446, 41.240017469320605],
            [-122.26899638732101, 41.239723069321087],
            [-122.269011587321017, 41.239255602655135],
            [-122.268983187321055, 41.238787869322493],
            [-122.26903998732098, 41.238529069322908],
            [-122.269333320653857, 41.238185402656768],
            [-122.269687120653316, 41.23784206932396],
            [-122.269991720652797, 41.237696602657536],
            [-122.270366587318904, 41.23758206932439],
            [-122.270582587318586, 41.23753260265778],
            [-122.270987320651273, 41.23746400265793],
            [-122.272038587316331, 41.2373690693247],
            [-122.272389920649118, 41.237264602658229],
            [-122.273105920647993, 41.23704546932521],
            [-122.273349120647595, 41.236965669325343],
            [-122.273824787313515, 41.236867069325513],
            [-122.274290187312829, 41.236793802658951],
            [-122.274788320645371, 41.236791802658956],
            [-122.275272987311268, 41.236794869325593],
            [-122.275738187310594, 41.236736802659038],
            [-122.276008320643484, 41.236667402659123],
            [-122.276258387309781, 41.236572402659306],
            [-122.276590320642583, 41.236381269326273],
            [-122.276739720642354, 41.236270469326428],
            [-122.276928520642059, 41.235936269326942],
            [-122.277094720641799, 41.235510469327608],
            [-122.277242787308239, 41.234906602661852],
            [-122.277369320641355, 41.234414469329295],
            [-122.277558787307726, 41.234029402663225],
            [-122.277898520640576, 41.233747002663677],
            [-122.278176187306769, 41.233596269330576],
            [-122.27873738730591, 41.233361002664253],
            [-122.279069787305389, 41.233139402664619],
            [-122.279166320638581, 41.232926602664975],
            [-122.279175987305223, 41.232662402665369],
            [-122.27915778730528, 41.232484469332292],
            [-122.278954187305601, 41.231710802666839],
            [-122.278844187305765, 41.231313602667456],
            [-122.278860520639057, 41.231054602667882],
            [-122.278896787305655, 41.230495802668713],
            [-122.278868787305726, 41.229987469336152],
            [-122.278677587305992, 41.229615269336762],
            [-122.278465387306312, 41.229329402670544],
            [-122.278159720640133, 41.22897680267107],
            [-122.278007187307026, 41.228767469338095],
            [-122.277631520640966, 41.228343402672067],
            [-122.277285587308143, 41.227980402672642],
            [-122.27705918730851, 41.22774520267302],
            [-122.277033720641896, 41.227618002673182],
            [-122.277135520641707, 41.227542402673294],
            [-122.277298520641466, 41.227411269340166],
            [-122.277817520640667, 41.227343402673625],
            [-122.278542387306231, 41.226916002674272],
            [-122.279068720638747, 41.226502602674941],
            [-122.279415920638201, 41.22614900267547],
            [-122.279622320637884, 41.225733602676144],
            [-122.279754320637664, 41.225363402676692],
            [-122.279770787304301, 41.225084069343779],
            [-122.279762787304321, 41.224281069345011],
            [-122.279747587304371, 41.224157269345255],
            [-122.279713387304412, 41.223879269345673],
            [-122.279536920638009, 41.223400469346416],
            [-122.27931778730499, 41.222824869347278],
            [-122.27920372063852, 41.222188869348258],
            [-122.27914038730529, 41.22181246934889],
            [-122.27907572063873, 41.221578269349209],
            [-122.279010120638816, 41.221425402682826],
            [-122.278890520639038, 41.221287469349704],
            [-122.278472987306316, 41.220995202683469],
            [-122.277702787307533, 41.220649869350666],
            [-122.277093187308481, 41.220386869351103],
            [-122.276596387309212, 41.220282069351242],
            [-122.276260120643087, 41.220264802684596],
            [-122.275660987310687, 41.220266069351283],
            [-122.274990520645076, 41.220333002684526],
            [-122.274301387312789, 41.220577669350803],
            [-122.274065120646526, 41.220637202684031],
            [-122.273856920646836, 41.2206054026841],
            [-122.273697720647078, 41.220546002684159],
            [-122.273649120647121, 41.22052786935086],
            [-122.273308587314318, 41.220281802684553],
            [-122.272983120648178, 41.219883402685184],
            [-122.27273198731524, 41.219465069352509],
            [-122.272496987315606, 41.218818202686862],
            [-122.27230952064923, 41.218430802687465],
            [-122.27196718731642, 41.217727269355237],
            [-122.271782987316726, 41.217355202689134],
            [-122.271720320650161, 41.216938069356445],
            [-122.271718453983453, 41.216906269356457],
            [-122.271703320650147, 41.216648269356881],
            [-122.271671787316905, 41.216155069357626],
            [-122.271590387317019, 41.2156108693585],
            [-122.271485320650527, 41.215371402692199],
            [-122.271326320650758, 41.215141669359241],
            [-122.270893120651408, 41.214757869359801],
            [-122.270649920651806, 41.214542802693472],
            [-122.269841720653062, 41.213994002694335],
            [-122.269486787320261, 41.213736402694735],
            [-122.269234187320649, 41.213553069361694],
            [-122.268934120654478, 41.213307269362076],
            [-122.268768387321416, 41.213077469362418],
            [-122.268724120654781, 41.21282820269613],
            [-122.268723453988116, 41.212773802696233],
            [-122.268718987321449, 41.212386069363504],
            [-122.268887320654528, 41.211777402697805],
            [-122.269179120654087, 41.210950802699074],
            [-122.269431920653687, 41.210307002700063],
            [-122.269631320653389, 41.209917002700649],
            [-122.269814587319786, 41.209781002700879],
            [-122.27041778731882, 41.209398469368125],
            [-122.270811520651534, 41.20909106936864],
            [-122.270879453984776, 41.209031869368687],
            [-122.271338120650739, 41.208632002702643],
            [-122.27151558731714, 41.208399269369693],
            [-122.271627387316926, 41.20803920270356],
            [-122.271658187316916, 41.207673469370832],
            [-122.271642720650277, 41.207261669371462],
            [-122.271604120650295, 41.206794002705522],
            [-122.271539120650402, 41.20658520270581],
            [-122.271428187317269, 41.206269402706312],
            [-122.271423520650615, 41.206259469373038],
            [-122.271277120650836, 41.205948269373494],
            [-122.270960720651317, 41.20535680270774],
            [-122.270592787318549, 41.204856469375216],
            [-122.270561587318582, 41.204637669375529],
            [-122.270684387318397, 41.204475869375756],
            [-122.271606720650311, 41.203836402710124],
            [-122.271763587316741, 41.203639202710406],
            [-122.271893320649895, 41.203467202710669],
            [-122.27247038731565, 41.202713602711867],
            [-122.272865987315015, 41.202223202712617],
            [-122.273084987314689, 41.201894202713106],
            [-122.273215120647819, 41.201691802713412],
            [-122.273270187314381, 41.201570069380296],
            [-122.273283787314369, 41.201260269380782],
            [-122.273293120647679, 41.200416669382093],
            [-122.273298387314355, 41.199934002716191],
            [-122.27333512064763, 41.199654802716623],
            [-122.273384920647572, 41.199111269384105],
            [-122.273537120647347, 41.198731069384678],
            [-122.273819720646884, 41.198123069385645],
            [-122.273943787313328, 41.197854469386073],
            [-122.274073120646506, 41.197723202719601],
            [-122.274444520645886, 41.197288469386933],
            [-122.274757787312069, 41.196944869387494],
            [-122.275056320644978, 41.196728269387791],
            [-122.275463387310992, 41.196420802721605],
            [-122.275936787310286, 41.196200202721968],
            [-122.276186720643182, 41.196110269388782],
            [-122.276832720642233, 41.195827002722524],
            [-122.276906587308758, 41.195794602722572],
            [-122.277300387308173, 41.195476869389722],
            [-122.277918720640514, 41.194916669390636],
            [-122.278816120639135, 41.194068602725281],
            [-122.279587120637927, 41.193407669392968],
            [-122.279953987304054, 41.193069469393492],
            [-122.280083787303852, 41.192892469393769],
            [-122.280227587303614, 41.192669802727437],
            [-122.280481387303212, 41.192213869394834],
            [-122.280726787302854, 41.191615802729075],
            [-122.28087792063593, 41.191337269396172],
            [-122.281035320635681, 41.191094269396558],
            [-122.281334920635231, 41.190760802730381],
            [-122.281742787301255, 41.190377069397641],
            [-122.28260152063325, 41.189671002732098],
            [-122.282712071674723, 41.189584176690573],
            [-122.283198587299012, 41.189202069399471],
            [-122.284073587297655, 41.188546869400511],
            [-122.284769787296568, 41.187936269401462],
            [-122.284940587296262, 41.187693402735135],
            [-122.285024387296176, 41.187409402735625],
            [-122.285115787296036, 41.187054202736135],
            [-122.285099587296031, 41.186683069403387],
            [-122.285105320629384, 41.185849669404718],
            [-122.285056320629451, 41.185407269405403],
            [-122.284933920629612, 41.184913602739471],
            [-122.284848387296449, 41.184740269406404],
            [-122.284619920630121, 41.184403402740259],
            [-122.284420720630408, 41.184163402740637],
            [-122.283701920631529, 41.183457602741726],
            [-122.28300852063262, 41.182899402742578],
            [-122.282419320633551, 41.182331602743488],
            [-122.282127387300648, 41.181963869410708],
            [-122.281968920634256, 41.181693602744474],
            [-122.28185758730109, 41.181418402744896],
            [-122.281786120634536, 41.181199469411922],
            [-122.281814920634474, 41.181016802745546],
            [-122.281931720634304, 41.180483869413024],
            [-122.282044987300765, 41.180278136080005],
            [-122.282199320633879, 41.179997669413751],
            [-122.282390520633555, 41.179739669414175],
            [-122.282795053966311, 41.179347269414791],
            [-122.282968320632676, 41.179179202748401],
            [-122.283197320632325, 41.178845202748903],
            [-122.283440187298595, 41.178165669416614],
            [-122.283790787298074, 41.177471669417685],
            [-122.283934120631159, 41.177279469418011],
            [-122.284373320630493, 41.176794269418735],
            [-122.284623920630111, 41.176623069419009],
            [-122.284968720629593, 41.176462669419266],
            [-122.285348520628986, 41.17617526941973],
            [-122.285843920628224, 41.175771869420316],
            [-122.286318787294135, 41.175393602754241],
            [-122.286870187293289, 41.175092069421396],
            [-122.287335587292546, 41.17497806942157],
            [-122.287947920624958, 41.174956469421602],
            [-122.289064787289874, 41.174917669421632],
            [-122.289630720622313, 41.174829602755153],
            [-122.291034320620156, 41.174701069421985],
            [-122.291774520619015, 41.174675069422051],
            [-122.292514187284553, 41.174684802755337],
            [-122.29286418728401, 41.174656402755375],
            [-122.29306032061703, 41.174561069422225],
            [-122.293185720616805, 41.174464536089033],
            [-122.293348520616576, 41.174339202755903],
            [-122.293776787282582, 41.173920002756518],
            [-122.293961587282297, 41.173616202756989],
            [-122.294305787281758, 41.172876469424807],
            [-122.294318453948392, 41.172845736091517],
            [-122.294395720614943, 41.172658469425187],
            [-122.294907587280818, 41.171645269426733],
            [-122.295500498738249, 41.171020771511053],
            [-122.295655920613001, 41.170857069427939],
            [-122.296053387279017, 41.170473202761912],
            [-122.296231520612082, 41.17017440276237],
            [-122.296322320611978, 41.169854869429514],
            [-122.296387187278526, 41.169448669430153],
            [-122.296388787278488, 41.169295002763704],
            [-122.296415911236807, 41.169023726722457],
            [-122.29649205394503, 41.168662048598037],
            [-122.29653012581997, 41.168395549640138],
            [-122.29653012581997, 41.168167121515467],
            [-122.296551987278235, 41.167930402765819],
            [-122.29655218727828, 41.167551469433079],
            [-122.296530387278324, 41.167194602766983],
            [-122.296473018528388, 41.166910765267403],
            [-122.296343442486943, 41.166642491309517],
            [-122.296206766445493, 41.166359519434934],
            [-122.296054233112386, 41.16599705276883],
            [-122.29534991228013, 41.165749588185918],
            [-122.294740770614396, 41.16546405381132],
            [-122.29424584249017, 41.165026232978676],
            [-122.294017414365555, 41.164607447562673],
            [-122.29407452165708, 41.164131554855089],
            [-122.294207771656886, 41.163769876730612],
            [-122.294361872698346, 41.16325569756475],
            [-122.294331187281728, 41.162997402773499],
            [-122.294235320615201, 41.1625394027742],
            [-122.293974387282276, 41.161795869442017],
            [-122.293916120615677, 41.161582069442375],
            [-122.293752320615965, 41.160869602776813],
            [-122.29361783207446, 41.160390566319222],
            [-122.293538320616278, 41.160136469444581],
            [-122.293203804991776, 41.159762389236846],
            [-122.292932546658903, 41.159605344445424],
            [-122.292661288325974, 41.159434023612334],
            [-122.292266320618239, 41.159305469445883],
            [-122.291776720618998, 41.159185469446072],
            [-122.291374787286315, 41.159040802779657],
            [-122.291069831036793, 41.158947230904801],
            [-122.290661194579059, 41.158672681946882],
            [-122.290272152913019, 41.158240810072527],
            [-122.290150800829849, 41.158001674656248],
            [-122.290132954996579, 41.157851768406488],
            [-122.290132954996579, 41.157766107989971],
            [-122.290132954996579, 41.157684016323401],
            [-122.290207453954793, 41.157621274656833],
            [-122.290331499787897, 41.15759405278186],
            [-122.290688187287344, 41.157552602781948],
            [-122.290896761245392, 41.157591217365223],
            [-122.291100204995075, 41.157541248615303],
            [-122.291200142494915, 41.157362789240551],
            [-122.291278665411426, 41.157002300699446],
            [-122.291236787286493, 41.156560002783465],
            [-122.291242972703174, 41.155970804867763],
            [-122.291182296661589, 41.15577449861803],
            [-122.291003120620189, 41.155471069451835],
            [-122.29058685395421, 41.154785602786262],
            [-122.290251761246395, 41.154407331953507],
            [-122.290042368538366, 41.154088484037345],
            [-122.289951948746818, 41.153603074663067],
            [-122.290028091455042, 41.153093869455518],
            [-122.29011851124659, 41.152784539247705],
            [-122.290232725829753, 41.152537075706391],
            [-122.290684815412362, 41.152008406957236],
            [-122.291056011245132, 41.151747855915971],
            [-122.291644927910852, 41.151544412166288],
            [-122.2918590789522, 41.151526566332961],
            [-122.29214104561845, 41.1515194277913],
            [-122.292437288326312, 41.151515859041297],
            [-122.292608609159402, 41.151498012166371],
            [-122.292837037284016, 41.151430197583124],
            [-122.292955521658826, 41.151340770499928],
            [-122.293094019575278, 41.151287429875026],
            [-122.293314863324952, 41.151235141333416],
            [-122.293525891449633, 41.151194630916791],
            [-122.293836411240818, 41.151123247583598],
            [-122.294168345615276, 41.151083986125343],
            [-122.294768160197691, 41.151097073625294],
            [-122.294947095614077, 41.151135144458578],
            [-122.295095574780532, 41.151167505916874],
            [-122.295466587279975, 41.15124260279174],
            [-122.295813695612765, 41.151365000708211],
            [-122.296248590403707, 41.151493140291336],
            [-122.296670048736416, 41.151564686124573],
            [-122.296984390402599, 41.151618413207814],
            [-122.297273494568799, 41.15160413612449],
            [-122.297715920609789, 41.151471869458078],
            [-122.298015887275994, 41.151382846541537],
            [-122.29830593310885, 41.151179793416816],
            [-122.298597473733423, 41.150919630917258],
            [-122.298658341441637, 41.150865314250666],
            [-122.298947445607894, 41.150601193417742],
            [-122.299225842482429, 41.150283536126551],
            [-122.299489963315352, 41.149890924668853],
            [-122.299754440398317, 41.149565087169321],
            [-122.299904345606365, 41.149429458002885],
            [-122.300179173730953, 41.149215305919881],
            [-122.300389756022298, 41.149136784045027],
            [-122.300582492480316, 41.149154629878296],
            [-122.300732398730133, 41.149190322586605],
            [-122.300896581021505, 41.149211737169878],
            [-122.301075040396256, 41.149215305919881],
            [-122.301314652895883, 41.149196985086576],
            [-122.301656896645341, 41.149178992378268],
            [-122.301991609144807, 41.149200316336589],
            [-122.302429429977451, 41.149285976753106],
            [-122.302962428934961, 41.149450159044534],
            [-122.303835691433619, 41.149719038210776],
            [-122.304363932057811, 41.149828493418909],
            [-122.305477519556064, 41.150059301751924],
            [-122.306315090388125, 41.150223484043295],
            [-122.306834228928949, 41.150259114251583],
            [-122.307428677886378, 41.150197310085048],
            [-122.308223417468469, 41.149916534043825],
            [-122.309565587258078, 41.149576802794343],
            [-122.309707120591156, 41.149537002794375],
            [-122.31040455079841, 41.149302472586442],
            [-122.311369065380291, 41.14885291425378],
            [-122.31230895183711, 41.148564999670896],
            [-122.312611143503318, 41.148434129879433],
            [-122.31305134350265, 41.148336571546224],
            [-122.313290717460632, 41.148266615296336],
            [-122.313868926834743, 41.148159539254834],
            [-122.314193120584207, 41.148100202796627],
            [-122.314881787249817, 41.147814602797041],
            [-122.315065544541199, 41.147622737172355],
            [-122.315167320582702, 41.147516469464165],
            [-122.315389402874018, 41.147117336131487],
            [-122.315460786207268, 41.146846076756901],
            [-122.315553585165446, 41.146510572590728],
            [-122.315539308082123, 41.146225038216187],
            [-122.315410817457348, 41.145946641341652],
            [-122.315160973707691, 41.145910948633343],
            [-122.31487543933315, 41.14583956530015],
            [-122.314654148708485, 41.145775319466907],
            [-122.31446498725046, 41.145555669467228],
            [-122.314285920584098, 41.145320869467582],
            [-122.314147187250967, 41.145081269467994],
            [-122.313576387251828, 41.144051402802916],
            [-122.313408187252094, 41.143435402803846],
            [-122.313304987252252, 41.14300800280455],
            [-122.313303453918934, 41.142904536138019],
            [-122.31329132058562, 41.142077802805943],
            [-122.313539920585242, 41.141444069473607],
            [-122.313771720584896, 41.141130402807448],
            [-122.314289834125702, 41.140694397599759],
            [-122.314932288291402, 41.140147121558982],
            [-122.315598537248718, 41.139593896559802],
            [-122.316532475788904, 41.138758111144455],
            [-122.317263565371093, 41.138152538228724],
            [-122.317891742453469, 41.137721855937741],
            [-122.318208814327988, 41.137556505937994],
            [-122.318624616410659, 41.137319726771693],
            [-122.319067196618334, 41.137069883022093],
            [-122.319698202867357, 41.136697995522638],
            [-122.319961873700265, 41.136548780939563],
            [-122.320171071616585, 41.136363578856503],
            [-122.320468698699472, 41.136032438232007],
            [-122.320726203907384, 41.135612225732643],
            [-122.320751891407383, 41.135384838232994],
            [-122.320760705990665, 41.135296233024803],
            [-122.320739291407392, 41.135149895525046],
            [-122.320528709116047, 41.134675193442433],
            [-122.320189636199927, 41.13422190594315],
            [-122.319650187242416, 41.133669269485665],
            [-122.319297338284628, 41.133525914277584],
            [-122.318940418493526, 41.133400992402755],
            [-122.318594207035687, 41.133183271569749],
            [-122.318358640369411, 41.13299053511173],
            [-122.318204520577979, 41.132761402820449],
            [-122.318138787244777, 41.132603402820678],
            [-122.318161920578063, 41.132334202821085],
            [-122.318194770577975, 41.132001555946601],
            [-122.31837561016107, 41.13161132469719],
            [-122.318513618494194, 41.13147331532241],
            [-122.318696234118875, 41.131264403864407],
            [-122.318870538285296, 41.131073566364705],
            [-122.318989511201778, 41.130878450739999],
            [-122.31910848411826, 41.130597673657121],
            [-122.319160832034811, 41.130421593449057],
            [-122.319256010159677, 41.130183647616093],
            [-122.31941781432613, 41.129969496574745],
            [-122.319570099742521, 41.129741067408474],
            [-122.319831155992119, 41.129362067409033],
            [-122.319950971616947, 41.129220124700907],
            [-122.320253163283155, 41.129058321576167],
            [-122.320498247657781, 41.128882241368103],
            [-122.320688604949112, 41.128775165326601],
            [-122.320838511198872, 41.128670469493443],
            [-122.321024109115285, 41.128377795535584],
            [-122.321150220573429, 41.128061326786053],
            [-122.32160869869773, 41.127018067412678],
            [-122.321684409114255, 41.126774038246367],
            [-122.32179505390576, 41.126527764288426],
            [-122.321938720572177, 41.126197069497266],
            [-122.322067720571965, 41.125750669497961],
            [-122.322171346613516, 41.125158304915544],
            [-122.322198150780139, 41.12502984554078],
            [-122.322227858071756, 41.124792463249491],
            [-122.322451146613048, 41.124165046583755],
            [-122.322604802862827, 41.123802545542674],
            [-122.322825673695831, 41.123218497626908],
            [-122.323061240362108, 41.122636719502793],
            [-122.323596619527962, 41.12173371325423],
            [-122.323885723694161, 41.121226888255023],
            [-122.324103444527168, 41.120973475755363],
            [-122.324588854943102, 41.120513049714418],
            [-122.325059988275655, 41.1200312090902],
            [-122.325520413274944, 41.119795642423867],
            [-122.325829612232837, 41.119618835132485],
            [-122.326012918482547, 41.119492518466018],
            [-122.326176187232306, 41.119368669507878],
            [-122.326417827856915, 41.119136769508259],
            [-122.32659033827332, 41.118910721591931],
            [-122.326715260148092, 41.118631134092368],
            [-122.326746534106405, 41.118387402842757],
            [-122.326768797648015, 41.118179037218056],
            [-122.326727157023072, 41.118048166384938],
            [-122.326643875773243, 41.117947039301782],
            [-122.326537255981748, 41.117799557010301],
            [-122.326542748690031, 41.117494941385814],
            [-122.32651895494007, 41.117322430969409],
            [-122.326459468481858, 41.117197509094581],
            [-122.326495160148454, 41.117030946594866],
            [-122.326435673690185, 41.116846538261825],
            [-122.326394033065299, 41.1166859247204],
            [-122.326358341398645, 41.116471773679052],
            [-122.326352392440356, 41.116305211179281],
            [-122.326360291398657, 41.116043125763042],
            [-122.326326535148723, 41.115852425763364],
            [-122.326275060148816, 41.115561629930482],
            [-122.32606212056578, 41.115136802847758],
            [-122.32575238723291, 41.114200802849211],
            [-122.32567518723306, 41.11396746951624],
            [-122.325588766399846, 41.113711490349999],
            [-122.325469305983404, 41.113497194516981],
            [-122.325378107025188, 41.113277622642329],
            [-122.325292320566973, 41.112897136184586],
            [-122.325189587233808, 41.11270246951824],
            [-122.324999470567434, 41.11243402681032],
            [-122.324866220567628, 41.112243669518932],
            [-122.324704417442888, 41.112005723685968],
            [-122.324628274734664, 41.111758259103055],
            [-122.324609238276366, 41.111577420561616],
            [-122.324628274734664, 41.111434652853518],
            [-122.324641387234635, 41.111240869520486],
            [-122.324758907026137, 41.110891660146024],
            [-122.324880259109307, 41.110713200771329],
            [-122.325215763275423, 41.110363419521889],
            [-122.325515575775, 41.110049330980701],
            [-122.325915324732705, 41.109720965356189],
            [-122.326329787232055, 41.109498002856526],
            [-122.326588787231628, 41.109309002856833],
            [-122.326600520564966, 41.109298936190157],
            [-122.327332720563845, 41.108674202857799],
            [-122.327835387229698, 41.108258669525128],
            [-122.327842720563012, 41.108236802858471],
            [-122.327994987229431, 41.108072002858762],
            [-122.328176520562522, 41.107874402859068],
            [-122.32841612056211, 41.107704069525994],
            [-122.328615715353521, 41.107594470567847],
            [-122.328840337228144, 41.107449799734695],
            [-122.329047825769464, 41.107274670568302],
            [-122.329276253894136, 41.107086217443623],
            [-122.329476128893816, 41.106916799735529],
            [-122.32958463201868, 41.106844464319011],
            [-122.329721689310134, 41.10676641848579],
            [-122.329889202851518, 41.106688371610915],
            [-122.330026260142972, 41.106600808069345],
            [-122.330454563267324, 41.106393318486369],
            [-122.331155076807875, 41.106269586194855],
            [-122.331785158056903, 41.106214383069982],
            [-122.332660799722191, 41.106115397653468],
            [-122.333134788263123, 41.106003087236957],
            [-122.333477429929303, 41.105873644528856],
            [-122.333692534095633, 41.105774659112342],
            [-122.333925920553611, 41.105687869529106],
            [-122.334063787220032, 41.10555060286265],
            [-122.33427432055305, 41.105320002863039],
            [-122.33446298721941, 41.105149602863264],
            [-122.334629787219171, 41.104875002863707],
            [-122.334787187218922, 41.104670069530698],
            [-122.334811187218861, 41.104638869530731],
            [-122.335021587218534, 41.104402802864456],
            [-122.335333787218076, 41.104166602864836],
            [-122.335631387217632, 41.103952402865161],
            [-122.335916520550484, 41.103768936198776],
            [-122.335921720550459, 41.103765602865451],
            [-122.336190320550088, 41.103600802865685],
            [-122.336451520549645, 41.103441469532584],
            [-122.336741987215873, 41.103238269532937],
            [-122.336974187215503, 41.103062469533199],
            [-122.337264520548388, 41.102864802866861],
            [-122.337525787214645, 41.102727469533704],
            [-122.337757987214275, 41.102573669533967],
            [-122.338026520547203, 41.102375869534285],
            [-122.338251587213563, 41.102227602867799],
            [-122.338716646587841, 41.101818328910099],
            [-122.339012889295702, 41.101539932035564],
            [-122.339334116378495, 41.101172304952797],
            [-122.33942691533673, 41.101036675786361],
            [-122.339808320544478, 41.100704469536879],
            [-122.340183584085537, 41.100362098704068],
            [-122.340485851793403, 41.100167893496007],
            [-122.340818885126225, 41.099955062246352],
            [-122.341447063250257, 41.09962669662184],
            [-122.342137106999189, 41.099245983080777],
            [-122.342700920539983, 41.098990402872857],
            [-122.343260520539104, 41.098652269540025],
            [-122.343672520538462, 41.098376669540471],
            [-122.343820787204891, 41.098226802874024],
            [-122.343864787204836, 41.098036469541],
            [-122.34387772053816, 41.097790469541394],
            [-122.343794187204935, 41.097218402875569],
            [-122.343539720538672, 41.096431069543485],
            [-122.343522320538682, 41.096361336210236],
            [-122.343492083038711, 41.096240043502121],
            [-122.343364433038914, 41.095876666419372],
            [-122.343318033038997, 41.095712483086288],
            [-122.343318033038997, 41.095623253919712],
            [-122.343328741372318, 41.09553759246154],
            [-122.343343017413986, 41.095437656003355],
            [-122.343364433038914, 41.095369840378453],
            [-122.343435520538833, 41.095303202878597],
            [-122.34366018720516, 41.094859869545928],
            [-122.343921587204761, 41.0944406695466],
            [-122.344199387204299, 41.093942069547325],
            [-122.344327320537445, 41.093736402881007],
            [-122.344604920536995, 41.093261602881739],
            [-122.345041720536358, 41.092597269549458],
            [-122.345562387202165, 41.091933402883797],
            [-122.345822587201781, 41.091633202884282],
            [-122.346044187201414, 41.091499602884483],
            [-122.346262387201079, 41.091406802884592],
            [-122.346265520534416, 41.091405469551262],
            [-122.34651872053405, 41.091272002884807],
            [-122.346845387200176, 41.091123069551713],
            [-122.347189999699651, 41.090909528927057],
            [-122.347485052824197, 41.090781038302282],
            [-122.347713480948869, 41.090695377885709],
            [-122.347888987198587, 41.090644669552489],
            [-122.348022811156682, 41.090604958094218],
            [-122.34823696219803, 41.090566887260934],
            [-122.348512979905934, 41.09055261017761],
            [-122.34880803303048, 41.090581163302545],
            [-122.349074533030091, 41.090619235177485],
            [-122.349355309071314, 41.090619235177485],
            [-122.349793129903958, 41.090578784135914],
            [-122.350418927819646, 41.090457432052744],
            [-122.350818677819007, 41.090362252886223],
            [-122.35100427573542, 41.090324182052939],
            [-122.351227944485061, 41.09024090080311],
            [-122.351449235109726, 41.090102892469986],
            [-122.351594381984512, 41.08996964247018],
            [-122.351744730942585, 41.089816428928771],
            [-122.351848984067431, 41.089681727887296],
            [-122.351863261150754, 41.089436642471014],
            [-122.351803774692485, 41.089120174763195],
            [-122.351739528859241, 41.089008340388318],
            [-122.35158724344285, 41.088851295596896],
            [-122.351230324693404, 41.088651420597216],
            [-122.350938520527166, 41.088383469555993],
            [-122.350481520527865, 41.087904602890035],
            [-122.350275187194882, 41.087554069557257],
            [-122.350087469486823, 41.087233183099443],
            [-122.350051776778571, 41.087115399766276],
            [-122.350051776778571, 41.087004754974771],
            [-122.350073192403499, 41.086936939349869],
            [-122.350101745528491, 41.086883401849946],
            [-122.350148145528408, 41.086822725808418],
            [-122.350226667403263, 41.086744203933506],
            [-122.350323036153156, 41.086701373725248],
            [-122.350426542403, 41.086608573725414],
            [-122.350497925736192, 41.086562174767153],
            [-122.350622847611021, 41.086494360183906],
            [-122.350679954902603, 41.086480083100582],
            [-122.350759720527435, 41.0863778028924],
            [-122.350955520527179, 41.08612900289279],
            [-122.351032120527009, 41.085804002893326],
            [-122.351024120527029, 41.085557802893675],
            [-122.350974531985457, 41.085373634143991],
            [-122.350919328860527, 41.085247998727539],
            [-122.350818439277361, 41.085143301852668],
            [-122.350607143444336, 41.084955166436316],
            [-122.350387043444698, 41.084824295603141],
            [-122.350095559070155, 41.084800500811525],
            [-122.349875459070518, 41.084681527895043],
            [-122.349714845529093, 41.084503068520348],
            [-122.349560180945957, 41.084288917479],
            [-122.349506642404378, 41.084033124771054],
            [-122.34954478719601, 41.083834269563056],
            [-122.34966130802917, 41.083569129980106],
            [-122.349798126778921, 41.083337133105488],
            [-122.350036072611886, 41.0831467758141],
            [-122.350387043444698, 41.0828969320645],
            [-122.350720167402528, 41.082694677898132],
            [-122.35109738719359, 41.08264866956489],
            [-122.351370787193162, 41.082574869565008],
            [-122.351434120526392, 41.082547402898342],
            [-122.351528787192933, 41.082520202898422],
            [-122.351684987192698, 41.082422269565257],
            [-122.351764787192565, 41.082389402898627],
            [-122.351844520525788, 41.082334469565353],
            [-122.352423187191562, 41.082251269565518],
            [-122.352741320524387, 41.082177669565624],
            [-122.353546920523115, 41.081876602899399],
            [-122.354137187188883, 41.081594069566506],
            [-122.354353920521874, 41.081416669566806],
            [-122.354370520521854, 41.081389402900186],
            [-122.354428587188409, 41.081294069566979],
            [-122.354429787188451, 41.081167069567186],
            [-122.354436787188433, 41.080988469567444],
            [-122.354370987188531, 41.080753869567843],
            [-122.35421352052208, 41.080499002901547],
            [-122.354020387189053, 41.080394669568363],
            [-122.353616787189708, 41.080360669568449],
            [-122.353156720523714, 41.080207202901988],
            [-122.352815920524279, 41.080197402902002],
            [-122.352453987191495, 41.080183469568681],
            [-122.352270720525098, 41.080158669568732],
            [-122.351993520525525, 41.08007766956888],
            [-122.351789387192525, 41.080021002902299],
            [-122.351358720526548, 41.079808202902598],
            [-122.350978520527121, 41.079532202903067],
            [-122.350828120527353, 41.079356669569961],
            [-122.350814987194042, 41.079086669570415],
            [-122.350906387193902, 41.078861002904091],
            [-122.351349320526538, 41.07864106957112],
            [-122.351376987193191, 41.078626136237801],
            [-122.351502187192978, 41.078558669571237],
            [-122.352113520525336, 41.07800240290544],
            [-122.352347587191673, 41.077666269572603],
            [-122.352692587191143, 41.077255469573231],
            [-122.352851587190855, 41.077085669573535],
            [-122.353102720523793, 41.076884669573815],
            [-122.353313720523488, 41.076774669573979],
            [-122.353440787189982, 41.076648402907551],
            [-122.353630787189672, 41.07651846957441],
            [-122.353831720522692, 41.07636480290796],
            [-122.354075987188992, 41.076249269574816],
            [-122.354279587188671, 41.076153002908313],
            [-122.354417387188448, 41.076014802908503],
            [-122.354577587188203, 41.075722002908947],
            [-122.35463072052147, 41.075396802909495],
            [-122.354708739271302, 41.074869225826944],
            [-122.354790540312877, 41.0742438299946],
            [-122.354768225729572, 41.073524829995733],
            [-122.354756328854592, 41.073019194579842],
            [-122.354676021563023, 41.072769351871898],
            [-122.35463438093808, 41.072605763330444],
            [-122.35460463822983, 41.072471918539009],
            [-122.354586792396503, 41.072341048747546],
            [-122.354586792396503, 41.072254792497688],
            [-122.354640329896426, 41.07206741020633],
            [-122.354729560104602, 41.071799720623403],
            [-122.354777148646235, 41.071671824790258],
            [-122.354812840312832, 41.071591518540401],
            [-122.354789046562871, 41.071517160207179],
            [-122.354782693437869, 41.071430500832264],
            [-122.354842584062794, 41.071317879999128],
            [-122.354890173646027, 41.071187010207666],
            [-122.35493776218766, 41.07108588312451],
            [-122.355032941354182, 41.070990703957989],
            [-122.355092427812394, 41.07091337166645],
            [-122.355134068437337, 41.070743835208361],
            [-122.35532252052036, 41.070355669583932],
            [-122.355556787186686, 41.069991802917855],
            [-122.3556709871865, 41.069841602918075],
            [-122.355703920519773, 41.06970680291829],
            [-122.355868320519505, 41.069517202918576],
            [-122.35611058718581, 41.069285002918946],
            [-122.356275987185541, 41.069126469585854],
            [-122.356466787185241, 41.068921202919512],
            [-122.356579120518404, 41.068691602919898],
            [-122.35669578718489, 41.06856520292007],
            [-122.357091187184267, 41.068095069587457],
            [-122.35734172051724, 41.06768360292142],
            [-122.35763858718343, 41.067344002921971],
            [-122.357861387183107, 41.06709120292237],
            [-122.35835454968236, 41.066513628964913],
            [-122.35866149968183, 41.066081757090615],
            [-122.3587435913484, 41.065924713340848],
            [-122.358880120514868, 41.065612269591327],
            [-122.359075320514535, 41.065224402925253],
            [-122.359187120514378, 41.064918669592373],
            [-122.359344720514116, 41.06448760292642],
            [-122.359568120513757, 41.064167269593554],
            [-122.360076187179686, 41.063412002928089],
            [-122.360195934054502, 41.063228184178342],
            [-122.360475520512352, 41.062799002929012],
            [-122.361045520511482, 41.062163069596693],
            [-122.36167692051049, 41.061940269597017],
            [-122.361771720510376, 41.061893202930435],
            [-122.36212798717645, 41.061927002930361],
            [-122.363188781966471, 41.061919246680361],
            [-122.363314892382959, 41.061972071680316],
            [-122.363633740299122, 41.062062490430151],
            [-122.363943070506991, 41.062150531055011],
            [-122.36414770383999, 41.062219535221573],
            [-122.364325215298038, 41.062234065429891],
            [-122.364513415297779, 41.062244516471537],
            [-122.364623596547574, 41.062236191471584],
            [-122.364801545505657, 41.06219743417995],
            [-122.364909250713822, 41.062179274804976],
            [-122.365063915296901, 41.062153100846672],
            [-122.365235237171646, 41.062150720638385],
            [-122.365459318421301, 41.062153955013343],
            [-122.365577878837769, 41.062138823763405],
            [-122.365758718420864, 41.062115028971732],
            [-122.36589229654561, 41.062115511263414],
            [-122.366015841337116, 41.062110702930113],
            [-122.366140763211888, 41.062146394596709],
            [-122.366280555920014, 41.062205881054922],
            [-122.366375735086535, 41.062265367513191],
            [-122.366459016336421, 41.062318905013115],
            [-122.366546127794606, 41.062351399804697],
            [-122.366616654877816, 41.062301059179788],
            [-122.366664166336079, 41.062229502929881],
            [-122.366738178835988, 41.062196020638282],
            [-122.366887319460773, 41.062128548763383],
            [-122.367039010085534, 41.062045267513554],
            [-122.36713478300203, 41.062007434180259],
            [-122.367337037168397, 41.061927126888691],
            [-122.367473855918206, 41.061900358138757],
            [-122.367586880917997, 41.061846820638834],
            [-122.36770585383448, 41.061825999805535],
            [-122.367857544459241, 41.061754616472285],
            [-122.36801220904232, 41.061614822722504],
            [-122.368143079875495, 41.061424466472829],
            [-122.368217438208717, 41.061207340431508],
            [-122.368238258000304, 41.060820677932099],
            [-122.368259077791947, 41.060680884182318],
            [-122.368285847583593, 41.06051134772423],
            [-122.368294770500256, 41.060389400849431],
            [-122.36825610383363, 41.06019012064138],
            [-122.368187018417075, 41.060041920641652],
            [-122.368166873625455, 41.0599283800168],
            [-122.368092516333888, 41.059523871684121],
            [-122.368013018417344, 41.059167198767966],
            [-122.367955911125762, 41.059027999809871],
            [-122.367887676750854, 41.05894498210165],
            [-122.367807209042667, 41.058847080018495],
            [-122.367763174667743, 41.058753171685282],
            [-122.367716775709482, 41.058631819602169],
            [-122.36769795279281, 41.05845316647742],
            [-122.367702498626159, 41.058307022727661],
            [-122.36770963716782, 41.058178532102886],
            [-122.367687924667848, 41.057910694603265],
            [-122.367737893417768, 41.05770011231192],
            [-122.367830692375946, 41.057460975853985],
            [-122.367912783000804, 41.057296793562557],
            [-122.368148349667138, 41.056918459188125],
            [-122.3684053319584, 41.056693599813514],
            [-122.368537392374833, 41.05662935398027],
            [-122.368686702791308, 41.056589498771984],
            [-122.368924649665928, 41.056532986272089],
            [-122.369231004873768, 41.056458627938866],
            [-122.369632539248187, 41.056345603980731],
            [-122.369813972581198, 41.056309911272422],
            [-122.369895679872741, 41.056293759189145],
            [-122.369975998622635, 41.056264047730849],
            [-122.370040619455835, 41.056240143564196],
            [-122.370117353830722, 41.056211759189239],
            [-122.370185763205654, 41.056196887314286],
            [-122.370248224663897, 41.056217708147585],
            [-122.37028689028881, 41.056244476897518],
            [-122.370370171538696, 41.056259347730816],
            [-122.370640835079939, 41.056256373772499],
            [-122.370861292371274, 41.05624626127252],
            [-122.370988831954378, 41.056255778980869],
            [-122.371137310079177, 41.056282428980808],
            [-122.371211549662348, 41.056280525855811],
            [-122.371283885078924, 41.056257682105866],
            [-122.371358123620496, 41.056232936272522],
            [-122.371411423620373, 41.056211996689228],
            [-122.371470434036951, 41.056187250855942],
            [-122.37154657778683, 41.056151083147654],
            [-122.37167982674498, 41.056052096689484],
            [-122.371771198619854, 41.055974050856264],
            [-122.371828305911436, 41.055886486273096],
            [-122.371853051744722, 41.055806536273224],
            [-122.37185565382805, 41.05569286960673],
            [-122.371937987161232, 41.05552660294029],
            [-122.372342506952293, 41.054711033149886],
            [-122.372374629868887, 41.05457183419179],
            [-122.372413891327199, 41.054418359192027],
            [-122.372442444452133, 41.054257745650602],
            [-122.372474567368727, 41.054186361275697],
            [-122.372567366326962, 41.054022178984326],
            [-122.372685149660072, 41.053907964401162],
            [-122.372974987159637, 41.053691402943173],
            [-122.373055235076208, 41.053630797734911],
            [-122.373378841325689, 41.053373815443649],
            [-122.373526368408761, 41.053297672735425],
            [-122.373635823616951, 41.053254842527167],
            [-122.373807144450041, 41.053221530027201],
            [-122.373992742366397, 41.053226289402232],
            [-122.374130751741177, 41.053226289402232],
            [-122.374244965282685, 41.053231047735551],
            [-122.374506705907265, 41.053254842527167],
            [-122.374777964240195, 41.053330985235391],
            [-122.375009120489835, 41.053503069610144],
            [-122.375172954864581, 41.053626038359937],
            [-122.375268134031103, 41.053702181068161],
            [-122.375353794447619, 41.053768806068035],
            [-122.375423512155862, 41.053877785234533],
            [-122.375552003822293, 41.05401341440097],
            [-122.375848246530154, 41.05423470398398],
            [-122.376148057988075, 41.05443457898366],
            [-122.376330087154429, 41.054530947733497],
            [-122.376395386112677, 41.054563571691801],
            [-122.376497839237516, 41.054598762316743],
            [-122.376601345487359, 41.054605900858405],
            [-122.376783374653712, 41.054577346691758],
            [-122.37704749444498, 41.054559500858488],
            [-122.37717955486147, 41.054555932108485],
            [-122.377315184027907, 41.0545345164835],
            [-122.377443674652682, 41.054480978983577],
            [-122.377565027777507, 41.05439531856706],
            [-122.377625703819092, 41.054281103983897],
            [-122.377704225693947, 41.054077660234213],
            [-122.377714932985612, 41.053849232109599],
            [-122.377657826735685, 41.053649357109919],
            [-122.377525766319252, 41.053428067526909],
            [-122.377354445486162, 41.053181792527312],
            [-122.377222385069729, 41.053046163360818],
            [-122.377133154861497, 41.052910534194382],
            [-122.377033217361657, 41.052724936277968],
            [-122.376688053820544, 41.052442575861789],
            [-122.376553386112391, 41.052234875862098],
            [-122.376487155904215, 41.052169501903848],
            [-122.3764443256959, 41.052115964403924],
            [-122.376426478820974, 41.052051718570681],
            [-122.376456013195877, 41.051943468570869],
            [-122.376481659029196, 41.051894742529271],
            [-122.37651972986248, 41.051813840446073],
            [-122.376535990279137, 41.051741830029528],
            [-122.37651972986248, 41.051623484196398],
            [-122.376586354862354, 41.051518787321527],
            [-122.376667256945552, 41.051418849821687],
            [-122.376686801737208, 41.051314656071838],
            [-122.376757675695444, 41.051242770655278],
            [-122.376874946528574, 41.051189745655392],
            [-122.376967068403417, 41.051180903988723],
            [-122.377043211111641, 41.051152350863788],
            [-122.37708167986159, 41.051007005030669],
            [-122.377114992361555, 41.05079761232264],
            [-122.377171702778128, 41.050652664406186],
            [-122.377276795486296, 41.05053587169806],
            [-122.377419166319385, 41.050333816490024],
            [-122.377419166319385, 41.050210084198568],
            [-122.377424321527712, 41.050040944615489],
            [-122.377467151736028, 41.049907694615683],
            [-122.37771461631894, 41.049755409199292],
            [-122.377904972568672, 41.04959360503284],
            [-122.378033464235102, 41.049412766491457],
            [-122.378290445484708, 41.049217650866751],
            [-122.378490320484389, 41.049074883158653],
            [-122.378937659025382, 41.048703687325883],
            [-122.379651497565931, 41.048370562326397],
            [-122.379904315273905, 41.048242666493309],
            [-122.380113707981877, 41.048176041493377],
            [-122.380489067356336, 41.04807313003522],
            [-122.380685373606013, 41.048010668576978],
            [-122.380929268397267, 41.047960105035372],
            [-122.381205879855202, 41.047838158160573],
            [-122.381482492354792, 41.047686467535812],
            [-122.381779925687624, 41.04757939149431],
            [-122.382279612145169, 41.047359291494672],
            [-122.38275252985278, 41.047210574828227],
            [-122.383020219435707, 41.047064833161755],
            [-122.383296831935297, 41.046925040453687],
            [-122.383433650685049, 41.046832836287138],
            [-122.383577924643191, 41.046736463370621],
            [-122.383751903809582, 41.04667519670403],
            [-122.383858978809428, 41.046520531079295],
            [-122.383986875684229, 41.046300431079658],
            [-122.384082053809038, 41.046005972746741],
            [-122.384162688183949, 41.045833194622048],
            [-122.384357803808655, 41.04551910608086],
            [-122.384491053808404, 41.045276400872865],
            [-122.38458623193327, 41.045152668581409],
            [-122.384705204849752, 41.045024177956634],
            [-122.384862249641174, 41.044971830040026],
            [-122.38501929339094, 41.044952793581729],
            [-122.385171578807388, 41.044986106081694],
            [-122.38538097151536, 41.045086043581534],
            [-122.385742649639838, 41.045304953997857],
            [-122.386208519430738, 41.045570536289119],
            [-122.386566538180205, 41.045780052955422],
            [-122.386892792346373, 41.045985152955097],
            [-122.387095046512741, 41.0460714081633],
            [-122.387307602762405, 41.046102731079941],
            [-122.387446016303841, 41.04605356233003],
            [-122.387573913178642, 41.045994075871761],
            [-122.387691696511808, 41.045972661288488],
            [-122.387834940261598, 41.045981122746809],
            [-122.388028122552953, 41.045974772746831],
            [-122.388200751719353, 41.045953991496845],
            [-122.388343519427451, 41.045936145663518],
            [-122.388516030885512, 41.045894505038575],
            [-122.38873613088515, 41.045811223788746],
            [-122.388878898593305, 41.045662508163957],
            [-122.388997871509787, 41.045531637330839],
            [-122.389104947551289, 41.04539481858103],
            [-122.389212022551078, 41.045180666498027],
            [-122.38931314963429, 41.044984361290005],
            [-122.389384534009196, 41.044817798790291],
            [-122.389360739217523, 41.044680980040482],
            [-122.389271509009347, 41.044615544623923],
            [-122.389140639217885, 41.044627442540559],
            [-122.388962179843134, 41.044591750873963],
            [-122.388843206926651, 41.044478725874114],
            [-122.388765873593456, 41.044335958166016],
            [-122.388706387135244, 41.04422293420788],
            [-122.388753976718476, 41.044086114416416],
            [-122.388997871509787, 41.043996885249896],
            [-122.38930125275931, 41.043955244624954],
            [-122.389664120467046, 41.043925500874991],
            [-122.390205447549533, 41.0439195529583],
            [-122.390871696506849, 41.0439195529583],
            [-122.391125187131479, 41.043962069624911],
            [-122.391395178797723, 41.043943347749973],
            [-122.391698560047246, 41.043925500874991],
            [-122.391882968380287, 41.043848168583452],
            [-122.39224583608808, 41.043711349833643],
            [-122.392578960045853, 41.043532890458948],
            [-122.392983468378588, 41.04315812483452],
            [-122.393227363169842, 41.042854743584996],
            [-122.393408698586256, 41.042604690460394],
            [-122.393495052752769, 41.042366954002432],
            [-122.393527520461078, 41.041936669628058],
            [-122.393471257961153, 41.041325940462343],
            [-122.393512898586096, 41.040933329004645],
            [-122.393524796502732, 41.040570461296852],
            [-122.393530744419422, 41.040356310255504],
            [-122.393572385044308, 41.040035082130998],
            [-122.393596179835981, 41.039713855048205],
            [-122.393643769419214, 41.039475909215241],
            [-122.393682435044184, 41.039186210257355],
            [-122.393777614210705, 41.038888776924466],
            [-122.393795460043975, 41.038662727966482],
            [-122.393783562127339, 41.038484268591787],
            [-122.393747870460743, 41.038252271717113],
            [-122.393587256919318, 41.038067863384072],
            [-122.393379053794661, 41.037847763384434],
            [-122.393343362128007, 41.037746636301222],
            [-122.393343362128007, 41.037193411302098],
            [-122.393432592336239, 41.036782954011073],
            [-122.393515872544413, 41.036331094636751],
            [-122.393545853794365, 41.036222591511944],
            [-122.393575835044317, 41.036118370678764],
            [-122.393630087127576, 41.035750268596018],
            [-122.393812116293986, 41.035557532138],
            [-122.393963212127062, 41.035434989429859],
            [-122.39417736316841, 41.035250581096761],
            [-122.394349874626471, 41.035012635263797],
            [-122.394849561084015, 41.03445346234804],
            [-122.395016123583787, 41.03414413214017],
            [-122.39533140170829, 41.03363254776599],
            [-122.395628548582806, 41.033253071724857],
            [-122.395908136082369, 41.032866409225505],
            [-122.396122287123717, 41.032545182142655],
            [-122.396187722540276, 41.032259646726402],
            [-122.39617582462364, 41.031938419643609],
            [-122.396039005873831, 41.0315517571442],
            [-122.395646394416133, 41.031236477978041],
            [-122.395247835041744, 41.030903354020211],
            [-122.394914711083914, 41.030701099853843],
            [-122.394478079834585, 41.030542865479106],
            [-122.39441145483471, 41.03050955297914],
            [-122.394297240251547, 41.030528588395782],
            [-122.394173509001746, 41.030542865479106],
            [-122.394016464210324, 41.030523830062464],
            [-122.393849901710553, 41.030485758187524],
            [-122.393645268377554, 41.030438168604235],
            [-122.393512018377749, 41.030433410270916],
            [-122.393412080877908, 41.030457205062532],
            [-122.393202688169936, 41.030495275895817],
            [-122.393026607961872, 41.030514311312459],
            [-122.392826734003847, 41.030514311312459],
            [-122.392655412129102, 41.03050955297914],
            [-122.39243650171278, 41.030500035270848],
            [-122.392208073588108, 41.030395338395977],
            [-122.392136690254915, 41.03033823214605],
            [-122.392027235046726, 41.030266847771202],
            [-122.391908262130244, 41.030114562354754],
            [-122.391866856921979, 41.030061348813149],
            [-122.391775012130438, 41.029909929021755],
            [-122.391689351713921, 41.029695776938752],
            [-122.391689351713921, 41.029500661314046],
            [-122.391879707963653, 41.029300786314366],
            [-122.392160484004876, 41.029115188397952],
            [-122.392850527753808, 41.028815376940088],
            [-122.39366906316917, 41.028582189440442],
            [-122.394130677751775, 41.028249064441013],
            [-122.394358463168089, 41.028006116524693],
            [-122.394501874626201, 41.02779220819167],
            [-122.394516150667869, 41.027544744650413],
            [-122.394349588168154, 41.027392459233965],
            [-122.394216339210004, 41.027254449859186],
            [-122.394011704835293, 41.027092646734445],
            [-122.393859419418902, 41.026940361317997],
            [-122.393616714210907, 41.026773798818283],
            [-122.393016787128545, 41.026485802985405],
            [-122.393009120461898, 41.026481336318739],
            [-122.392753987128913, 41.026333269652298],
            [-122.392196987129807, 41.026179402985861],
            [-122.39175597567214, 41.026026648819425],
            [-122.391484717339267, 41.025841050903068],
            [-122.391427610047685, 41.025783943611486],
            [-122.39132291421447, 41.025664970695004],
            [-122.391232494422979, 41.025569791528483],
            [-122.391194423589695, 41.025455577986975],
            [-122.391246771506303, 41.025336605070493],
            [-122.391380021506052, 41.025241425903971],
            [-122.391603690255749, 41.025032033195998],
            [-122.391889225671946, 41.024794087363034],
            [-122.392093860046657, 41.024565659238363],
            [-122.392269939213008, 41.024432409238557],
            [-122.39242698400443, 41.024327713405398],
            [-122.392579269420878, 41.024208740488916],
            [-122.392722037128976, 41.024165910280658],
            [-122.392871884003739, 41.024173167572314],
            [-122.392975985045268, 41.024292140488797],
            [-122.393077112128424, 41.024408139446962],
            [-122.393187162128243, 41.024527112363444],
            [-122.393358387127989, 41.024584402988353],
            [-122.393612491294277, 41.024586598821656],
            [-122.393936692335444, 41.024574700905021],
            [-122.3942876631682, 41.024530086321761],
            [-122.394596993376069, 41.024417062363625],
            [-122.39488550275064, 41.02431296028044],
            [-122.395128968375275, 41.024135656114026],
            [-122.395217357958472, 41.024046970697498],
            [-122.395346523583271, 41.023917374864368],
            [-122.395510111083013, 41.023251125907052],
            [-122.395593392332842, 41.0224718529916],
            [-122.395649904832794, 41.02200488320068],
            [-122.395898613165741, 41.02105516861883],
            [-122.396069933998774, 41.020234255078435],
            [-122.396122281915382, 41.019943960287208],
            [-122.396177010040276, 41.019760742579138],
            [-122.396238875665176, 41.019660805079297],
            [-122.39632453608175, 41.019596559246054],
            [-122.396407817331578, 41.019575144662781],
            [-122.396493477748152, 41.019558488412827],
            [-122.396631487122932, 41.019546590496134],
            [-122.396769495456056, 41.019560867579457],
            [-122.396858017330885, 41.019604468621083],
            [-122.396947702747411, 41.019615306121068],
            [-122.397028856913948, 41.019625113412701],
            [-122.397128794413788, 41.019615594662696],
            [-122.397243007955296, 41.019594180079423],
            [-122.397511887121539, 41.019591800912735],
            [-122.398047266287392, 41.019515658204568],
            [-122.398418462120162, 41.019482345704603],
            [-122.39861906420316, 41.01943692799631],
            [-122.399087090244109, 41.019346716538109],
            [-122.399263170452173, 41.019270573829942],
            [-122.399486840243469, 41.019132564455163],
            [-122.399672438159882, 41.018966001955391],
            [-122.399886589201174, 41.018685225914169],
            [-122.400286339200591, 41.018152226956659],
            [-122.400990658991134, 41.017462183207726],
            [-122.401366833990551, 41.0169196634169],
            [-122.401990032947936, 41.016424738417697],
            [-122.402760978780066, 41.015886980085156],
            [-122.403374879820774, 41.01559192696061],
            [-122.403755593361836, 41.015472954044128],
            [-122.403974503778215, 41.015472954044128],
            [-122.404307627735989, 41.015549096752352],
            [-122.404626475652151, 41.015577649877343],
            [-122.404926288151728, 41.015558614460701],
            [-122.405364108984372, 41.015482471752478],
            [-122.40608746523327, 41.015387292585956],
            [-122.406701366273978, 41.015434882169188],
            [-122.407172499606531, 41.015487230085796],
            [-122.407605561064202, 41.01556337279402],
            [-122.407991033980295, 41.015577649877343],
            [-122.408595417312711, 41.015677587377183],
            [-122.408933300645515, 41.015739453002084],
            [-122.409152211061837, 41.015782283210342],
            [-122.409356844394836, 41.015806078001958],
            [-122.409553387102847, 41.015797269668667],
            [-122.40975659335254, 41.015757180085359],
            [-122.40995646835222, 41.015707211335439],
            [-122.410213450643482, 41.015543029044068],
            [-122.410306249601717, 41.015457367585839],
            [-122.410334802726652, 41.015243216544491],
            [-122.410284833976732, 41.015093310294731],
            [-122.410234865226812, 41.014943404044971],
            [-122.410199173560216, 41.014857743628454],
            [-122.410234865226812, 41.014700699878688],
            [-122.410320525643328, 41.014443717587426],
            [-122.410370494393248, 41.014258119671013],
            [-122.410441878768154, 41.01403683008806],
            [-122.410356218351637, 41.013836955088379],
            [-122.410234865226812, 41.01366563425529],
            [-122.410184896476892, 41.013522866547191],
            [-122.410034991268788, 41.01329443842252],
            [-122.409935053768947, 41.01319450092268],
            [-122.409763731894202, 41.013087424881178],
            [-122.409371121478159, 41.012937518631418],
            [-122.409104720436915, 41.01289946967313],
            [-122.408537920437766, 41.012730469673386],
            [-122.408456453771237, 41.012674403006827],
            [-122.408250587104874, 41.012532669673703],
            [-122.407983387105276, 41.012297203007392],
            [-122.407617587105847, 41.01195540300796],
            [-122.40734032043963, 41.011750069674918],
            [-122.407098320440014, 41.011499603008644],
            [-122.407040120440115, 41.01131806967561],
            [-122.406982387106837, 41.011076069675994],
            [-122.406797520440477, 41.010576669676766],
            [-122.406572787107507, 41.010046869677581],
            [-122.406367120441132, 41.009645469678219],
            [-122.406289587107949, 41.009395869678599],
            [-122.406323920441196, 41.008912669679319],
            [-122.406291387107899, 41.008640669679778],
            [-122.40619658710807, 41.008096403013951],
            [-122.40628612044128, 41.007016869682275],
            [-122.406238787108009, 41.006729669682727],
            [-122.40617518710809, 41.006042069683815],
            [-122.406117920441545, 41.005211003018417],
            [-122.405965320441737, 41.00443986968628],
            [-122.405752587108736, 41.003698669687424],
            [-122.405637320442281, 41.003214669688191],
            [-122.405380920442667, 41.002360003022829],
            [-122.405177120443, 41.001739603023793],
            [-122.404903920443417, 41.0010888030248],
            [-122.404631520443843, 41.000324469692657],
            [-122.404538987110641, 41.000089869692999],
            [-122.404593920443915, 40.999870603026693],
            [-122.404787187110287, 40.999285069694281],
            [-122.404834053776881, 40.999150203027796],
            [-122.404909520443425, 40.998933003028128],
            [-122.405051320443192, 40.99881066969499],
            [-122.405246587109559, 40.998762469695066],
            [-122.405494987109137, 40.998837603028278],
            [-122.406259520441324, 40.99930906969422],
            [-122.407195987106547, 40.999871403026702],
            [-122.407719387105715, 41.000053403026413],
            [-122.408038187105205, 41.000070069693038],
            [-122.408208320438291, 41.00000306969315],
            [-122.408428987104628, 40.999871669693391],
            [-122.408637920437627, 40.999706803026982],
            [-122.408672520437563, 40.999469069693987],
            [-122.408643120437603, 40.999132669694518],
            [-122.408462187104533, 40.998770803028435],
            [-122.408162187105006, 40.998416603028943],
            [-122.407658787105788, 40.997815069696571],
            [-122.407229120439808, 40.997435603030453],
            [-122.40696058710688, 40.997196403030841],
            [-122.406927253773631, 40.997146603030956],
            [-122.406789720440486, 40.99694120303127],
            [-122.406640720440691, 40.996645069698388],
            [-122.406202187108079, 40.996044003032637],
            [-122.406151787108115, 40.995853603032913],
            [-122.406086987108267, 40.995608669700005],
            [-122.406198787108053, 40.995207269700586],
            [-122.406451387107666, 40.994999069700953],
            [-122.406515187107573, 40.994946469701006],
            [-122.406960520440236, 40.994792869701257],
            [-122.407601187105911, 40.994566469701624],
            [-122.407991187105267, 40.994535669701634],
            [-122.408716520437508, 40.994555803034928],
            [-122.409647120436034, 40.994609803034848],
            [-122.409992987102157, 40.994677203034769],
            [-122.410791320434271, 40.994993003034267],
            [-122.411448320433237, 40.995381869700338],
            [-122.412235587098678, 40.995714003033129],
            [-122.412450920431695, 40.995854469699623],
            [-122.412736720431269, 40.995987203032712],
            [-122.413157920430592, 40.996096003032562],
            [-122.413926187096081, 40.996140869699161],
            [-122.414587120428394, 40.996086869699241],
            [-122.415227120427403, 40.99595886969945],
            [-122.415574187093512, 40.995878603032907],
            [-122.415792187093189, 40.995715669699791],
            [-122.415924587092945, 40.995429269700253],
            [-122.415938587092967, 40.995076603034136],
            [-122.415974387092888, 40.994707603034726],
            [-122.415997187092842, 40.994576469701599],
            [-122.416019787092807, 40.994461803035108],
            [-122.416047320426117, 40.994261003035433],
            [-122.416079587092725, 40.993976003035868],
            [-122.416065120426083, 40.993779069702839],
            [-122.41604292042615, 40.993526803036559],
            [-122.415980787092906, 40.993214669703718],
            [-122.415788987093208, 40.992856869704269],
            [-122.415553120426864, 40.992605603037987],
            [-122.41530612042726, 40.992374603038343],
            [-122.415225987094061, 40.992255269705197],
            [-122.415085587094268, 40.991914069705729],
            [-122.414867387094603, 40.991486469706388],
            [-122.414760787094792, 40.991293203040016],
            [-122.414720120428171, 40.990997669707156],
            [-122.414749387094787, 40.990759869707517],
            [-122.414921987094544, 40.99051060304123],
            [-122.415400720427101, 40.990246403041624],
            [-122.416019520426175, 40.990048603041942],
            [-122.416807253758293, 40.989889069708852],
            [-122.416908787091472, 40.989868469708881],
            [-122.417418187090675, 40.98980140304235],
            [-122.417778120423407, 40.989819603042292],
            [-122.418802187088488, 40.990300603041533],
            [-122.419245120421124, 40.990417603041351],
            [-122.419937520420092, 40.990466203041308],
            [-122.420126720419773, 40.990491669707922],
            [-122.420187453753044, 40.990503869707879],
            [-122.42128032041802, 40.990723069707542],
            [-122.422064920416801, 40.990764003040852],
            [-122.42264958708256, 40.990750469707507],
            [-122.422828720415566, 40.990702203040939],
            [-122.423193920415031, 40.990520269707872],
            [-122.423277120414866, 40.990478803041299],
            [-122.423468520414588, 40.990266469708274],
            [-122.423588987081075, 40.99009080304188],
            [-122.42383392041404, 40.989325003043064],
            [-122.423867387080634, 40.989210269709929],
            [-122.423900187080619, 40.988861869710433],
            [-122.423913853747251, 40.988620669710826],
            [-122.423938587080556, 40.988185269711494],
            [-122.423931787080562, 40.9877300697122],
            [-122.423915387080569, 40.987426403046015],
            [-122.423916320413923, 40.987398936379407],
            [-122.423929987080555, 40.986991669713348],
            [-122.423987053747112, 40.986832336380246],
            [-122.42405758708037, 40.986635603047262],
            [-122.424232920413431, 40.986386269714274],
            [-122.424434587079759, 40.986227269714561],
            [-122.424731120412616, 40.986068803048113],
            [-122.4250615204121, 40.986029469714879],
            [-122.425558520411357, 40.98614680304803],
            [-122.425882120410847, 40.98626726971446],
            [-122.42614678707713, 40.986326003047736],
            [-122.426466520409917, 40.98629480304777],
            [-122.426787187076116, 40.986132403048032],
            [-122.427130720408911, 40.985842803048456],
            [-122.427537720408282, 40.985414269715818],
            [-122.427724387074647, 40.985111603049631],
            [-122.427814987074498, 40.984845669716663],
            [-122.427962987074295, 40.984411469717372],
            [-122.428098853740721, 40.983857869718236],
            [-122.428139920407318, 40.98369046971851],
            [-122.428186187073948, 40.983333869719047],
            [-122.428260720407138, 40.982854403053125],
            [-122.428422120406935, 40.982034869721076],
            [-122.428509187073416, 40.981354469722135],
            [-122.428580387073339, 40.980936469722735],
            [-122.428594920406624, 40.980514069723426],
            [-122.428508520406751, 40.97986160305777],
            [-122.428535320406752, 40.97915233639219],
            [-122.428546987073389, 40.978844603059315],
            [-122.428593720406639, 40.978455203059923],
            [-122.428627120406588, 40.978344603060123],
            [-122.428632453739908, 40.978332536393452],
            [-122.428773320406378, 40.978013069727297],
            [-122.428991520406043, 40.977813269727619],
            [-122.429176120405714, 40.977760803061017],
            [-122.429783320404795, 40.977628403061203],
            [-122.430596720403514, 40.977431469728174],
            [-122.43115112040266, 40.977163469728623],
            [-122.431363787069017, 40.97697180306227],
            [-122.431542120402071, 40.976685603062663],
            [-122.431572987068705, 40.976242803063371],
            [-122.431412987068938, 40.975975403063785],
            [-122.431047587069486, 40.975670069730938],
            [-122.430821787069874, 40.975500803064506],
            [-122.430651720403432, 40.975442603064607],
            [-122.429820920404723, 40.97515140306507],
            [-122.429411120405348, 40.974968869732038],
            [-122.429115120405811, 40.97478286973228],
            [-122.428991987072664, 40.974626403065884],
            [-122.428939387072774, 40.974458003066161],
            [-122.42897538707274, 40.974043869733464],
            [-122.429023520405963, 40.973802069733836],
            [-122.429129187072476, 40.973470403067665],
            [-122.429168787072399, 40.973269669734634],
            [-122.429226120405644, 40.972892603068601],
            [-122.429180387072392, 40.972543803069129],
            [-122.429180587072381, 40.972219669736262],
            [-122.429101387072535, 40.971989669736672],
            [-122.429049520405954, 40.971727003070384],
            [-122.429088920405889, 40.97155480307066],
            [-122.429203387072334, 40.97144466973748],
            [-122.429420853738691, 40.971370403070921],
            [-122.429463987071983, 40.971355669737648],
            [-122.429893187071286, 40.971156869737911],
            [-122.430267720404061, 40.971027469738146],
            [-122.43088898706975, 40.970825469738429],
            [-122.431199520402572, 40.970597269738789],
            [-122.431543520402045, 40.970229869739399],
            [-122.431822987068301, 40.969812869739997],
            [-122.431998520401351, 40.969547203073773],
            [-122.432122987067828, 40.969227869740905],
            [-122.432325720400854, 40.968933603074731],
            [-122.432658320400321, 40.968644003075156],
            [-122.432827187066721, 40.968501269742035],
            [-122.432925920399896, 40.968362269742272],
            [-122.433041320399752, 40.968149603075915],
            [-122.433367187065926, 40.967695869743295],
            [-122.433554787065589, 40.967266203077315],
            [-122.433579987065571, 40.967189736410774],
            [-122.433693720398708, 40.966844403077971],
            [-122.433815720398513, 40.966500603078487],
            [-122.434077920398124, 40.965894803079436],
            [-122.434346320397708, 40.96551466974671],
            [-122.434519387064086, 40.965388269746882],
            [-122.434792720397013, 40.965188669747192],
            [-122.43514618706314, 40.964981269747511],
            [-122.435823187062113, 40.964590803081478],
            [-122.436507520394343, 40.964286603081916],
            [-122.43707318706015, 40.963932469749125],
            [-122.437335120393072, 40.96368360308287],
            [-122.4374881870595, 40.963495603083175],
            [-122.437645120392574, 40.963176469750351],
            [-122.437668920392582, 40.962914069750752],
            [-122.437649587059241, 40.962643403084485],
            [-122.437479387059511, 40.962302069751672],
            [-122.437253987059876, 40.962083603085375],
            [-122.436448720394424, 40.96165720308602],
            [-122.436033387061741, 40.961499269752949],
            [-122.435165320396436, 40.961154669753455],
            [-122.434502587064117, 40.960835669753976],
            [-122.434190720397964, 40.960608469754334],
            [-122.43382238706522, 40.960336003088059],
            [-122.433629320398836, 40.960134069755043],
            [-122.433545187065647, 40.959854803088831],
            [-122.433499520399039, 40.959505869756015],
            [-122.433421920399155, 40.959083069756673],
            [-122.433213120399444, 40.958516003090892],
            [-122.433156120399588, 40.958442603090987],
            [-122.432998987066469, 40.958240203091293],
            [-122.432681587066952, 40.958029469758287],
            [-122.432045787067977, 40.957731069758779],
            [-122.43178178706836, 40.957602603092312],
            [-122.431614653735267, 40.957484469759152],
            [-122.431074587069475, 40.957102803093107],
            [-122.430833120403179, 40.956880203093419],
            [-122.430731720403344, 40.956703269760396],
            [-122.430637587070123, 40.956337869760944],
            [-122.430637120403446, 40.956306336427645],
            [-122.430634187070154, 40.956091669761349],
            [-122.430715920403372, 40.95573120309524],
            [-122.430944987069665, 40.954871003096571],
            [-122.431077187069434, 40.95459680309699],
            [-122.431279120402451, 40.954248469764195],
            [-122.431563187068718, 40.953758403098277],
            [-122.431721053735146, 40.953368736432196],
            [-122.431745587068406, 40.95330820309897],
            [-122.431790720401693, 40.953082803099335],
            [-122.431779320401688, 40.952849003099686],
            [-122.431624587068598, 40.952589803100068],
            [-122.431399520402294, 40.952350803100444],
            [-122.431325720402413, 40.952124803100787],
            [-122.431289587069102, 40.951919603101146],
            [-122.431307520402413, 40.951714603101436],
            [-122.43135212040238, 40.951567203101661],
            [-122.431561920402032, 40.950760269769603],
            [-122.431767320401718, 40.950146003103896],
            [-122.432124920401179, 40.949138869772128],
            [-122.43237238706746, 40.948647869772856],
            [-122.432861520400024, 40.948071869773742],
            [-122.433388987065882, 40.947669936441059],
            [-122.433449720399096, 40.947623669774487],
            [-122.434086787064757, 40.947130603108576],
            [-122.434983320396725, 40.946351469776459],
            [-122.435267787062969, 40.945963269777053],
            [-122.435432520396034, 40.945681069777493],
            [-122.435485987062634, 40.945439403111209],
            [-122.435460787062652, 40.945217669778174],
            [-122.435338987062835, 40.944913603112013],
            [-122.435070987063227, 40.944621069779146],
            [-122.434436987064259, 40.944121669779918],
            [-122.433822787065196, 40.943524003114135],
            [-122.433063920399718, 40.943085469781522],
            [-122.432648787067023, 40.942911203115102],
            [-122.432346520400813, 40.942844203115214],
            [-122.4318545204016, 40.942821203115273],
            [-122.430932387069674, 40.942796069781934],
            [-122.430244387070729, 40.942932203115106],
            [-122.429728520404865, 40.943155269781414],
            [-122.429309787072214, 40.943419803114296],
            [-122.429124120405845, 40.943628003113986],
            [-122.42845532040684, 40.944346469779532],
            [-122.427987387074268, 40.944651803112436],
            [-122.427513987074974, 40.944981669778542],
            [-122.427030587075762, 40.945209003111529],
            [-122.42654972040981, 40.945465003111167],
            [-122.426148787077125, 40.94553266977772],
            [-122.425884120410842, 40.945494603111115],
            [-122.425684787077842, 40.945399203111265],
            [-122.425426920411553, 40.945196869778215],
            [-122.424943320412297, 40.944833603112102],
            [-122.4245559870796, 40.94456500311253],
            [-122.424324920413255, 40.944404003112822],
            [-122.423922720413884, 40.94418793644644],
            [-122.423369187081391, 40.943890603113573],
            [-122.422009187083518, 40.942924069781782],
            [-122.421978520416928, 40.942900269781774],
            [-122.420759987085489, 40.941953869783276],
            [-122.420340320419427, 40.941481803117313],
            [-122.420261920419591, 40.94139360311749],
            [-122.420154120419738, 40.941169736451172],
            [-122.41995112042008, 40.940748069785116],
            [-122.419650520420532, 40.939873003119828],
            [-122.419366187087633, 40.939293203120712],
            [-122.418821120421796, 40.938539869788542],
            [-122.418660520422065, 40.938354469788862],
            [-122.418298387089294, 40.938016403122731],
            [-122.418066120422964, 40.937978269789426],
            [-122.41737872042404, 40.938044603122648],
            [-122.416700920425114, 40.938238069789008],
            [-122.415984720426195, 40.938496869788651],
            [-122.414407920428687, 40.939124669787645],
            [-122.414023320429237, 40.939180069787596],
            [-122.413779920429647, 40.939178869787554],
            [-122.413499320430049, 40.939115869787656],
            [-122.413261987097087, 40.939045003121123],
            [-122.413018653764141, 40.938866869788058],
            [-122.412866987097743, 40.938755869788224],
            [-122.41271718709794, 40.938566469788498],
            [-122.412569587098176, 40.938126803122543],
            [-122.412136720432159, 40.937554469790086],
            [-122.411303387100133, 40.936680803124773],
            [-122.410970187100645, 40.93643706979185],
            [-122.410653587101137, 40.936148403125628],
            [-122.409856120435734, 40.935520869793265],
            [-122.409666320436031, 40.935363669793503],
            [-122.409646787102702, 40.935347469793498],
            [-122.409518920436255, 40.935129469793878],
            [-122.409407787103078, 40.934854069794312],
            [-122.409355387103176, 40.934657003127938],
            [-122.409421787103042, 40.93448920312818],
            [-122.409609320436118, 40.934395803128325],
            [-122.410043387102121, 40.934229803128574],
            [-122.410310187101686, 40.93402606979555],
            [-122.410773787100993, 40.933585469796242],
            [-122.411183187100335, 40.933165069796928],
            [-122.411293520433503, 40.932931869797244],
            [-122.411339520433444, 40.93230460313157],
            [-122.411320787100124, 40.931976469798769],
            [-122.411258187100202, 40.931725869799152],
            [-122.41113578710042, 40.931495603132817],
            [-122.410690987101077, 40.931337403133057],
            [-122.410436587101515, 40.931241003133209],
            [-122.410065920435386, 40.931100469800128],
            [-122.409351587103174, 40.930530803134332],
            [-122.409056187103658, 40.930307803134667],
            [-122.408976320437091, 40.930168003134895],
            [-122.408949787103779, 40.930090403135011],
            [-122.408913120437205, 40.929983069801835],
            [-122.408873920437259, 40.929818803135447],
            [-122.408579387104396, 40.92949740313594],
            [-122.408409387104655, 40.92914786980316],
            [-122.408325987104774, 40.928811069803658],
            [-122.408339387104775, 40.92851586980413],
            [-122.408317120438142, 40.927675003138745],
            [-122.408371720438026, 40.927014869806442],
            [-122.408277120438186, 40.926403269807395],
            [-122.408235053771591, 40.925976536474707],
            [-122.408187787104964, 40.92549640314212],
            [-122.40805972043853, 40.92440480314383],
            [-122.407932920438725, 40.924084203144332],
            [-122.407652320439126, 40.923697269811612],
            [-122.407039187106761, 40.923329003145511],
            [-122.406472587107658, 40.923199003145726],
            [-122.40591038710852, 40.923183669812374],
            [-122.405390120442632, 40.923308269812196],
            [-122.405363453776033, 40.923327336478849],
            [-122.404957520443304, 40.923617669811733],
            [-122.404887587110125, 40.924175203144216],
            [-122.404865587110123, 40.92481900314317],
            [-122.404368387110935, 40.926301203140895],
            [-122.403856520445061, 40.926987603139821],
            [-122.40354618711217, 40.927211603139483],
            [-122.403196587112745, 40.927218603139465],
            [-122.402326987114066, 40.926881203139999],
            [-122.402113320447768, 40.92674626980687],
            [-122.401305520449, 40.926236069807658],
            [-122.400545920450156, 40.925305203142443],
            [-122.399946587117768, 40.92461300314352],
            [-122.399198187118941, 40.923657603144989],
            [-122.397428320454992, 40.921458203148404],
            [-122.397380587121745, 40.921408869815139],
            [-122.396646187122883, 40.920650203149648],
            [-122.395907920457375, 40.919985203150702],
            [-122.39517132045853, 40.919321669818373],
            [-122.394428987126332, 40.918899469819053],
            [-122.393447320461178, 40.918648269819414],
            [-122.39249952046265, 40.918815603152495],
            [-122.391556587130822, 40.919032069818854],
            [-122.390219387132845, 40.919804269817632],
            [-122.389858920466793, 40.919932403150767],
            [-122.388559387135444, 40.920394269816711],
            [-122.387617187136925, 40.920537003149832],
            [-122.387181587137604, 40.920480136483263],
            [-122.386634320471785, 40.920408669816709],
            [-122.38583218713967, 40.920027069817309],
            [-122.385485120473561, 40.918967069818962],
            [-122.385169587140695, 40.917997403153777],
            [-122.384427720475173, 40.917542269821183],
            [-122.383335320476874, 40.916978669822015],
            [-122.382313920478452, 40.916349803156322],
            [-122.38112072048034, 40.915588669824217],
            [-122.379048320483548, 40.914609669825722],
            [-122.378450587151121, 40.913761469827023],
            [-122.378387320484592, 40.911722136496849],
            [-122.378371720484608, 40.91121820316431],
            [-122.378645920484189, 40.90965280316675],
            [-122.378649720484191, 40.909250869834011],
            [-122.378033387151788, 40.908673403168279],
            [-122.377399120486132, 40.908284403168864],
            [-122.376121720488072, 40.907991403169319],
            [-122.375646587155472, 40.907725269836419],
            [-122.375053253823069, 40.906964936504266],
            [-122.374203120491075, 40.905875403172615],
            [-122.374085787157924, 40.905725069839491],
            [-122.373077787159502, 40.904437603174813],
            [-122.372678920493456, 40.90392820317561],
            [-122.370679520496537, 40.901725603179045],
            [-122.370168920497349, 40.901163069846575],
            [-122.369768987164605, 40.899945603181777],
            [-122.369572787164941, 40.898688203183781],
            [-122.369307720498682, 40.896989203186365],
            [-122.369053520499051, 40.895637403188516],
            [-122.36959892049822, 40.893260269858843],
            [-122.370322187163765, 40.891700069861258],
            [-122.3703481871637, 40.891644003194699],
            [-122.371052520495937, 40.890094869863788],
            [-122.373030187159543, 40.886832669868852],
            [-122.37357178715871, 40.885939269870221],
            [-122.37489432049, 40.884849269871893],
            [-122.376119120488113, 40.884208469872874],
            [-122.379075520483525, 40.882883803208301],
            [-122.379540120482773, 40.882675603208611],
            [-122.381102387146996, 40.882093269876179],
            [-122.383553120476563, 40.881621069876928],
            [-122.385313387140513, 40.8806598698784],
            [-122.386074987139295, 40.879482403213558],
            [-122.386423120472102, 40.877901669882704],
            [-122.386328053805585, 40.876932869884172],
            [-122.38612592047258, 40.874872669887395],
            [-122.386139587139212, 40.874706936554333],
            [-122.386245387139013, 40.873423003222968],
            [-122.386501853805328, 40.872735336557355],
            [-122.387231120470858, 40.87077966989375],
            [-122.387537587137047, 40.868430003230742],
            [-122.388154720469402, 40.867136003232758],
            [-122.388908187134916, 40.866491403233738],
            [-122.392416387129458, 40.866320803233975],
            [-122.39255618712923, 40.866234803234136],
            [-122.393875387127196, 40.865423003235378],
            [-122.393924920460449, 40.865294136568934],
            [-122.394476987126268, 40.863858669904459],
            [-122.394469453792965, 40.863715136571386],
            [-122.394378387126437, 40.861979869907429],
            [-122.394297787126561, 40.861060469908807],
            [-122.393811320460657, 40.859760669910827],
            [-122.393760453794016, 40.859537669911219],
            [-122.393434787127887, 40.85811006991338],
            [-122.393325720461405, 40.856534203249169],
            [-122.393238320461535, 40.855271403251152],
            [-122.39339765379458, 40.854847403251824],
            [-122.393785587127354, 40.853814803253385],
            [-122.395537587124636, 40.852932203254795],
            [-122.396698520456141, 40.85184573658978],
            [-122.396973587122375, 40.851588269923525],
            [-122.397659387121337, 40.850933869924575],
            [-122.398804587119571, 40.849841203259587],
            [-122.399306320452126, 40.848926336594332],
            [-122.399853987117922, 40.84792766992922],
            [-122.400109587117527, 40.847659869929601],
            [-122.400541920450166, 40.847206869930346],
            [-122.401111520449319, 40.846610003264573],
            [-122.402578520447037, 40.845752669932608],
            [-122.406015987108333, 40.845392069933155],
            [-122.409043587103668, 40.845110403266915],
            [-122.409496253769589, 40.844701203267562],
            [-122.410084120435386, 40.844169869935058],
            [-122.409668587102658, 40.843370403269603],
            [-122.409606320436126, 40.842947469936917],
            [-122.409433587103024, 40.841774669938786],
            [-122.409716320435962, 40.840899003273478],
            [-122.409982520435506, 40.840074803274717],
            [-122.411340520433441, 40.839433203275746],
            [-122.412301720431913, 40.839384003275825],
            [-122.416669787091791, 40.840406069940911],
            [-122.419194987087906, 40.84058100327394],
            [-122.42001792041998, 40.840071669941381],
            [-122.420047587086572, 40.839746336608584],
            [-122.420135987086439, 40.838775003276737],
            [-122.419790253753661, 40.8381108032778],
            [-122.419190987087916, 40.836959403279593],
            [-122.418905320421686, 40.835039203282577],
            [-122.418892587088351, 40.83241746995327],
            [-122.418883720421718, 40.831417469954829],
            [-122.418332387089208, 40.830646669956025],
            [-122.418321120422604, 40.830630869956053],
            [-122.417683587090266, 40.830303269956573],
            [-122.416829920424902, 40.830272003289963],
            [-122.414371120428711, 40.8306920032893],
            [-122.414012720429298, 40.830901669955665],
            [-122.411760120432746, 40.832219203286911],
            [-122.409612587102743, 40.833640669951365],
            [-122.406442520441033, 40.834002669950848],
            [-122.40449565377736, 40.833745936617902],
            [-122.404310120444336, 40.833721469951286],
            [-122.403355120445838, 40.833068003285632],
            [-122.403001453779723, 40.831917536620722],
            [-122.40290572044654, 40.83160620328789],
            [-122.402957187113088, 40.829822669957309],
            [-122.402978920446401, 40.827417469961063],
            [-122.402715987113481, 40.826726669962113],
            [-122.402092520447752, 40.825088603298013],
            [-122.401763653781643, 40.824487403298917],
            [-122.400832387116395, 40.822784803301602],
            [-122.399044120452515, 40.820178469972291],
            [-122.397546987121473, 40.818254269975284],
            [-122.396629387122914, 40.817193803310261],
            [-122.394834920459061, 40.81624646997841],
            [-122.39297598712858, 40.815265069979887],
            [-122.389151587134506, 40.813245803316363],
            [-122.389093053801275, 40.813216269983116],
            [-122.384050520475796, 40.810674203320389],
            [-122.383273787143651, 40.8094928033222],
            [-122.383194920477081, 40.809372736655746],
            [-122.381823987145879, 40.807287269992287],
            [-122.381045520480427, 40.806103069994151],
            [-122.381175387146925, 40.803372403331707],
            [-122.38212152047879, 40.799830670003871],
            [-122.381123320480299, 40.796158270009585],
            [-122.380739853814248, 40.794747470011771],
            [-122.38034258714822, 40.793285803347374],
            [-122.379938787148831, 40.791800070016336],
            [-122.379981320482102, 40.79133253668374],
            [-122.380222320481721, 40.788684136687834],
            [-122.380444520481376, 40.786242403358301],
            [-122.382240987145281, 40.781320603365941],
            [-122.381735387146023, 40.779676736701845],
            [-122.38158298714626, 40.779181203369262],
            [-122.379763920482446, 40.776591470039932],
            [-122.379590453816036, 40.77644627004014],
            [-122.377383520486148, 40.774599270043041],
            [-122.376123320488091, 40.773996803377315],
            [-122.373079587159452, 40.772869070045715],
            [-122.372426987160509, 40.772607270046137],
            [-122.370075320497449, 40.771663870047576],
            [-122.368574587166449, 40.770891470048809],
            [-122.368475920499975, 40.769532270050888],
            [-122.368883187165977, 40.767793670053607],
            [-122.370119587164083, 40.765486603390514],
            [-122.37612058715473, 40.761718070063012],
            [-122.38010232048191, 40.756599470070967],
            [-122.382447320478263, 40.753965070075083],
            [-122.386173120472506, 40.747728270084735],
            [-122.38727278713742, 40.745266003421875],
            [-122.387334920470664, 40.745248403421897],
            [-122.392393120462827, 40.743817070090813],
            [-122.399572587118371, 40.742658736759267],
            [-122.406150387108141, 40.741597070094258],
            [-122.409781387102498, 40.740994203428556],
            [-122.413873587096134, 40.735791403436622],
            [-122.413763520429654, 40.734657536771692],
            [-122.413712853763059, 40.734134870105834],
            [-122.41322492043048, 40.72910687011364],
            [-122.414460653761921, 40.726963603450315],
            [-122.415187253760791, 40.725703403452258],
            [-122.416075387092746, 40.724162803454647],
            [-122.416309587092371, 40.723756603455286],
            [-122.419213587087881, 40.718718803463105],
            [-122.419853920420223, 40.717849070131138],
            [-122.420078920419883, 40.717636270131436],
            [-122.420776720418758, 40.716969803465815],
            [-122.422144720416668, 40.716563803466443],
            [-122.42500218707886, 40.716058870133907],
            [-122.426975520409144, 40.715585003467993],
            [-122.428625187073237, 40.71488527013571],
            [-122.429247987072301, 40.714569803469544],
            [-122.42925492040564, 40.714556603469589],
            [-122.429618520405029, 40.713863803470645],
            [-122.430555320403585, 40.713101470138497],
            [-122.43186332040159, 40.712459003472816],
            [-122.433081453732996, 40.711960403473597],
            [-122.433714787065355, 40.711701203473979],
            [-122.43534632039615, 40.711284470141322],
            [-122.436200520394834, 40.711123470141558],
            [-122.438476120391329, 40.710627203475667],
            [-122.439359987056605, 40.710607870142383],
            [-122.439588787056266, 40.710499470142508],
            [-122.439951587055702, 40.710327670142817],
            [-122.440733320387778, 40.70956447014396],
            [-122.44122298705372, 40.708481470145671],
            [-122.441042787053959, 40.707772670146767],
            [-122.441124187053845, 40.707313003480806],
            [-122.441628387053072, 40.706347870148988],
            [-122.442439787051796, 40.705714803483318],
            [-122.443484920383526, 40.704952870151146],
            [-122.445479187047113, 40.703770870152994],
            [-122.446633120378635, 40.702974070154198],
            [-122.447275320377628, 40.702186670155413],
            [-122.447962120376587, 40.701611870156341],
            [-122.448305187042706, 40.701365803490035],
            [-122.449317787041139, 40.700757070157636],
            [-122.450333720372896, 40.699759070159189],
            [-122.451152520371636, 40.698229203494918],
            [-122.451312787038034, 40.697581003495941],
            [-122.450827520372115, 40.69626907016459],
            [-122.449812987040389, 40.695226070166257],
            [-122.448366920375975, 40.693886003501632],
            [-122.448798320375261, 40.692330603504047],
            [-122.449504720374193, 40.691260270172393],
            [-122.450535120372592, 40.688469003510079],
            [-122.450617387039131, 40.686935670179082],
            [-122.450283987039654, 40.686013803513845],
            [-122.449754670373807, 40.684556801432791],
            [-122.449511120374154, 40.683886403517192],
            [-122.450208187039777, 40.682049203520023],
            [-122.451632120370903, 40.680392403522603],
            [-122.453785320367558, 40.678609203525355],
            [-122.456668720363041, 40.676605270195125],
            [-122.457981387027701, 40.675254670197262],
            [-122.45922288702576, 40.674288848323727],
            [-122.459338120358893, 40.674199203532226],
            [-122.460152320357679, 40.673164803533837],
            [-122.460415987023907, 40.671207403536869],
            [-122.460108920357698, 40.668940803540352],
            [-122.459807697441533, 40.668064386875074],
            [-122.459442787025409, 40.667002670210024],
            [-122.459510320358675, 40.665351203545924],
            [-122.459980320357943, 40.662793203549938],
            [-122.459757387024922, 40.660656603553207],
            [-122.458417320360354, 40.65969467022137],
            [-122.456722320362985, 40.658565870223129],
            [-122.455269387031876, 40.658134270223798],
            [-122.452378787036366, 40.657341870225025],
            [-122.450302120372953, 40.657438203558229],
            [-122.44309192038412, 40.658182403557078],
            [-122.441527787053246, 40.658092203557203],
            [-122.440962720387461, 40.658054070223955],
            [-122.439716120389392, 40.657057003558805],
            [-122.439115387056972, 40.654788670228982],
            [-122.439009720390459, 40.654457870229521],
            [-122.438403520391432, 40.652862070232004],
            [-122.438364720391462, 40.651953470233423],
            [-122.439183387056858, 40.650376403569169],
            [-122.44088012038759, 40.647541270240254],
            [-122.442196520385551, 40.645707070243077],
            [-122.44303532038424, 40.644495870244953],
            [-122.443705320383174, 40.642163070248614],
            [-122.443849587049613, 40.641573870249488],
            [-122.44509912038103, 40.639385270252887],
            [-122.44611218704614, 40.638623270254072],
            [-122.44723372037771, 40.637838070255327],
            [-122.44977212037378, 40.636163070257908],
            [-122.450449987039406, 40.634703270260161],
            [-122.450508787039269, 40.632858003596368],
            [-122.450458187039374, 40.631812670264651],
            [-122.450483520372643, 40.630621270266488],
            [-122.4511445870383, 40.629326470268552],
            [-122.452486920369552, 40.628998270269051],
            [-122.453407720368148, 40.62715460360522],
            [-122.453049987035342, 40.625453870274555],
            [-122.45246735786958, 40.624874094233746],
            [-122.450942987038616, 40.62380840361044],
            [-122.450853320372062, 40.623745803610518],
            [-122.449762187040449, 40.622983603611715],
            [-122.448214787042843, 40.621940003613304],
            [-122.446607787045366, 40.620452203615628],
            [-122.445560187046965, 40.617523203620181],
            [-122.445557520380305, 40.613677203626139],
            [-122.446089520379473, 40.612134870295222],
            [-122.446082609962843, 40.611591643212705],
            [-122.446082520379491, 40.61158460362941],
            [-122.445614387046874, 40.610196803631538],
            [-122.445954520379701, 40.609080270299955],
            [-122.445938987046361, 40.608298270301191],
            [-122.4460079203796, 40.607970670301654],
            [-122.445895920379769, 40.606835203636763],
            [-122.445437320380506, 40.605508870305471],
            [-122.445172120380903, 40.604859470306508],
            [-122.444617320381781, 40.604194070307528],
            [-122.444316587048888, 40.603161603642491],
            [-122.444168587049148, 40.602365403643716],
            [-122.443773787049736, 40.601023070312465],
            [-122.442703187051393, 40.599633403647942],
            [-122.441666587053021, 40.59880360364923],
            [-122.440919120387491, 40.598078203650346],
            [-122.439976787055627, 40.597513870317925],
            [-122.4389403203906, 40.596684003652513],
            [-122.437933120392131, 40.595810003653867],
            [-122.436335320394619, 40.595110003654952],
            [-122.435082187063244, 40.594750403655553],
            [-122.434783015188714, 40.594650374488992],
            [-122.434124720398074, 40.594430270322675],
            [-122.43270452040025, 40.594171603656434],
            [-122.431433987068885, 40.594223403656372],
            [-122.430340187070613, 40.5944116703227],
            [-122.429195387072355, 40.594638403655722],
            [-122.425669587077834, 40.594059403656615],
            [-122.422381438124603, 40.593864815115239],
            [-122.421023787085062, 40.593784470323669],
            [-122.416889987091452, 40.593047203658159],
            [-122.411482720433185, 40.592729403658666],
            [-122.410685147517768, 40.592764108866959],
            [-122.406705720440641, 40.592937270325024],
            [-122.40055618711682, 40.593254070324519],
            [-122.395429120458118, 40.592840003658466],
            [-122.395366520458197, 40.592826403658535],
            [-122.391778787130477, 40.592046403659708],
            [-122.388686387135238, 40.591371803660763],
            [-122.386399787138828, 40.591437070327345],
            [-122.38294212047748, 40.591805870326766],
            [-122.378415987151186, 40.592362470325895],
            [-122.376438187154235, 40.592671203658767],
            [-122.37611872048808, 40.592478003659039],
            [-122.369519320498341, 40.591861203660017],
            [-122.366982787168922, 40.591382403660759],
            [-122.365485120504616, 40.591238603660997],
            [-122.364627187172573, 40.590594670328642],
            [-122.364040249673508, 40.590347144287364],
            [-122.363659536132445, 40.589871252621435],
            [-122.363659536132445, 40.589371565122235],
            [-122.364040249673508, 40.588800495331441],
            [-122.365158596546792, 40.588229424498991],
            [-122.367909320500814, 40.58743600366688],
            [-122.368078987167223, 40.586279603668686],
            [-122.368738320499574, 40.585527670336489],
            [-122.368054720500595, 40.58437467033832],
            [-122.368078320500558, 40.582315203674852],
            [-122.36702792050221, 40.581444203676199],
            [-122.365834787170741, 40.580901670343678],
            [-122.364402987172923, 40.580061003678338],
            [-122.363929520506986, 40.579096270346497],
            [-122.363866187173755, 40.578624603680566],
            [-122.363706120507345, 40.577209670349419],
            [-122.363817520507212, 40.576177203684381],
            [-122.364126320506728, 40.57575280368502],
            [-122.365297987171573, 40.575423470352177],
            [-122.367094987168741, 40.575226803685837],
            [-122.368860787166, 40.574758603686575],
            [-122.369900720497753, 40.574028270354347],
            [-122.370871920496256, 40.573387870355361],
            [-122.372304387160682, 40.572323803690324],
            [-122.372875670493102, 40.57204365160743],
            [-122.373997320491412, 40.571493603691636],
            [-122.375344587155951, 40.570467870359892],
            [-122.376118920488068, 40.569333070361665],
            [-122.376785787153722, 40.567981870363724],
            [-122.376683720487222, 40.566060603700066],
            [-122.376117720488082, 40.564258870369542],
            [-122.374695587156964, 40.559242470377285],
            [-122.374484387157281, 40.556477870381627],
            [-122.375086520489674, 40.554996203717224],
            [-122.376120187154754, 40.553587403719405],
            [-122.375963920488346, 40.553038070386947],
            [-122.375869387155149, 40.551365203722867],
            [-122.375637120488818, 40.549491470392468],
            [-122.374827987156777, 40.547291803729195],
            [-122.373785920491741, 40.545581603731875],
            [-122.370621920496603, 40.543614470401565],
            [-122.369542720498316, 40.543169603735578],
            [-122.368459320499994, 40.543176470402273],
            [-122.365389387171433, 40.543805403734609],
            [-122.364566787172691, 40.543981670401024],
            [-122.363838787173847, 40.543990470400956],
            [-122.363164520508178, 40.543702803734789],
            [-122.359860120513304, 40.540959670405698],
            [-122.357644920516748, 40.538952270408799],
            [-122.356313587185525, 40.53745340374445],
            [-122.354491787188351, 40.535486803747517],
            [-122.353868920522643, 40.534263003749402],
            [-122.35388192052261, 40.532907203751506],
            [-122.354296787188616, 40.531999070419602],
            [-122.355470320520169, 40.531405203753877],
            [-122.357274920517341, 40.531182803754177],
            [-122.358726920515096, 40.530667803755023],
            [-122.359644920513688, 40.530227403755703],
            [-122.360253520512742, 40.528971670424312],
            [-122.361042920511466, 40.526051070428821],
            [-122.360879387178386, 40.524558670431134],
            [-122.359759587180179, 40.522189403768152],
            [-122.358914387181471, 40.520325070437707],
            [-122.35831118718238, 40.518365403774112],
            [-122.358433987182195, 40.516138403777575],
            [-122.359032787181263, 40.514553403779985],
            [-122.359435587180656, 40.513338603781904],
            [-122.360056120513036, 40.512683470449588],
            [-122.365206309046698, 40.50733547462454],
            [-122.365353536129817, 40.50680319337539],
            [-122.365515639254568, 40.506217127751256],
            [-122.365518092379546, 40.50569376941877],
            [-122.365521851754522, 40.504891461086686],
            [-122.364798495505681, 40.504082444421272],
            [-122.364341639256395, 40.50349233817218],
            [-122.36422365592324, 40.502801107964899],
            [-122.363861387173813, 40.502418870465533],
            [-122.361829120510265, 40.500476670468515],
            [-122.361336120511055, 40.499874470469479],
            [-122.360221720512754, 40.499279870470389],
            [-122.358647787181894, 40.498680003804623],
            [-122.356943987184536, 40.497807003806031],
            [-122.354297987188602, 40.496376270474912],
            [-122.352337120525021, 40.495758603809179],
            [-122.349791120528948, 40.495588603809438],
            [-122.348629587197422, 40.495566603809493],
            [-122.347600787199042, 40.496572070474599],
            [-122.346437987200829, 40.497107162140423],
            [-122.345057900744621, 40.497440287139909],
            [-122.343772991371623, 40.498011356930704],
            [-122.34289259033136, 40.498511044429904],
            [-122.341869422624598, 40.498725195471252],
            [-122.340536924709966, 40.498844168387734],
            [-122.338609561171324, 40.497939973597454],
            [-122.337240050756748, 40.497132314223734],
            [-122.334961387218641, 40.496873403807456],
            [-122.332775787222033, 40.495304870476559],
            [-122.331690387223716, 40.493773803812246],
            [-122.331178187224509, 40.491997070481716],
            [-122.330912720558274, 40.490004003818115],
            [-122.330367720559082, 40.487418003822143],
            [-122.32937312056066, 40.484985070492598],
            [-122.32823152056244, 40.482986803829021],
            [-122.327147320564109, 40.481362270498209],
            [-122.325813787232846, 40.480234270499921],
            [-122.324075920568873, 40.478792670502173],
            [-122.32216678723853, 40.477287603837851],
            [-122.32001478724186, 40.475501203840622],
            [-122.318226920577956, 40.473996870509609],
            [-122.317315520579371, 40.473454803843822],
            [-122.315736387248478, 40.472465203845331],
            [-122.313969387251234, 40.471918003846213],
            [-122.311831920587906, 40.471741870513142],
            [-122.3108215872561, 40.471922603846167],
            [-122.306340520596393, 40.473051003844432],
            [-122.304534320599203, 40.473343603844],
            [-122.302883187268435, 40.473427003843824],
            [-122.302088787269668, 40.473398803843907],
            [-122.298825387274746, 40.472772203844841],
            [-122.29501212061399, 40.472118870512531],
            [-122.293275320616658, 40.471618203846674],
            [-122.290347787287885, 40.471016670514246],
            [-122.286963787293132, 40.470249070515422],
            [-122.283917187297902, 40.46936667051682],
            [-122.281234787302026, 40.468719870517816],
            [-122.278455320639694, 40.468585870518041],
            [-122.276682387309108, 40.468644803851248],
            [-122.275301987311252, 40.469126270517165],
            [-122.273982520646655, 40.469631403849746],
            [-122.271347320650705, 40.471692003846556],
            [-122.269558720653492, 40.473174403844212],
            [-122.268728787321436, 40.473612603843549],
            [-122.266980187324179, 40.473524070510337],
            [-122.264595720661191, 40.472767203844853],
            [-122.262002187331916, 40.471628870513314],
            [-122.259949987335062, 40.470819803847917],
            [-122.258440520670774, 40.470213070515513],
            [-122.25789487171329, 40.469765078849548],
            [-122.257700131088541, 40.46970779030795],
            [-122.256775808173359, 40.469320576766904],
            [-122.254979542551098, 40.468196936143613],
            [-122.25435767276042, 40.467038517395451],
            [-122.253816210261277, 40.465171523648337],
            [-122.254080446719172, 40.464083784066702],
            [-122.252995827970892, 40.463172410109792],
            [-122.252085496722259, 40.461773054903574],
            [-122.25153321130648, 40.461869526778457],
            [-122.25114438214041, 40.46180496636191],
            [-122.249798187350848, 40.461915470528368],
            [-122.247293470688078, 40.462371768444314],
            [-122.246170282148114, 40.462589666360657],
            [-122.245143950899717, 40.462618617402313],
            [-122.244299787359353, 40.46263120386061],
            [-122.243575872777171, 40.462583727819037],
            [-122.242112520696082, 40.462549870527369],
            [-122.238865720701142, 40.46232547052773],
            [-122.236532920704747, 40.462265003861148],
            [-122.235909009247393, 40.462247409069505],
            [-122.234600462374431, 40.462110973653068],
            [-122.233505910292763, 40.46205743511149],
            [-122.232762329043965, 40.462212100736281],
            [-122.232167463419842, 40.462408405944302],
            [-122.231661828004007, 40.462664197610536],
            [-122.231156192588116, 40.463187679901409],
            [-122.231071990504915, 40.464163690316582],
            [-122.229057320716379, 40.462605403860664],
            [-122.228213320717657, 40.461855270528474],
            [-122.227804187384947, 40.460340603864154],
            [-122.22742512071892, 40.458872670533083],
            [-122.226774987386591, 40.457147003869125],
            [-122.224527587390071, 40.453968470540701],
            [-122.222818587392737, 40.451654070544294],
            [-122.221739520727738, 40.450181403879924],
            [-122.220473520729684, 40.449056403881684],
            [-122.21963192073099, 40.44812020388315],
            [-122.218171720733267, 40.446812403885133],
            [-122.216914387401857, 40.445528270553837],
            [-122.215688187403771, 40.444993470554664],
            [-122.213061950949509, 40.44401097888948],
            [-122.212286320742407, 40.44397523513959],
            [-122.211015720744342, 40.443402470557089],
            [-122.210160520745717, 40.442880270557907],
            [-122.209504187413359, 40.442339270558762],
            [-122.209007120747458, 40.441789070559594],
            [-122.207704187416198, 40.44017547056211],
            [-122.206394187418198, 40.438334003898319],
            [-122.205487187419635, 40.436596403901035],
            [-122.204907387420519, 40.436319070568118],
            [-122.203712387422343, 40.435131403903313],
            [-122.201718387425444, 40.432957003906665],
            [-122.200002987428149, 40.431830870575084],
            [-122.198557187430367, 40.430796403909994],
            [-122.197822587431517, 40.430261070577501],
            [-122.195236320768856, 40.428457670580315],
            [-122.194726920769654, 40.427337670582062],
            [-122.194504720769999, 40.424621670586248],
            [-122.194495387436689, 40.424273403920154],
            [-122.194325120770259, 40.420303070592979],
            [-122.193987987437481, 40.418221403929522],
            [-122.19313252077211, 40.414671403935074],
            [-122.192884320772521, 40.413020470604295],
            [-122.191849787440788, 40.410577003941398],
            [-122.191477387441353, 40.408425670611393],
            [-122.190983587442133, 40.404680003950546],
            [-122.19088732077563, 40.40294260395325],
            [-122.190916120775569, 40.402495070620603],
            [-122.190980387442153, 40.401027270622876],
            [-122.191284365566673, 40.399843257083091],
            [-122.192196387440219, 40.396290870630253],
            [-122.193062920772206, 40.394327270633312],
            [-122.195287587435473, 40.389418803974252],
            [-122.195679720768169, 40.387953270643209],
            [-122.197943587431325, 40.383653803983179],
            [-122.199041920762966, 40.381109803987158],
            [-122.199079953054536, 40.380849135237554],
            [-122.199154850971127, 40.380335801905005],
            [-122.199213043679379, 40.377069403993403],
            [-122.198753005138371, 40.376013063370067],
            [-122.197202387432469, 40.374875603996827],
            [-122.196985320766146, 40.37466967066382],
            [-122.194353920770254, 40.372762470666771],
            [-122.191631520774479, 40.3706420040034],
            [-122.189078787445055, 40.368609470673221],
            [-122.186340720782653, 40.366242270676878],
            [-122.185384920784145, 40.365365870678261],
            [-122.181721320789848, 40.360825270685268],
            [-122.180467720791796, 40.359526470687285],
            [-122.178412787461639, 40.35867127068866],
            [-122.177799320795941, 40.357710404023464],
            [-122.176389120798092, 40.356048204026024],
            [-122.176189320798414, 40.355336604027173],
            [-122.176010187465351, 40.354494604028446],
            [-122.176564635381169, 40.353843472779488],
            [-122.176855787464035, 40.353500604029989],
            [-122.180791331207956, 40.352512382156533],
            [-122.182189263497435, 40.351173935283612],
            [-122.182575927038499, 40.349865231118997],
            [-122.182932845787946, 40.34870524362077],
            [-122.183289764537392, 40.347664230080738],
            [-122.185431280159094, 40.344838619668451],
            [-122.18835292077955, 40.342639204046861],
            [-122.192214587440219, 40.342043004047753],
            [-122.195353720768651, 40.34248520404708],
            [-122.19707418743269, 40.342743604046689],
            [-122.199358787429105, 40.342836670713211],
            [-122.200893720760064, 40.342789270713297],
            [-122.202314920757885, 40.342378204047236],
            [-122.20375752075563, 40.341852004048064],
            [-122.206602429084569, 40.338650222803039],
            [-122.209096720747368, 40.336165070723553],
            [-122.210268920745534, 40.334779070725745],
            [-122.21073458741148, 40.332396404062763],
            [-122.211304293660589, 40.330518141565676],
            [-122.211554187410172, 40.329694270733626],
            [-122.211640320743413, 40.328314270735746],
            [-122.211137787410848, 40.326353870738785],
            [-122.210804720744704, 40.325627804073235],
            [-122.207850920749252, 40.322122470745342],
            [-122.206822920750881, 40.320922604080579],
            [-122.205559206169482, 40.319780614498995],
            [-122.204864920753892, 40.319153204083307],
            [-122.201846520758579, 40.318207470751418],
            [-122.200502787427354, 40.317809470752081],
            [-122.197311320765664, 40.317452270752597],
            [-122.193689787437904, 40.317172404086364],
            [-122.191464920774706, 40.317250670752912],
            [-122.190003120776964, 40.317227070752949],
            [-122.186155787449593, 40.316798004086991],
            [-122.183618987453542, 40.31660580408726],
            [-122.18016158745894, 40.3165144040874],
            [-122.177551120796295, 40.3166298707539],
            [-122.176023120798675, 40.317007804086643],
            [-122.173411320802757, 40.317940804085197],
            [-122.171432987472485, 40.319334070749676],
            [-122.170522520807197, 40.320761804080803],
            [-122.169430987475607, 40.322657404077859],
            [-122.168299387477362, 40.324244270742099],
            [-122.166916587479477, 40.325614870739969],
            [-122.165325387481971, 40.326522404071852],
            [-122.163392920818296, 40.32708380407098],
            [-122.16171612082087, 40.327731404069993],
            [-122.15775532082705, 40.329162404067802],
            [-122.153987520832857, 40.329822604066749],
            [-122.15294358750117, 40.329702670733582],
            [-122.152082920835824, 40.328138404069364],
            [-122.151021387504159, 40.326502470738546],
            [-122.150705987504637, 40.325321204073759],
            [-122.150781587504525, 40.323460204076639],
            [-122.15113258750398, 40.321863804079101],
            [-122.152177120835688, 40.32103240408037],
            [-122.153676587500058, 40.320204404081665],
            [-122.154725120831756, 40.319056404083483],
            [-122.154791587498323, 40.318692804084037],
            [-122.154804720831635, 40.31764800408564],
            [-122.154129720832657, 40.317041470753281],
            [-122.152856587501333, 40.316319804087698],
            [-122.151828520836261, 40.315837270755139],
            [-122.149923587505839, 40.314366870757397],
            [-122.149269987506898, 40.313713070758411],
            [-122.14921632084031, 40.313047670759431],
            [-122.149375320840022, 40.311909004094559],
            [-122.150438520838406, 40.309589670764808],
            [-122.151614187503242, 40.308173470767031],
            [-122.152515587501853, 40.30719860410187],
            [-122.152951455209518, 40.306445759311373],
            [-122.153318720833909, 40.30581140410402],
            [-122.153642320833399, 40.304737204105663],
            [-122.154623387498589, 40.303161270774808],
            [-122.155148787497751, 40.30248440410918],
            [-122.15623398749608, 40.301684870777081],
            [-122.157501120827419, 40.301219204111135],
            [-122.158721520825509, 40.30118060411121],
            [-122.16088878748883, 40.301481270777401],
            [-122.161999787487105, 40.30193260411005],
            [-122.163050520818842, 40.30224100410959],
            [-122.164186720817042, 40.302328404109403],
            [-122.164889187482629, 40.302365070776034],
            [-122.165736920814652, 40.302371270776007],
            [-122.166830520812937, 40.302162604109697],
            [-122.167985387477813, 40.301787004110281],
            [-122.168550187476967, 40.301429670777509],
            [-122.170418787474034, 40.300562470778857],
            [-122.173471120802617, 40.299365004114009],
            [-122.177887187462431, 40.297567404116819],
            [-122.178541387461451, 40.297120404117493],
            [-122.179491987459983, 40.296540070785056],
            [-122.180739320791361, 40.295826404119509],
            [-122.182319320788906, 40.294414870788387],
            [-122.183933587453055, 40.292597270791191],
            [-122.185374987450814, 40.290439604127869],
            [-122.185497720783985, 40.290312470794731],
            [-122.186085520783081, 40.2897034707957],
            [-122.187319787447791, 40.288424604131023],
            [-122.189793920777333, 40.285979270801477],
            [-122.189970187443691, 40.285823204135056],
            [-122.190168587443395, 40.285669604135308],
            [-122.190237187443302, 40.285620270802042],
            [-122.190264520776566, 40.28559107080207],
            [-122.190394920776384, 40.285442004135632],
            [-122.190481387442901, 40.285356870802445],
            [-122.190505587442885, 40.285326070802455],
            [-122.190518320776164, 40.285292204135885],
            [-122.190530587442822, 40.285220470802642],
            [-122.190587187442759, 40.285122204136144],
            [-122.190628787442677, 40.285058070802904],
            [-122.190652587442628, 40.284989004136321],
            [-122.190685720775946, 40.284842470803255],
            [-122.190797187442399, 40.284727004136755],
            [-122.190818587442379, 40.284695204136824],
            [-122.190906187442238, 40.284529270803716],
            [-122.190926120775543, 40.284496870803764],
            [-122.190950987442193, 40.284466470803807],
            [-122.191202987441784, 40.2842070708042],
            [-122.191255187441698, 40.284147604137672],
            [-122.191343587441565, 40.284021270804487],
            [-122.191376120774862, 40.283954204137956],
            [-122.191418187441457, 40.283883204138078],
            [-122.191620387441162, 40.283789870804867],
            [-122.191731320774295, 40.283722804138279],
            [-122.191797320774185, 40.283671470805075],
            [-122.19182738744081, 40.283643870805122],
            [-122.191967520773915, 40.283499870805315],
            [-122.192020520773838, 40.283440670805419],
            [-122.192114520773714, 40.283316670805618],
            [-122.192157120773629, 40.283252870805711],
            [-122.192205120773565, 40.283152204139185],
            [-122.192226720773533, 40.283082604139281],
            [-122.192238787440203, 40.283025204139392],
            [-122.192371120773316, 40.282877070806308],
            [-122.192621120772912, 40.282616670806703],
            [-122.192885920772483, 40.2823648041404],
            [-122.193106920772152, 40.282132804140758],
            [-122.193179587438692, 40.282040670807589],
            [-122.193264987438567, 40.281921604141075],
            [-122.193308787438525, 40.28181967080792],
            [-122.193342587438451, 40.28171040414145],
            [-122.193399987438397, 40.281653604141525],
            [-122.193433587438335, 40.281628470808243],
            [-122.193586520771419, 40.281533070808393],
            [-122.193637920771323, 40.281473070808488],
            [-122.193776987437786, 40.281328670808705],
            [-122.193839120771031, 40.281274804142129],
            [-122.193912720770925, 40.281218470808881],
            [-122.193915920770905, 40.281071670809069],
            [-122.194000120770795, 40.280943670809279],
            [-122.194050320770714, 40.280883204142697],
            [-122.194079187437296, 40.280854870809435],
            [-122.194271987437048, 40.280697270809696],
            [-122.19434312077027, 40.280650070809713],
            [-122.194432920770112, 40.280604804143138],
            [-122.194535587436633, 40.280484670809983],
            [-122.19459318743651, 40.280428004143403],
            [-122.194804120769504, 40.280244604143718],
            [-122.19485352076947, 40.280183670810459],
            [-122.194908520769388, 40.280125404143917],
            [-122.19497158743593, 40.280072204143949],
            [-122.195076787435767, 40.279993204144091],
            [-122.195127187435673, 40.279932670810865],
            [-122.195186320768926, 40.279876870810938],
            [-122.195374720768655, 40.279716404144551],
            [-122.195445120768511, 40.279667070811286],
            [-122.195464987435173, 40.279643404144622],
            [-122.195519587435058, 40.279544604144803],
            [-122.195562120768329, 40.279480804144896],
            [-122.195614187434956, 40.279421204144967],
            [-122.195728120768081, 40.279307070811853],
            [-122.195804120768003, 40.27921660414529],
            [-122.195859320767909, 40.279158470812035],
            [-122.195884920767867, 40.279128404145411],
            [-122.195950120767748, 40.27903300414556],
            [-122.195968587434379, 40.27900040414562],
            [-122.195983187434365, 40.278929670812431],
            [-122.196016187434338, 40.278825604145879],
            [-122.196023320767665, 40.278790004145947],
            [-122.196047120767616, 40.278763404145991],
            [-122.196128320767457, 40.278726470812728],
            [-122.196190320767357, 40.278693070812778],
            [-122.196411587433715, 40.278461070813137],
            [-122.196487187433604, 40.278397604146562],
            [-122.196638187433336, 40.278216070813528],
            [-122.196701787433256, 40.278163070813605],
            [-122.196805120766442, 40.278089470813711],
            [-122.196878987432967, 40.278044670813813],
            [-122.196962387432848, 40.278010670813842],
            [-122.197022787432729, 40.27799080414718],
            [-122.197055787432703, 40.277965204147222],
            [-122.197115320765931, 40.277909604147339],
            [-122.197231187432408, 40.277796670814155],
            [-122.19725638743239, 40.277766470814242],
            [-122.197365920765549, 40.277608270814483],
            [-122.197415920765479, 40.277508004147933],
            [-122.197436720765438, 40.277475870814669],
            [-122.197486387432036, 40.277415204148099],
            [-122.197572387431876, 40.277329870814867],
            [-122.197644987431772, 40.277237804148399],
            [-122.197683987431731, 40.277172804148449],
            [-122.197805120764883, 40.276940204148843],
            [-122.197845120764782, 40.276875604148927],
            [-122.197909787431399, 40.276823270815669],
            [-122.198013987431239, 40.276750270815796],
            [-122.198135720764355, 40.27669500414919],
            [-122.198213987430904, 40.276654604149257],
            [-122.198394987430618, 40.276539270816102],
            [-122.198463187430491, 40.276489670816204],
            [-122.198554187430375, 40.276407270816321],
            [-122.198664387430199, 40.27617180415001],
            [-122.198674520763518, 40.276065270816844],
            [-122.198768520763394, 40.27594227081704],
            [-122.198944187429788, 40.27588827081712],
            [-122.199028720762954, 40.275855804150524],
            [-122.199064320762943, 40.275832804150525],
            [-122.199156520762756, 40.275751204150652],
            [-122.199256320762629, 40.275674870817454],
            [-122.199287120762563, 40.275647670817534],
            [-122.19945752076228, 40.275476070817774],
            [-122.19948372076226, 40.275446404151126],
            [-122.199529920762188, 40.275384004151249],
            [-122.199588920762096, 40.275286604151404],
            [-122.199623387428687, 40.275220070818193],
            [-122.199649920761999, 40.275151470818287],
            [-122.199666987428657, 40.275093470818376],
            [-122.199886920761628, 40.274957604151894],
            [-122.199957520761529, 40.274909870818647],
            [-122.200115387427957, 40.274776670818881],
            [-122.200282120761017, 40.274649804152375],
            [-122.200404920760832, 40.274540870819237],
            [-122.200577787427221, 40.274418870819432],
            [-122.201098387426441, 40.274130404153198],
            [-122.201235520759553, 40.274101604153259],
            [-122.201324120759409, 40.274076204153289],
            [-122.201385787425977, 40.274054604153321],
            [-122.201563520759009, 40.273887204153596],
            [-122.201630720758942, 40.273836804153632],
            [-122.201739787425424, 40.273768204153782],
            [-122.201816720758643, 40.27372640415382],
            [-122.201857587425252, 40.273708270820521],
            [-122.202075587424929, 40.273635270820648],
            [-122.20218812075808, 40.273520270820825],
            [-122.202267920757947, 40.273431604154268],
            [-122.202315987424527, 40.273370070821045],
            [-122.202349520757821, 40.273316070821124],
            [-122.202423587424391, 40.273271470821214],
            [-122.202603120757431, 40.273155004154717],
            [-122.202736560340554, 40.273092684363121],
            [-122.202885187423647, 40.273023270821568],
            [-122.203121120756634, 40.272903470821745],
            [-122.203718187422339, 40.272551604155638],
            [-122.203796720755577, 40.272511470822394],
            [-122.203817387422191, 40.272503004155737],
            [-122.203953987421983, 40.272447070822466],
            [-122.204021520755248, 40.272397004155891],
            [-122.204129187421699, 40.272326870822667],
            [-122.204391320754667, 40.272173604156251],
            [-122.204430720754601, 40.272153604156244],
            [-122.20499798742037, 40.271894204156638],
            [-122.205376587419778, 40.271745604156877],
            [-122.205458787419673, 40.271710070823644],
            [-122.206181587418541, 40.271367804157478],
            [-122.206565120751293, 40.271157670824493],
            [-122.206765387417647, 40.271062070824598],
            [-122.20700112075059, 40.270963070824791],
            [-122.207127187417086, 40.270913470824837],
            [-122.207939187415832, 40.270619670825283],
            [-122.208060787415604, 40.270564004158757],
            [-122.208493587414921, 40.270344470825762],
            [-122.20869272074799, 40.270247604159238],
            [-122.2091771874139, 40.27002287082621],
            [-122.209586720746586, 40.26984280415985],
            [-122.210326387412124, 40.269521670827032],
            [-122.211629720743417, 40.269009404161125],
            [-122.211715520743269, 40.268979004161167],
            [-122.21237138740895, 40.268771404161498],
            [-122.212819120741585, 40.268653604161671],
            [-122.21308138740784, 40.268570270828491],
            [-122.213339587407404, 40.268480204161961],
            [-122.213689387406873, 40.268369404162115],
            [-122.214334187405882, 40.268143070829183],
            [-122.214727320738632, 40.268017670829352],
            [-122.214900587404998, 40.267959604162797],
            [-122.215410120737545, 40.267768670829753],
            [-122.215800120736958, 40.267638004163246],
            [-122.215888187403493, 40.26761140416329],
            [-122.216200320736334, 40.26752620416346],
            [-122.21663792073565, 40.267382204163653],
            [-122.216811587402049, 40.267324670830419],
            [-122.217174520734829, 40.267241404163883],
            [-122.217625187400756, 40.267129870830729],
            [-122.218068987400102, 40.267003804164233],
            [-122.218289320733049, 40.266937670830998],
            [-122.218637453024201, 40.266846352081188],
            [-122.219364387398059, 40.266655670831483],
            [-122.21968192073092, 40.266582470831565],
            [-122.219979387397132, 40.266471604165076],
            [-122.220066320730325, 40.266443004165126],
            [-122.220165187396844, 40.266415270831828],
            [-122.220413987396455, 40.26631160416531],
            [-122.2208577207291, 40.266185070832194],
            [-122.220944720728937, 40.266156670832231],
            [-122.221126587395361, 40.266117270832297],
            [-122.221255987395125, 40.266072804165674],
            [-122.221423187394862, 40.266005270832466],
            [-122.221502387394764, 40.265966004165875],
            [-122.221539520728015, 40.265943804165886],
            [-122.222072720727226, 40.265589270833118],
            [-122.222345320726788, 40.265390604166782],
            [-122.22240838739333, 40.265337270833527],
            [-122.222489320726538, 40.265249070833647],
            [-122.222536787393153, 40.265187404167079],
            [-122.222617520726374, 40.265058204167303],
            [-122.222686920726233, 40.265009604167346],
            [-122.222750387392807, 40.264956604167423],
            [-122.22280418739274, 40.264905670834196],
            [-122.223104720725587, 40.26462140416794],
            [-122.223196720725468, 40.264539670834722],
            [-122.223252987392016, 40.264482204168189],
            [-122.22329938739199, 40.264420070834944],
            [-122.223337920725214, 40.264354804168363],
            [-122.223369720725202, 40.264287604168487],
            [-122.223395720725136, 40.264219004168581],
            [-122.22351958739165, 40.264066804168806],
            [-122.223631387391436, 40.263951404169006],
            [-122.22368098739139, 40.263851070835813],
            [-122.223758120724597, 40.263720670835994],
            [-122.223830987391125, 40.263628804169514],
            [-122.224045987390809, 40.263393470836547],
            [-122.22409598739074, 40.263332804169977],
            [-122.224159787390647, 40.263237070836794],
            [-122.224208920723868, 40.263141270836911],
            [-122.224286187390419, 40.263100004170326],
            [-122.224359187390348, 40.263054404170362],
            [-122.224429787390193, 40.263006670837115],
            [-122.224542720723377, 40.262921670837272],
            [-122.224656787389847, 40.262857804170665],
            [-122.224725720723086, 40.262808670837444],
            [-122.224803720722946, 40.262746404170855],
            [-122.224890520722852, 40.262619404171062],
            [-122.224977120722713, 40.262456204171315],
            [-122.225272520722228, 40.262177070838391],
            [-122.225299320722172, 40.262147604171787],
            [-122.22534632072211, 40.262085604171887],
            [-122.225370920722071, 40.262016804171992],
            [-122.225393987388713, 40.261911070838835],
            [-122.225400120722043, 40.261839870838912],
            [-122.225396387388685, 40.26176827083907],
            [-122.225582920721763, 40.261363804173016],
            [-122.225698187388218, 40.261091804173418],
            [-122.225835120721342, 40.260825604173874],
            [-122.225858120721341, 40.260756270840602],
            [-122.22586338738796, 40.260720870840657],
            [-122.225861320721322, 40.26036420417455],
            [-122.225871387387997, 40.260078670841665],
            [-122.225863920721338, 40.259686404175625],
            [-122.225873787387968, 40.259543804175848],
            [-122.225897920721252, 40.259402270842713],
            [-122.225934720721227, 40.259046670843247],
            [-122.225980587387824, 40.258835470843621],
            [-122.225971387387801, 40.258585804177301],
            [-122.225977587387831, 40.258391404177644],
            [-122.225942587387863, 40.258325070844421],
            [-122.225919987387897, 40.25825580417785],
            [-122.225887987387921, 40.258115070844724],
            [-122.225883120721278, 40.258079604178135],
            [-122.225884320721264, 40.258008270844869],
            [-122.225903920721237, 40.25783060417848],
            [-122.225933387387897, 40.257689604178722],
            [-122.225946520721209, 40.257655270845419],
            [-122.22598152072112, 40.257588870845552],
            [-122.226042587387724, 40.257503404178976],
            [-122.226046720721058, 40.257432070845766],
            [-122.226035987387718, 40.25728947084599],
            [-122.226022520721074, 40.257218870846089],
            [-122.225987120721129, 40.257082404179641],
            [-122.225881320721271, 40.256976804179828],
            [-122.225905720721244, 40.256799204180084],
            [-122.225905920721232, 40.256656470846963],
            [-122.225949920721177, 40.256050604181269],
            [-122.225948387387859, 40.255979204181358],
            [-122.22593158738789, 40.255837004181615],
            [-122.225931720721235, 40.255801404181625],
            [-122.225944987387834, 40.255694804181815],
            [-122.225945987387831, 40.255623404181904],
            [-122.225916787387916, 40.255338670849028],
            [-122.225963787387855, 40.254947604182973],
            [-122.226037920721069, 40.2545950708502],
            [-122.226054187387717, 40.254488670850321],
            [-122.226083120721, 40.254203870850802],
            [-122.226086787387658, 40.253989804184471],
            [-122.226098587387639, 40.253815870851383],
            [-122.226092787387643, 40.25370887085154],
            [-122.226104787387612, 40.253376070852084],
            [-122.226121587387581, 40.253342670852135],
            [-122.226175720720846, 40.253205804185654],
            [-122.226195387387463, 40.253136004185762],
            [-122.22620838738743, 40.253065204185873],
            [-122.226232187387438, 40.252637270853199],
            [-122.226236520720761, 40.252494470853435],
            [-122.22623592072074, 40.252387470853591],
            [-122.226228520720724, 40.252244804187171],
            [-122.226176787387487, 40.251746604187929],
            [-122.226164320720841, 40.251389804188477],
            [-122.226127920720899, 40.251141470855544],
            [-122.226100587387634, 40.251036404189051],
            [-122.22592972072124, 40.250443270856636],
            [-122.225824181138023, 40.249886965649182],
            [-122.225663987388316, 40.249282670858406],
            [-122.225597587388393, 40.249149204191951],
            [-122.225559387388444, 40.24904607085881],
            [-122.225455187388604, 40.248588670859533],
            [-122.225299120722184, 40.248176870860163],
            [-122.225276787388907, 40.248107470860248],
            [-122.22522952072228, 40.247915470860562],
            [-122.225176120722381, 40.247803470860731],
            [-122.225087987389202, 40.2475626708611],
            [-122.225002920722659, 40.247396070861384],
            [-122.224980520722681, 40.247337870861429],
            [-122.224951120722721, 40.247233070861625],
            [-122.224893987389464, 40.247059870861904],
            [-122.224799120722992, 40.246858004195531],
            [-122.224528720723413, 40.246440870862841],
            [-122.224318587390371, 40.246081604196718],
            [-122.224275987390456, 40.245979470863574],
            [-122.2241071873907, 40.245533204197557],
            [-122.224064120724108, 40.245431204197757],
            [-122.223890387391066, 40.245099004198266],
            [-122.223754720724571, 40.244871004198615],
            [-122.223639320724772, 40.244599070865718],
            [-122.223306320725271, 40.243968804199994],
            [-122.222893387392617, 40.243170270867893],
            [-122.222853987392682, 40.243105404201344],
            [-122.222454320726627, 40.242497604202299],
            [-122.222138120727095, 40.242099270869574],
            [-122.222092787393819, 40.242036604203008],
            [-122.221578720727962, 40.241232670870943],
            [-122.221490587394783, 40.24110620420447],
            [-122.221326520728383, 40.240848804204859],
            [-122.22127538739511, 40.240788870871597],
            [-122.221028587395494, 40.240527004205376],
            [-122.220586120729536, 40.240107870872691],
            [-122.220425187396415, 40.239976804206208],
            [-122.220100120730251, 40.239669870873342],
            [-122.220071520730301, 40.239641404206736],
            [-122.219915187397191, 40.239462404207018],
            [-122.219709387397529, 40.239266470873986],
            [-122.219679387397605, 40.239238804207332],
            [-122.218882920732142, 40.238578204208352],
            [-122.218512920732735, 40.238207070875603],
            [-122.218422120732896, 40.238124604209077],
            [-122.218053987400083, 40.237846604209494],
            [-122.217899387400337, 40.237711270876389],
            [-122.217842387400424, 40.237654204209832],
            [-122.217658987400739, 40.237446004210142],
            [-122.217538787400883, 40.23733560421033],
            [-122.217139387401517, 40.237030670877459],
            [-122.216931920735192, 40.236884070877693],
            [-122.216753120735461, 40.236767404211207],
            [-122.216683320735569, 40.236674070877996],
            [-122.21659998740239, 40.236587270878147],
            [-122.216315187402813, 40.236348204211822],
            [-122.216281120736198, 40.236323470878517],
            [-122.215988187403298, 40.236142070878827],
            [-122.215912787403454, 40.236098804212247],
            [-122.215831987403533, 40.236061404212307],
            [-122.21558292073729, 40.235958070879121],
            [-122.215390587404215, 40.235853804212582],
            [-122.2152593207378, 40.235822270879339],
            [-122.215171187404565, 40.235795870879372],
            [-122.214836120738426, 40.235662404212917],
            [-122.214298587405949, 40.2355224042131],
            [-122.213237187407572, 40.235334004213428],
            [-122.212730520741729, 40.235240670880216],
            [-122.212402320742228, 40.235203470880265],
            [-122.21192878740959, 40.235190404213654],
            [-122.211408787410448, 40.23516140421367],
            [-122.211124520744193, 40.235164270880318],
            [-122.210417787411984, 40.235223870880247],
            [-122.209910187412731, 40.235312870880136],
            [-122.209504320746703, 40.235411204213278],
            [-122.209415187413526, 40.235435470879906],
            [-122.208888120747645, 40.235675604212872],
            [-122.208804320747788, 40.235709070879523],
            [-122.208722920747903, 40.235745670879453],
            [-122.208678520747981, 40.235811470879355],
            [-122.208652987414723, 40.235841670879267],
            [-122.208542920748187, 40.235957870879133],
            [-122.208480187414978, 40.236011404212377],
            [-122.208234587415348, 40.236179270878779],
            [-122.208123987415547, 40.236246470878655],
            [-122.20740278741664, 40.236762670877852],
            [-122.20733758741676, 40.236814470877789],
            [-122.207276787416845, 40.236869204211018],
            [-122.207272987416843, 40.236926004210943],
            [-122.207258520750202, 40.2369964708775],
            [-122.207177387417005, 40.237238804210449],
            [-122.207143587417022, 40.237305470877004],
            [-122.206817720750905, 40.237898804209408],
            [-122.206800387417559, 40.23793200420937],
            [-122.20674298741767, 40.238068004209197],
            [-122.206671520751115, 40.238338404208776],
            [-122.206658187417815, 40.238409070875321],
            [-122.206615587417843, 40.238907804207884],
            [-122.206609787417847, 40.238943070874484],
            [-122.206500520751376, 40.239178870874127],
            [-122.206473920751421, 40.239247404207333],
            [-122.20631998741834, 40.239770070873192],
            [-122.206266720751728, 40.239980204206176],
            [-122.206253320751784, 40.240014470872836],
            [-122.205898520752328, 40.240714470871751],
            [-122.205809787419128, 40.240879870871481],
            [-122.205429120753024, 40.241724470870167],
            [-122.205298120753241, 40.242067404202942],
            [-122.205208987420065, 40.242232404202696],
            [-122.205098387420207, 40.242390204202479],
            [-122.205080387420253, 40.242423270869097],
            [-122.204997587420394, 40.242627870868773],
            [-122.204959320753744, 40.242767670868545],
            [-122.204951387420465, 40.242874470868401],
            [-122.204941387420433, 40.242909004201636],
            [-122.204808587420644, 40.243098270868018],
            [-122.204781187420735, 40.243166604201235],
            [-122.204746187420767, 40.243306870867684],
            [-122.204734387420785, 40.243341470867676],
            [-122.204666187420912, 40.243474404200754],
            [-122.204517320754462, 40.244034404199908],
            [-122.204425120754593, 40.244274204199542],
            [-122.204415320754606, 40.244309070866166],
            [-122.204383187421342, 40.24452187086581],
            [-122.204316520754787, 40.24487487086526],
            [-122.204288587421502, 40.24494307086519],
            [-122.204182187421623, 40.245102604198223],
            [-122.20416718742166, 40.245136004198173],
            [-122.20407178742181, 40.245558270864194],
            [-122.204050987421851, 40.245627870864098],
            [-122.204012920755247, 40.245731004197296],
            [-122.204002120755263, 40.245837604197106],
            [-122.20399512075528, 40.245873004197051],
            [-122.203984320755296, 40.245907670863687],
            [-122.203924387422035, 40.246043070863436],
            [-122.20391838742205, 40.246078204196749],
            [-122.203928520755369, 40.246220670863181],
            [-122.203927387422027, 40.246256404196458],
            [-122.203854720755487, 40.246717204195761],
            [-122.203816120755562, 40.24707280419517],
            [-122.203792320755554, 40.247178270861696],
            [-122.203749187422318, 40.247280204194851],
            [-122.203638920755793, 40.247515804194506],
            [-122.203566120755909, 40.24768560419426],
            [-122.203485520756033, 40.247814804194036],
            [-122.20337858742289, 40.24801320419374],
            [-122.203297720756325, 40.248142404193516],
            [-122.203205920756488, 40.248267270860026],
            [-122.202981120756817, 40.248540204192921],
            [-122.202868787423654, 40.248697270859338],
            [-122.202832787423745, 40.248763204192585],
            [-122.202819520757089, 40.2487972708592],
            [-122.202810520757112, 40.248868270859077],
            [-122.202794587423796, 40.24893867085899],
            [-122.202694587423935, 40.249176870858605],
            [-122.202600120757438, 40.249300470858429],
            [-122.202476587424314, 40.249493270858125],
            [-122.202307720757858, 40.249708404191097],
            [-122.202284987424605, 40.249739670857707],
            [-122.202245920758003, 40.249804804190944],
            [-122.202213120758017, 40.249871670857488],
            [-122.202177720758073, 40.249975404190707],
            [-122.202106520758207, 40.250106870857167],
            [-122.20204592075828, 40.250203804190335],
            [-122.201984720758389, 40.250338804190108],
            [-122.20192592075847, 40.250548404189772],
            [-122.201878387425211, 40.250686470856238],
            [-122.20189258742522, 40.250758604189457],
            [-122.201848987425251, 40.250846804189337],
            [-122.201793587425357, 40.250874270855945],
            [-122.201737920758774, 40.250932070855868],
            [-122.201569320759006, 40.251147404188885],
            [-122.201475187425842, 40.251311204188596],
            [-122.201385787425977, 40.251476470855039],
            [-122.201322587426091, 40.251572404188209],
            [-122.201318387426056, 40.251643670854776],
            [-122.201281120759461, 40.25189200418771],
            [-122.201273987426134, 40.251963204187575],
            [-122.201176320759657, 40.252195070853929],
            [-122.201157587426337, 40.252227870853858],
            [-122.201112587426394, 40.252290670853768],
            [-122.2010839207598, 40.252319004187029],
            [-122.201013387426542, 40.252366670853633],
            [-122.200975787426614, 40.252388470853589],
            [-122.200891920760057, 40.252426404186906],
            [-122.20085358742682, 40.252447404186853],
            [-122.200829120760204, 40.25247247085349],
            [-122.200826920760164, 40.252474670853474],
            [-122.2008081207602, 40.252506204186773],
            [-122.200793387426927, 40.252540004186699],
            [-122.200757587426949, 40.252646070853189],
            [-122.200741987426966, 40.252680004186516],
            [-122.200711787427053, 40.252820404186252],
            [-122.200647987427146, 40.252916004186147],
            [-122.200637587427138, 40.252949070852765],
            [-122.20066058742708, 40.253054804185922],
            [-122.20066138742709, 40.253090404185855],
            [-122.200648520760467, 40.253124670852458],
            [-122.20061412076052, 40.253191204185669],
            [-122.200530587427295, 40.253319404185504],
            [-122.200488920760733, 40.253421804185336],
            [-122.200435987427454, 40.253521204185176],
            [-122.20038458742755, 40.253580670851761],
            [-122.200341987427578, 40.253644404184968],
            [-122.200326187427606, 40.253678070851606],
            [-122.200238520761104, 40.253919604184546],
            [-122.20021572076115, 40.253949070851206],
            [-122.200175787427838, 40.253969470851132],
            [-122.200142320761245, 40.253994070851093],
            [-122.199977787428168, 40.254169004184178],
            [-122.199951720761533, 40.254198070850805],
            [-122.199923720761603, 40.254266404184023],
            [-122.199853987428355, 40.254359670850533],
            [-122.199827320761756, 40.254389204183838],
            [-122.199677787428641, 40.254527804183624],
            [-122.19966652076198, 40.254573604183577],
            [-122.199641587428687, 40.254642404183471],
            [-122.199606920762051, 40.254708870849981],
            [-122.199585587428771, 40.254740804183314],
            [-122.199539120762154, 40.254784270849882],
            [-122.199440920762356, 40.254861870849766],
            [-122.199350787429125, 40.254944670849625],
            [-122.199332587429183, 40.255156404182628],
            [-122.19932338742916, 40.255191204182609],
            [-122.199280320762568, 40.255254870849171],
            [-122.199182787429379, 40.255377404182298],
            [-122.199124120762804, 40.255475004182131],
            [-122.199102120762859, 40.255505670848777],
            [-122.199034120762974, 40.255555604182007],
            [-122.198845320763269, 40.255715870848462],
            [-122.198819920763299, 40.255745670848398],
            [-122.198775587430021, 40.255808870848284],
            [-122.198533320763715, 40.255979804181379],
            [-122.198512720763745, 40.256011870847999],
            [-122.198467787430502, 40.256179470847712],
            [-122.198438987430563, 40.256247470847597],
            [-122.198380120764, 40.256345004180787],
            [-122.198285987430779, 40.256469004180587],
            [-122.19825852076417, 40.256497870847227],
            [-122.198192787430912, 40.256549404180475],
            [-122.198121587431046, 40.256597004180435],
            [-122.198078720764443, 40.25661020418039],
            [-122.197893587431395, 40.256641804180333],
            [-122.197713187431702, 40.256686204180255],
            [-122.197661920765086, 40.256680604180303],
            [-122.197518387431955, 40.256712070846902],
            [-122.197392987432181, 40.256812670846728],
            [-122.197283520765666, 40.256881070846646],
            [-122.19717892076585, 40.25695380417983],
            [-122.19707898743269, 40.257053404179715],
            [-122.197008987432753, 40.257146604179582],
            [-122.196901920766265, 40.257201404179455],
            [-122.196779587433127, 40.257256004179396],
            [-122.19666452076666, 40.257319004179294],
            [-122.196452387433624, 40.257328004179271],
            [-122.196357587433795, 40.257326404179253],
            [-122.196113387434139, 40.257451804179084],
            [-122.19587112076789, 40.257496070845662],
            [-122.195690320768165, 40.257539404178942],
            [-122.195644787434901, 40.257545404178927],
            [-122.19540798743526, 40.2575516041789],
            [-122.195341187435361, 40.257557004178921],
            [-122.195062920769146, 40.257601270845498],
            [-122.19501572076922, 40.257604870845512],
            [-122.19487352076942, 40.257608070845492],
            [-122.194732320769617, 40.257617870845479],
            [-122.194409387436792, 40.257676070845378],
            [-122.194365387436903, 40.257688604178725],
            [-122.194326720770277, 40.257709670845372],
            [-122.194283320770353, 40.257720870845333],
            [-122.194092920770629, 40.257722404178651],
            [-122.194046787437344, 40.257728870845312],
            [-122.193819187437725, 40.25777800417859],
            [-122.193732120771188, 40.257806270845208],
            [-122.193597987438068, 40.257841870845141],
            [-122.193344520771802, 40.257939070844998],
            [-122.193299987438536, 40.257951204178312],
            [-122.193253720771963, 40.257977470844935],
            [-122.193172387438722, 40.25801420417821],
            [-122.193043187438946, 40.258059070844809],
            [-122.192955587439087, 40.258086670844762],
            [-122.192910587439144, 40.258097804178078],
            [-122.192771520772681, 40.258120070844711],
            [-122.19272418743941, 40.25812300417806],
            [-122.19262932077288, 40.258122470844683],
            [-122.192624720772926, 40.258122870844716],
            [-122.192487920773146, 40.258133870844688],
            [-122.19240332077328, 40.258123670844725],
            [-122.192320120773388, 40.258148470844674],
            [-122.192185120773615, 40.2581822708446],
            [-122.192012987440535, 40.258240804177831],
            [-122.191922320773983, 40.258323470844402],
            [-122.191653320774435, 40.258376470844325],
            [-122.191563587441237, 40.2583998041776],
            [-122.191466920774701, 40.258388404177651],
            [-122.191371987441528, 40.258384870844282],
            [-122.19132818744157, 40.258397804177605],
            [-122.191202187441775, 40.258448270844212],
            [-122.19102998744205, 40.258508270844118],
            [-122.191001787442076, 40.258547670844052],
            [-122.190924987442202, 40.258580870844014],
            [-122.190840320775692, 40.258613004177278],
            [-122.190681987442588, 40.258691870843847],
            [-122.190552920776156, 40.258736670843746],
            [-122.19046878744291, 40.258769670843719],
            [-122.190385587443075, 40.258776670843702],
            [-122.190290987443177, 40.258772670843712],
            [-122.190200387443326, 40.258825604176934],
            [-122.190118720776809, 40.258861870843589],
            [-122.190075787443561, 40.258877204176883],
            [-122.189986720777028, 40.258901470843512],
            [-122.189895320777168, 40.258920804176796],
            [-122.189756120777361, 40.258942604176752],
            [-122.189686320777469, 40.258967270843414],
            [-122.189641587444214, 40.258979270843383],
            [-122.189410320777881, 40.259018204176641],
            [-122.189316120778074, 40.259026870843286],
            [-122.189173920778273, 40.259028404176661],
            [-122.188929720778674, 40.259076270843252],
            [-122.188789520778869, 40.259094404176551],
            [-122.188724787445608, 40.259133604176498],
            [-122.188490320779351, 40.259255004176282],
            [-122.188408520779433, 40.259291004176248],
            [-122.188321387446251, 40.259319470842854],
            [-122.188140987446559, 40.259363404176099],
            [-122.188002920780093, 40.25938800417606],
            [-122.187782787447077, 40.259454204175995],
            [-122.187692520780558, 40.259475870842607],
            [-122.187508320780864, 40.259509670842533],
            [-122.18746138744757, 40.259515004175853],
            [-122.187366787447729, 40.259520404175873],
            [-122.187273587447862, 40.259533604175829],
            [-122.186791987448657, 40.259499070842594],
            [-122.186698320782114, 40.259487870842577],
            [-122.186652387448873, 40.259479004175944],
            [-122.186519387449039, 40.259441004175983],
            [-122.186433987449163, 40.259409870842717],
            [-122.186353187449299, 40.259372470842777],
            [-122.186277320782779, 40.259329670842817],
            [-122.186121987449667, 40.259312604176216],
            [-122.185984520783222, 40.259285070842907],
            [-122.185883787450052, 40.25929127084288],
            [-122.185788920783523, 40.25929000417625],
            [-122.185696587450309, 40.259273804176246],
            [-122.185606720783824, 40.259250870842948],
            [-122.185563120783854, 40.259236870842983],
            [-122.185448320784076, 40.259182670843074],
            [-122.185335987450912, 40.25911707084316],
            [-122.185268720784336, 40.259066670843254],
            [-122.185119787451242, 40.258927804176778],
            [-122.185045587451327, 40.258890004176862],
            [-122.18485652078499, 40.258782404176998],
            [-122.184726120785172, 40.258678604177192],
            [-122.18454812078545, 40.25856067084402],
            [-122.184516120785474, 40.25853480417743],
            [-122.184463587452228, 40.258475270844144],
            [-122.184404920785653, 40.258419204177585],
            [-122.184209520785998, 40.258263604177841],
            [-122.18367932078678, 40.257906470845057],
            [-122.183508187453754, 40.257783004178577],
            [-122.18347652078711, 40.257756804178598],
            [-122.183419787453886, 40.257699470845353],
            [-122.183326387454031, 40.257618804178833],
            [-122.182929320787935, 40.257311870845967],
            [-122.18281058745481, 40.257157604179554],
            [-122.182756320788258, 40.257099004179622],
            [-122.182696587454984, 40.257043470846384],
            [-122.182590320788506, 40.256970870846487],
            [-122.182390387455484, 40.256875270846649],
            [-122.182276987455623, 40.256810470846744],
            [-122.182120520789226, 40.256729870846868],
            [-122.182046520789356, 40.256685070846913],
            [-122.18193998745619, 40.25661420418038],
            [-122.181907187456204, 40.256588404180434],
            [-122.181721920789812, 40.256425870847352],
            [-122.181590520790053, 40.256322804180854],
            [-122.181519520790175, 40.256275604180928],
            [-122.181404587456996, 40.256212470847686],
            [-122.181011920790922, 40.256086604181178],
            [-122.180798720791245, 40.256008604181318],
            [-122.180236187458831, 40.255818804181615],
            [-122.180143920792261, 40.255802404181622],
            [-122.179813720792822, 40.255777204181697],
            [-122.179673587459661, 40.255758470848377],
            [-122.179438720793371, 40.255734670848426],
            [-122.178739387461121, 40.255636204181883],
            [-122.178361787461711, 40.25560867084863],
            [-122.178227787461935, 40.255573404181973],
            [-122.178136720795408, 40.255553670848712],
            [-122.177857120795807, 40.255514004182089],
            [-122.177762520795966, 40.255508404182081],
            [-122.177620320796223, 40.255509070848746],
            [-122.177478187463066, 40.25550387084877],
            [-122.177337187463309, 40.255489604182117],
            [-122.176773520797497, 40.255430804182197],
            [-122.176215787465026, 40.255345270849034],
            [-122.176028787465327, 40.25532107084905],
            [-122.175702987465854, 40.255273270849159],
            [-122.175136587466739, 40.255231870849173],
            [-122.175046120800175, 40.255210404182549],
            [-122.174913587467074, 40.255171270849303],
            [-122.174823587467188, 40.255148804182681],
            [-122.174137320801606, 40.255007804182867],
            [-122.173830920802061, 40.254911604183008],
            [-122.1736957208023, 40.254878270849758],
            [-122.173603320802442, 40.254862204183098],
            [-122.173463187469338, 40.254843604183122],
            [-122.173274787469609, 40.254828004183139],
            [-122.173181187469766, 40.254816270849858],
            [-122.173134920803136, 40.254808670849854],
            [-122.173046787469957, 40.254782070849899],
            [-122.172919520803475, 40.254734270849951],
            [-122.172715787470509, 40.254643004183436],
            [-122.172673720803857, 40.254626604183443],
            [-122.172370120804374, 40.254525604183641],
            [-122.17219758747126, 40.254466270850401],
            [-122.172156320804675, 40.254448670850422],
            [-122.17203892080488, 40.25438820418384],
            [-122.171928387471723, 40.254320804183919],
            [-122.171775587471927, 40.254236270850754],
            [-122.171607587472181, 40.254169870850831],
            [-122.17152718747235, 40.254132070850915],
            [-122.171313187472663, 40.253990870851112],
            [-122.171215387472785, 40.253913204184585],
            [-122.171155987472901, 40.253857470851301],
            [-122.171090320806343, 40.253762470851484],
            [-122.170964387473191, 40.253611270851707],
            [-122.170812787473437, 40.253389070852052],
            [-122.170760787473512, 40.253289404185523],
            [-122.170732720806882, 40.25322120418565],
            [-122.170669920806972, 40.253012270852651],
            [-122.170662787473645, 40.25297700418605],
            [-122.170660920806995, 40.252869870852862],
            [-122.170665387473662, 40.252762870853019],
            [-122.170676387473634, 40.252656204186508],
            [-122.170682387473619, 40.252442070853533],
            [-122.170776387473495, 40.252202404187244],
            [-122.17082118747345, 40.252113470854056],
            [-122.170855987473374, 40.252089204187428],
            [-122.170919387473248, 40.25203607085416],
            [-122.170973787473201, 40.251977670854274],
            [-122.171045587473088, 40.251885204187715],
            [-122.17106592080637, 40.251853004187751],
            [-122.171102920806334, 40.251772670854564],
            [-122.171171187472851, 40.251723204187954],
            [-122.171234920806114, 40.251670404188076],
            [-122.171349520805961, 40.251556604188238],
            [-122.171397787472529, 40.251495070855015],
            [-122.171430187472481, 40.251438004188401],
            [-122.171491320805728, 40.25138347085516],
            [-122.171571587472272, 40.251295070855292],
            [-122.171629987472159, 40.251238870855389],
            [-122.17165652080547, 40.251209270855441],
            [-122.171701787472045, 40.251146470855531],
            [-122.171754320805292, 40.251047004189047],
            [-122.171814187471853, 40.250949870855834],
            [-122.171847920805135, 40.250883070855934],
            [-122.171875787471777, 40.250814870856061],
            [-122.171905387471725, 40.250719070856178],
            [-122.171985387471636, 40.250630604189666],
            [-122.17215752080466, 40.250460070856604],
            [-122.172442187470892, 40.250220670856947],
            [-122.172531520804114, 40.250137270857124],
            [-122.172608387470632, 40.250047404190582],
            [-122.172683920803877, 40.249916804190775],
            [-122.172934787470126, 40.249656870857848],
            [-122.172986320803375, 40.249596870857943],
            [-122.173055387469958, 40.249503204191399],
            [-122.17308192080327, 40.249473670858151],
            [-122.173279120802931, 40.249272670858431],
            [-122.17333872080286, 40.249217204191837],
            [-122.174021920801806, 40.248623604192801],
            [-122.174235187468128, 40.248481804193034],
            [-122.174726120800699, 40.248201070860091],
            [-122.17476192080062, 40.24817780419346],
            [-122.175245187466544, 40.2477850041941],
            [-122.175366320799696, 40.247675070860907],
            [-122.175665520799214, 40.247353404194769],
            [-122.175889587465576, 40.247080004195197],
            [-122.175935720798805, 40.247017670861965],
            [-122.176124787465199, 40.246729670862408],
            [-122.176387987464807, 40.246232270863175],
            [-122.176629120797713, 40.245884204197012],
            [-122.176846387464082, 40.245527404197617],
            [-122.177157387463581, 40.244929204198513],
            [-122.177455120796481, 40.244289004199516],
            [-122.177724120796029, 40.243793404200289],
            [-122.177755720795972, 40.243726070867069],
            [-122.177793587462588, 40.243622870867227],
            [-122.177933987462382, 40.243134470867972],
            [-122.178078987462129, 40.242757270868537],
            [-122.178135520795422, 40.242621004202078],
            [-122.178421320794939, 40.241828670870007],
            [-122.178468520794866, 40.241653870870266],
            [-122.178678120794586, 40.241067870871177],
            [-122.178739520794466, 40.240822404204891],
            [-122.178847987460983, 40.240149070872633],
            [-122.178912187460867, 40.239940470872909],
            [-122.179256920793648, 40.239237404207358],
            [-122.179317520793575, 40.239102070874253],
            [-122.179351120793513, 40.238998070874402],
            [-122.179412120793415, 40.238726004208161],
            [-122.179559720793179, 40.238543004208452],
            [-122.179630387459724, 40.238450004208573],
            [-122.179688320792991, 40.238352204208752],
            [-122.179717387459618, 40.238284270875511],
            [-122.179738787459598, 40.238214670875607],
            [-122.179752787459563, 40.238144070875705],
            [-122.179758387459572, 40.238072670875852],
            [-122.179772720792869, 40.238039070875857],
            [-122.17991192079262, 40.237773404209634],
            [-122.179941720792613, 40.23770567087638],
            [-122.179977387459189, 40.237602070876562],
            [-122.180083587459023, 40.237181270877215],
            [-122.180106920792355, 40.237039604210793],
            [-122.180118720792336, 40.237005670877465],
            [-122.180158120792271, 40.236940604210929],
            [-122.180190720792211, 40.236873604211041],
            [-122.180257720792099, 40.236702404211314],
            [-122.180303320792063, 40.236600870878135],
            [-122.180473587458437, 40.236154870878806],
            [-122.180496920791711, 40.236085670878936],
            [-122.180583387458285, 40.235771070879423],
            [-122.180785320791301, 40.235370604213358],
            [-122.180815920791247, 40.235266004213543],
            [-122.180893120791097, 40.234841604214182],
            [-122.180910920791121, 40.234771470880958],
            [-122.180947720791039, 40.234668070881128],
            [-122.181035187457553, 40.23446420421476],
            [-122.181066720790852, 40.234359870881576],
            [-122.181318987457132, 40.233859270882363],
            [-122.18147472079022, 40.233447204216361],
            [-122.181550520790097, 40.233278070883273],
            [-122.18172832078983, 40.232986004217082],
            [-122.181761387456447, 40.232919070883838],
            [-122.181790720789706, 40.232851204217241],
            [-122.181949187456155, 40.232439804217904],
            [-122.182164387455828, 40.232043070885197],
            [-122.182193920789075, 40.2319752708853],
            [-122.182242320789044, 40.231837204218834],
            [-122.182257520788994, 40.231803470885552],
            [-122.182466120788661, 40.231523070885999],
            [-122.182507787455279, 40.231459070886103],
            [-122.182535787455265, 40.231354070886255],
            [-122.182547987455223, 40.231283270886365],
            [-122.182553987455208, 40.231212004219799],
            [-122.182562187455176, 40.231177204219875],
            [-122.182641987455099, 40.230934604220238],
            [-122.182684520788314, 40.230832404220394],
            [-122.182701720788316, 40.230799070887144],
            [-122.182725587454968, 40.230768470887142],
            [-122.183008720787825, 40.23044240422098],
            [-122.183076520787722, 40.230271404221298],
            [-122.18310878745433, 40.230204270888066],
            [-122.183344987454007, 40.229775670888728],
            [-122.18349658745376, 40.229513870889093],
            [-122.183909320786427, 40.228911070890035],
            [-122.184281720785862, 40.2284548042241],
            [-122.184303920785851, 40.228423270890801],
            [-122.184505787452167, 40.228100270891332],
            [-122.184588987452059, 40.227895604224955],
            [-122.184623520785351, 40.227829070891744],
            [-122.184685587451895, 40.227732804225241],
            [-122.184733787451819, 40.22767127089196],
            [-122.184941920784865, 40.227432470892325],
            [-122.18498932078478, 40.227370804225757],
            [-122.185173587451118, 40.227163004226099],
            [-122.185230120784411, 40.22710560422621],
            [-122.185437587450735, 40.226910670893176],
            [-122.185683987450375, 40.226648270893577],
            [-122.185921987450001, 40.226339604227348],
            [-122.185975387449901, 40.226280604227441],
            [-122.186226587449482, 40.226020870894558],
            [-122.186251920782809, 40.225990870894577],
            [-122.186349387449297, 40.225828204228151],
            [-122.186415720782577, 40.225733470894966],
            [-122.186751920782001, 40.225344470895607],
            [-122.187087320781529, 40.224998404229439],
            [-122.187146787448057, 40.224942804229556],
            [-122.187414787447665, 40.224740670896551],
            [-122.187508720780841, 40.224660204229963],
            [-122.18777112078044, 40.224507470896867],
            [-122.187842920780326, 40.224460870896962],
            [-122.187911320780245, 40.224411404230352],
            [-122.187975987446805, 40.224359204230439],
            [-122.188099720779917, 40.224250870897265],
            [-122.188185387446481, 40.22416547089739],
            [-122.188292787446301, 40.224047804230906],
            [-122.188324387446244, 40.22402147089764],
            [-122.188397120779484, 40.223975670897687],
            [-122.188437520779416, 40.223957270897756],
            [-122.188690187445673, 40.223859204231246],
            [-122.188828987445447, 40.223835870897915],
            [-122.188965320778607, 40.223805204231326],
            [-122.189097387445031, 40.223765604231346],
            [-122.189182320778229, 40.223733804231415],
            [-122.189264120778148, 40.223697670898162],
            [-122.18942258744454, 40.223619204231625],
            [-122.189498587444405, 40.223576470898308],
            [-122.189568387444297, 40.223528204231741],
            [-122.189631920777572, 40.223475204231818],
            [-122.189689720777494, 40.223418604231881],
            [-122.189741520777375, 40.223358804232021],
            [-122.189787387443971, 40.223296404232087],
            [-122.189827520777271, 40.223231604232183],
            [-122.189861787443874, 40.223165070898972],
            [-122.189890787443801, 40.223097070899087],
            [-122.189918720777086, 40.223013470899218],
            [-122.190000387443661, 40.22297720423262],
            [-122.190316120776515, 40.222818870899516],
            [-122.190428787443011, 40.222753604232935],
            [-122.190498720776191, 40.222705404233011],
            [-122.1910147874421, 40.222286870900348],
            [-122.191101520775248, 40.222202004233793],
            [-122.191152720775221, 40.222142004233888],
            [-122.191189720775128, 40.222092270900646],
            [-122.191358787441516, 40.221967270900848],
            [-122.191565587441232, 40.221820204234405],
            [-122.191631187441146, 40.221768604234455],
            [-122.191692320774337, 40.221714070901214],
            [-122.191749120774261, 40.221656870901313],
            [-122.191904720774005, 40.221477604234906],
            [-122.191933387440656, 40.221449470901632],
            [-122.192135920773694, 40.221305870901858],
            [-122.192261187440124, 40.221198670902027],
            [-122.192867320772564, 40.220697004236115],
            [-122.19389652077092, 40.219957604237266],
            [-122.194297720770294, 40.21970680423766],
            [-122.194604120769839, 40.219538670904626],
            [-122.194996920769256, 40.219280404238305],
            [-122.195567720768338, 40.218987004238784],
            [-122.196118720767515, 40.218708404239237],
            [-122.196489520766931, 40.218549470906112],
            [-122.196766387433172, 40.218411804239679],
            [-122.197226720765741, 40.218160204240064],
            [-122.197300587432323, 40.21811547090681],
            [-122.198346387430718, 40.217443604241168],
            [-122.198774187430047, 40.21716120424162],
            [-122.198914120763163, 40.217064870908416],
            [-122.199455187428953, 40.216664604242396],
            [-122.199712387428576, 40.216506670909325],
            [-122.199847920761727, 40.216406804242808],
            [-122.200606987427193, 40.215868404243622],
            [-122.201129387426363, 40.215505004244221],
            [-122.20250632075755, 40.214630204245566],
            [-122.202616787424063, 40.214562804245645],
            [-122.203121120756634, 40.214237870912825],
            [-122.203291320756364, 40.214113670913036],
            [-122.20378566554723, 40.213783200080172],
            [-122.204283987421491, 40.213450070914064],
            [-122.204520587421086, 40.213274870914347],
            [-122.20469492075415, 40.213154004247826],
            [-122.204951320753764, 40.21299540424809],
            [-122.205201187420073, 40.212831004248358],
            [-122.205503987419604, 40.212604670915368],
            [-122.20579272075247, 40.212419470915677],
            [-122.206789387417587, 40.211759470916661],
            [-122.207807520749327, 40.211011604251155],
            [-122.207870320749237, 40.210958070917911],
            [-122.208230987415334, 40.210629670918422],
            [-122.209016520747468, 40.210009804252707],
            [-122.209437387413459, 40.20965720425329],
            [-122.209755987412962, 40.209346270920435],
            [-122.209847320746178, 40.209264204253884],
            [-122.209912787412748, 40.209212604253935],
            [-122.210218520745627, 40.208988470920985],
            [-122.210282987412143, 40.208936070921084],
            [-122.210535587411755, 40.208677270921442],
            [-122.210711520744837, 40.208509070921707],
            [-122.211063120744313, 40.208219070922155],
            [-122.211145187410807, 40.208131670922285],
            [-122.211236587410667, 40.208049670922435],
            [-122.211301787410605, 40.207997870922497],
            [-122.211606787410119, 40.207773270922871],
            [-122.211730120743255, 40.207664804256353],
            [-122.211812720743126, 40.207577604256471],
            [-122.212194720742559, 40.207310470923574],
            [-122.212227187409155, 40.207284604256927],
            [-122.212901320741423, 40.206639270924597],
            [-122.212993120741316, 40.206557470924736],
            [-122.213092720741145, 40.206481204258182],
            [-122.213855187406637, 40.205945404259012],
            [-122.214346787405873, 40.205558470926292],
            [-122.214485987405624, 40.205459470926428],
            [-122.214627320738771, 40.205447070926482],
            [-122.215051387404742, 40.205393604259882],
            [-122.215659720737165, 40.205193804260205],
            [-122.216678720735558, 40.204812870927469],
            [-122.216973787401798, 40.204698670927655],
            [-122.217291387401303, 40.204542804261223],
            [-122.21767338740068, 40.204331470928196],
            [-122.21793052073366, 40.204173670928469],
            [-122.218085120733406, 40.204091204261886],
            [-122.21834152073302, 40.20393267092885],
            [-122.218377320732941, 40.203909270928875],
            [-122.218574787399291, 40.203755270929094],
            [-122.21860492073256, 40.203727804262485],
            [-122.218777520732317, 40.203557670929399],
            [-122.21891252073209, 40.203411004262989],
            [-122.218969387398658, 40.203353870929732],
            [-122.219602720731018, 40.202730404264003],
            [-122.219735920730841, 40.202582804264239],
            [-122.219780720730739, 40.202519870931042],
            [-122.219832920730653, 40.202420270931157],
            [-122.219861787397292, 40.202337670931286],
            [-122.220105520730272, 40.202074070931701],
            [-122.220173387396812, 40.201980070931825],
            [-122.22020918739679, 40.201914004265291],
            [-122.220327987396558, 40.201642804265703],
            [-122.220354787396559, 40.201574270932497],
            [-122.220378120729833, 40.201496670932613],
            [-122.220510187396314, 40.201394270932781],
            [-122.22053592072956, 40.201364670932833],
            [-122.220593120729518, 40.201266604266266],
            [-122.220637120729407, 40.20120340426638],
            [-122.220889120729055, 40.200901070933526],
            [-122.220911787395664, 40.200869804266915],
            [-122.221199587395233, 40.200542404267424],
            [-122.221300187395059, 40.200421404267615],
            [-122.221731987394378, 40.199951870935024],
            [-122.221806920727602, 40.19986087093514],
            [-122.222190787393686, 40.199327270935953],
            [-122.222215187393658, 40.199296804269352],
            [-122.2223851873934, 40.199125070936304],
            [-122.222459120726626, 40.199033670936444],
            [-122.222848987392638, 40.198422270937385],
            [-122.223106587392238, 40.198081004271216],
            [-122.223393587391797, 40.197711204271798],
            [-122.223551520724925, 40.197412670938945],
            [-122.223741987391293, 40.197085804272774],
            [-122.22378438739122, 40.197022004272867],
            [-122.223831520724445, 40.196960004272967],
            [-122.223962520724285, 40.196811204273217],
            [-122.224158720723949, 40.196447404273783],
            [-122.224197120723886, 40.196382204273903],
            [-122.224240587390511, 40.196318670940627],
            [-122.224406387390275, 40.19610500427433],
            [-122.224656920723191, 40.195681004274945],
            [-122.224969587389353, 40.195200004275705],
            [-122.225255987388948, 40.194671204276517],
            [-122.225567120721792, 40.194189604277256],
            [-122.225841720721348, 40.193657204278111],
            [-122.225992320721105, 40.193434604278423],
            [-122.226048387387721, 40.19333620427858],
            [-122.226310720720619, 40.192762404279506],
            [-122.226364120720518, 40.192663204279654],
            [-122.226441320720426, 40.192546604279812],
            [-122.226450920720424, 40.192404004280036],
            [-122.226478320720389, 40.192262670946945],
            [-122.22665632072011, 40.191781204281028],
            [-122.226698387386705, 40.191642004281221],
            [-122.226723187386654, 40.191573070947982],
            [-122.227075187386106, 40.190833870949177],
            [-122.227363520718995, 40.190153804283568],
            [-122.227398120718931, 40.190087404283645],
            [-122.227438520718863, 40.190022804283728],
            [-122.227923587384794, 40.189368270951434],
            [-122.22798678738468, 40.189272404284907],
            [-122.228035720717969, 40.189134404285141],
            [-122.228190587384347, 40.188575204285996],
            [-122.228206720717708, 40.188541804286046],
            [-122.228250587384252, 40.188478404286116],
            [-122.228442120717318, 40.188232004286533],
            [-122.228530320717198, 40.188098004286758],
            [-122.228697320716947, 40.187971604286929],
            [-122.228808587383412, 40.187904870953673],
            [-122.228913987383237, 40.187833070953786],
            [-122.229045120716364, 40.187729870953945],
            [-122.229135587382927, 40.187647270954074],
            [-122.229449787382407, 40.187334004287948],
            [-122.229550720715622, 40.187213070954783],
            [-122.229580920715534, 40.187186404288127],
            [-122.229692787382021, 40.187120270954892],
            [-122.229917949881667, 40.18697181366349],
            [-122.230156387381328, 40.186814604288713],
            [-122.231136187379775, 40.186140670956433],
            [-122.231565720712467, 40.185870404290199],
            [-122.231596987379078, 40.185803004290278],
            [-122.23165212071234, 40.185704270957103],
            [-122.231694187378935, 40.185640270957208],
            [-122.231740587378852, 40.185578004290619],
            [-122.23181832071208, 40.185488404290766],
            [-122.231875520711981, 40.185431404290853],
            [-122.232031520711757, 40.185297070957745],
            [-122.23209512071162, 40.185244204291166],
            [-122.232263720711387, 40.185118804291335],
            [-122.232723387377348, 40.184809804291831],
            [-122.232791520710578, 40.184760204291933],
            [-122.232855720710461, 40.184707670958687],
            [-122.232915920710354, 40.184652470958724],
            [-122.232997787376917, 40.184564870958866],
            [-122.233183920709962, 40.184455270959063],
            [-122.233608720709299, 40.184170470959486],
            [-122.233706120709144, 40.184092604292971],
            [-122.233952320708738, 40.183875670959935],
            [-122.234435520708018, 40.183303404294179],
            [-122.234854120707382, 40.182702870961748],
            [-122.234892387373975, 40.182637604295223],
            [-122.235264520706721, 40.181942270962963],
            [-122.235391587373215, 40.181661270963389],
            [-122.235300920706663, 40.18145820429703],
            [-122.235267187373381, 40.181391470963831],
            [-122.235201587373467, 40.181296470963957],
            [-122.235153187373555, 40.181235070964078],
            [-122.235100920706998, 40.181175604297493],
            [-122.235044720707094, 40.18111807096426],
            [-122.234625520707709, 40.18073080429815],
            [-122.234560520707817, 40.180678870964925],
            [-122.234255520708302, 40.180454270965242],
            [-122.234227187374984, 40.180426070965325],
            [-122.234180120708402, 40.180364070965425],
            [-122.234128520708509, 40.180304204298807],
            [-122.234041320708627, 40.180219670965641],
            [-122.232913448835404, 40.179420277216877],
            [-122.231604745712389, 40.17855772305154],
            [-122.230742190505396, 40.177933113677511],
            [-122.230325785297737, 40.177576194928065],
            [-122.229017082174778, 40.17650543763807],
            [-122.228779136341814, 40.176148517846968],
            [-122.228422216550655, 40.175761856389215],
            [-122.228005811342996, 40.175137248056842],
            [-122.227678635301857, 40.174661355349258],
            [-122.227423720718889, 40.173282870976379],
            [-122.227374587385668, 40.173182404309898],
            [-122.227336987385684, 40.173079070976712],
            [-122.227318320719064, 40.173009070976832],
            [-122.227274187385774, 40.172797470977173],
            [-122.227263987385811, 40.172726470977238],
            [-122.22725672071914, 40.172619604310739],
            [-122.227258387385803, 40.172512470977608],
            [-122.227267587385825, 40.172412270977759],
            [-122.227151720719291, 40.172326604311195],
            [-122.22702718738617, 40.172219004311387],
            [-122.226969920719625, 40.172162204311462],
            [-122.226666920720049, 40.171842670978606],
            [-122.226093720720939, 40.17110287097978],
            [-122.225229120722304, 40.170121270981326],
            [-122.224402387390228, 40.169121604316217],
            [-122.223941320724293, 40.168539004317097],
            [-122.223889587391056, 40.16847920431718],
            [-122.223802387391174, 40.168394604317314],
            [-122.223704987391329, 40.168316670984098],
            [-122.223598920724839, 40.168245470984232],
            [-122.22345058739171, 40.168158670984326],
            [-122.223424787391764, 40.168089670984443],
            [-122.223298920725313, 40.167820404318206],
            [-122.223239920725405, 40.167723004318361],
            [-122.223169187392159, 40.167630070985183],
            [-122.22306498739232, 40.167510804318681],
            [-122.22196272072739, 40.166306004320575],
            [-122.221212520728557, 40.165438604321878],
            [-122.221158720728624, 40.165379804322015],
            [-122.22106992072878, 40.165296204322146],
            [-122.221005920728885, 40.1652436043222],
            [-122.220938320728976, 40.165193470988982],
            [-122.220793920729193, 40.165101070989124],
            [-122.220638920729414, 40.165019004322573],
            [-122.220473587396327, 40.164949204322681],
            [-122.220388320729796, 40.164918070989359],
            [-122.220257920730035, 40.164875604322788],
            [-122.220080187396945, 40.164825870989546],
            [-122.219853520730624, 40.164774404322941],
            [-122.21976612073081, 40.164669870989769],
            [-122.219343920731433, 40.164195404323834],
            [-122.218894920732112, 40.163649070991369],
            [-122.21877572073231, 40.16353820432488],
            [-122.218522320732689, 40.163325804325211],
            [-122.218401920732902, 40.163215470992043],
            [-122.217981120733555, 40.162784004325999],
            [-122.217832720733782, 40.162644870992892],
            [-122.217675320734031, 40.162466604326539],
            [-122.217970550941914, 40.162214128285257],
            [-122.217516011359294, 40.161525825161334],
            [-122.217217313443086, 40.161201154328467],
            [-122.216905629068549, 40.161045311620398],
            [-122.216632906152313, 40.160746614745847],
            [-122.215918629070075, 40.160058311621924],
            [-122.215503049904044, 40.159746627247387],
            [-122.215321234279372, 40.159486890789481],
            [-122.215111599904674, 40.159165344956648],
            [-122.214684879072024, 40.158915468915382],
            [-122.214451115530721, 40.158837548082147],
            [-122.214222387406039, 40.158780204332231],
            [-122.214135187406214, 40.158653404332426],
            [-122.214060520739622, 40.158562270999255],
            [-122.213977587406418, 40.158475270999361],
            [-122.213560187407097, 40.158087004333311],
            [-122.212976120741303, 40.157618804334049],
            [-122.212909187408115, 40.157568271000798],
            [-122.211694187409989, 40.156718204335448],
            [-122.21146332074369, 40.156538871002397],
            [-122.21140052074378, 40.156485404335797],
            [-122.211341520743872, 40.156429471002582],
            [-122.211227320744058, 40.156366004336007],
            [-122.211153787410808, 40.156321004336064],
            [-122.211014987411033, 40.156223804336207],
            [-122.210896387411196, 40.156181004336304],
            [-122.210602320745011, 40.156065471003103],
            [-122.210519920745128, 40.156030271003203],
            [-122.21040078741197, 40.15597187100326],
            [-122.2095101207467, 40.155499071003987],
            [-122.20934658741362, 40.155427004337469],
            [-122.209261720747065, 40.155395271004181],
            [-122.20913092074727, 40.155353404337575],
            [-122.208996787414151, 40.15531800433763],
            [-122.20881398741443, 40.155280671004334],
            [-122.208627920748086, 40.155254004337735],
            [-122.208439720748345, 40.155237071004422],
            [-122.208297920748578, 40.155230271004427],
            [-122.208108520748851, 40.155228271004432],
            [-122.207966387415752, 40.155231804337745],
            [-122.207635520749591, 40.155247404337729],
            [-122.207419720749954, 40.155081204337989],
            [-122.20731538741677, 40.155008471004749],
            [-122.207065187417186, 40.154844471004992],
            [-122.20683038741754, 40.154668404338622],
            [-122.205971787418889, 40.154162871006065],
            [-122.205577520752797, 40.153906204339819],
            [-122.205474787419632, 40.153832204339949],
            [-122.205343120753184, 40.153729471006727],
            [-122.205190787420065, 40.15372587100677],
            [-122.205001787420372, 40.153715804340095],
            [-122.204531587421116, 40.153672804340147],
            [-122.204391520754655, 40.153654871006836],
            [-122.204252387421548, 40.153632804340248],
            [-122.203977387421958, 40.153576804340332],
            [-122.20394432075534, 40.153552604340348],
            [-122.203854187422166, 40.153469004340479],
            [-122.203441587422788, 40.153124471007686],
            [-122.203406520756175, 40.153101404341044],
            [-122.202834520757051, 40.152929271007963],
            [-122.202622787424048, 40.152849271008108],
            [-122.202526718674221, 40.152811153299865],
            [-122.202355520757806, 40.152783004341529],
            [-122.202028187424958, 40.15274300434163],
            [-122.201890520758525, 40.152716471008318],
            [-122.201618987425604, 40.152653404341777],
            [-122.201572520759044, 40.152647471008436],
            [-122.201525120759072, 40.152646004341761],
            [-122.201521987425792, 40.152646004341761],
            [-122.200979571801611, 40.153084632466062],
            [-122.197014480141092, 40.152718624133342],
            [-122.192447187439882, 40.153116204341018],
            [-122.188016772863421, 40.154213158506025],
            [-122.183746674953341, 40.154640168922015],
            [-122.181611624956702, 40.154579166838744],
            [-122.17965958016805, 40.153816650173269],
            [-122.177311026005043, 40.152688124133363],
            [-122.175633487465973, 40.150949583511078],
            [-122.174805720800578, 40.149199871013764],
            [-122.173593756219134, 40.148381393931743],
            [-122.172247909346197, 40.147472503308109],
            [-122.170173861432772, 40.146465980393032],
            [-122.168008312477809, 40.14573396372748],
            [-122.16620877081391, 40.145367955394704],
            [-122.164470230191625, 40.145306954353146],
            [-122.162426683319779, 40.145215451228296],
            [-122.160627141655937, 40.145611960602707],
            [-122.158980104158445, 40.146038971018697],
            [-122.157108621869725, 40.146580715809534],
            [-122.156662051037074, 40.146709986642634],
            [-122.155694493746921, 40.146583782476171],
            [-122.155442022913974, 40.14661848455944],
            [-122.154954011456368, 40.14652698143459],
            [-122.153977988541214, 40.146343977268202],
            [-122.153459477083686, 40.146130473101891],
            [-122.152513955210168, 40.145977968935426],
            [-122.15187344062781, 40.145581460602727],
            [-122.151876840627835, 40.145581465811063],
            [-122.150897417712656, 40.145062948103543],
            [-122.148487862508091, 40.144025924146831],
            [-122.146688320844191, 40.142927899148503],
            [-122.145041283346757, 40.14149436581738],
            [-122.14373224584881, 40.139560561653752],
            [-122.143703120848841, 40.139517534570473],
            [-122.143699252098827, 40.139511819987149],
            [-122.143699435432211, 40.139503587695515],
            [-122.143516247932496, 40.138810304363233],
            [-122.143119738558084, 40.138078287697681],
            [-122.14281473230858, 40.137132765824163],
            [-122.141381198977456, 40.134723210619597],
            [-122.140435677103937, 40.132374656456534],
            [-122.14013066981272, 40.129233083544761],
            [-122.13936815210559, 40.125145989801126],
            [-122.13845313127365, 40.123041440846066],
            [-122.13799562085768, 40.122156921055762],
            [-122.137446608358573, 40.120753888766274],
            [-122.137030787525873, 40.120116271058919],
            [-122.136440085443439, 40.118984848144009],
            [-122.135494563569921, 40.117795320020832],
            [-122.134640543779597, 40.116361787731421],
            [-122.134366037530015, 40.115416265857903],
            [-122.134335536488379, 40.114531745025943],
            [-122.13439653857165, 40.113586223152367],
            [-122.134915050029178, 40.112518699195732],
            [-122.135586065653115, 40.111603677322137],
            [-122.136386320860197, 40.110855612739954],
            [-122.136989097942603, 40.110292147115842],
            [-122.138148123982489, 40.109194122117515],
            [-122.138758138564867, 40.108492606493655],
            [-122.139124146897643, 40.107791089828027],
            [-122.139124146897643, 40.106723565871391],
            [-122.139124146897643, 40.105534037748214],
            [-122.138544633356844, 40.104405511708308],
            [-122.136989097942603, 40.103215984626843],
            [-122.134610042737961, 40.101995956503742],
            [-122.132810501074061, 40.101050434630167],
            [-122.131437969826209, 40.100287916923037],
            [-122.130315587536302, 40.099285004424587],
            [-122.130319576077966, 40.099267347132923],
            [-122.129668929203945, 40.095895815888184],
            [-122.12924940316293, 40.093498522141886],
            [-122.127978720873273, 40.090807804437759],
            [-122.127411877124132, 40.089978679439014],
            [-122.12634435316744, 40.088697650274355],
            [-122.12545983233548, 40.088087636733633],
            [-122.123812794838045, 40.087111613818479],
            [-122.122104755257396, 40.086318595069713],
            [-122.120823725051025, 40.085800083612185],
            [-122.120356895885095, 40.085622244029139],
            [-122.119542695886366, 40.085312072154636],
            [-122.118048161513684, 40.08461055653072],
            [-122.116828133390584, 40.083848038823533],
            [-122.116187618808226, 40.08293301799165],
            [-122.116065615683397, 40.081987496118131],
            [-122.116187618808226, 40.080584463828643],
            [-122.116309621933055, 40.079333934663907],
            [-122.116645129224196, 40.078693420081549],
            [-122.11749914901452, 40.078388412790332],
            [-122.118749678179256, 40.077839400291225],
            [-122.119695200052774, 40.077656396124837],
            [-122.121372738591845, 40.076832877376091],
            [-122.123751792754831, 40.075368843003389],
            [-122.12423980421238, 40.074514823213065],
            [-122.12457531150352, 40.07363030342276],
            [-122.124819317753179, 40.072593279466048],
            [-122.124758315669908, 40.072593279466048],
            [-122.124727815669985, 40.071556255509279],
            [-122.124483809420326, 40.070549732594202],
            [-122.123751792754831, 40.069695712803878],
            [-122.122714768798119, 40.068841693013496],
            [-122.121860749007737, 40.068414683639162],
            [-122.119481694844751, 40.067530162807202],
            [-122.11762115213935, 40.066981150308038],
            [-122.116035115683474, 40.066249133642543],
            [-122.115120093809878, 40.065090106561001],
            [-122.114327076102768, 40.063260064897179],
            [-122.112893542771644, 40.061582526358109],
            [-122.111367234440706, 40.060261139901854],
            [-122.110136187567605, 40.06006647115214],
            [-122.110270482359056, 40.05819694823839],
            [-122.110293589650723, 40.058035199280312],
            [-122.110636490691832, 40.05563488886736],
            [-122.11081949485822, 40.053591341995514],
            [-122.11124650527421, 40.052340812830778],
            [-122.111734516731815, 40.051547795123668],
            [-122.112649537563698, 40.050510771166955],
            [-122.113107047979668, 40.049717752418189],
            [-122.113093711521344, 40.049716908668188],
            [-122.113778063603604, 40.048467224295109],
            [-122.113898301103461, 40.046032406590598],
            [-122.113930566728413, 40.046088169090467],
            [-122.114083069853166, 40.045325651383337],
            [-122.114134187561433, 40.044325271176547],
            [-122.114466387560924, 40.043619071177659],
            [-122.114522720894115, 40.04333667117811],
            [-122.11454292089411, 40.043267004511563],
            [-122.114618520893998, 40.043060604511879],
            [-122.114648987560599, 40.04299300451197],
            [-122.11468298756057, 40.042931604512034],
            [-122.114693387560521, 40.042717604512404],
            [-122.114704720893883, 40.04264667117917],
            [-122.114715387560523, 40.042612004512534],
            [-122.114742387560455, 40.042543471179329],
            [-122.115022787560008, 40.04197487118023],
            [-122.115086587559915, 40.041879271180335],
            [-122.11528292089298, 40.04163520451408],
            [-122.115335387559526, 40.041575804514139],
            [-122.115392787559472, 40.041519071180915],
            [-122.115486920892636, 40.041439004514359],
            [-122.115589320892468, 40.041364804514501],
            [-122.11566178755902, 40.041318871181204],
            [-122.115687120892346, 40.0412894045146],
            [-122.11577538755887, 40.041163004514829],
            [-122.115888120892009, 40.040928071181838],
            [-122.115929587558639, 40.040864004515242],
            [-122.116130387558314, 40.040580671182397],
            [-122.116383320891259, 40.040157804516355],
            [-122.116602120890889, 40.039762604516966],
            [-122.11681218755723, 40.039364671184273],
            [-122.116940920890386, 40.03909627118469],
            [-122.117249520889914, 40.038234804519334],
            [-122.11733278755645, 40.038030004519669],
            [-122.11748618755621, 40.037580671187015],
            [-122.117942987555523, 40.03652927118867],
            [-122.117972587555471, 40.036424671188854],
            [-122.118003987555426, 40.036239271189118],
            [-122.11804598755532, 40.036137071189273],
            [-122.118066320888659, 40.036067271189381],
            [-122.118196120888456, 40.035468471190313],
            [-122.118292387554959, 40.034938071191164],
            [-122.118449787554709, 40.034234071192202],
            [-122.11852652088794, 40.033735471192983],
            [-122.118553587554572, 40.033667071193122],
            [-122.118575187554541, 40.033597604526562],
            [-122.118658987554397, 40.033246404527119],
            [-122.118701120887636, 40.032711871194579],
            [-122.11871678755432, 40.032605471194756],
            [-122.118931587553959, 40.031764404529383],
            [-122.119145787553634, 40.03070580453101],
            [-122.119176187553592, 40.030457004531399],
            [-122.119266987553431, 40.029245404533299],
            [-122.119267920886784, 40.028995471200346],
            [-122.11925572088677, 40.028353004534665],
            [-122.119222587553509, 40.028032804535201],
            [-122.1191951208869, 40.027891471202054],
            [-122.119186187553566, 40.027820471202176],
            [-122.119173120886899, 40.027678004535744],
            [-122.119167720886935, 40.027535271202623],
            [-122.119222720886853, 40.027144871203234],
            [-122.119267920886784, 40.026933404536919],
            [-122.119294987553417, 40.026720271203885],
            [-122.119302787553409, 40.026613404537386],
            [-122.119304720886703, 40.026542004537475],
            [-122.11930172088671, 40.026470604537622],
            [-122.119278587553424, 40.026257204537956],
            [-122.119211920886869, 40.025473471205828],
            [-122.119209187553508, 40.025402071205917],
            [-122.119210920886871, 40.025330671206063],
            [-122.1192169875535, 40.025295404539463],
            [-122.119275320886743, 40.025013204539846],
            [-122.119303787553406, 40.024908271206698],
            [-122.119308787553393, 40.024872871206753],
            [-122.119319120886701, 40.024730271206977],
            [-122.119320120886698, 40.024516204540646],
            [-122.119304987553392, 40.024373871207558],
            [-122.119261587553467, 40.024198471207797],
            [-122.119201187553529, 40.023808471208383],
            [-122.119167920886923, 40.023488204542218],
            [-122.119084520887043, 40.023136871209431],
            [-122.119070987553755, 40.023066204542886],
            [-122.119014120887186, 40.022640071210219],
            [-122.118960587553943, 40.022034604544501],
            [-122.118893987554031, 40.021624804545127],
            [-122.118732987554267, 40.020994004546139],
            [-122.118639920887745, 40.02057147121343],
            [-122.118587920887819, 40.020360871213768],
            [-122.118553987554549, 40.020257004547261],
            [-122.118240520888378, 40.019396604548604],
            [-122.118205787555098, 40.01933020454868],
            [-122.118011920888705, 40.019004671215839],
            [-122.117455387556276, 40.018019671217417],
            [-122.116844787557227, 40.017092871218836],
            [-122.1167975208906, 40.017031071218923],
            [-122.116745387557387, 40.016971604552339],
            [-122.116139787558325, 40.01637760455327],
            [-122.116029120891824, 40.016261871220138],
            [-122.115821987558775, 40.016023004553801],
            [-122.115534720892583, 40.015739604554255],
            [-122.11547452089269, 40.015684471220993],
            [-122.114896520893581, 40.015165471221849],
            [-122.114833720893671, 40.015112204555237],
            [-122.11476578756043, 40.015062471221995],
            [-122.114337787561112, 40.014781404555777],
            [-122.11422652089459, 40.014715004555853],
            [-122.1141605208947, 40.014680271222574],
            [-122.114104920894817, 40.014581871222731],
            [-122.114061587561537, 40.014518404556156],
            [-122.113987520894966, 40.014427071222997],
            [-122.113931987561728, 40.014369271223075],
            [-122.113301387562728, 40.013790271223968],
            [-122.112987787563213, 40.013477071224429],
            [-122.112594787563808, 40.013120404558322],
            [-122.112184720897744, 40.012774871225531],
            [-122.111816320898356, 40.012403471226094],
            [-122.111355787565742, 40.01199640456008],
            [-122.111182920899353, 40.011826604560326],
            [-122.110136120900961, 40.010906071228419],
            [-122.109883587567992, 40.010647471228822],
            [-122.109254120902335, 40.010022804563164],
            [-122.109012787569384, 40.009758271230226],
            [-122.108863120902924, 40.009576404563859],
            [-122.108731787569809, 40.00942807123073],
            [-122.107659332363141, 40.008792963940039],
            [-122.107183438613845, 40.008465787898899],
            [-122.106112682365506, 40.007811435816564],
            [-122.105904479240849, 40.00659196290178],
            [-122.105874735490886, 40.006294529568947],
            [-122.105937939657451, 40.006081717069264],
            [-122.106427182365053, 40.004766920196289],
            [-122.106423674031703, 40.004759123321321],
            [-122.106425783406735, 40.004749983738009],
            [-122.10643131986501, 40.004725992071371],
            [-122.10673561673957, 40.003407369156719],
            [-122.107671446946426, 40.002020954575585],
            [-122.108770549028065, 40.00043014936972],
            [-122.108988540694384, 40.000114634786883],
            [-122.109647087568362, 39.999456087912904],
            [-122.109889709442996, 39.998554919164292],
            [-122.10989735110968, 39.99855392020595],
            [-122.110305634442341, 39.99664859937559],
            [-122.110340294858986, 39.995158203544577],
            [-122.110063011526051, 39.994153053546086],
            [-122.109713104234913, 39.992935046256321],
            [-122.10924197090236, 39.992449635840444],
            [-122.108071276112469, 39.991764351466486],
            [-122.107170107363913, 39.99159104938343],
            [-122.1063494750735, 39.991536341050164],
            [-122.105387243824964, 39.991707244174904],
            [-122.103859630285683, 39.992007055632769],
            [-122.103374219869806, 39.991964226466166],
            [-122.102299091746431, 39.991830809799694],
            [-122.101644587580779, 39.991836919174716],
            [-122.101646717789151, 39.991882184799636],
            [-122.101624600080811, 39.99185690771634],
            [-122.099425961542579, 39.991776956674812],
            [-122.097647062586987, 39.991577080633419],
            [-122.096506514672114, 39.991242781675624],
            [-122.096507768838762, 39.991237291050652],
            [-122.095228560507451, 39.990197934802268],
            [-122.095088646965962, 39.989778194177916],
            [-122.09396933967605, 39.987359692098323],
            [-122.093369711551986, 39.985121077518443],
            [-122.093407226135241, 39.983114033771585],
            [-122.093302520927068, 39.982714604605519],
            [-122.093296187593751, 39.982679271272275],
            [-122.093252320927149, 39.98239560460604],
            [-122.093245320927167, 39.982324404606118],
            [-122.093244187593825, 39.981896071273468],
            [-122.093234520927183, 39.981753604607036],
            [-122.09312218759402, 39.981188604607894],
            [-122.093160787593945, 39.981085804608085],
            [-122.093192720927277, 39.980981471274902],
            [-122.093200920927245, 39.980874604608402],
            [-122.093197187593887, 39.980731871275282],
            [-122.093176920927249, 39.98058987127547],
            [-122.093006320927543, 39.979851404609974],
            [-122.09299612092758, 39.979708871276841],
            [-122.092999187594216, 39.979352604610767],
            [-122.093089387594091, 39.97927007127754],
            [-122.093146187594016, 39.979213004610983],
            [-122.093250720927188, 39.97909400461117],
            [-122.093319787593714, 39.979000471277971],
            [-122.093491120926785, 39.978746004611708],
            [-122.093510587593414, 39.978713604611755],
            [-122.093569120926645, 39.978577804611973],
            [-122.093629187593251, 39.978368604612285],
            [-122.093739387593075, 39.977659671280037],
            [-122.093750920926368, 39.977553004613526],
            [-122.093762520926362, 39.977267604613985],
            [-122.09375658759302, 39.976411271281961],
            [-122.093746320926414, 39.976304471282162],
            [-122.093746387593058, 39.975983404615988],
            [-122.09383092092628, 39.975380004616909],
            [-122.094018120925966, 39.974644004618085],
            [-122.094037520925951, 39.974502071284917],
            [-122.094059520925896, 39.973360004620076],
            [-122.094056720925892, 39.973253004620233],
            [-122.094029787592603, 39.972896804620746],
            [-122.093947587592766, 39.972149804621949],
            [-122.093939387592741, 39.972078604622027],
            [-122.093900720926172, 39.971866471289047],
            [-122.093891520926149, 39.97179547128917],
            [-122.093881187592842, 39.97126020462332],
            [-122.09387552092619, 39.971189004623398],
            [-122.093637787593252, 39.969701004625733],
            [-122.09362592092657, 39.969630204625844],
            [-122.093608720926625, 39.969560004625976],
            [-122.093562187593363, 39.969421604626177],
            [-122.093555267801662, 39.968935377543573],
            [-122.093452898010185, 39.968890869210327],
            [-122.092672458428069, 39.968643350460695],
            [-122.092405959470113, 39.968557690044179],
            [-122.092177530303843, 39.968367333794447],
            [-122.091102014680473, 39.967320370254413],
            [-122.090597568847954, 39.966796889005252],
            [-122.090273961556761, 39.96640665775584],
            [-122.09015974801531, 39.96620678275616],
            [-122.090064569890444, 39.965930765048256],
            [-122.089931319890638, 39.96567378379865],
            [-122.089474462599696, 39.965321623382522],
            [-122.088713035517515, 39.964826695258296],
            [-122.088389429268034, 39.964750552550072],
            [-122.088018233435264, 39.964712481716788],
            [-122.087647036560838, 39.964769587966714],
            [-122.087485233436098, 39.964798142133361],
            [-122.087313912603065, 39.964798142133361],
            [-122.087123555311678, 39.964807659841654],
            [-122.086711728228977, 39.964773221300049],
            [-122.086449848021061, 39.964722236925127],
            [-122.085610218855663, 39.964398392133944],
            [-122.084924933440107, 39.96412237442604],
            [-122.084753612607017, 39.964065268176171],
            [-122.084420487607531, 39.964103339009398],
            [-122.083992184483179, 39.964236589009204],
            [-122.083782792816862, 39.964265142134195],
            [-122.083287864692636, 39.964208035884269],
            [-122.082859561568284, 39.964027196301231],
            [-122.08242174073564, 39.963836840051499],
            [-122.082114387611114, 39.963624004635165],
            [-122.081622241778518, 39.963059945261023],
            [-122.081508027195412, 39.962869589011348],
            [-122.081441403237136, 39.962698267136602],
            [-122.081384295945554, 39.962498393178578],
            [-122.081365259487256, 39.962250928595608],
            [-122.081346224070614, 39.962051053595928],
            [-122.081327188654029, 39.961822625471314],
            [-122.081237958445797, 39.961226571305531],
            [-122.081261753237413, 39.960863702556139],
            [-122.081273651154106, 39.960411605681827],
            [-122.081147151154255, 39.959143586933806],
            [-122.079998568864426, 39.957066361936995],
            [-122.078141285533945, 39.954427066107769],
            [-122.078153658450617, 39.954426554649444],
            [-122.077359271993487, 39.953351796317747],
            [-122.076894951160909, 39.951958834861614],
            [-122.076503943869795, 39.949466165073829],
            [-122.076699448036209, 39.94660692653656],
            [-122.077310395951883, 39.945091775497247],
            [-122.077568751159845, 39.944583430706359],
            [-122.077723415742923, 39.944404971331664],
            [-122.078104129283986, 39.944083744248815],
            [-122.078484842825105, 39.94384579841585],
            [-122.07949611365683, 39.943429392166536],
            [-122.080007698031068, 39.943215241125188],
            [-122.080662050113347, 39.943001089042184],
            [-122.082089726152844, 39.942560889042852],
            [-122.084611955315552, 39.941989818210402],
            [-122.085347898022746, 39.941720400502504],
            [-122.085839234480318, 39.941279457794849],
            [-122.087378824061261, 39.939764305713879],
            [-122.089211669891768, 39.938053650508209],
            [-122.090164749056953, 39.936978380718188],
            [-122.090165638640258, 39.936969782801555],
            [-122.090702383431108, 39.936269680719306],
            [-122.091292587596854, 39.935166471346008],
            [-122.091412920929997, 39.935056404679528],
            [-122.09160138759637, 39.934896471346406],
            [-122.092055787595655, 39.934485804680378],
            [-122.092193520928788, 39.934340871347274],
            [-122.092279720928673, 39.934255871347432],
            [-122.09254898759491, 39.933962671347842],
            [-122.092600720928147, 39.93390300468127],
            [-122.092646320928111, 39.933840471348049],
            [-122.092834720927783, 39.933513204681901],
            [-122.092897587594393, 39.933417271348731],
            [-122.093065720927427, 39.933245004682306],
            [-122.093219787593853, 39.933109804682545],
            [-122.093302387593724, 39.933022871349351],
            [-122.093695587593118, 39.932577604683331],
            [-122.093913720926139, 39.932301871350433],
            [-122.094159987592434, 39.932040271350843],
            [-122.094483387591936, 39.931688471351379],
            [-122.094602720925081, 39.931534471351654],
            [-122.094753320924838, 39.931312204685298],
            [-122.094985987591144, 39.930844471352714],
            [-122.095013320924409, 39.930776071352795],
            [-122.095193187590837, 39.930258271353637],
            [-122.095202387590803, 39.930223271353668],
            [-122.095212120924089, 39.930152271353791],
            [-122.095259187590727, 39.929761404687724],
            [-122.095272320924039, 39.929511804688104],
            [-122.095268987590714, 39.929404804688261],
            [-122.095217720924097, 39.929050004688804],
            [-122.095106387590931, 39.928666471356109],
            [-122.095060520924335, 39.928565271356263],
            [-122.095021320924388, 39.928500404689657],
            [-122.094898387591286, 39.928307404689974],
            [-122.094704120924916, 39.928062604690354],
            [-122.094652520924967, 39.928002871357137],
            [-122.09445272092529, 39.927803871357412],
            [-122.094087787592514, 39.927476271357932],
            [-122.094022587592633, 39.927424804691327],
            [-122.09365852092651, 39.927197471358397],
            [-122.093248120927171, 39.926957071358743],
            [-122.093209387593902, 39.926936804692104],
            [-122.093125387594, 39.926904204692164],
            [-122.092696187594697, 39.926755404692415],
            [-122.092083787595641, 39.926567804692695],
            [-122.091215580305345, 39.926030186985201],
            [-122.090262500098447, 39.925468114069361],
            [-122.090250166765145, 39.925479180736033],
            [-122.09023806259853, 39.925443676569444],
            [-122.088502969892886, 39.924221779696325],
            [-122.08698781781186, 39.923244263031165],
            [-122.085765920938798, 39.92248668699068],
            [-122.085070086564883, 39.922277935949353],
            [-122.085081658439833, 39.92226674532435],
            [-122.084374587607613, 39.921370271367437],
            [-122.084396587607557, 39.921339004700769],
            [-122.084530720940677, 39.92107207136786],
            [-122.084567920940628, 39.921006471368003],
            [-122.084611720940586, 39.92094327136806],
            [-122.084912920940099, 39.920539071368694],
            [-122.084965587606689, 39.920479871368798],
            [-122.085380587606039, 39.920046071369484],
            [-122.085821819897035, 39.9191615474125],
            [-122.086190636563117, 39.918697552621552],
            [-122.086797399062164, 39.918090790122505],
            [-122.087582620935962, 39.917472129706823],
            [-122.087880053227138, 39.917115210957377],
            [-122.088094205310142, 39.916817777624487],
            [-122.088724762600862, 39.915961172417497],
            [-122.089373264683161, 39.915037092210582],
            [-122.089885943849026, 39.914084973462082],
            [-122.091570460513083, 39.91236383700641],
            [-122.092302859470294, 39.911961017215333],
            [-122.092559199053255, 39.911558198465968],
            [-122.092998638635891, 39.910825799508757],
            [-122.093116720927355, 39.910444004717704],
            [-122.093104920927374, 39.910409471384412],
            [-122.093057120927483, 39.910308671384598],
            [-122.093032520927522, 39.910239804718003],
            [-122.093015787594197, 39.910169471384791],
            [-122.093004720927524, 39.910075204718282],
            [-122.092569720928225, 39.909729404718803],
            [-122.092434320928419, 39.909630004718963],
            [-122.092103920928935, 39.909428204719291],
            [-122.092026120929063, 39.909387671386014],
            [-122.091866587595973, 39.90931140471946],
            [-122.091791387596118, 39.909268271386225],
            [-122.091719920929563, 39.909221604719619],
            [-122.090923787597433, 39.908612604720531],
            [-122.090495320931439, 39.908332471387666],
            [-122.089328520933236, 39.907552404722196],
            [-122.088712987600843, 39.90710947138956],
            [-122.088164187601706, 39.906771271390085],
            [-122.087372187602966, 39.906209671390968],
            [-122.087085787603371, 39.906023604724567],
            [-122.086889987603683, 39.905924071391382],
            [-122.086320920937908, 39.905669871391808],
            [-122.08620392093809, 39.905609604725214],
            [-122.085886587605273, 39.90545480472548],
            [-122.085805387605376, 39.905418271392193],
            [-122.085556120939088, 39.905316804725658],
            [-122.085275773022886, 39.905202953684181],
            [-122.082459641777234, 39.904413647435376],
            [-122.081174732404236, 39.903973447436101],
            [-122.079877926156257, 39.903104944312418],
            [-122.078509736575029, 39.902498181813371],
            [-122.077629335534766, 39.902081775564],
            [-122.077046367827336, 39.901891419314325],
            [-122.076534783453098, 39.901820034939419],
            [-122.075773356370973, 39.901760548481207],
            [-122.075178490746907, 39.901689165147957],
            [-122.074029759498671, 39.901250657856963],
            [-122.073134187625044, 39.900797471399358],
            [-122.072362520959587, 39.900386471399997],
            [-122.07177418762717, 39.900028271400515],
            [-122.071497187627585, 39.899834271400834],
            [-122.071063187628283, 39.899506404734666],
            [-122.070141120963058, 39.89889407140231],
            [-122.069954187630003, 39.898760604735855],
            [-122.06878418763182, 39.897829004737275],
            [-122.068019787632977, 39.897149204738355],
            [-122.067791387633349, 39.896921871405368],
            [-122.067364320967329, 39.896450871406103],
            [-122.067307587634104, 39.89639387140619],
            [-122.066561720968593, 39.895749271407169],
            [-122.0663593209689, 39.895551871407463],
            [-122.066309787635646, 39.895491071407605],
            [-122.066265320969023, 39.895428071407707],
            [-122.066035987636042, 39.89507587140821],
            [-122.065264120970596, 39.894178204742957],
            [-122.064861720971237, 39.893653204743771],
            [-122.064529520971746, 39.893101004744608],
            [-122.064495520971775, 39.893034404744753],
            [-122.06340168764018, 39.891612058913609],
            [-122.062997259515782, 39.890367665165513],
            [-122.062810600141063, 39.889185491209048],
            [-122.062779490766104, 39.887132240170558],
            [-122.064241653263878, 39.882963519343718],
            [-122.065233899095631, 39.881475150596032],
            [-122.067912616799845, 39.877457075602251],
            [-122.068037055341279, 39.876181571437542],
            [-122.067477078258833, 39.875590483938481],
            [-122.066854881384813, 39.875186055814083],
            [-122.065859365761355, 39.874781627689742],
            [-122.064770520971365, 39.874594969356679],
            [-122.063277248057034, 39.874532749565105],
            [-122.061846194934219, 39.874626078731637],
            [-122.060104042853595, 39.874750518314784],
            [-122.058517440772732, 39.874283870398813],
            [-122.056619738692348, 39.874346090190386],
            [-122.050771086618113, 39.87512383602251],
            [-122.048624506413091, 39.875186055814083],
            [-122.046322377250021, 39.874408309981959],
            [-122.045544631417897, 39.873506124566688],
            [-122.045482411626324, 39.872261729776994],
            [-122.045980168917197, 39.870488468321412],
            [-122.04731789287348, 39.868652987074256],
            [-122.050550091826778, 39.866132465203179],
            [-122.05070886682654, 39.866008649578362],
            [-122.054566488695514, 39.864577595413891],
            [-122.057801913690525, 39.86180881833485],
            [-122.059824054312401, 39.859506689171781],
            [-122.061109828268741, 39.856595265217948],
            [-122.06136714910167, 39.855315983969945],
            [-122.061597315767983, 39.854280233971565],
            [-122.061597315767983, 39.852973620431897],
            [-122.061317327226732, 39.852102544391585],
            [-122.061068448060439, 39.851449237100951],
            [-122.060695130352713, 39.850858149601891],
            [-122.0602595918117, 39.850142623561283],
            [-122.059481845979576, 39.848276031897512],
            [-122.060041823062022, 39.845942793359484],
            [-122.061877304309178, 39.844636178778217],
            [-122.062935039724209, 39.844107312112328],
            [-122.064397202221926, 39.84292513711415],
            [-122.065143839720804, 39.842427379823278],
            [-122.065952695969543, 39.841462973574778],
            [-122.066574892843562, 39.840249689201642],
            [-122.066885990759772, 39.839596382952664],
            [-122.067041540759533, 39.83863197774582],
            [-122.067259309509154, 39.837263143372979],
            [-122.067504709508796, 39.836160503791348],
            [-122.068018673049664, 39.834818488168423],
            [-122.067885423049859, 39.834295006919263],
            [-122.067694847008511, 39.833747729836773],
            [-122.067197089717581, 39.833249972545843],
            [-122.066637112635135, 39.832658885046783],
            [-122.06601491471946, 39.831912248589617],
            [-122.065401028262045, 39.831944575672878],
            [-122.064658635554849, 39.831839878798064],
            [-122.064020940764181, 39.831678075673324],
            [-122.06329758451534, 39.831373504840428],
            [-122.062469531391628, 39.831202182965683],
            [-122.061670032434506, 39.831145076715814],
            [-122.060965712643963, 39.831049897549292],
            [-122.060480302228029, 39.830964237132719],
            [-122.060185249103483, 39.830802434007978],
            [-122.059709357437555, 39.830412202758623],
            [-122.058474277231142, 39.828935670469207],
            [-122.057770803273911, 39.828272395470265],
            [-122.056899728275255, 39.827805747554294],
            [-122.054903320986682, 39.826690804847715],
            [-122.053819852238348, 39.826032486098711],
            [-122.053259875155902, 39.82531696005816],
            [-122.052858730364846, 39.824552382976037],
            [-122.053135439739435, 39.823024112145049],
            [-122.053736751196823, 39.821480498605808],
            [-122.054105567862905, 39.821028401731496],
            [-122.054664740778719, 39.820469227774026],
            [-122.055735498068714, 39.819695902775209],
            [-122.056352837651104, 39.819477027775577],
            [-122.057044202233385, 39.81923190798426],
            [-122.05805547306511, 39.819148626734432],
            [-122.058471878272826, 39.818934475693084],
            [-122.059337187646463, 39.81831787152737],
            [-122.060570690769566, 39.817632825695114],
            [-122.062095073058856, 39.816419541321977],
            [-122.062993987640766, 39.815531004865022],
            [-122.063731120972989, 39.815146204865641],
            [-122.063949387639298, 39.815010071532527],
            [-122.063983920972589, 39.814985671532554],
            [-122.064237987638876, 39.814775004866192],
            [-122.064737520971391, 39.814444471533363],
            [-122.064874720971204, 39.81429960486696],
            [-122.065030387637648, 39.814120871533873],
            [-122.065050387637598, 39.814088804867254],
            [-122.065155587637435, 39.813890071534274],
            [-122.065194120970716, 39.813808671534389],
            [-122.065505555345226, 39.813214171535321],
            [-122.065624528261708, 39.812892944452472],
            [-122.065636426178344, 39.812524127786389],
            [-122.065612631386728, 39.812286181953425],
            [-122.065517453261862, 39.811917365287286],
            [-122.065338992845511, 39.811536651746223],
            [-122.065124841804163, 39.811263014246663],
            [-122.064910690762815, 39.811096451746891],
            [-122.064327722013729, 39.810763326747406],
            [-122.063375937640217, 39.810299331956514],
            [-122.06201397097567, 39.809546772582678],
            [-122.061538587643042, 39.809242604874783],
            [-122.061505987643102, 39.809216804874836],
            [-122.061357520976685, 39.809078404875038],
            [-122.061245320976866, 39.808963804875248],
            [-122.061214920976909, 39.808936404875283],
            [-122.061148520976985, 39.808885804875331],
            [-122.06111258764372, 39.808862671542045],
            [-122.061036520977154, 39.808820471542106],
            [-122.060709387644351, 39.80867840487565],
            [-122.060678720977705, 39.808653204875725],
            [-122.060562320977908, 39.808497871542613],
            [-122.060012387645429, 39.807832271543646],
            [-122.05998492097882, 39.807803404877006],
            [-122.059708920979233, 39.807559471544096],
            [-122.059678120979299, 39.807532404877463],
            [-122.059643320979319, 39.807508404877467],
            [-122.058954587647065, 39.807075004878186],
            [-122.058722320980735, 39.806953004878324],
            [-122.05860172098096, 39.806897071545109],
            [-122.058517787647759, 39.806864471545168],
            [-122.058431387647886, 39.806835871545218],
            [-122.058342920981318, 39.806811404878545],
            [-122.058252587648155, 39.806790871545275],
            [-122.057801913690525, 39.806339948629272],
            [-122.05655751994243, 39.805593312172107],
            [-122.053654987655307, 39.8036906715501],
            [-122.052662120990135, 39.803035004884407],
            [-122.050298439743813, 39.799580965306461],
            [-122.049261590787125, 39.798659321557864],
            [-122.04925310120376, 39.798660849682904],
            [-122.047360701206742, 39.797276855935024],
            [-122.046032350167138, 39.796367984061419],
            [-122.045497790792922, 39.795744322604094],
            [-122.045142996001857, 39.795087952813446],
            [-122.044143785586698, 39.793985628856831],
            [-122.04366789392077, 39.793623950732353],
            [-122.042697073088959, 39.793052879899903],
            [-122.041878538715252, 39.792862522608573],
            [-122.041136147049713, 39.792805416358647],
            [-122.040374719967588, 39.792767344483707],
            [-122.039462521010648, 39.792592204900643],
            [-122.03878918767839, 39.79248840490078],
            [-122.038723673095149, 39.792501051775787],
            [-122.035438526225221, 39.791004485111444],
            [-122.033319318936833, 39.790112187196144],
            [-122.032218076230208, 39.789446852822209],
            [-122.03153472310629, 39.7890339944895],
            [-122.03064242519099, 39.788364770532212],
            [-122.029898843942135, 39.787249398658957],
            [-122.029303978318069, 39.786171204910602],
            [-122.029006546026892, 39.78483275803768],
            [-122.028448859569437, 39.781746894500827],
            [-122.028448859569437, 39.779627687212439],
            [-122.028448859569437, 39.778289240339518],
            [-122.02803988977837, 39.776244391384353],
            [-122.028300142902992, 39.773493139305288],
            [-122.028969366860281, 39.770555992434822],
            [-122.02934115748468, 39.768659859104446],
            [-122.029043725193503, 39.766949621607125],
            [-122.027928352278536, 39.765685533067426],
            [-122.026515548114105, 39.76460733931907],
            [-122.024768131450116, 39.763863758070215],
            [-122.02275227311992, 39.76320251223791],
            [-122.022438183537076, 39.763116850779738],
            [-122.021648202288304, 39.763078779946454],
            [-122.020953400206054, 39.763126369529687],
            [-122.019906437707675, 39.763231065362902],
            [-122.019354402291867, 39.76321202994626],
            [-122.019125974167196, 39.763154922654678],
            [-122.018431724168295, 39.76289416223841],
            [-122.018150255418732, 39.76271120703035],
            [-122.015974587713799, 39.761112271616184],
            [-122.014677587715767, 39.76078847161665],
            [-122.013703187717283, 39.760521471617096],
            [-122.013614721050772, 39.76049700495048],
            [-122.011952387720044, 39.759994471617915],
            [-122.011327321054296, 39.759835204951457],
            [-122.009800921056694, 39.759363604952227],
            [-122.009331187724115, 39.759198004952452],
            [-122.00850638772539, 39.758853004952982],
            [-122.008376787725581, 39.758810471619768],
            [-122.00811058772598, 39.758738471619836],
            [-122.007809321059767, 39.758631271620004],
            [-122.007412787727048, 39.758438671620297],
            [-122.007142987727491, 39.758295071620523],
            [-122.005201387730494, 39.757163671622322],
            [-122.005123987730599, 39.757123004955702],
            [-122.004722587731237, 39.756936404955979],
            [-122.004106121065547, 39.756607871623146],
            [-122.003720921066133, 39.756392271623497],
            [-122.003110121067095, 39.755999871624113],
            [-122.003004721067214, 39.755928604957546],
            [-122.002763721067595, 39.755758204957829],
            [-122.001777121069154, 39.754991671625646],
            [-122.001653321069341, 39.754884204959183],
            [-122.00158672106943, 39.754833804959219],
            [-122.000553721071071, 39.754103204960359],
            [-122.000486987737816, 39.754052804960452],
            [-122.000391921071298, 39.75397367162725],
            [-121.999702187739047, 39.753487671628022],
            [-121.999209121073136, 39.753155871628508],
            [-121.998865187740307, 39.752912004962241],
            [-121.998505587740908, 39.752681671629261],
            [-121.998371787741121, 39.752581204962723],
            [-121.998021521074975, 39.752292004963181],
            [-121.997727321075445, 39.75201327163029],
            [-121.997223321076206, 39.751496671631116],
            [-121.996883187743435, 39.751200604964879],
            [-121.996297987744299, 39.750735671632299],
            [-121.995788987745129, 39.750364404966206],
            [-121.995336321079151, 39.750001071633392],
            [-121.995273987745918, 39.749947471633504],
            [-121.994902507538143, 39.749597709134036],
            [-121.99450533462209, 39.749376653926049],
            [-121.993020550249412, 39.74907208309321],
            [-121.991231196085494, 39.74833920913602],
            [-121.990012911712427, 39.747530191428893],
            [-121.989156305463723, 39.746778282055061],
            [-121.98898498463069, 39.7462548008059],
            [-121.988918359630759, 39.745874087264838],
            [-121.98898498463069, 39.745303016432388],
            [-121.989023055463917, 39.744693874766654],
            [-121.989004020047332, 39.74437978518381],
            [-121.988918359630759, 39.743999071642747],
            [-121.988623587756251, 39.742969204977669],
            [-121.987752126299256, 39.741066386230614],
            [-121.98709777421692, 39.739817169565868],
            [-121.986562396092779, 39.738924871650624],
            [-121.98619357942664, 39.738294314359905],
            [-121.98593183880206, 39.737925497693823],
            [-121.9852855752614, 39.737288611236465],
            [-121.984408983596097, 39.736414539362841],
            [-121.983968783596765, 39.735950544571892],
            [-121.983171663806331, 39.735034452906632],
            [-121.982731463807056, 39.734618046657317],
            [-121.981946241933258, 39.733856619575135],
            [-121.981363273184172, 39.73327365082605],
            [-121.980650209643613, 39.732778175826809],
            [-121.980027813811262, 39.732375449785764],
            [-121.978827799229748, 39.73195194041142],
            [-121.978006885689354, 39.731785377911706],
            [-121.976626798191489, 39.731678301870204],
            [-121.975234812776989, 39.731630712286915],
            [-121.974473385694864, 39.731630712286915],
            [-121.972140921115169, 39.731881557078225],
            [-121.970507494034337, 39.731970329994738],
            [-121.966780390915119, 39.733307225825968],
            [-121.963336871128831, 39.734968217490064],
            [-121.960257959675232, 39.736021528946765],
            [-121.958479612803046, 39.735803266447135],
            [-121.958050706553706, 39.735216341448051],
            [-121.957599226346076, 39.734065067491485],
            [-121.957012301346936, 39.733116958117932],
            [-121.956447951347855, 39.7322817195776],
            [-121.956140896139971, 39.731754214370085],
            [-121.955776218015558, 39.730898502913078],
            [-121.955747663848911, 39.730498753955374],
            [-121.955848250307099, 39.729325600832169],
            [-121.956064193015095, 39.728128100834056],
            [-121.956284324264743, 39.727312321668649],
            [-121.956704207597454, 39.725173519588623],
            [-121.956804145097294, 39.724231252923403],
            [-121.956718483639065, 39.723817226882375],
            [-121.956504332597774, 39.723446031049662],
            [-121.956147413848328, 39.722989174800318],
            [-121.955776218015558, 39.722803576883962],
            [-121.954935491975164, 39.722349152926313],
            [-121.954359045101057, 39.72081980501207],
            [-121.953829364893579, 39.719414531055918],
            [-121.952881256561682, 39.717992367516445],
            [-121.951526815938792, 39.716750796685005],
            [-121.948659915943267, 39.715260911270661],
            [-121.947734380528004, 39.714741709188161],
            [-121.947373188861945, 39.714420649813633],
            [-121.947124882612286, 39.714199933147313],
            [-121.946267070113663, 39.713116380024019],
            [-121.945410356573291, 39.711778103984386],
            [-121.945070647198804, 39.710904126902449],
            [-121.944574019074594, 39.708804743572387],
            [-121.944077389908728, 39.705215474827924],
            [-121.944092427408691, 39.702695871706851],
            [-121.944104324283671, 39.702404388373964],
            [-121.944535375324676, 39.700878941501344],
            [-121.944552614907991, 39.699471940461819],
            [-121.944516923241338, 39.698734307129655],
            [-121.943826879492406, 39.698103749838992],
            [-121.94193343991202, 39.695807342550893],
            [-121.941985673245313, 39.695362323801533],
            [-121.94212550970343, 39.694278590469935],
            [-121.942160469078374, 39.691586734224074],
            [-121.942894611785562, 39.69001357276818],
            [-121.943418998243089, 39.688999756103101],
            [-121.943803549284155, 39.688370491520743],
            [-121.944327936783338, 39.687286757147433],
            [-121.945726303447827, 39.686342860273896],
            [-121.94862791385998, 39.685678636316595],
            [-121.951739279480137, 39.6858883915246],
            [-121.957137187805131, 39.687361071730663],
            [-121.957169387805038, 39.687294005064075],
            [-121.9582067242618, 39.687181880064259],
            [-121.960059560717241, 39.686517656106957],
            [-121.960968498215834, 39.685958309232831],
            [-121.961982313839258, 39.685573758191765],
            [-121.962646538838214, 39.684909534234464],
            [-121.963240844045629, 39.683895718611041],
            [-121.963377208628742, 39.683116492570548],
            [-121.963485558628577, 39.682497351946552],
            [-121.963310762795516, 39.681098985282006],
            [-121.962611579463271, 39.679560782159399],
            [-121.962087191964088, 39.678512007161032],
            [-121.96194735550597, 39.676973804038425],
            [-121.962087191964088, 39.67609982487312],
            [-121.962576620088328, 39.6746315405004],
            [-121.963170926337398, 39.673967316543099],
            [-121.964079863835991, 39.673512847793802],
            [-121.965268475292476, 39.673407969668972],
            [-121.96645708674896, 39.67354780612709],
            [-121.967261148206035, 39.673792520710037],
            [-121.968449759662519, 39.674177071751103],
            [-121.969079024244877, 39.674771376958518],
            [-121.969918044035239, 39.67512096862464],
            [-121.971770880490737, 39.67571527487371],
            [-121.9739043877791, 39.675830871748531],
            [-121.973989921112263, 39.675801005081894],
            [-121.974122121112089, 39.675763471748667],
            [-121.974257787778527, 39.675734071748707],
            [-121.974349787778408, 39.675719005082044],
            [-121.974489987778156, 39.675706805082086],
            [-121.974754321111106, 39.675548071749006],
            [-121.975018121110679, 39.675477271749116],
            [-121.975226474235342, 39.675373682165912],
            [-121.977962301314449, 39.675393336332547],
            [-121.980399267977305, 39.674692708208624],
            [-121.982714386723728, 39.673291451960836],
            [-121.986187064843364, 39.669940621757689],
            [-121.987862480465765, 39.669757849882956],
            [-121.991731165876388, 39.670214781132245],
            [-121.996148168994523, 39.6698187738412],
            [-121.997579886700635, 39.668874448842701],
            [-121.998798371073747, 39.667168571761977],
            [-121.999102991906625, 39.665432232181331],
            [-121.998493750240925, 39.66339127280952],
            [-121.997122955451346, 39.661776781145363],
            [-121.995142920037779, 39.660527836355641],
            [-121.992949649207844, 39.660314600939273],
            [-121.991000075252543, 39.660040442606373],
            [-121.986796307550719, 39.659674897815307],
            [-121.984603036720785, 39.659096117607874],
            [-121.982562076307318, 39.658882883233161],
            [-121.981434979434027, 39.659370276982429],
            [-121.979850950269849, 39.659949056148207],
            [-121.977353058607036, 39.661533085312385],
            [-121.97503793986067, 39.66287341656033],
            [-121.97345391173809, 39.664213748849932],
            [-121.972148491948474, 39.664063629058489],
            [-121.970554252367606, 39.663468763434423],
            [-121.968960013828394, 39.662540773852527],
            [-121.968198585704613, 39.661089301979757],
            [-121.967978486746631, 39.659323890524149],
            [-121.968478174245831, 39.655997404071002],
            [-121.969277673202953, 39.652699470742789],
            [-121.969834466952079, 39.650458018662903],
            [-121.970619688825821, 39.648273673874655],
            [-121.97126214299152, 39.647359960334427],
            [-121.972318624239847, 39.646845996793559],
            [-121.974231710695221, 39.646660398877145],
            [-121.976287564858694, 39.646774612418653],
            [-121.977515366940111, 39.647745433250464],
            [-121.978414803397072, 39.648759083248876],
            [-121.980085184644508, 39.649372984289585],
            [-121.982026825266473, 39.649230216581486],
            [-121.984011295055041, 39.648930405123622],
            [-121.986152809635087, 39.648644869707425],
            [-121.988551306506338, 39.648045244708328],
            [-121.989864769004328, 39.646988764501657],
            [-121.990235964837041, 39.645589641587151],
            [-121.990293072128622, 39.644433222838927],
            [-121.98927942213021, 39.642605796800126],
            [-121.987223567966737, 39.640621327011502],
            [-121.986024319010255, 39.639193649930405],
            [-121.985339034636354, 39.637965847848989],
            [-121.985239097136457, 39.636909367642261],
            [-121.985938658593739, 39.635710119727491],
            [-121.987152183591832, 39.63508194160346],
            [-121.989222314838628, 39.634953450978685],
            [-121.990328407545235, 39.634620088479153],
            [-121.991756083584676, 39.633799173897103],
            [-121.992362846083779, 39.631229356192762],
            [-121.991970235667679, 39.628873689529769],
            [-121.990807187752864, 39.626694271824817],
            [-121.988913017964137, 39.622915511414021],
            [-121.987355677341554, 39.621299403083185],
            [-121.984211611721435, 39.619418840586093],
            [-121.979657125270137, 39.617802732255257],
            [-121.978305471105557, 39.617508893714046],
            [-121.977188886732336, 39.616803683298485],
            [-121.976513059650017, 39.615834018716669],
            [-121.976131071108966, 39.614570515593641],
            [-121.976042920067414, 39.613218861429061],
            [-121.976277989858716, 39.612014126014287],
            [-121.976924433607735, 39.611073844765713],
            [-121.97824670339736, 39.609869109350939],
            [-121.979510206520388, 39.609075747893826],
            [-121.980773709643415, 39.608605607269567],
            [-121.98224289818279, 39.608282385395057],
            [-121.98403530963833, 39.608223617686804],
            [-121.98629786067653, 39.608605607269567],
            [-121.987997951298894, 39.609110029143778],
            [-121.989500694004846, 39.609016980185572],
            [-121.991234336710534, 39.608546839561313],
            [-121.992292153375558, 39.6080473145621],
            [-121.993138187749196, 39.6073796051881],
            [-121.995404121079048, 39.604114671859861],
            [-121.997258013784517, 39.600965822906403],
            [-122.000020089821874, 39.598703270826604],
            [-122.000490229404477, 39.597469152078531],
            [-122.000372695029682, 39.595764892706143],
            [-121.999256110656404, 39.59388433020905],
            [-121.997904456491824, 39.592209454170018],
            [-121.997346164826013, 39.591239789588201],
            [-121.995876975244983, 39.588095723968081],
            [-121.996082661702985, 39.584775356264856],
            [-121.996670337743751, 39.583247398975573],
            [-121.998021991908331, 39.581748826061244],
            [-121.998403981491037, 39.580279636480213],
            [-121.998227678366334, 39.578457841691375],
            [-121.997786921075317, 39.577194339610003],
            [-121.99849213253259, 39.57531377711291],
            [-122.000842835653941, 39.571611419826979],
            [-122.002958467942335, 39.568878727122865],
            [-122.002958467942335, 39.567703376083045],
            [-122.002400176276524, 39.566469257334973],
            [-122.001812500235758, 39.565587743794651],
            [-122.001136673153496, 39.565293905253441],
            [-121.999608715864156, 39.564853149004136],
            [-121.997228629409562, 39.564412391713176],
            [-121.994672239830152, 39.563971635463815],
            [-121.992409688792009, 39.563295808381554],
            [-121.991175570043936, 39.562502445882785],
            [-121.990029602337358, 39.561532781300969],
            [-121.989588845046399, 39.5607394188022],
            [-121.989299904421841, 39.559583656303971],
            [-121.989295007546843, 39.559564067762324],
            [-121.989471309629891, 39.559240845887871],
            [-121.989941450254207, 39.558447483389102],
            [-121.99058789400317, 39.55803611047304],
            [-121.99149879087679, 39.557565969848781],
            [-121.992556607541815, 39.557213364640972],
            [-121.99340873774878, 39.557125212557821],
            [-121.994495937747104, 39.557095829224522],
            [-121.99523031587097, 39.55734062193244],
            [-121.99714047836801, 39.557624737557035],
            [-121.998345213782784, 39.55759535318208],
            [-121.99963810023911, 39.557536586515482],
            [-122.00054899711273, 39.557360283390778],
            [-122.0013129762782, 39.557125212557821],
            [-122.001930035652265, 39.556860759433221],
            [-122.002517711692974, 39.556184931309247],
            [-122.002517711692974, 39.555391569852134],
            [-122.002047571068715, 39.553599158396594],
            [-122.001694964819251, 39.552159353190518],
            [-122.001051321070292, 39.551208405275304],
            [-121.997030387743166, 39.539580205293362],
            [-121.994290387747412, 39.534279605301606],
            [-121.992821061708071, 39.530650420932204],
            [-121.992703526291564, 39.528652324060317],
            [-121.993144283582524, 39.526977448021285],
            [-121.994349018997355, 39.525625793856705],
            [-121.996200197119492, 39.524626744899933],
            [-121.999902554405367, 39.523304475110308],
            [-122.004163203357109, 39.521776517821024],
            [-122.005691159604737, 39.520983155322256],
            [-122.006425754395252, 39.520366095948191],
            [-122.007130965852525, 39.519631501157676],
            [-122.007630489810083, 39.519014441783611],
            [-122.007759046059846, 39.518206371993188],
            [-122.007454187726978, 39.516634355328961],
            [-122.006308220020458, 39.514548106373866],
            [-122.005015332522476, 39.512520625127024],
            [-122.003399225233295, 39.510757598046439],
            [-122.002076954402014, 39.509670398048115],
            [-122.000020089821874, 39.508671349091344],
            [-121.997933840866779, 39.508230591800384],
            [-121.995583137745427, 39.508113057425533],
            [-121.993114899207569, 39.50849504596664],
            [-121.990940499210978, 39.508965186590899],
            [-121.989970834629162, 39.508877035549347],
            [-121.988501645048075, 39.508700732424643],
            [-121.987120607550253, 39.508113057425533],
            [-121.985827720052214, 39.506849554302505],
            [-121.98538696380291, 39.505762354304181],
            [-121.985533882552716, 39.504822073055664],
            [-121.98641539609298, 39.503176581391529],
            [-121.987208758591748, 39.5019424616018],
            [-121.987884585674067, 39.500855261603476],
            [-121.989265623171889, 39.498798397023336],
            [-121.991028650252474, 39.497446742858756],
            [-121.993026748166074, 39.497094137651004],
            [-121.997111093993055, 39.497564278275263],
            [-121.999785018988916, 39.497740580358311],
            [-122.001812500235758, 39.497241056400753],
            [-122.002929084609036, 39.496712148068241],
            [-122.004075052315557, 39.495654331403216],
            [-122.00486841377267, 39.494508363696639],
            [-122.004927181480923, 39.493479931406569],
            [-122.004633343981368, 39.492010741825538],
            [-122.004163203357109, 39.491158612660172],
            [-122.003105386692084, 39.490071412661905],
            [-122.002312024193316, 39.48913113141333],
            [-122.001136673153496, 39.488014547040052],
            [-122.000255159613175, 39.487338719957791],
            [-121.998932888781894, 39.486780428291979],
            [-121.997533424200753, 39.486267948084446],
            [-121.996200197119492, 39.485399389752445],
            [-121.995494986703875, 39.484341574129132],
            [-121.995083612746214, 39.483224989755854],
            [-121.994966078371363, 39.48213778975753],
            [-121.995230532537619, 39.479199411637069],
            [-121.995553753370473, 39.477553918931335],
            [-121.996023893994732, 39.476496103307966],
            [-121.996611570035498, 39.475555822059391],
            [-121.997346164826013, 39.473498956437595],
            [-121.997052327326458, 39.470825032483447],
            [-121.996141429411239, 39.468503712695338],
            [-121.994848542954912, 39.466241161657194],
            [-121.993849493998141, 39.465095193950674],
            [-121.993526272123631, 39.463479085619838],
            [-121.994349018997355, 39.46086392833223],
            [-121.994539521080355, 39.460517605416101],
            [-121.994872587746556, 39.458171005419729],
            [-121.995044921079568, 39.455300872090845],
            [-121.994364321080639, 39.450596005431464],
            [-121.994363187747297, 39.448072472102069],
            [-121.994691387746798, 39.444768605440515],
            [-121.995377451287425, 39.442469678360737],
            [-121.996729105452005, 39.440500964822149],
            [-121.99784568878357, 39.439296229407375],
            [-121.999079808573356, 39.438179645034097],
            [-121.999931937738666, 39.437738888784793],
            [-122.002047571068715, 39.436651688786469],
            [-122.003340457525042, 39.435388185663442],
            [-122.004633343981368, 39.434212834623565],
            [-122.005485473146734, 39.43318440129184],
            [-122.005808695021244, 39.432067817960217],
            [-122.005573625229943, 39.43077493150389],
            [-122.004985949189177, 39.429775882547119],
            [-122.004633343981368, 39.429482045047564],
            [-122.003663678357896, 39.428923752340097],
            [-122.001548046069502, 39.428218541924537],
            [-122.000108240863426, 39.427807169008531],
            [-121.998903505448595, 39.427219492967765],
            [-121.99816891065808, 39.426514282552205],
            [-121.997573743992348, 39.425579020053647],
            [-121.99746370024252, 39.424046044014347],
            [-121.997610618992269, 39.422665006516524],
            [-121.998110142949827, 39.421519038809947],
            [-121.999167959614851, 39.420755059644478],
            [-122.000225776279876, 39.420431838811623],
            [-122.001783116902459, 39.420284919020219],
            [-122.003433636691568, 39.420354659645113],
            [-122.00504471689743, 39.420343686728415],
            [-122.006455138770207, 39.420226151311965],
            [-122.008130014809296, 39.419638476312855],
            [-122.00904091168286, 39.41890388152234],
            [-122.009628587723626, 39.418110519023571],
            [-122.009716738765178, 39.416817632567245],
            [-122.009246598140862, 39.41517214090311],
            [-122.008964187724644, 39.413879472155145],
            [-122.007746987726534, 39.40807887216414],
            [-122.006602057520013, 39.403301090921559],
            [-122.003982921065699, 39.399801005510312],
            [-122.003188987733608, 39.395891005516376],
            [-122.003546143983044, 39.394515338851875],
            [-122.004457040856664, 39.391988332605763],
            [-122.006337603353757, 39.390284073233431],
            [-122.008071247101043, 39.389196873235107],
            [-122.009184023140961, 39.388485426361228],
            [-122.009863657514927, 39.388050905528587],
            [-122.010539484597189, 39.386846170113756],
            [-122.011097777304656, 39.38555328365743],
            [-122.011215311679507, 39.384260397201103],
            [-122.010892090846653, 39.38302627845303],
            [-122.010199581472762, 39.381767172205002],
            [-122.009011528349561, 39.380264202415674],
            [-122.008159398142595, 39.379088850334142],
            [-122.007953711684536, 39.378324872210328],
            [-122.008012479392789, 39.377237672212004],
            [-122.008570771058601, 39.376150472213681],
            [-122.009452284598922, 39.374769433674203],
            [-122.009981192931434, 39.374387445133095],
            [-122.010657020013696, 39.372448114927806],
            [-122.010745171055248, 39.3698035743069],
            [-122.012008674178276, 39.366806428478185],
            [-122.013330945009557, 39.364103119107426],
            [-122.013107628343221, 39.359316034739834],
            [-122.013654165842354, 39.35669840557722],
            [-122.014041224175116, 39.354640886830452],
            [-122.014212458549821, 39.35373064308186],
            [-122.014535679382675, 39.352467139958776],
            [-122.015361521048078, 39.35128627225231],
            [-122.017033301253775, 39.349851982671169],
            [-122.017797280419302, 39.349499377463417],
            [-122.019237085625377, 39.349411226421864],
            [-122.020882577289512, 39.349176155588907],
            [-122.023468351243821, 39.348970469130904],
            [-122.025672134573711, 39.348941085797605],
            [-122.027229475196293, 39.348735399339603],
            [-122.027947306445185, 39.348612843089768],
            [-122.029021886651833, 39.348000804549088],
            [-122.030109086650157, 39.34700175559226],
            [-122.030579227274416, 39.34614962642695],
            [-122.030637994982669, 39.344709820179162],
            [-122.031019984565432, 39.343152479556579],
            [-122.030784913732475, 39.341859593100253],
            [-122.029862321025576, 39.339889405603344],
            [-122.030461691857965, 39.338597993105338],
            [-122.031113921023632, 39.337239605607408],
            [-122.031256721023396, 39.336104472275849],
            [-122.030017987691963, 39.333673272279611],
            [-122.029168805401639, 39.331545883741285],
            [-122.028404827277825, 39.329871008743851],
            [-122.028169756444868, 39.328284283746314],
            [-122.028140373111569, 39.325669126458706],
            [-122.027934686653566, 39.324229321252631],
            [-122.027288242904547, 39.322818899379797],
            [-122.026788718946989, 39.321672931673277],
            [-122.026729951238735, 39.320144975425649],
            [-122.026729951238735, 39.319616067093136],
            [-122.026876869988541, 39.318646401469607],
            [-122.026671183530482, 39.317441667096489],
            [-122.026142275197969, 39.316383850431464],
            [-122.025143227282854, 39.315326033766439],
            [-122.023879724159826, 39.314738358767386],
            [-122.022528069995246, 39.314708974392431],
            [-122.020559356456658, 39.314944045225388],
            [-122.018855096042614, 39.31517911501669],
            [-122.0180911179188, 39.31517911501669],
            [-122.017615456461215, 39.315116528558463],
            [-122.016563160629516, 39.314826509808881],
            [-122.016239939796719, 39.314033147310113],
            [-122.016298707504916, 39.3135042389776],
            [-122.016739463754277, 39.31312225043655],
            [-122.01829680437686, 39.312652109812291],
            [-122.019266468958676, 39.312681493145533],
            [-122.020663022081521, 39.312922278561871],
            [-122.022204848120793, 39.312593342104037],
            [-122.023321432494015, 39.312240736896229],
            [-122.024379248117384, 39.311271071272756],
            [-122.025554600198916, 39.309772498358427],
            [-122.026168336656269, 39.309217212942599],
            [-122.027200091862994, 39.308215157735845],
            [-122.028081605403315, 39.307803784819782],
            [-122.02913942206834, 39.307363027528822],
            [-122.029971910608708, 39.306782222321374],
            [-122.030637994982669, 39.305717535864687],
            [-122.031108135606928, 39.304277730658612],
            [-122.031137518940227, 39.303484368159843],
            [-122.031019984565432, 39.302602854619522],
            [-122.030667378315968, 39.301956410870559],
            [-122.030197237691709, 39.301398119204748],
            [-122.02913942206834, 39.299899546290419],
            [-122.02839692102782, 39.29912627233324],
            [-122.027170708529752, 39.298489124417586],
            [-122.026347961656029, 39.29819528691803],
            [-122.024878773116598, 39.298018983793327],
            [-122.023450187702167, 39.298195472334726],
            [-122.019493921041658, 39.29919980566649],
            [-122.017444675211493, 39.298812346292095],
            [-122.016004868963705, 39.298283437959583],
            [-122.01519772104831, 39.297236672336169],
            [-122.01540992104799, 39.295706872338542],
            [-122.014310587716352, 39.292486272343581],
            [-122.01493878771538, 39.288489872349771],
            [-122.015260787714908, 39.285923605687117],
            [-122.017865587710844, 39.281499205693933],
            [-122.021239987705599, 39.271992605708704],
            [-122.022241587704059, 39.270815272377206],
            [-122.021894587704594, 39.268342205714362],
            [-122.021280387705531, 39.266805472383453],
            [-122.020082587707407, 39.266103605717831],
            [-122.018119521043786, 39.265593072385286],
            [-122.016085387713588, 39.26562527238525],
            [-122.014616121049244, 39.266156405717766],
            [-122.012366987719361, 39.267915805715063],
            [-122.009797187723336, 39.269870072378694],
            [-122.007610721060075, 39.271679472375865],
            [-122.005062187730687, 39.272102405708551],
            [-122.002986721067259, 39.270553072377595],
            [-122.001587847111125, 39.269165866129754],
            [-122.000866774195572, 39.267857251548492],
            [-121.99929109503131, 39.265987802593031],
            [-121.999184270031492, 39.264892840094717],
            [-122.00108492107023, 39.262086205724074],
            [-122.004160480440419, 39.259354555728351],
            [-122.006448415853583, 39.258082702605293],
            [-122.007997387726164, 39.256533730732713],
            [-122.008409787725498, 39.255580405734179],
            [-122.007550921060158, 39.253399205737594],
            [-122.005772921062942, 39.251062005741176],
            [-122.004124957523857, 39.249349704702183],
            [-122.002469159609745, 39.24801438282924],
            [-122.000893480445541, 39.246732475539602],
            [-121.999584865864222, 39.245183502625309],
            [-121.998383077324434, 39.243874888044047],
            [-121.997902361700142, 39.243207227628375],
            [-121.997635297117256, 39.242138971380029],
            [-121.997768829408699, 39.240750238048861],
            [-121.998116012741491, 39.23960186200901],
            [-121.998676848157288, 39.238854081801833],
            [-121.99923768253143, 39.238239833886098],
            [-122.000172407529988, 39.237812531803456],
            [-122.001374196069776, 39.237358522429133],
            [-122.002298485651693, 39.236928620346475],
            [-122.002816342942538, 39.236584035971987],
            [-122.002976581483949, 39.236210146389283],
            [-122.002949874192325, 39.235729430764991],
            [-122.002789635650913, 39.235248715140756],
            [-122.001721379402568, 39.23458105472514],
            [-122.000065581488457, 39.233779862018025],
            [-121.998997325240111, 39.233219027643884],
            [-121.998436489824314, 39.232471247436706],
            [-121.998062600241553, 39.231723468271241],
            [-121.998222838783022, 39.230948981814095],
            [-121.998756966907195, 39.230201202648573],
            [-121.999451333572779, 39.229800605774187],
            [-122.000172407529988, 39.229560248482926],
            [-122.001160545028426, 39.229453422441395],
            [-122.002175388776834, 39.229720487024338],
            [-122.003003287733918, 39.229854019315781],
            [-122.003724360649471, 39.229934138065687],
            [-122.00452555335653, 39.229640367232776],
            [-122.005887580437786, 39.228652229734337],
            [-122.006929131477818, 39.227851038068877],
            [-122.007479886685303, 39.227315167236384],
            [-122.007863855434721, 39.226408891196115],
            [-122.007009250227668, 39.224218965157888],
            [-122.006742185644782, 39.222910350576569],
            [-122.006849011686256, 39.222029038077949],
            [-122.007496823143583, 39.221333241204036],
            [-122.009065643974509, 39.2203198276639],
            [-122.009573065848713, 39.220026056831045],
            [-122.010908387721656, 39.21935839641543],
            [-122.011602754387241, 39.218503791208377],
            [-122.01181640542859, 39.217622479751412],
            [-122.011442515845829, 39.216981525585766],
            [-122.010173387722773, 39.216336472461762],
            [-122.007169488769136, 39.216474103711562],
            [-122.005095721063981, 39.216264605795232],
            [-122.002975321067311, 39.215273072463447],
            [-122.001084121070221, 39.214488472464609],
            [-121.996796787743563, 39.214062272465299],
            [-121.994550121080351, 39.21361900579933],
            [-121.993502721081995, 39.213412405799659],
            [-121.992476987750251, 39.212894672467087],
            [-121.989865921087642, 39.210782005803708],
            [-121.98965258775462, 39.210609405804007],
            [-121.988234187756859, 39.209246805806117],
            [-121.988159521090267, 39.209175072472874],
            [-121.986845187759002, 39.208635672473747],
            [-121.984808187762155, 39.207799872474993],
            [-121.984580921095812, 39.20763947247525],
            [-121.983534321097466, 39.20690167247642],
            [-121.983257721097914, 39.206706672476741],
            [-121.983298121097846, 39.206407272477179],
            [-121.983489121097534, 39.204987805812721],
            [-121.983558787764082, 39.204469805813517],
            [-121.986058721093571, 39.200685805819376],
            [-121.986191587760004, 39.200470472486415],
            [-121.98764598775773, 39.19811360582338],
            [-121.988090521090385, 39.196623272492388],
            [-121.988052521090424, 39.196355872492802],
            [-121.987871121090734, 39.195082472494732],
            [-121.987776521090893, 39.194418472495784],
            [-121.987582321091168, 39.194158472496213],
            [-121.986767521092418, 39.193067872497863],
            [-121.986389987759708, 39.192562672498696],
            [-121.986328121093152, 39.192521672498742],
            [-121.984736787762245, 39.191466672500383],
            [-121.984526587762616, 39.191327405833931],
            [-121.984125321096542, 39.191214272500758],
            [-121.982196987766201, 39.19067020583492],
            [-121.98082532110169, 39.190337072502132],
            [-121.980190921102633, 39.190183005835706],
            [-121.977233521107223, 39.188384605838507],
            [-121.974461321111562, 39.186805605840959],
            [-121.971892987782212, 39.186777405840985],
            [-121.967984121121617, 39.18693627250741],
            [-121.966160921124413, 39.187037472507257],
            [-121.96500832112622, 39.187101472507152],
            [-121.964965787792949, 39.187103872507123],
            [-121.963510987795189, 39.187833672506031],
            [-121.961803521131174, 39.188657405838057],
            [-121.961492321131686, 39.188880672504411],
            [-121.960627987799683, 39.189500872503402],
            [-121.957679721137595, 39.191616672500118],
            [-121.957609321137681, 39.191667205833369],
            [-121.954736121142162, 39.192799872498313],
            [-121.952016187813058, 39.193993672496447],
            [-121.951813521146676, 39.194082605829635],
            [-121.949302187817239, 39.195775405827021],
            [-121.94893238781782, 39.196186872493058],
            [-121.948171387819002, 39.197033605825084],
            [-121.94742232115351, 39.19726087249137],
            [-121.946570721154842, 39.197519272490979],
            [-121.946503721154954, 39.197539605824261],
            [-121.946148387822177, 39.197367672491225],
            [-121.942790787827391, 39.195742605827093],
            [-121.937519787835527, 39.193611005830348],
            [-121.937406521169066, 39.193541072497169],
            [-121.934977187839479, 39.192043472499449],
            [-121.934687187839927, 39.191864805833063],
            [-121.93465152117335, 39.191755672499937],
            [-121.934451587840329, 39.191144472500866],
            [-121.934254721173943, 39.19054227250183],
            [-121.934337387840515, 39.190381672502042],
            [-121.93477278783979, 39.189534872503373],
            [-121.936043921171176, 39.188944272504273],
            [-121.937918187834953, 39.188503872504953],
            [-121.938739121166975, 39.188234272505383],
            [-121.938749721166971, 39.188230805838714],
            [-121.938873187833451, 39.188190205838794],
            [-121.940193721164746, 39.187449672506602],
            [-121.941824921162208, 39.186204072508531],
            [-121.942848187827281, 39.185008805843722],
            [-121.942977921160434, 39.184790672510758],
            [-121.943703921159283, 39.183570405845956],
            [-121.944792721157569, 39.182303072514571],
            [-121.945276921156847, 39.181739405848816],
            [-121.945311121156806, 39.18160400584901],
            [-121.945521787823111, 39.180770272516952],
            [-121.94551138782316, 39.180741472517013],
            [-121.945081387823791, 39.179569072518859],
            [-121.945066521157173, 39.179555072518838],
            [-121.943565587826185, 39.178139472521082],
            [-121.94314992116017, 39.177773605854952],
            [-121.940518121164246, 39.175457405858538],
            [-121.939867387831896, 39.174884805859449],
            [-121.938920921166698, 39.173512805861549],
            [-121.938779787833596, 39.173172872528767],
            [-121.938529721167299, 39.172571072529706],
            [-121.937590387835428, 39.170309805866566],
            [-121.937217987835993, 39.16883587253551],
            [-121.936663587836904, 39.166641872538889],
            [-121.936302721170762, 39.165684405873719],
            [-121.935725187838329, 39.164152272542765],
            [-121.935699721171716, 39.164087872542893],
            [-121.935040187839377, 39.162425472545465],
            [-121.934870587839669, 39.162095272545969],
            [-121.93457532117344, 39.161520605880185],
            [-121.934403721173737, 39.161186605880687],
            [-121.933901121174529, 39.160807805881291],
            [-121.933115321175706, 39.160215405882241],
            [-121.932529387843317, 39.159773805882878],
            [-121.932054787844038, 39.159575672549863],
            [-121.927571521184348, 39.1577050058861],
            [-121.927268721184817, 39.157513872553068],
            [-121.924379921189256, 39.155691072555896],
            [-121.924009187856541, 39.155457272556248],
            [-121.922351921192444, 39.154494672557746],
            [-121.922262321192591, 39.154442605891177],
            [-121.920397721195457, 39.153359605892831],
            [-121.91998412119608, 39.152979205893473],
            [-121.919008521197611, 39.152081872561496],
            [-121.918903321197774, 39.151985072561672],
            [-121.918570721198307, 39.151504872562384],
            [-121.917796987866154, 39.150388205897457],
            [-121.917479121200017, 39.149021405899589],
            [-121.917454721200045, 39.147173472569136],
            [-121.918050721199108, 39.144455605906671],
            [-121.918352987865319, 39.143697805907834],
            [-121.918989121197626, 39.142103005910315],
            [-121.919234587863912, 39.141999872577173],
            [-121.920617721195129, 39.141419272578048],
            [-121.920729721194959, 39.14137227257811],
            [-121.921312521194068, 39.141517472577902],
            [-121.921590787860282, 39.141586805911118],
            [-121.925150587854773, 39.142619272576212],
            [-121.925225187854664, 39.142616005909531],
            [-121.930565587846331, 39.142378405909881],
            [-121.931310921178522, 39.142523605909673],
            [-121.932639921176474, 39.142782605909247],
            [-121.933149587842308, 39.142881872575799],
            [-121.93467292117333, 39.143588472574663],
            [-121.935443321172102, 39.143945872574136],
            [-121.935816921171522, 39.144042005907295],
            [-121.936708787836835, 39.144271472573621],
            [-121.936796721170026, 39.144294072573587],
            [-121.937134987836146, 39.14420760590707],
            [-121.93771418783524, 39.144059605907273],
            [-121.937750721168527, 39.144050272573963],
            [-121.937828321168411, 39.14398200590739],
            [-121.938677587833752, 39.143234272575228],
            [-121.939469787832536, 39.141394072578066],
            [-121.939480787832508, 39.141368605911453],
            [-121.93947658783253, 39.141317205911548],
            [-121.939293321166133, 39.139077072581699],
            [-121.939254387832875, 39.138738272582202],
            [-121.939078587833137, 39.137209872584606],
            [-121.939203587832935, 39.135628805920362],
            [-121.938947321166665, 39.134786872588336],
            [-121.938215121167786, 39.133429005923801],
            [-121.937885387834967, 39.133107872590983],
            [-121.936821921169951, 39.132072072592564],
            [-121.936269121170824, 39.131533605926734],
            [-121.935798721171579, 39.131278872593782],
            [-121.933990987841014, 39.130300072595332],
            [-121.933894521174523, 39.130248005928706],
            [-121.930876721179175, 39.129199472597008],
            [-121.925721321187211, 39.128508405931427],
            [-121.924728987855417, 39.127863672599119],
            [-121.923911902440011, 39.127237350725068],
            [-121.922839178483343, 39.126271898643211],
            [-121.92208827119282, 39.124850540312082],
            [-121.921436600360494, 39.123796693438749],
            [-121.920840033694788, 39.122510334065737],
            [-121.918704328489753, 39.121484369483994],
            [-121.914990423287179, 39.121838954900113],
            [-121.912103477458345, 39.121851975733421],
            [-121.910591123294012, 39.121694734066978],
            [-121.90994106392003, 39.12124339969273],
            [-121.909430129545797, 39.120023281986278],
            [-121.909672969128792, 39.119371562195624],
            [-121.90955409517062, 39.117477290323563],
            [-121.910204800377926, 39.114019428870563],
            [-121.909877353503475, 39.112963178872235],
            [-121.909672676420428, 39.112302931998272],
            [-121.908379945172442, 39.111212642416604],
            [-121.907106995174445, 39.110874604917115],
            [-121.904696128511489, 39.110218450751461],
            [-121.903674720179765, 39.110350625751266],
            [-121.903664238929764, 39.110315132001347],
            [-121.903420426430159, 39.110145522626624],
            [-121.903047423305736, 39.10988604241868],
            [-121.90280605976443, 39.109027863253345],
            [-121.902875630597634, 39.108806033045369],
            [-121.902582121223134, 39.108278712212837],
            [-121.90344511497176, 39.104702377843353],
            [-121.90415196705402, 39.102794354929699],
            [-121.904123638929036, 39.101804329931213],
            [-121.904015210804232, 39.101732486181334],
            [-121.904145654554043, 39.101380361181896],
            [-121.903237156638738, 39.099768724726061],
            [-121.901048282683803, 39.098845527852461],
            [-121.899783857685804, 39.098530050769625],
            [-121.898911763937122, 39.098059013270358],
            [-121.898899744145524, 39.098037479937034],
            [-121.898319571229706, 39.097842430979028],
            [-121.89715615664818, 39.097017312230321],
            [-121.896545895190798, 39.096507858064456],
            [-121.895726082692079, 39.096530629939423],
            [-121.894422987902431, 39.096178472648262],
            [-121.893860770194976, 39.095556429940928],
            [-121.893139152487777, 39.093214862236209],
            [-121.89352699832051, 39.091435191405651],
            [-121.894365735819179, 39.089841710158112],
            [-121.895096995193057, 39.08780512891127],
            [-121.895154289984646, 39.086493738288311],
            [-121.89277381394669, 39.084506619541401],
            [-121.889997046242627, 39.08253576954445],
            [-121.889510428535061, 39.081203848713187],
            [-121.892350187905663, 39.080789472672166],
            [-121.89432957227757, 39.079832345590319],
            [-121.894422869152436, 39.079231214341235],
            [-121.894052987903024, 39.078078472676395],
            [-121.891006097282741, 39.074325246640512],
            [-121.888879521244405, 39.072366806018579],
            [-121.886168921248611, 39.071277672686904],
            [-121.881256721256193, 39.070675872687843],
            [-121.879211587926079, 39.070633206021284],
            [-121.876080187930938, 39.070251872688516],
            [-121.871962921270665, 39.067735672692436],
            [-121.870345121273147, 39.066627206027476],
            [-121.869487187941161, 39.066709872693991],
            [-121.867414387944393, 39.067266472693177],
            [-121.865266321281013, 39.067670606025843],
            [-121.864097321282827, 39.067719872692464],
            [-121.862890787951414, 39.067677672692525],
            [-121.860812521287926, 39.067976206025378],
            [-121.858387587958362, 39.068635406024384],
            [-121.854072387965061, 39.07059647268801],
            [-121.851643387968863, 39.071498472686585],
            [-121.851038921303143, 39.071553206019814],
            [-121.849551921305419, 39.071401872686749],
            [-121.848353921307307, 39.070828472687651],
            [-121.842934721315714, 39.066449006027767],
            [-121.84202712131713, 39.065984606028451],
            [-121.839351387987904, 39.064713406030478],
            [-121.838545587989188, 39.063991872698239],
            [-121.838364787989462, 39.063140072699582],
            [-121.838904521321979, 39.061096406036086],
            [-121.840194321319927, 39.05544780604481],
            [-121.840935521318784, 39.052374006049604],
            [-121.840823587985653, 39.050885472718562],
            [-121.840543987986052, 39.05012380605308],
            [-121.839953987986974, 39.047522406057112],
            [-121.838674921322308, 39.044807872728029],
            [-121.837077521324773, 39.043107206064008],
            [-121.834156521329305, 39.040831606067513],
            [-121.832185921332382, 39.039946672735539],
            [-121.831083988000785, 39.039495406069591],
            [-121.829807588002723, 39.038404872737942],
            [-121.829281121336919, 39.037291672739684],
            [-121.829858388002663, 39.035324272742741],
            [-121.830656794251411, 39.033787252953459],
            [-121.830752403626263, 39.032611410246943],
            [-121.829702089044588, 39.031927542539677],
            [-121.828780468212699, 39.031935434206332],
            [-121.827275721340015, 39.032050206081124],
            [-121.825250388009806, 39.032135872747688],
            [-121.824367121344494, 39.03141360608214],
            [-121.823123921346451, 39.030110872750811],
            [-121.82262418801389, 39.028557672753266],
            [-121.822482188014135, 39.027144672755412],
            [-121.822571521347299, 39.025278606091661],
            [-121.821731788015256, 39.023114806095009],
            [-121.821092921349589, 39.021165472764721],
            [-121.821115121349578, 39.020888406098493],
            [-121.821042788016371, 39.019727606100275],
            [-121.821313321349237, 39.019283072767621],
            [-121.823579188012388, 39.016648806105081],
            [-121.826446521341268, 39.0131518061105],
            [-121.826610188007692, 39.012347006111725],
            [-121.826633388007679, 39.012083272778796],
            [-121.82656978800776, 39.011379006113259],
            [-121.826422921341305, 39.011172272780243],
            [-121.824635588010779, 39.009600206115977],
            [-121.822736388013709, 39.008540006117641],
            [-121.820958121349804, 39.006997272786691],
            [-121.819469988018795, 39.0060878727881],
            [-121.817651321354958, 39.005849472788498],
            [-121.816580988023247, 39.005809272788554],
            [-121.814108121360448, 39.005930672788338],
            [-121.811690188030866, 39.005568872788899],
            [-121.8073389880376, 39.003970272791378],
            [-121.805670921373519, 39.003161472792669],
            [-121.804128988042578, 39.002119406127633],
            [-121.801710321379687, 38.999894806131067],
            [-121.801013788047442, 38.999364606131905],
            [-121.797174388053406, 38.997994472800656],
            [-121.7959027213887, 38.997058072802133],
            [-121.795468321389365, 38.995994606137117],
            [-121.795518321389295, 38.995099006138503],
            [-121.796478788054458, 38.993859806140449],
            [-121.80001058804902, 38.99077360614524],
            [-121.802466388045161, 38.989576872813757],
            [-121.805357521374049, 38.989389406147382],
            [-121.80810572136977, 38.989417472814011],
            [-121.810406721366178, 38.989142406147778],
            [-121.813403788028211, 38.988847072814906],
            [-121.816986121355967, 38.988937872814745],
            [-121.819081988019377, 38.988443206148816],
            [-121.820034321351272, 38.987665406150029],
            [-121.820507321350533, 38.986421072818644],
            [-121.820866321349968, 38.983655006156255],
            [-121.820805321350065, 38.983138472823725],
            [-121.820746321350157, 38.976213472834502],
            [-121.821258521349364, 38.974698072836816],
            [-121.82210312134805, 38.974109206171079],
            [-121.823225921346307, 38.973523072838645],
            [-121.827130321340235, 38.973019472839439],
            [-121.829993988002457, 38.972342272840478],
            [-121.83365212133009, 38.96988067284434],
            [-121.834517921328768, 38.967988606180597],
            [-121.834687321328488, 38.966143806183425],
            [-121.834436721328871, 38.964457672852745],
            [-121.833487787997058, 38.96292760618843],
            [-121.832018521332657, 38.961337872857598],
            [-121.831968521332726, 38.96014260619279],
            [-121.833232921330762, 38.959394872860571],
            [-121.836124321326281, 38.956980006197682],
            [-121.838365721322816, 38.956024806199139],
            [-121.840114121320084, 38.955444672866747],
            [-121.840540187986107, 38.954906006200872],
            [-121.840479387986193, 38.954362272868423],
            [-121.838217387989687, 38.95233020620492],
            [-121.837267787991152, 38.950854406207156],
            [-121.836804121325201, 38.949437806209403],
            [-121.836555321325591, 38.947643072878861],
            [-121.836941121325026, 38.94531167288244],
            [-121.836616587992182, 38.943896272884672],
            [-121.835355121327439, 38.942363072887019],
            [-121.833425987997146, 38.941257606222052],
            [-121.83156298800003, 38.940370006223475],
            [-121.830398921335131, 38.939272206225155],
            [-121.830285721335315, 38.937696072894255],
            [-121.831347321333681, 38.936566206229372],
            [-121.834170187995994, 38.934042006233256],
            [-121.835450787993977, 38.932262606236065],
            [-121.83604172132641, 38.930150472906007],
            [-121.83697378799161, 38.928421872908643],
            [-121.837964787990074, 38.927345472910361],
            [-121.837769587990408, 38.926528872911604],
            [-121.836469187992407, 38.925266806246896],
            [-121.833642321330103, 38.923826606249122],
            [-121.8320987213325, 38.922562006251098],
            [-121.83060332133482, 38.92048327292099],
            [-121.829860988002679, 38.91911800625644],
            [-121.82855018800467, 38.918507472924034],
            [-121.826192321341694, 38.91815787292461],
            [-121.82292458801345, 38.91817927292459],
            [-121.820285121350878, 38.918043872924784],
            [-121.818487921353665, 38.917428272925747],
            [-121.814898921359202, 38.9158712062615],
            [-121.812124988030178, 38.915462872928799],
            [-121.807464588037419, 38.915632472928507],
            [-121.80545532137387, 38.915231672929167],
            [-121.804355121375579, 38.914514406263606],
            [-121.804027721376087, 38.913316272932093],
            [-121.804467388042099, 38.911963072934213],
            [-121.806015588039656, 38.910838406269306],
            [-121.807625988037159, 38.910149006270387],
            [-121.80956638803417, 38.910494606269822],
            [-121.811015921365254, 38.91110680626889],
            [-121.813282266153408, 38.911790371892835],
            [-121.814764722401094, 38.911638893768043],
            [-121.81470219219284, 38.910874490644233],
            [-121.813195788028509, 38.909608406271218],
            [-121.809610921367437, 38.907833872940614],
            [-121.807192188037845, 38.906994472941903],
            [-121.803590188043415, 38.906251606276442],
            [-121.800469388048271, 38.905839272943695],
            [-121.797310988053198, 38.905589606277431],
            [-121.795430988056125, 38.905787406277113],
            [-121.792221321394436, 38.906514606276005],
            [-121.79160138806202, 38.906182206276526],
            [-121.790999121396339, 38.904818272945306],
            [-121.790882121396521, 38.903513606280683],
            [-121.79124438806258, 38.902648406282026],
            [-121.792091121394606, 38.901896872949862],
            [-121.793078721393101, 38.901038206284511],
            [-121.794962321390187, 38.900623206285161],
            [-121.803345921377172, 38.902175872949385],
            [-121.80397858804281, 38.901747872950068],
            [-121.803645788043355, 38.900875606284785],
            [-121.803059588044277, 38.898534206288389],
            [-121.803433388043686, 38.896963072957476],
            [-121.804993121374594, 38.895132606293657],
            [-121.805502188040464, 38.893780072962443],
            [-121.805955521373107, 38.891612406299146],
            [-121.807171188037898, 38.889561072969002],
            [-121.808794588035369, 38.888057006304678],
            [-121.812230721363335, 38.886191206307558],
            [-121.815506921358292, 38.885572806308517],
            [-121.816248988023801, 38.884820006309667],
            [-121.817116121355753, 38.882819406312763],
            [-121.817014964064242, 38.881783975064423],
            [-121.816691608856445, 38.881147254232076],
            [-121.815881683857697, 38.880438006316467],
            [-121.8154440421917, 38.878831344860657],
            [-121.815419309900051, 38.878278258403157],
            [-121.814862952609246, 38.877126679238302],
            [-121.814326100526785, 38.876535557364207],
            [-121.813684924486097, 38.876037292781632],
            [-121.812415878654747, 38.874782549033569],
            [-121.810933721365359, 38.873032206327991],
            [-121.808731388035483, 38.871943072996316],
            [-121.807176853662895, 38.871675038621731],
            [-121.805176233874306, 38.871361153205555],
            [-121.804012998459427, 38.870692021956586],
            [-121.803248205752311, 38.86972609487475],
            [-121.802685067211485, 38.868681827168075],
            [-121.802579796378325, 38.867504521961564],
            [-121.802768130753066, 38.865488203214682],
            [-121.801134243255603, 38.864598954257758],
            [-121.79956618804971, 38.864926806340577],
            [-121.79672338805409, 38.866947073004098],
            [-121.79564404222242, 38.867047681337283],
            [-121.795104902639935, 38.866559463629699],
            [-121.794371091182768, 38.86555161675625],
            [-121.793423397434196, 38.863954257383739],
            [-121.792639988060444, 38.86322407300986],
            [-121.791091988062817, 38.86301987301016],
            [-121.790416588063863, 38.863410206342905],
            [-121.788501921400211, 38.864462914674618],
            [-121.78722367765215, 38.864112821966842],
            [-121.785149497447037, 38.863015055301844],
            [-121.784420709948165, 38.862257116761384],
            [-121.783944568282266, 38.860634349055545],
            [-121.784002871407154, 38.85916705634952],
            [-121.784520608906348, 38.858055824059534],
            [-121.784736049531034, 38.85712771156102],
            [-121.784358508906621, 38.85646726677038],
            [-121.782612634951022, 38.856980910519553],
            [-121.780329780787895, 38.85916705634952],
            [-121.778532121415651, 38.860735006347056],
            [-121.776055921419527, 38.861629206345697],
            [-121.772096988092301, 38.861629406345685],
            [-121.769952788095623, 38.861878606345272],
            [-121.766199347476459, 38.86411571363351],
            [-121.764692756853833, 38.864401608424714],
            [-121.76218713810772, 38.864088911550198],
            [-121.760981706859582, 38.863428480301195],
            [-121.758120197489006, 38.862768171968924],
            [-121.758193903738913, 38.86398736988366],
            [-121.758737397488062, 38.865106448006941],
            [-121.759966668319464, 38.866467486546526],
            [-121.760026205819372, 38.867901410502611],
            [-121.759416499570364, 38.86863116675147],
            [-121.7574637141567, 38.869082604250764],
            [-121.7557813860343, 38.869264679250477],
            [-121.754132289161873, 38.869467257375163],
            [-121.752664996455792, 38.870098872999222],
            [-121.751076601666625, 38.870712782373232],
            [-121.748882988128344, 38.871560606330263],
            [-121.748072521462973, 38.871192672997495],
            [-121.746186988132536, 38.865186006340139],
            [-121.744062988135852, 38.864045673008604],
            [-121.74091632147406, 38.86301407301022],
            [-121.738696721477481, 38.861513406345864],
            [-121.737838321478819, 38.860985406346686],
            [-121.733464121485611, 38.860099873014747],
            [-121.730110788157504, 38.859225406349424],
            [-121.729056788159141, 38.85821620635096],
            [-121.728674188159744, 38.853901673024325],
            [-121.727873988160979, 38.852975073025789],
            [-121.725990921497214, 38.85267520635955],
            [-121.724310588166475, 38.852457206359929],
            [-121.723455121501161, 38.851769473027673],
            [-121.723572921500988, 38.850892673029023],
            [-121.727601388161361, 38.848222806366493],
            [-121.728954388159309, 38.846760873035407],
            [-121.72912032149236, 38.846044273036512],
            [-121.728990588159206, 38.844725806371912],
            [-121.726369521496622, 38.841464606376974],
            [-121.726739521496086, 38.840750206378061],
            [-121.729764588158048, 38.83994507304601],
            [-121.731409988155463, 38.836371073051566],
            [-121.731229321489081, 38.835052006386945],
            [-121.73018072149074, 38.833763606388914],
            [-121.727364988161753, 38.83141807305924],
            [-121.726015988163851, 38.829807006395072],
            [-121.724400121499684, 38.827434673065397],
            [-121.72377552150067, 38.825272673068753],
            [-121.723624121500904, 38.822317673073371],
            [-121.724183388166693, 38.81957000641097],
            [-121.724629788165998, 38.817419673080963],
            [-121.724108588166814, 38.815179073084437],
            [-121.72342112150119, 38.812258073088969],
            [-121.723828788167225, 38.809428873093395],
            [-121.7234791215011, 38.806152406431806],
            [-121.723243388168157, 38.805072273100109],
            [-121.722971521501904, 38.803153673103111],
            [-121.722222388169712, 38.802267406437807],
            [-121.72125712150455, 38.802057273104822],
            [-121.720892388171819, 38.802105406438045],
            [-121.720736321505399, 38.802113673104714],
            [-121.720458721505793, 38.802134606438017],
            [-121.720320988172716, 38.802150473104689],
            [-121.719910321506632, 38.802211473104592],
            [-121.719820921506823, 38.80223087310452],
            [-121.719510588173932, 38.802287673104445],
            [-121.71945952150736, 38.802297073104455],
            [-121.719231521507709, 38.802331806437735],
            [-121.719096121507903, 38.802357073104361],
            [-121.718731988175136, 38.802414873104283],
            [-121.718415721508961, 38.802473473104158],
            [-121.718006188176275, 38.802537673104041],
            [-121.717638321510208, 38.802579006437327],
            [-121.717406921510531, 38.802595006437286],
            [-121.717128521510972, 38.802607406437289],
            [-121.716570921511845, 38.802607273103945],
            [-121.716277988178945, 38.802601406437304],
            [-121.716140188179168, 38.802585073104012],
            [-121.715874521512944, 38.802521206437405],
            [-121.715750388179799, 38.802472006437483],
            [-121.715535321513471, 38.802404673104263],
            [-121.715245721513895, 38.802291206437758],
            [-121.715074921514145, 38.802234806437866],
            [-121.714955321514367, 38.802180006437936],
            [-121.714749721514693, 38.802096873104745],
            [-121.714578321514921, 38.802042073104815],
            [-121.714494721515052, 38.80201067310486],
            [-121.714324521515323, 38.801953473104959],
            [-121.714157588182275, 38.801891073105082],
            [-121.714114321515638, 38.801878206438403],
            [-121.713830521516115, 38.801756273105298],
            [-121.713619321516433, 38.80168307310538],
            [-121.713373721516803, 38.801581673105545],
            [-121.713287788183607, 38.801554473105568],
            [-121.713162321517132, 38.801507873105663],
            [-121.713148988183832, 38.801502073105667],
            [-121.713121988183843, 38.801490206439041],
            [-121.712993788184065, 38.80144820643909],
            [-121.712734588184446, 38.801369806439197],
            [-121.712469721518232, 38.801303806439307],
            [-121.712297388185164, 38.801250606439396],
            [-121.71212092151876, 38.801206006439486],
            [-121.711868921519169, 38.801160273106177],
            [-121.711849721519172, 38.801156806439565],
            [-121.711712121519383, 38.801139606439563],
            [-121.711669588186112, 38.801125206439565],
            [-121.711581721519565, 38.801102273106324],
            [-121.711536588186334, 38.801094006439655],
            [-121.711399121519889, 38.801076206439689],
            [-121.711264588186737, 38.801048673106379],
            [-121.710991921520531, 38.801006206439752],
            [-121.710808388187445, 38.800983873106475],
            [-121.710717988187582, 38.800967806439814],
            [-121.710625988187758, 38.800957606439852],
            [-121.710535121521218, 38.800943606439887],
            [-121.710512921521229, 38.800938206439866],
            [-121.710446321521374, 38.800922273106551],
            [-121.710400988188098, 38.800914806439891],
            [-121.710171788188461, 38.800885406439988],
            [-121.70998758818871, 38.800867206439989],
            [-121.709618121522624, 38.800838073106718],
            [-121.709154788190006, 38.800812673106748],
            [-121.708713521524032, 38.800809873106743],
            [-121.708690588190734, 38.8008098064401],
            [-121.708497921524383, 38.800817406440046],
            [-121.708365788191259, 38.800822606440079],
            [-121.707902321525296, 38.800848673106714],
            [-121.707768121525532, 38.800876406439954],
            [-121.707032121526652, 38.800955473106512],
            [-121.706624921527293, 38.801027273106399],
            [-121.706266921527856, 38.80110400643963],
            [-121.706003188194927, 38.801172873106168],
            [-121.705875721528457, 38.801215406439439],
            [-121.705701388195394, 38.801264406439373],
            [-121.705490721529031, 38.801339273105953],
            [-121.705326521529287, 38.801405873105807],
            [-121.705241988196121, 38.801435073105779],
            [-121.705167721529563, 38.801478206439072],
            [-121.705042188196387, 38.801524273105656],
            [-121.70496318819653, 38.801561873105584],
            [-121.704666721530316, 38.801718073105349],
            [-121.704656721530341, 38.80172320643868],
            [-121.70451078819724, 38.801814473105196],
            [-121.704471721530638, 38.801833806438481],
            [-121.704286721530934, 38.801941606438334],
            [-121.704105788197865, 38.802053606438164],
            [-121.70403112153133, 38.802096073104735],
            [-121.703952588198092, 38.802134206438041],
            [-121.703878588198222, 38.802177273104633],
            [-121.70379938819832, 38.802214406437884],
            [-121.703686188198503, 38.802276873104461],
            [-121.70352658819877, 38.802349673104345],
            [-121.703372921532321, 38.802429673104257],
            [-121.703249388199197, 38.802479073104166],
            [-121.703205721532584, 38.802491073104136],
            [-121.703125121532707, 38.802526673104069],
            [-121.702867588199751, 38.802607873103966],
            [-121.702649921533464, 38.802669873103866],
            [-121.70247158820041, 38.802709606437134],
            [-121.702339321533941, 38.802743206437071],
            [-121.702293921534022, 38.802751073103764],
            [-121.702248121534069, 38.802756873103704],
            [-121.702067321534344, 38.802789806437033],
            [-121.701792588201442, 38.802825673103598],
            [-121.701654588201677, 38.802840406436928],
            [-121.701423388202045, 38.802856806436921],
            [-121.701237921535665, 38.802863673103559],
            [-121.700959388202762, 38.802851806436934],
            [-121.700872921536188, 38.802841673103615],
            [-121.700821721536272, 38.802835806436917],
            [-121.700730988203077, 38.802820473103623],
            [-121.70064318820323, 38.802797206436992],
            [-121.700508121536757, 38.802771473103689],
            [-121.700419988203578, 38.802748873103724],
            [-121.700208721537251, 38.802688006437165],
            [-121.70011592153736, 38.802661273103865],
            [-121.700030788204174, 38.802632606437271],
            [-121.699583721538204, 38.802443206437545],
            [-121.699426588205142, 38.802367073104335],
            [-121.699387121538507, 38.802343806437705],
            [-121.699242521538736, 38.802258406437829],
            [-121.699207521538767, 38.80223487310451],
            [-121.698997521539127, 38.802087606438079],
            [-121.698967588205846, 38.802066673104775],
            [-121.698834988206045, 38.801966673104971],
            [-121.698680788206275, 38.801833473105148],
            [-121.69860078820642, 38.801746006438634],
            [-121.698514788206523, 38.801662006438733],
            [-121.698489521539898, 38.801632006438808],
            [-121.698415921540004, 38.801541273105613],
            [-121.698383988206729, 38.801498473105653],
            [-121.69830038820686, 38.801386673105867],
            [-121.698256321540271, 38.801324006439302],
            [-121.698195388207012, 38.801227673106098],
            [-121.698170721540407, 38.801197473106129],
            [-121.698062721540566, 38.801039606439701],
            [-121.698038121540606, 38.801009206439801],
            [-121.697976388207394, 38.800913473106561],
            [-121.697957921540706, 38.800880806439977],
            [-121.697929321540755, 38.800812873106736],
            [-121.69785732154088, 38.800681673106965],
            [-121.697755721541057, 38.800444606440635],
            [-121.697659921541174, 38.800282273107541],
            [-121.697535788208029, 38.800013673107969],
            [-121.697476588208133, 38.799841273108257],
            [-121.697393588208286, 38.799563206442031],
            [-121.697347388208357, 38.799388473108934],
            [-121.697237721541853, 38.798896606443066],
            [-121.697173721541958, 38.798579406443537],
            [-121.697153921541997, 38.798509673110345],
            [-121.697125721542022, 38.798368673110531],
            [-121.697090388208721, 38.798228673110771],
            [-121.697012188208873, 38.798023406444429],
            [-121.69697872154228, 38.797956873111161],
            [-121.696965988208945, 38.797922606444558],
            [-121.696894188209058, 38.797791006444754],
            [-121.696829521542497, 38.797657273111668],
            [-121.696809521542491, 38.797625073111703],
            [-121.696696521542719, 38.797469406445259],
            [-121.696611988209497, 38.797342606445454],
            [-121.696433121543123, 38.797134006445788],
            [-121.696351521543249, 38.797047406445927],
            [-121.6962245882101, 38.796934006446122],
            [-121.696200254876771, 38.79691227311281],
            [-121.696136588210209, 38.79686020644624],
            [-121.696079388210308, 38.79680407311298],
            [-121.69600572154377, 38.79671347311313],
            [-121.695819788210713, 38.796554073113327],
            [-121.695624321544358, 38.796397873113619],
            [-121.695594521544422, 38.796374206446956],
            [-121.695360521544785, 38.796200806447246],
            [-121.695288188211521, 38.796156073113991],
            [-121.695226921544986, 38.79612207311402],
            [-121.695210721544981, 38.796113073114043],
            [-121.695127921545122, 38.796081006447423],
            [-121.695041388211905, 38.796054673114156],
            [-121.694926721545414, 38.79599407311423],
            [-121.69472112154574, 38.795911006447682],
            [-121.694016388213527, 38.795636873114802],
            [-121.69390052154705, 38.795589006448211],
            [-121.693893721547056, 38.795586206448206],
            [-121.693765188213888, 38.795544606448232],
            [-121.693629988214127, 38.795518673114941],
            [-121.693586188214169, 38.795506673114971],
            [-121.69337538821452, 38.795432006448436],
            [-121.693330921547897, 38.795422273115094],
            [-121.693101321548284, 38.795395006448473],
            [-121.692777521548749, 38.795370873115189],
            [-121.692510788215884, 38.7953086064486],
            [-121.692420188215976, 38.795292473115296],
            [-121.692330921549456, 38.795272873115323],
            [-121.692244521549583, 38.795246406448712],
            [-121.692077988216511, 38.795183073115481],
            [-121.691735321550368, 38.79507240644898],
            [-121.691528788217397, 38.794990473115774],
            [-121.691441921550847, 38.794965673115826],
            [-121.69130092155109, 38.794933006449185],
            [-121.691187521551228, 38.79469880644956],
            [-121.691175521551258, 38.794664473116313],
            [-121.691170588217915, 38.794629073116369],
            [-121.691164788217918, 38.794522073116525],
            [-121.69117392155124, 38.794450873116602],
            [-121.691205921551216, 38.794274206450211],
            [-121.691211588217868, 38.794203073116989],
            [-121.691194121551234, 38.794133006450465],
            [-121.691182921551274, 38.794062206450576],
            [-121.691179188217916, 38.794002073117326],
            [-121.691178521551251, 38.793990806450665],
            [-121.691181588217944, 38.7939196064508],
            [-121.691192921551249, 38.793848606450865],
            [-121.691219988217881, 38.793743873117705],
            [-121.691278121551079, 38.793608273117911],
            [-121.691332988217709, 38.793510006451413],
            [-121.691454588217482, 38.793317406451706],
            [-121.691605721550616, 38.793137473118634],
            [-121.691748121550347, 38.79299660645222],
            [-121.691900588216811, 38.792862206452412],
            [-121.692004988216638, 38.792744073119252],
            [-121.692223121549659, 38.792559006452905],
            [-121.692387521549392, 38.792386073119815],
            [-121.692437388215978, 38.792326006453266],
            [-121.692688388215572, 38.791999406453783],
            [-121.692720721548881, 38.791957273120488],
            [-121.692845188215358, 38.791807006454064],
            [-121.69293152154853, 38.791680473120948],
            [-121.692989188215108, 38.791583073121046],
            [-121.693071788214979, 38.791455806454621],
            [-121.693103921548243, 38.791388806454734],
            [-121.693131588214897, 38.791320673121504],
            [-121.69319978821477, 38.791187873121658],
            [-121.69322838821472, 38.791135473121756],
            [-121.693343788214577, 38.79092480645545],
            [-121.693429521547785, 38.790798206455634],
            [-121.693463588214399, 38.79073180645571],
            [-121.693489188214357, 38.790663273122505],
            [-121.693503321547666, 38.790592806455948],
            [-121.693557988214252, 38.789702006457333],
            [-121.693557588214219, 38.789697873123998],
            [-121.693551121547557, 38.789630873124111],
            [-121.693511921547611, 38.789383006457797],
            [-121.693493788214312, 38.789241006458042],
            [-121.69347078821437, 38.789135406458229],
            [-121.693372521547872, 38.788860206458651],
            [-121.693345121547907, 38.788792006458721],
            [-121.693316388214612, 38.788687273125561],
            [-121.693302588214635, 38.788616673125659],
            [-121.693257521548048, 38.788478273125918],
            [-121.693182121548148, 38.788309606459507],
            [-121.693117921548264, 38.788138206459735],
            [-121.693098521548279, 38.788105873126483],
            [-121.693028054881722, 38.78801360645997],
            [-121.69297478821511, 38.78791467312675],
            [-121.692952721548522, 38.787883406460139],
            [-121.692904188215266, 38.787822606460225],
            [-121.692838121548675, 38.787728273127072],
            [-121.692710388215573, 38.787579273127278],
            [-121.692687921548895, 38.787548073127311],
            [-121.692630721548994, 38.787450606460823],
            [-121.692604788215704, 38.787421073127518],
            [-121.692151188216428, 38.786968606461585],
            [-121.691643321550544, 38.786504206462268],
            [-121.691506121550731, 38.786360273129162],
            [-121.691295321551081, 38.786125206462884],
            [-121.691157521551304, 38.785981673129754],
            [-121.691109988218045, 38.785920406463219],
            [-121.691068321551427, 38.785856673129956],
            [-121.690828921551827, 38.785430806463978],
            [-121.690806921551825, 38.785361406464062],
            [-121.69077498821855, 38.785220806464281],
            [-121.690707121552009, 38.784976606464681],
            [-121.690676521552064, 38.784835806464855],
            [-121.690642321552104, 38.784337073132292],
            [-121.69057938821885, 38.783696673133306],
            [-121.690542321552243, 38.783520606466936],
            [-121.690511721552298, 38.783416206467109],
            [-121.690479321552345, 38.783326606467199],
            [-121.690329988219219, 38.78318987313412],
            [-121.690167388219493, 38.783062606467638],
            [-121.690052721553002, 38.782950273134475],
            [-121.690021121553059, 38.782924073134495],
            [-121.689948921553139, 38.782879206467896],
            [-121.68983272155333, 38.782820206467989],
            [-121.689580788220383, 38.782662073134929],
            [-121.689503388220544, 38.782622606468294],
            [-121.689420988220661, 38.782589473135033],
            [-121.689382121554047, 38.782570606468369],
            [-121.68907758822121, 38.78240447313533],
            [-121.689041321554555, 38.782384606468668],
            [-121.688903788221467, 38.782288873135485],
            [-121.688772521554995, 38.782187806468983],
            [-121.688655521555177, 38.782077073135838],
            [-121.688600388221914, 38.782019673135892],
            [-121.688500588222098, 38.781899206469461],
            [-121.688477388222111, 38.781868406469471],
            [-121.68842552155553, 38.781769073136331],
            [-121.688385721555619, 38.781704673136403],
            [-121.688339721555678, 38.781642806469847],
            [-121.688284121555739, 38.781544606469993],
            [-121.688241188222491, 38.781481473136751],
            [-121.688210988222522, 38.78141407313683],
            [-121.688152988222612, 38.78131687313703],
            [-121.688033721556167, 38.781084673137343],
            [-121.687926521556278, 38.780849006471044],
            [-121.687857921556429, 38.780716473137943],
            [-121.687810788223146, 38.780615673138072],
            [-121.687752721556592, 38.780480206471623],
            [-121.687695921556667, 38.780382673138433],
            [-121.687665988223387, 38.780315073138581],
            [-121.687625321556766, 38.780251006471985],
            [-121.687577388223531, 38.780150473138804],
            [-121.687445988223715, 38.779922406472508],
            [-121.68741592155709, 38.7798548731393],
            [-121.687319321557254, 38.779692806472838],
            [-121.687204188224086, 38.779459473139866],
            [-121.687065521557656, 38.77919480647364],
            [-121.686945121557812, 38.779001806473957],
            [-121.686853121557988, 38.778878006474145],
            [-121.686835721557998, 38.778844873140827],
            [-121.686734388224806, 38.778684473141084],
            [-121.686664188224938, 38.778552273141315],
            [-121.686516921558507, 38.778214406475172],
            [-121.686480121558532, 38.77811120647533],
            [-121.686295321558816, 38.777632206476085],
            [-121.686223388225642, 38.777425606476356],
            [-121.686194788225635, 38.777320873143196],
            [-121.686137388225745, 38.777039006476969],
            [-121.686115121559112, 38.776825806477291],
            [-121.686098388225787, 38.776277006478153],
            [-121.686094521559141, 38.776148406478342],
            [-121.686104788225805, 38.775863073145445],
            [-121.686129121559077, 38.775650006479111],
            [-121.686178521559043, 38.775367206479586],
            [-121.686244321558888, 38.775050273146746],
            [-121.686263121558909, 38.774980406480154],
            [-121.686299588225495, 38.774877273147013],
            [-121.686468921558571, 38.774469473147633],
            [-121.686529188225165, 38.774334606481204],
            [-121.686613521558343, 38.774168273148121],
            [-121.686656721558279, 38.774069806481577],
            [-121.686698521558185, 38.774006073148371],
            [-121.686711388224865, 38.773981873148387],
            [-121.686751521558108, 38.773907073148507],
            [-121.686839321558011, 38.773781473148688],
            [-121.686910921557853, 38.773689673148851],
            [-121.68695418822449, 38.773626606482253],
            [-121.687185988224144, 38.773317606482749],
            [-121.68726572155731, 38.773229806482902],
            [-121.687286321557281, 38.773202473149581],
            [-121.687312321557272, 38.77316800648299],
            [-121.687463188223717, 38.772988206483262],
            [-121.687545721556887, 38.77290187315009],
            [-121.687620321556778, 38.772811606483515],
            [-121.687844388223084, 38.772584206483884],
            [-121.688174121555903, 38.772284473151046],
            [-121.688359721555628, 38.7721250064846],
            [-121.688553921555354, 38.771971406484852],
            [-121.688981921554671, 38.771644273151992],
            [-121.689674321553582, 38.771168673152772],
            [-121.689992988219785, 38.770960873153058],
            [-121.690400521552476, 38.770724206486761],
            [-121.690715188218633, 38.770572473153663],
            [-121.690985921551544, 38.770434206487209],
            [-121.691093188218076, 38.770366006487336],
            [-121.691207721551223, 38.770305073154077],
            [-121.691403788217599, 38.770209473154239],
            [-121.691526521550713, 38.770158673154299],
            [-121.691682188217158, 38.770086206487747],
            [-121.691804521550296, 38.770029206487834],
            [-121.6919579882167, 38.769949206487979],
            [-121.692099321549847, 38.769856606488133],
            [-121.692158721549731, 38.769808873154886],
            [-121.692291588216221, 38.769702206488375],
            [-121.692428121549312, 38.769558206488568],
            [-121.692488321549206, 38.769479873155376],
            [-121.692498921549202, 38.769466073155399],
            [-121.692512588215834, 38.769444673155419],
            [-121.692826721548727, 38.768954206489525],
            [-121.692886721548632, 38.768819473156384],
            [-121.692956721548512, 38.76865000649002],
            [-121.692979988215143, 38.768569073156812],
            [-121.692996721548411, 38.768510606490224],
            [-121.693040721548357, 38.768335606490496],
            [-121.693055188214998, 38.768157673157418],
            [-121.693048988215025, 38.768086473157553],
            [-121.693024321548364, 38.767987806491021],
            [-121.693013988215057, 38.767946473157735],
            [-121.692990388215094, 38.767877606491197],
            [-121.692949521548485, 38.767807806491305],
            [-121.692887988215261, 38.767712206491467],
            [-121.692861188215318, 38.767683073158196],
            [-121.692817988215381, 38.767620006491597],
            [-121.692615321548999, 38.767381073158617],
            [-121.692384121549367, 38.76715320649231],
            [-121.69235832154942, 38.767127873159041],
            [-121.692247388216288, 38.767013473159182],
            [-121.692092321549865, 38.766880873159437],
            [-121.692005521549959, 38.766797273159568],
            [-121.691594521550599, 38.766457473160074],
            [-121.690872588218383, 38.765902806494239],
            [-121.690127721552869, 38.765315073161844],
            [-121.689865588219959, 38.765113073162183],
            [-121.689522121553807, 38.764872806495873],
            [-121.689485521553877, 38.764850806495872],
            [-121.689046121554554, 38.764533006496379],
            [-121.688975921554686, 38.764486206496485],
            [-121.688544788222032, 38.764215206496885],
            [-121.688433188222177, 38.764151006497002],
            [-121.688352321555669, 38.764107873163709],
            [-121.688089788222726, 38.763968273163925],
            [-121.688050321556091, 38.763949406497318],
            [-121.687853388223061, 38.763855273164097],
            [-121.687691388223357, 38.763785673164193],
            [-121.68761292155682, 38.763747606497589],
            [-121.687405121557106, 38.763668806497719],
            [-121.686929788224518, 38.76352587316461],
            [-121.686797521558049, 38.763492673164649],
            [-121.686706788224853, 38.763477073164722],
            [-121.686619988225004, 38.763451606498052],
            [-121.686575721558427, 38.763441873164766],
            [-121.686439388225267, 38.763420206498097],
            [-121.686393188225338, 38.763415873164774],
            [-121.686254121558875, 38.763411606498153],
            [-121.685743321559698, 38.763406206498132],
            [-121.685511721560033, 38.763418406498147],
            [-121.685002788227507, 38.763452273164717],
            [-121.684544321561532, 38.76350667316467],
            [-121.683996321562404, 38.763582273164559],
            [-121.683407521563311, 38.763684606497691],
            [-121.683363188230032, 38.763695206497687],
            [-121.683226188230265, 38.76371480649766],
            [-121.682841921564204, 38.763765673164244],
            [-121.682814588230883, 38.763769206497557],
            [-121.682791121564264, 38.763770806497575],
            [-121.682745388231012, 38.763773873164212],
            [-121.682583321564607, 38.76378480649754],
            [-121.682397921564871, 38.763792606497532],
            [-121.681794188232516, 38.763794806497515],
            [-121.681747988232587, 38.76379147316419],
            [-121.681610588232786, 38.763773673164224],
            [-121.681430121566393, 38.763740006497642],
            [-121.681297988233268, 38.763706006497671],
            [-121.680983321567055, 38.763596873164488],
            [-121.680959321567116, 38.763588606497876],
            [-121.680720188234147, 38.763478673164684],
            [-121.680306721568115, 38.763248473165049],
            [-121.680233588234898, 38.763204473165104],
            [-121.680061988235195, 38.763084206498661],
            [-121.680049321568504, 38.763074806498651],
            [-121.679894321568781, 38.76296067316548],
            [-121.679862921568827, 38.762934406498857],
            [-121.679808721568918, 38.762876473165647],
            [-121.67973098823569, 38.762803606499062],
            [-121.679680988235759, 38.762743273165825],
            [-121.679636521569194, 38.76268067316596],
            [-121.67956212156929, 38.762590273166097],
            [-121.679522921569344, 38.762537006499485],
            [-121.679493588236085, 38.762497206499575],
            [-121.679453721569473, 38.76243287316629],
            [-121.679407521569544, 38.76237087316639],
            [-121.679367188236256, 38.762306673166506],
            [-121.679249921569749, 38.762152873166769],
            [-121.679215988236479, 38.762086473166846],
            [-121.679195588236496, 38.762054473166927],
            [-121.679144721569912, 38.761994806500354],
            [-121.679086321570026, 38.761897873167129],
            [-121.679019521570126, 38.761804073167298],
            [-121.678937988236896, 38.761676073167507],
            [-121.678871721570374, 38.761581873167643],
            [-121.678757121570527, 38.76142680650122],
            [-121.67863052157071, 38.761277406501449],
            [-121.678548988237537, 38.7611906065016],
            [-121.678274721571313, 38.760948406501939],
            [-121.677978188238399, 38.760722006502306],
            [-121.677910388238502, 38.760673273169061],
            [-121.677803521572002, 38.760604673169155],
            [-121.677650588238919, 38.76052380650259],
            [-121.677528788239101, 38.760471806502721],
            [-121.677442321572585, 38.760446006502718],
            [-121.677362588239362, 38.760409273169444],
            [-121.677188188239654, 38.76036027316951],
            [-121.677098988239777, 38.760340873169582],
            [-121.676917188240054, 38.760312273169632],
            [-121.676594121573885, 38.760285006503011],
            [-121.675946121574896, 38.76024700650305],
            [-121.675482121575612, 38.760230473169713],
            [-121.674879988243219, 38.760199806503124],
            [-121.67446418824386, 38.760168873169846],
            [-121.674187588244308, 38.760143406503232],
            [-121.674142321577676, 38.760135206503207],
            [-121.674053921577865, 38.760113406503251],
            [-121.673917988244739, 38.760089873169932],
            [-121.673504988245384, 38.760040406503379],
            [-121.673369988245554, 38.760014406503387],
            [-121.67304898824608, 38.759974873170108],
            [-121.672959721579559, 38.759955206503491],
            [-121.672372521580428, 38.759848606503681],
            [-121.67228412158056, 38.759826473170392],
            [-121.672103388247535, 38.759793606503763],
            [-121.672059588247578, 38.759781606503793],
            [-121.671791721581371, 38.759723473170538],
            [-121.671655921581532, 38.759699273170554],
            [-121.671523988248452, 38.759664873170607],
            [-121.671298321582128, 38.759622406504036],
            [-121.670902121582742, 38.759520673170812],
            [-121.670812988249509, 38.759500673170862],
            [-121.670677721583104, 38.75947547317088],
            [-121.670500988250012, 38.759431273171003],
            [-121.670322321583626, 38.759392273171045],
            [-121.670235988250454, 38.759366273171054],
            [-121.670009321584132, 38.759327073171164],
            [-121.669827921584385, 38.759296673171207],
            [-121.66968992158462, 38.759281673171188],
            [-121.669505188251549, 38.759266473171238],
            [-121.669412521585059, 38.759263006504568],
            [-121.669040921585633, 38.759266873171214],
            [-121.668901921585814, 38.759273073171244],
            [-121.668624321586265, 38.759291073171198],
            [-121.668532121586395, 38.75930020650452],
            [-121.668441721586532, 38.759316473171168],
            [-121.668308121586733, 38.759346673171081],
            [-121.668223788253556, 38.759376606504418],
            [-121.668136721587018, 38.759401006504334],
            [-121.668095321587089, 38.759417273170982],
            [-121.667977188253928, 38.759474006504263],
            [-121.667712321587658, 38.75961847317069],
            [-121.667306588254974, 38.759857006503637],
            [-121.667019121588737, 38.76003747317003],
            [-121.666742188255853, 38.760227606503065],
            [-121.666676988255972, 38.760278273169661],
            [-121.666520121589542, 38.760409673169477],
            [-121.66643692158965, 38.760495606502673],
            [-121.666363388256457, 38.760586273169167],
            [-121.666309588256524, 38.760662073169044],
            [-121.666287388256535, 38.760693406502355],
            [-121.666235788256643, 38.760752673168952],
            [-121.666122121590149, 38.760908273168695],
            [-121.666042988256947, 38.761075473168432],
            [-121.665999788257011, 38.761138606501675],
            [-121.665948388257107, 38.761238006501515],
            [-121.665891721590526, 38.761335606501348],
            [-121.665759988257378, 38.761640073167541],
            [-121.665709388257483, 38.761739473167381],
            [-121.665666921590855, 38.761841273167249],
            [-121.665380921591293, 38.762594206499386],
            [-121.66533858825801, 38.76269587316591],
            [-121.66530338825811, 38.7627618731658],
            [-121.665237588258208, 38.762932806498895],
            [-121.665116721591687, 38.763276806498368],
            [-121.665041988258508, 38.763519673164637],
            [-121.665023721591865, 38.763589673164518],
            [-121.66501152159185, 38.763624006497821],
            [-121.664962721591962, 38.763724273164314],
            [-121.664928721591991, 38.763864606497407],
            [-121.664881188258732, 38.764039073163815],
            [-121.664838988258794, 38.764178006496934],
            [-121.664813988258857, 38.764283273163471],
            [-121.664793588258874, 38.764425206496583],
            [-121.664760988258934, 38.764601673162929],
            [-121.664758788258951, 38.764708673162772],
            [-121.664732121592294, 38.764921806495806],
            [-121.6647253215923, 38.765100006495516],
            [-121.664745921592271, 38.765277673161904],
            [-121.664809921592166, 38.765738673161195],
            [-121.664802121592174, 38.765845606494338],
            [-121.664807121592219, 38.765952473160837],
            [-121.664779388258921, 38.766201273160448],
            [-121.664748588258931, 38.766843206492808],
            [-121.664684921592368, 38.767232473158856],
            [-121.664653588259114, 38.767516873158399],
            [-121.664600121592514, 38.767763073158051],
            [-121.664578121592569, 38.767904806491174],
            [-121.664556988259221, 38.767974273157733],
            [-121.664525321592635, 38.768041273157621],
            [-121.664484321592681, 38.768105406490861],
            [-121.66438652159286, 38.768226673157301],
            [-121.664270188259707, 38.768337873157179],
            [-121.664188388259845, 38.76842440649034],
            [-121.664095788259942, 38.768504473156895],
            [-121.66399472159344, 38.768578006490088],
            [-121.663834921593718, 38.768707406489909],
            [-121.663658188260627, 38.768823273156386],
            [-121.66362032159401, 38.768843806489713],
            [-121.663539788260834, 38.768879206489657],
            [-121.663496921594231, 38.768893073156278],
            [-121.663408721594351, 38.7689156064896],
            [-121.663274188261255, 38.768943473156185],
            [-121.662922188261803, 38.76903507315609],
            [-121.662786721595353, 38.769060206489371],
            [-121.662374321595962, 38.769112606489273],
            [-121.662055188263139, 38.769160873155897],
            [-121.662009788263219, 38.769168873155877],
            [-121.66188098826342, 38.769209473155797],
            [-121.661836321596809, 38.769217673155765],
            [-121.661516921597297, 38.76926380648905],
            [-121.661238521597738, 38.769273006489016],
            [-121.661055321598042, 38.769296673155679],
            [-121.660405388265701, 38.769296806489024],
            [-121.660312588265811, 38.769293273155654],
            [-121.659988521599644, 38.769272273155707],
            [-121.65980432159995, 38.76925447315574],
            [-121.659758588266698, 38.769247873155734],
            [-121.659487321600466, 38.769199473155822],
            [-121.659398521600565, 38.769178806489208],
            [-121.659261988267474, 38.769157273155884],
            [-121.658999188267899, 38.769087073156015],
            [-121.65895618826795, 38.769073606489371],
            [-121.658831788268117, 38.769025406489391],
            [-121.658658988268428, 38.768972873156144],
            [-121.658580321601846, 38.768935006489585],
            [-121.658419188268795, 38.768863806489662],
            [-121.658274521602323, 38.768774206489809],
            [-121.658207788269124, 38.76871680648992],
            [-121.658202188269115, 38.768681406489975],
            [-121.658196388269118, 38.768538806490199],
            [-121.65820098826913, 38.768324806490511],
            [-121.658187588269129, 38.768111006490813],
            [-121.658190988269155, 38.767861273157905],
            [-121.658178721602496, 38.767683073158196],
            [-121.658161988269171, 38.767541073158384],
            [-121.658082721602625, 38.767153473158999],
            [-121.658028921602693, 38.766980073159232],
            [-121.657987321602775, 38.766877873159444],
            [-121.657922388269526, 38.766744273159645],
            [-121.657903588269562, 38.766711606493004],
            [-121.657813388269687, 38.766587006493182],
            [-121.657664588269938, 38.766406073160169],
            [-121.657637788269994, 38.766376873160198],
            [-121.657577188270068, 38.766322806493633],
            [-121.657380388270383, 38.766124073160597],
            [-121.657164588270746, 38.765937406494231],
            [-121.656926188271086, 38.765718473161201],
            [-121.656630988271559, 38.765491406494903],
            [-121.656493588271758, 38.765395473161732],
            [-121.656385921605249, 38.765327473161847],
            [-121.656163321605618, 38.765198806495334],
            [-121.656005321605846, 38.765123873162167],
            [-121.655928121605996, 38.765084206495544],
            [-121.655853988272781, 38.765041073162251],
            [-121.655697921606304, 38.764963873162401],
            [-121.655583321606514, 38.764903073162486],
            [-121.655544188273211, 38.764884006495834],
            [-121.655460521606699, 38.764852873162567],
            [-121.655299988273612, 38.764781273162669],
            [-121.655217988273762, 38.764747873162719],
            [-121.655133921607217, 38.76471767316275],
            [-121.654920121607518, 38.764648406496235],
            [-121.654569121608063, 38.764554806496335],
            [-121.654478388274867, 38.76453947316304],
            [-121.654339921608425, 38.764527273163083],
            [-121.654019188275583, 38.764486206496485],
            [-121.653833788275904, 38.764478073163161],
            [-121.653508788276383, 38.764482673163116],
            [-121.653091121610373, 38.764492473163102],
            [-121.652813788277456, 38.764514006496427],
            [-121.652491388277952, 38.764545406496381],
            [-121.652036321612002, 38.764615473162905],
            [-121.651761721612445, 38.764652273162881],
            [-121.65162372161268, 38.764666473162833],
            [-121.651165521613393, 38.764724673162789],
            [-121.650848588280496, 38.764780806495992],
            [-121.65026292161474, 38.764893673162476],
            [-121.649861788282067, 38.764984073162339],
            [-121.649684721615643, 38.765027273162275],
            [-121.649517988282582, 38.765090073162185],
            [-121.649395921616133, 38.765141806495421],
            [-121.649310588282901, 38.765170006495396],
            [-121.649179121616442, 38.76520540649534],
            [-121.649043988283324, 38.765231806495308],
            [-121.648736988283815, 38.765313873161858],
            [-121.648695721617173, 38.765330073161806],
            [-121.648418721617645, 38.765460806494957],
            [-121.648296988284471, 38.765512873161526],
            [-121.648058921618201, 38.765623673161372],
            [-121.647972721618316, 38.765650073161339],
            [-121.647840321618503, 38.765683606494633],
            [-121.647657388285495, 38.765708806494558],
            [-121.647521788285701, 38.765733206494531],
            [-121.647388788285866, 38.765765073161162],
            [-121.647263321619448, 38.765811473161079],
            [-121.647140921619609, 38.765862673160996],
            [-121.646641521620381, 38.766053206494007],
            [-121.64651832162059, 38.766102873160605],
            [-121.646392321620795, 38.766148806493902],
            [-121.646187321621085, 38.766232606493759],
            [-121.646144521621181, 38.766246606493723],
            [-121.64596778828809, 38.766290673160313],
            [-121.645844521621598, 38.766340406493612],
            [-121.645759588288399, 38.766369406493538],
            [-121.645623921621961, 38.766393873160155],
            [-121.645532321622113, 38.766405806493481],
            [-121.64543118828891, 38.766411206493501],
            [-121.645246721622527, 38.76642847316009],
            [-121.645017788289579, 38.766458473160071],
            [-121.644879588289768, 38.766472273160048],
            [-121.644508588290364, 38.766486206493369],
            [-121.644230121624105, 38.766475473160028],
            [-121.643858521624679, 38.766473073160057],
            [-121.643163788292441, 38.766431006493463],
            [-121.642978121626072, 38.766424073160124],
            [-121.642885188292894, 38.766424073160124],
            [-121.642797521626335, 38.766431006493463],
            [-121.642754988293063, 38.766445273160116],
            [-121.642485388293494, 38.766499806493357],
            [-121.642394188293622, 38.766513406493345],
            [-121.642256121627213, 38.766528006493274],
            [-121.642120188294086, 38.766551406493249],
            [-121.642031188294197, 38.766571806493232],
            [-121.641943921627671, 38.766596473159836],
            [-121.641647321628113, 38.766698606493037],
            [-121.641255388295406, 38.766810606492868],
            [-121.640945921629225, 38.766886673159377],
            [-121.640764988296155, 38.766918806492697],
            [-121.640630921629736, 38.766947873159324],
            [-121.64054678829649, 38.766978006492593],
            [-121.640460321629973, 38.767004073159228],
            [-121.640415788296707, 38.767014406492535],
            [-121.640235721630347, 38.767049406492504],
            [-121.640052388297306, 38.767072673159134],
            [-121.639913321630843, 38.767080673159114],
            [-121.639868121630911, 38.767086673159099],
            [-121.639823788297633, 38.767097606492428],
            [-121.639506521631461, 38.767152206492312],
            [-121.639373388298338, 38.767183873158956],
            [-121.639288321631795, 38.767212606492251],
            [-121.639205988298613, 38.767245673158868],
            [-121.639116588298748, 38.767265206492141],
            [-121.638889321632405, 38.767300473158741],
            [-121.638758388299266, 38.767337273158716],
            [-121.638669188299446, 38.767357073158678],
            [-121.638449521633106, 38.767415006491944],
            [-121.638269788300022, 38.767451406491887],
            [-121.637994921633833, 38.767486806491831],
            [-121.637856521634035, 38.767499806491799],
            [-121.637484988301253, 38.767501473158461],
            [-121.637253588301633, 38.767486873158475],
            [-121.636520788302789, 38.767391273158637],
            [-121.636151588303335, 38.767357673158699],
            [-121.636013721636857, 38.76734267315868],
            [-121.635828521637166, 38.767330873158699],
            [-121.635526054970967, 38.767335873158686],
            [-121.635410521637823, 38.767337673158693],
            [-121.635364121637906, 38.767339673158688],
            [-121.635226321638129, 38.76735607315868],
            [-121.635182388304827, 38.767367673158674],
            [-121.634840521638694, 38.767479406491816],
            [-121.634764388305484, 38.767520073158437],
            [-121.634693588305595, 38.767566273158366],
            [-121.634627588305705, 38.767616473158284],
            [-121.634502588305907, 38.767722006491454],
            [-121.634362188306113, 38.767864073157909],
            [-121.634312121639539, 38.767924206491102],
            [-121.634268321639581, 38.767987073157713],
            [-121.634150721639799, 38.768140606490817],
            [-121.634129788306495, 38.768172406490748],
            [-121.634113988306524, 38.768206006490686],
            [-121.634038921639956, 38.768336473157149],
            [-121.634014188306651, 38.768405073157055],
            [-121.633936721640112, 38.768534806490152],
            [-121.633711521640464, 38.768846673156361],
            [-121.633506188307422, 38.769166473155849],
            [-121.633389788307625, 38.769361006488907],
            [-121.633270588307823, 38.769592873155204],
            [-121.633145788308013, 38.769823473154872],
            [-121.633131121641384, 38.769857273154798],
            [-121.633099521641384, 38.769961473154638],
            [-121.633069988308137, 38.770029206487834],
            [-121.632955521641634, 38.770374806487325],
            [-121.632926988308327, 38.770442673153866],
            [-121.632834321641838, 38.770719006486786],
            [-121.632820588308505, 38.770789473153343],
            [-121.632792988308552, 38.771038406486298],
            [-121.632790388308536, 38.771145406486141],
            [-121.632791988308554, 38.771430673152338],
            [-121.632774988308597, 38.771787006485113],
            [-121.632769721641921, 38.772000873151455],
            [-121.632764588308589, 38.772714006483682],
            [-121.63276778830857, 38.773005673149896],
            [-121.632753721641961, 38.773076206483154],
            [-121.632751921641955, 38.77311187314973],
            [-121.632751921641955, 38.77329007314944],
            [-121.632748121641953, 38.773396873149295],
            [-121.632765588308587, 38.773753473148759],
            [-121.632763121641915, 38.774074406481589],
            [-121.632759588308602, 38.774145673148155],
            [-121.632749988308603, 38.774216606481389],
            [-121.632667988308754, 38.774495006480947],
            [-121.632595921642178, 38.774664406480667],
            [-121.632555388308901, 38.774728673147251],
            [-121.632526121642286, 38.774796273147103],
            [-121.632473788309028, 38.774895473146955],
            [-121.632444721642401, 38.774963206480209],
            [-121.632401588309165, 38.775026406480094],
            [-121.632368588309191, 38.775093006480006],
            [-121.632329188309257, 38.775157606479922],
            [-121.632114788309593, 38.775473806479397],
            [-121.632040988309711, 38.775564473145948],
            [-121.63197258830985, 38.775657873145803],
            [-121.631893321643304, 38.775786606478903],
            [-121.631813588310081, 38.77587447314545],
            [-121.631749188310152, 38.775969206478635],
            [-121.631657721643649, 38.7760500731452],
            [-121.631549588310463, 38.776165606478344],
            [-121.63119972164435, 38.776400273144645],
            [-121.631135121644434, 38.776451606477906],
            [-121.631075588311205, 38.77650647314448],
            [-121.630950988311383, 38.776612206477637],
            [-121.630851988311576, 38.776732673144124],
            [-121.630685121645172, 38.776856873143913],
            [-121.630522321645401, 38.776984073143751],
            [-121.630351721645695, 38.777105073143559],
            [-121.63016958831264, 38.777215873143348],
            [-121.629942321646297, 38.777339806476505],
            [-121.629634588313479, 38.777499873142915],
            [-121.629408388313777, 38.777625073142758],
            [-121.629330521647262, 38.777664006476016],
            [-121.629127521647547, 38.777750606475877],
            [-121.628932588314569, 38.777847673142389],
            [-121.628751788314844, 38.777959473142232],
            [-121.628662921648299, 38.778041873142115],
            [-121.628531121648507, 38.778142473141941],
            [-121.628502521648556, 38.778170606475214],
            [-121.628428388315342, 38.778261206475065],
            [-121.628342188315457, 38.778345406474955],
            [-121.628254921648931, 38.778471206474762],
            [-121.628196788315677, 38.778568473141263],
            [-121.628117188315798, 38.778736073141033],
            [-121.628105588315805, 38.778770606474268],
            [-121.628099721649164, 38.778806006474213],
            [-121.628087988315826, 38.778948273140657],
            [-121.628094921649165, 38.779019473140579],
            [-121.628118521649128, 38.779088473140462],
            [-121.628145788315749, 38.77919347314031],
            [-121.628160388315735, 38.779227206473593],
            [-121.628230788315648, 38.779359273140017],
            [-121.62825698831557, 38.779427673139935],
            [-121.62826718831559, 38.779462606473203],
            [-121.628284921648856, 38.779568673139693],
            [-121.628305721648871, 38.779638273139597],
            [-121.628335321648819, 38.779705806472862],
            [-121.628396721648699, 38.779801873139377],
            [-121.628420121648674, 38.77983267313931],
            [-121.628510788315168, 38.779914006472495],
            [-121.628577521648424, 38.779963673139093],
            [-121.628672188314965, 38.780042206472331],
            [-121.628843788314668, 38.78016240647213],
            [-121.628976588314458, 38.780262406471991],
            [-121.629011988314403, 38.780285206471945],
            [-121.629161388314174, 38.780370206471787],
            [-121.629231588314099, 38.780416873138392],
            [-121.629352921647239, 38.780469473138339],
            [-121.62943898831378, 38.780496273138283],
            [-121.629521388313606, 38.780529406471544],
            [-121.629598921646846, 38.780568673138191],
            [-121.62971178831333, 38.780631273138056],
            [-121.629906721646364, 38.780728273137925],
            [-121.630029321646191, 38.780779206471152],
            [-121.630119588312709, 38.780795806471133],
            [-121.630250521645848, 38.780832806471096],
            [-121.6304565883122, 38.780915073137635],
            [-121.630533588312062, 38.78095500647089],
            [-121.63067458831182, 38.781047873137425],
            [-121.630996721644692, 38.781304873137003],
            [-121.63111852164451, 38.781412673136856],
            [-121.631200121644383, 38.781499406470061],
            [-121.631250121644257, 38.781559406469967],
            [-121.631316988310857, 38.781653273136499],
            [-121.63134992164413, 38.781720073136398],
            [-121.631377321644095, 38.781788006469583],
            [-121.631411521644054, 38.781854406469506],
            [-121.631435388310649, 38.781923273136044],
            [-121.631448588310661, 38.78199400646929],
            [-121.631430988310683, 38.782529006468451],
            [-121.631411988310674, 38.782598806468343],
            [-121.631395521644038, 38.782705073134878],
            [-121.631376121644109, 38.782774806468069],
            [-121.631299188310891, 38.782943073134504],
            [-121.631272321644246, 38.783017673134339],
            [-121.631140188311122, 38.783079073134274],
            [-121.630988121644691, 38.783161073134124],
            [-121.630908721644801, 38.783198206467432],
            [-121.630872521644847, 38.783220406467365],
            [-121.6307713883117, 38.783294073133959],
            [-121.630314121645711, 38.783649073133404],
            [-121.630208721645886, 38.783719206466628],
            [-121.630132921646009, 38.783760473133214],
            [-121.630054188312783, 38.783798206466486],
            [-121.629731721646635, 38.784002606466174],
            [-121.62917198831417, 38.784321673132354],
            [-121.629096121647649, 38.784362806465595],
            [-121.628861921647967, 38.784479006465403],
            [-121.628741588314824, 38.784532873132036],
            [-121.628656588314982, 38.784561673131975],
            [-121.628395121648737, 38.784635606465201],
            [-121.628186388315726, 38.784714006465094],
            [-121.628055588315931, 38.784751006465001],
            [-121.627973121649347, 38.784783806464986],
            [-121.627888121649505, 38.784812673131569],
            [-121.627757121649722, 38.784849406464843],
            [-121.627397121650233, 38.784919606464769],
            [-121.627175188317267, 38.784972673131335],
            [-121.62699412165091, 38.785005006464587],
            [-121.626591121651529, 38.78509007313113],
            [-121.626283721651987, 38.785171406464372],
            [-121.625992321652461, 38.785241806464228],
            [-121.625884988319285, 38.785267673130875],
            [-121.625750988319453, 38.785297073130835],
            [-121.625473521653248, 38.785317406464117],
            [-121.625334188320153, 38.785322006464128],
            [-121.624962388320682, 38.785325273130809],
            [-121.624590988321302, 38.785313073130794],
            [-121.624266988321779, 38.785292273130835],
            [-121.624175121655242, 38.785281273130863],
            [-121.62403938832216, 38.785256806464247],
            [-121.623818721655823, 38.785201206464308],
            [-121.623595988322847, 38.78515027313108],
            [-121.623246988323388, 38.785052406464558],
            [-121.623189721656786, 38.785034073131214],
            [-121.622989788323764, 38.784969806464687],
            [-121.62290232165725, 38.784945606464703],
            [-121.622813121657373, 38.784925606464753],
            [-121.622722521657522, 38.784909473131449],
            [-121.622630988324318, 38.784897206464791],
            [-121.622621521657663, 38.784896273131437],
            [-121.622538721657804, 38.784888473131446],
            [-121.622445988324614, 38.784883006464781],
            [-121.622306588324818, 38.784880406464822],
            [-121.622167321658367, 38.784884006464779],
            [-121.622074588325177, 38.784889606464787],
            [-121.621889588325473, 38.784903673131453],
            [-121.621751321659019, 38.784917473131429],
            [-121.621568188325966, 38.78494207313139],
            [-121.620980588326859, 38.784695073131786],
            [-121.619208388329639, 38.783769206466559],
            [-121.616188788334341, 38.782741006468143],
            [-121.613890121671204, 38.782042273135858],
            [-121.60924672167846, 38.781096806470657],
            [-121.606282188349724, 38.780127273138874],
            [-121.604325988352741, 38.779082273140489],
            [-121.602049321689606, 38.777274473143279],
            [-121.600001988359452, 38.775177406479884],
            [-121.598121721695691, 38.772177473151203],
            [-121.596776121697815, 38.770439073153909],
            [-121.594868988367409, 38.766913406492677],
            [-121.592995921703675, 38.763563073164562],
            [-121.592540588371037, 38.76017160650315],
            [-121.592980988370357, 38.756732473175191],
            [-121.59387998836894, 38.752715073181378],
            [-121.595653988366223, 38.749902406519084],
            [-121.597179588363815, 38.747331606523119],
            [-121.600448788358733, 38.743234873196116],
            [-121.601172188357623, 38.741465273198855],
            [-121.603020188354776, 38.736971873205846],
            [-121.604359721686023, 38.730854473215345],
            [-121.60436418835269, 38.730834006548719],
            [-121.60505552168496, 38.726766273221699],
            [-121.605219921684693, 38.722252673228695],
            [-121.605685388350651, 38.719301073233282],
            [-121.607265721681529, 38.716722473237269],
            [-121.609150321678555, 38.71422740657448],
            [-121.610710321676152, 38.712687473243534],
            [-121.618450521664158, 38.706401473253266],
            [-121.618663721663836, 38.706228273253544],
            [-121.623013388323727, 38.702803073258849],
            [-121.626070721652297, 38.700880273261873],
            [-121.629689321646708, 38.698878673264971],
            [-121.632625588308827, 38.695800006603065],
            [-121.634340788306133, 38.691309873276737],
            [-121.634375721639401, 38.688137273281654],
            [-121.632231921642756, 38.680369006627018],
            [-121.630409988312238, 38.677114673298775],
            [-121.627788588316321, 38.674409806636277],
            [-121.626070521652309, 38.673100273304954],
            [-121.622367921658054, 38.670007273309807],
            [-121.61758872166547, 38.666713873314905],
            [-121.613230121672245, 38.664104673318946],
            [-121.609602521677857, 38.661264273323354],
            [-121.606249388349738, 38.658087406661593],
            [-121.604723921685434, 38.656590473330596],
            [-121.60080358835819, 38.65180827333802],
            [-121.599644921693312, 38.649816273341116],
            [-121.597203921697144, 38.646290273346608],
            [-121.594221921701774, 38.643736873350576],
            [-121.591924788372012, 38.642650273352217],
            [-121.588961721709893, 38.642394806685957],
            [-121.587172121712683, 38.642712806685495],
            [-121.584317321717151, 38.644076873350002],
            [-121.581764388387739, 38.645624406680952],
            [-121.578925388392179, 38.647468006678082],
            [-121.576160588396476, 38.648773073342738],
            [-121.574274521732718, 38.648810073342702],
            [-121.571812321736559, 38.648340406676766],
            [-121.568406521741849, 38.646640273346065],
            [-121.566319521745072, 38.644610006682512],
            [-121.564335921748125, 38.64059620668877],
            [-121.56377412174902, 38.638111673359276],
            [-121.563146521750014, 38.634486873364892],
            [-121.562529388417602, 38.630923273370456],
            [-121.562204521751426, 38.624899806713131],
            [-121.561912121751902, 38.621494406718398],
            [-121.56174158841884, 38.617336473391561],
            [-121.561424188419323, 38.61546347339447],
            [-121.560114921754689, 38.611232006734326],
            [-121.558104188424466, 38.607866673406249],
            [-121.554237388430465, 38.603563806746251],
            [-121.551255721768428, 38.600623806750832],
            [-121.549594388437697, 38.598813673420295],
            [-121.546930121775176, 38.597746673421966],
            [-121.544752388445204, 38.597679873422067],
            [-121.543429588447282, 38.597941673421644],
            [-121.542345521782295, 38.598922473420146],
            [-121.538632521788031, 38.602097273415211],
            [-121.535101721793524, 38.603763273412596],
            [-121.532458988464271, 38.604127806745396],
            [-121.528651588470211, 38.604437873411541],
            [-121.52576438847467, 38.604361806745032],
            [-121.524499321809969, 38.604266273411838],
            [-121.522644721812867, 38.604227406745224],
            [-121.519033188485139, 38.603644873412804],
            [-121.516994588488274, 38.602962873413844],
            [-121.515910588489987, 38.602690673414259],
            [-121.513066921827715, 38.601739873415738],
            [-121.511222321830587, 38.600264873418041],
            [-121.509787988499454, 38.598556473420672],
            [-121.509049521833958, 38.597513073422306],
            [-121.508461321834886, 38.596551206757113],
            [-121.507812388502543, 38.593215606762328],
            [-121.506491388504571, 38.589719073434424],
            [-121.506244188504979, 38.588204673436735],
            [-121.506528388504535, 38.585484273440954],
            [-121.508192521835269, 38.580972006781337],
            [-121.510047388499061, 38.57701867345412],
            [-121.512024521829346, 38.574498673458038],
            [-121.517040121821537, 38.570784473463789],
            [-121.519628588484181, 38.56807320680133],
            [-121.521085588481924, 38.566182673470962],
            [-121.521115788481893, 38.564711606806554],
            [-121.520383988483047, 38.563350273475351],
            [-121.519445521817829, 38.562185206810454],
            [-121.51860272181915, 38.561299606811872],
            [-121.517257588487894, 38.559996673480555],
            [-121.516036588489783, 38.558674406815953],
            [-121.515415121824049, 38.557558006817658],
            [-121.514510588492158, 38.55453440682237],
            [-121.513145388494252, 38.550794006828141],
            [-121.512249388495661, 38.54810780683232],
            [-121.511458388496862, 38.546290473501813],
            [-121.511356721830396, 38.543783006839021],
            [-121.512315721828884, 38.54191560684194],
            [-121.514333321825745, 38.539290606846009],
            [-121.518018121820035, 38.53615627351752],
            [-121.522110188480326, 38.534087473520742],
            [-121.528166921804257, 38.531946806857434],
            [-121.530214788467788, 38.530815873525853],
            [-121.530915988466688, 38.529523473527831],
            [-121.530856188466771, 38.527932206863625],
            [-121.529057388469596, 38.525885473533492],
            [-121.526757121806497, 38.524362606869204],
            [-121.524892121809387, 38.522555806871992],
            [-121.524181721810464, 38.521293806873928],
            [-121.524580188476534, 38.519804806876266],
            [-121.52576712180803, 38.518759406877905],
            [-121.529412988469005, 38.517455806879923],
            [-121.534821588460602, 38.516945273547378],
            [-121.539117588453962, 38.516854406880839],
            [-121.545216188444499, 38.515580873549482],
            [-121.550766721769207, 38.514107473551746],
            [-121.553369388431804, 38.512790206887132],
            [-121.554664188429797, 38.510926606890052],
            [-121.557267788425804, 38.506476473563623],
            [-121.558431188423981, 38.503502673568221],
            [-121.559091388422928, 38.501149273571855],
            [-121.559158921756193, 38.499906673573832],
            [-121.559423388422431, 38.498269473576329],
            [-121.558284966549195, 38.496102599621395],
            [-121.557824321758233, 38.495225806914391],
            [-121.552977521765797, 38.488584273591414],
            [-121.549175668646683, 38.483793474640493],
            [-121.548273321773081, 38.482656406933927],
            [-121.545552988443944, 38.478886673606439],
            [-121.543008391572926, 38.476569803818393],
            [-121.542515921782012, 38.47612140694406],
            [-121.53847852178825, 38.474351606946811],
            [-121.532307188464529, 38.473681406947833],
            [-121.522037321813798, 38.474263673613621],
            [-121.513372921827226, 38.473798206947663],
            [-121.507373388503254, 38.472120873616916],
            [-121.504939921840332, 38.469443073621107],
            [-121.50359032184241, 38.461755406966347],
            [-121.501795321845236, 38.455565873642627],
            [-121.501473721845741, 38.452893606980126],
            [-121.501511121845681, 38.447439073655232],
            [-121.50197498851162, 38.443235073661754],
            [-121.502882121843527, 38.441002806998597],
            [-121.505985121838705, 38.437979607003285],
            [-121.510474388498437, 38.435961473673046],
            [-121.51433878849241, 38.435002473674558],
            [-121.519769921817328, 38.434834207008123],
            [-121.525419988475221, 38.435024007007883],
            [-121.527560815555205, 38.434824718466473],
            [-121.529347388469091, 38.434658407008442],
            [-121.530347272842562, 38.434020572634438],
            [-121.532173188464753, 38.432855807011208],
            [-121.53273798846385, 38.431024673680724],
            [-121.532622321797362, 38.430222807015298],
            [-121.532588788464068, 38.430014807015652],
            [-121.532363121797744, 38.429293073683425],
            [-121.530997588466562, 38.426933807020418],
            [-121.526859188472997, 38.421471207028901],
            [-121.522330731188333, 38.41538139974665],
            [-121.518159388486481, 38.410140007046493],
            [-121.514766388491751, 38.403782073722994],
            [-121.513827788493188, 38.399945807062295],
            [-121.513762588493307, 38.391169407075949],
            [-121.513843988493193, 38.390873873743033],
            [-121.51462632182529, 38.387622607081425],
            [-121.516860121821821, 38.385219873751851],
            [-121.520527121816144, 38.382716473755693],
            [-121.523051121812216, 38.380851007091962],
            [-121.524187988477138, 38.379638473760508],
            [-121.5247801884762, 38.377315073764123],
            [-121.524355988476884, 38.375946007099571],
            [-121.523763721811122, 38.374910473767841],
            [-121.522614121812921, 38.372642273771362],
            [-121.521195388481772, 38.367529407112613],
            [-121.521081388481946, 38.363152207119413],
            [-121.522068521813765, 38.360787007123065],
            [-121.525615121808244, 38.35859380712651],
            [-121.529908721801576, 38.354571673799398],
            [-121.534516121794411, 38.350073807139722],
            [-121.536778921790926, 38.348583607142018],
            [-121.540693521784817, 38.346954073811219],
            [-121.547098388441555, 38.346394273812109],
            [-121.558366921757397, 38.34365620714965],
            [-121.560221721754544, 38.342240407151849],
            [-121.562195188418116, 38.339946807155457],
            [-121.563792921748984, 38.33868767382404],
            [-121.572024788402871, 38.331595207168391],
            [-121.575438642564222, 38.326990755092197],
            [-121.575881221730242, 38.326248363426714],
            [-121.57618738839642, 38.325600673844349],
            [-121.577280988394705, 38.321799873850296],
            [-121.57735432172791, 38.31805367385607],
            [-121.577117121728293, 38.317147607190805],
            [-121.577136721728266, 38.31614407385905],
            [-121.577515721727707, 38.314141273862163],
            [-121.576937121728577, 38.311156673866776],
            [-121.575498388397477, 38.308730273870538],
            [-121.573877521733323, 38.306937407206647],
            [-121.573063921734615, 38.305120873876149],
            [-121.57157312173689, 38.302917273879586],
            [-121.567239921743635, 38.297629407221109],
            [-121.565054388413671, 38.295304807224738],
            [-121.559368921755834, 38.289860273899819],
            [-121.557696321758442, 38.288540873901866],
            [-121.552075921767198, 38.28369620724277],
            [-121.547288188441257, 38.280979607246991],
            [-121.540322321785425, 38.275038673922836],
            [-121.531294321799407, 38.268352273933203],
            [-121.521398121814798, 38.260815007278268],
            [-121.51774378848711, 38.257951607282735],
            [-121.514746388491801, 38.255815607286024],
            [-121.513483321827096, 38.254381007288259],
            [-121.511370321830327, 38.251756673958994],
            [-121.510963788497634, 38.250572607294146],
            [-121.51087632183112, 38.24991480729517],
            [-121.510771788497948, 38.248953407296653],
            [-121.510747988497997, 38.247634473965377],
            [-121.510885321831097, 38.247116807299506],
            [-121.512218588495728, 38.245095807302675],
            [-121.514134721826053, 38.243062207305798],
            [-121.515326588490893, 38.241758607307816],
            [-121.517249188487881, 38.240024673977189],
            [-121.518155121819802, 38.239696607311032],
            [-121.52234118847997, 38.239389673978167],
            [-121.526766121806475, 38.238546273979523],
            [-121.529585721802107, 38.238162073980106],
            [-121.533230188463108, 38.238327673979825],
            [-121.539811388452904, 38.239848273977486],
            [-121.546472521775854, 38.241189673975384],
            [-121.551554788434657, 38.241672073974655],
            [-121.554529988430033, 38.241109407308841],
            [-121.556688321760021, 38.239577673977919],
            [-121.558093788424515, 38.237676873980831],
            [-121.558413588424003, 38.237376607314616],
            [-121.559015521756407, 38.236219673983101],
            [-121.558834321756706, 38.233849873986799],
            [-121.556776388426556, 38.230318207325581],
            [-121.556249321760674, 38.228153873995609],
            [-121.556296721760646, 38.22575687399933],
            [-121.557183121759238, 38.220313407341109],
            [-121.557811321758265, 38.215436007348728],
            [-121.557889588424814, 38.204737874031991],
            [-121.558097588424516, 38.200934274037877],
            [-121.56019032175459, 38.196884074044135],
            [-121.562778788417233, 38.19463820738099],
            [-121.56435718841476, 38.193548607382695],
            [-121.572204788402587, 38.191306674052839],
            [-121.581549721721444, 38.187224274059133],
            [-121.583486121718408, 38.18526967406217],
            [-121.588352121710841, 38.180053607403636],
            [-121.592335321704695, 38.174317274079215],
            [-121.595242521700186, 38.170216274085533],
            [-121.59818318836227, 38.167314407423419],
            [-121.604581921685678, 38.164213874094855],
            [-121.611144988342176, 38.163422607429425],
            [-121.616913588333205, 38.16349060742931],
            [-121.620425988327725, 38.164431074094523],
            [-121.623824188322487, 38.165400074093043],
            [-121.62606572165231, 38.166095674091935],
            [-121.62788692164952, 38.167234874090184],
            [-121.629825721646512, 38.168995207420778],
            [-121.632590921642191, 38.170692607418175],
            [-121.636091321636741, 38.172326074082264],
            [-121.638786921632573, 38.172864274081462],
            [-121.640758188296161, 38.172887074081416],
            [-121.64341872162538, 38.172845474081498],
            [-121.646948788286579, 38.172886207414763],
            [-121.652205788278422, 38.173779274080005],
            [-121.656313521605398, 38.174840007411717],
            [-121.658908188268015, 38.175883274076739],
            [-121.66384538826037, 38.176736007408749],
            [-121.667175921588523, 38.17767887407399],
            [-121.674321788244072, 38.169512607419961],
            [-121.679633121569168, 38.161517607432415],
            [-121.685096588227339, 38.155899074107765],
            [-121.688329388222371, 38.147002607454908],
            [-121.692845721548679, 38.13148900747899],
            [-121.698131121540484, 38.124916807489228],
            [-121.69877018820614, 38.12378000749095],
            [-121.699902921537728, 38.122185474160119],
            [-121.700497388203473, 38.121439007494587],
            [-121.702684388200055, 38.118726474165499],
            [-121.705593788195529, 38.115911674169865],
            [-121.707389721526113, 38.114260074172421],
            [-121.71007632152191, 38.112195674175609],
            [-121.717092588177707, 38.107129807516799],
            [-121.724482921499543, 38.101883807524928],
            [-121.731096388155947, 38.09714327419897],
            [-121.736886321480313, 38.092944474205524],
            [-121.742613321471424, 38.089663074210591],
            [-121.747937921463176, 38.08678127421507],
            [-121.749519121460708, 38.086045007549558],
            [-121.751067921458286, 38.08520327421752],
            [-121.760113588110926, 38.080486074224837],
            [-121.770022921428847, 38.075176407566403],
            [-121.771048388093959, 38.074708674233818],
            [-121.778927721415073, 38.070638074240094],
            [-121.790344988064021, 38.064603074249476],
            [-121.796221188054858, 38.061815207587131],
            [-121.79812872138524, 38.061204074254761],
            [-121.800801388047773, 38.060638607588999],
            [-121.805461721373888, 38.060425407589321],
            [-121.811383388031345, 38.061202407588098],
            [-121.820140521351107, 38.062496207586094],
            [-121.827088521340272, 38.063543274251117],
            [-121.833380587997169, 38.064387874249803],
            [-121.836597086950519, 38.064819346124182]
          ]
        ]
      }
    },
    {
      "type": "Feature",
      "properties": {
        "GNIS_Name": "Middle Fork Sacramento River",
        "segment": "headwater",
        "flow_order": 1
      },
      "geometry": {
        "type": "MultiLineString",
        "coordinates": [
          [
            [-122.5062977869527, 41.254458869298219],
            [-122.506268853619417, 41.254449735964897],
            [-122.505851053620063, 41.254339802631705],
            [-122.505506653620614, 41.254216735965258],
            [-122.504998853621373, 41.253980335965593],
            [-122.50463558695526, 41.253884202632435],
            [-122.504199386955975, 41.253850802632485],
            [-122.503472786957104, 41.253739535965963],
            [-122.502164453625767, 41.253625802632826],
            [-122.502091453625894, 41.253598535966205],
            [-122.501884453626189, 41.253589469299527],
            [-122.50129125362713, 41.253563469299593],
            [-122.501182720293968, 41.253522602632984],
            [-122.501146253627383, 41.253508869299651],
            [-122.501136320294052, 41.253535802632939],
            [-122.499659520296348, 41.25307460263366],
            [-122.499521386963238, 41.253184469300152],
            [-122.499390586963443, 41.253294402633344],
            [-122.499230586963677, 41.253453669299745],
            [-122.499143386963794, 41.253558069299572],
            [-122.499012520297356, 41.253717402632674],
            [-122.498932720297489, 41.253843669299158],
            [-122.49880178696435, 41.25397006929893],
            [-122.498641920297928, 41.254124002632068],
            [-122.498510920298088, 41.254206402631894],
            [-122.498321920298395, 41.254338202631743],
            [-122.498089186965444, 41.254459202631551],
            [-122.497849120299122, 41.254558069298014],
            [-122.497565520299588, 41.254668202631194],
            [-122.497194520300184, 41.254783669297694],
            [-122.496874520300651, 41.25489366929753],
            [-122.496437986967976, 41.255042069297303],
            [-122.496088720301884, 41.255179602630392],
            [-122.495841386968948, 41.255295069296892],
            [-122.495630520302598, 41.255415869296712],
            [-122.495434186969533, 41.255580802629765],
            [-122.495332520303066, 41.255674202629621],
            [-122.495216186969913, 41.255833469296078],
            [-122.495114320303401, 41.255932402629242],
            [-122.494976120303591, 41.256020269295789],
            [-122.494699786970671, 41.256229069295443],
            [-122.494314386971269, 41.256553269294955],
            [-122.493943720305197, 41.256888402627737],
            [-122.493659986972318, 41.25714106929405],
            [-122.493369186972757, 41.257437802626896],
            [-122.493078386973195, 41.257723469293126],
            [-122.493013120306671, 41.257849802626254],
            [-122.492976786973372, 41.257992602626018],
            [-122.492918720306818, 41.258124402625867],
            [-122.492867520306902, 41.258200535959077],
            [-122.492707986973812, 41.258437469292005],
            [-122.492497120307462, 41.258613269291743],
            [-122.492177120307929, 41.258926402624581],
            [-122.491849920308482, 41.259162669290902],
            [-122.491406186975837, 41.259410069290539],
            [-122.491180720309501, 41.259498002623729],
            [-122.491064320309647, 41.259574869290248],
            [-122.490933386976565, 41.259662802623438],
            [-122.490744320310171, 41.259794669289931],
            [-122.490496986977234, 41.259910069289731],
            [-122.490249586977598, 41.260020069289567],
            [-122.489711320311756, 41.260196202622637],
            [-122.489551320312046, 41.260284069289128],
            [-122.489383986978964, 41.260361002622346],
            [-122.489187586979256, 41.260459869288866],
            [-122.488954786979605, 41.260597269288667],
            [-122.488685720313356, 41.260756669288412],
            [-122.488547520313602, 41.260828069288323],
            [-122.48843838698042, 41.26093246928815],
            [-122.488292986980639, 41.261058802621278],
            [-122.488081986980944, 41.261234602621016],
            [-122.487841986981323, 41.261427002620735],
            [-122.487769386981483, 41.261513935953928],
            [-122.487631120315029, 41.261679602620347],
            [-122.487471186981907, 41.261932269286604],
            [-122.487432586981981, 41.261994535953193],
            [-122.487362186982068, 41.262108069286342],
            [-122.487347586982082, 41.262157469286251],
            [-122.487282320315558, 41.262283802619379],
            [-122.487187786982361, 41.262448602619145],
            [-122.487107920315793, 41.262618802618874],
            [-122.48703518698261, 41.262783602618583],
            [-122.486948120316072, 41.262953869285013],
            [-122.486839120316233, 41.263124202618087],
            [-122.486751786983007, 41.263299869284481],
            [-122.48665732031651, 41.263453669284218],
            [-122.486567120316636, 41.263551669284084],
            [-122.486540986983357, 41.263580002617346],
            [-122.486388320316905, 41.263700869283866],
            [-122.486097320317356, 41.263920602616849],
            [-122.485675386984724, 41.264195402616394],
            [-122.485238986985394, 41.264448202616052],
            [-122.485122520318896, 41.26447566928266],
            [-122.48496258698583, 41.264591002615816],
            [-122.484715186986193, 41.264777802615527],
            [-122.4845261869865, 41.264920669281935],
            [-122.484191520320337, 41.265178869281556],
            [-122.483827920320891, 41.265448069281149],
            [-122.483434986988186, 41.265706269280713],
            [-122.482954920322243, 41.266003002613616],
            [-122.482402120323115, 41.26644266927957],
            [-122.482053120323656, 41.266772202612401],
            [-122.481827586990676, 41.267002869278713],
            [-122.481696786990881, 41.267255602611669],
            [-122.481587786991042, 41.267513669277946],
            [-122.481464320324562, 41.267766269277558],
            [-122.481340720324795, 41.267969602610549],
            [-122.481187920324999, 41.268200202610217],
            [-122.481049786991889, 41.268408869276527],
            [-122.480911720325423, 41.2685572692763],
            [-122.480787986992311, 41.268667069276148],
            [-122.480606120325888, 41.268760602609348],
            [-122.480387920326223, 41.268837469275866],
            [-122.479994786993529, 41.268952869275722],
            [-122.47975458699392, 41.269046402608865],
            [-122.479427320327716, 41.269238669275239],
            [-122.479201786994736, 41.269431002608314],
            [-122.478939920328514, 41.26966706927459],
            [-122.478757986995447, 41.269804469274391],
            [-122.478568786995709, 41.269903402607554],
            [-122.478168786996378, 41.270128669273845],
            [-122.477593986997249, 41.270430802606711],
            [-122.477281120331043, 41.27055720260654],
            [-122.477091920331361, 41.270617669273122],
            [-122.476984453664841, 41.270638002606404],
            [-122.476888120331694, 41.270656269273047],
            [-122.476720720331912, 41.270656269273047],
            [-122.476436920332389, 41.270667402606364],
            [-122.476080320332926, 41.2706620026064],
            [-122.475585320333721, 41.270629269273115],
            [-122.475192320334315, 41.270634802606423],
            [-122.47488672033478, 41.270673402606349],
            [-122.474602920335201, 41.270750269272924],
            [-122.474289920335707, 41.270843869272767],
            [-122.474049787002741, 41.270926402605994],
            [-122.47381698700309, 41.270981269272568],
            [-122.473525787003553, 41.271008869272521],
            [-122.473256520337316, 41.271014402605829],
            [-122.472892720337882, 41.270992602605872],
            [-122.472557787005087, 41.271003669272488],
            [-122.472346787005392, 41.271064069272427],
            [-122.47215032033904, 41.271124602605653],
            [-122.471880987006102, 41.271174069272263],
            [-122.471640987006481, 41.271185202605579],
            [-122.471349787006943, 41.271163269272279],
            [-122.471065787007376, 41.271141402605622],
            [-122.470876520340994, 41.271103002605685],
            [-122.470672720341327, 41.271037202605783],
            [-122.47010492034218, 41.270867069272754],
            [-122.469566187009718, 41.270713602606293],
            [-122.469187720343655, 41.270614802606474],
            [-122.468867520344133, 41.270549002606572],
            [-122.468496320344684, 41.270488669273334],
            [-122.468110520345306, 41.270461269273369],
            [-122.467848587012384, 41.270472402606686],
            [-122.467550187012819, 41.270489002606666],
            [-122.467186320346741, 41.270516469273275],
            [-122.466698720347495, 41.270533002606555],
            [-122.466021787015222, 41.270549669273237],
            [-122.465490520349363, 41.270566269273218],
            [-122.465315787016323, 41.270560802606553],
            [-122.464959187016859, 41.270561002606541],
            [-122.464573387017481, 41.270572002606514],
            [-122.464202320351376, 41.270610469273151],
            [-122.463998520351709, 41.270638002606404],
            [-122.463751120352072, 41.270671069273021],
            [-122.463532720352418, 41.270715069272967],
            [-122.463416320352565, 41.270775602606193],
            [-122.463256320352855, 41.270836002606131],
            [-122.463066987019772, 41.270923802605978],
            [-122.462899720353391, 41.271017269272477],
            [-122.462695920353724, 41.271132602605633],
            [-122.462528587020643, 41.271253402605453],
            [-122.462404987020818, 41.271434669271855],
            [-122.46219398702118, 41.271659802604802],
            [-122.462033787021426, 41.271808202604575],
            [-122.461895520354972, 41.271912602604459],
            [-122.46172818702189, 41.271994869270998],
            [-122.461582520355421, 41.27202240260425],
            [-122.461386120355769, 41.272016869270942],
            [-122.461102187022846, 41.272011469270979],
            [-122.460876587023222, 41.272022602604238],
            [-122.460687387023484, 41.272072002604204],
            [-122.460483720357161, 41.272148869270723],
            [-122.46030892035742, 41.272214802603969],
            [-122.460003320357885, 41.272258869270559],
            [-122.459763120358275, 41.272297269270496],
            [-122.459522987025309, 41.272297269270496],
            [-122.45937732035884, 41.27228086927056],
            [-122.459180920359188, 41.272231469270594],
            [-122.458933387026207, 41.272193069270656],
            [-122.458744120359825, 41.272198602604021],
            [-122.458656787026655, 41.272204202603973],
            [-122.458496720360245, 41.27222066927061],
            [-122.458278320360591, 41.272231669270582],
            [-122.458074520360867, 41.272259202603891],
            [-122.457776120361359, 41.272308669270501],
            [-122.457455920361838, 41.272352669270447],
            [-122.457164787028944, 41.272369202603727],
            [-122.456720920362955, 41.272440602603638],
            [-122.456400587030146, 41.272490069270191],
            [-122.456116787030567, 41.272528602603472],
            [-122.455956720364156, 41.272534069270137],
            [-122.455825720364373, 41.272534069270137],
            [-122.455650987031333, 41.272528669270173],
            [-122.455454520364924, 41.272517669270144],
            [-122.455323520365141, 41.272528669270173],
            [-122.455199787032029, 41.272567202603398],
            [-122.455075987032217, 41.272605602603335],
            [-122.455003187032332, 41.27263306927],
            [-122.454901387032464, 41.27263306927],
            [-122.454813987032594, 41.272622069270028],
            [-122.454748520366024, 41.272594669270063],
            [-122.454687387032777, 41.272548535936778],
            [-122.454661187032855, 41.27252880260346],
            [-122.454581120366299, 41.272468402603579],
            [-122.454486520366459, 41.272413602603649],
            [-122.454420920366545, 41.272391602603705],
            [-122.45426078703349, 41.272391669270348],
            [-122.45403518703381, 41.272391669270348],
            [-122.453765787034229, 41.272397269270357],
            [-122.453387387034809, 41.272391802603693],
            [-122.453052587035359, 41.272424802603666],
            [-122.452856120369006, 41.272468802603555],
            [-122.452732387035837, 41.272556669270102],
            [-122.452659587035953, 41.272655469269978],
            [-122.452630587036026, 41.272743402603169],
            [-122.452572320369427, 41.272831202603015],
            [-122.452492187036228, 41.272891602602897],
            [-122.452397520369686, 41.272913602602898],
            [-122.452281120369889, 41.272930002602834],
            [-122.452179187036677, 41.272968469269472],
            [-122.451975520370354, 41.273039869269326],
            [-122.451706187037416, 41.273116802602544],
            [-122.451487787037763, 41.273215669269064],
            [-122.451327787037997, 41.273292602602282],
            [-122.451233120371512, 41.27338046926883],
            [-122.451123920371685, 41.273468269268676],
            [-122.450992987038546, 41.273611069268441],
            [-122.450825587038821, 41.273720869268288],
            [-122.450723720372309, 41.273781269268227],
            [-122.450636320372439, 41.273819802601452],
            [-122.450512720372615, 41.273869202601418],
            [-122.45043272037276, 41.273918669267971],
            [-122.45034532037289, 41.273995469267845],
            [-122.450207120373079, 41.274138402600954],
            [-122.450112387039894, 41.274248202600802],
            [-122.449952387040128, 41.274369002600622],
            [-122.449901387040256, 41.274407402600559],
            [-122.449763120373802, 41.274539269267052],
            [-122.449566720374094, 41.27468746926678],
            [-122.449399187041024, 41.274830269266602],
            [-122.449217320374657, 41.274978602599674],
            [-122.449108187041475, 41.275093869266186],
            [-122.449013520374933, 41.27516526926604],
            [-122.448867987041865, 41.27526420259926],
            [-122.448722387042039, 41.275324469265797],
            [-122.448504120375731, 41.275428869265625],
            [-122.448271187042792, 41.27554420259878],
            [-122.448052920376426, 41.275665069265301],
            [-122.447798120376831, 41.275796869265093],
            [-122.447514320377252, 41.275928669264886],
            [-122.447208587044429, 41.276038469264677],
            [-122.447004787044705, 41.276115402597895],
            [-122.446932120378165, 41.276203269264442],
            [-122.446888387044908, 41.276302069264318],
            [-122.446844720378294, 41.276406469264145],
            [-122.446793720378366, 41.276439402597418],
            [-122.446699120378526, 41.276488802597328],
            [-122.446553587045457, 41.276565669263903],
            [-122.446364320379075, 41.276642602597121],
            [-122.44613138704608, 41.276692069263675],
            [-122.445934920379727, 41.276703069263647],
            [-122.445760320379975, 41.276681202597047],
            [-122.445549120380349, 41.276659202597045],
            [-122.445330720380639, 41.276642669263765],
            [-122.445075987047744, 41.276604269263828],
            [-122.444843120381393, 41.276554869263919],
            [-122.444682987048338, 41.276544002597234],
            [-122.444551920381855, 41.276576869263863],
            [-122.444406320382086, 41.276653802597082],
            [-122.444297120382259, 41.276703202596991],
            [-122.44423172038239, 41.276708669263655],
            [-122.444173387049148, 41.276703269263692],
            [-122.44401332038268, 41.276692202597019],
            [-122.443860520382941, 41.276692269263663],
            [-122.443707587049857, 41.276692269263663],
            [-122.443467320383547, 41.276703269263692],
            [-122.443248920383894, 41.2767306692636],
            [-122.442979587050957, 41.276791202596883],
            [-122.442681187051448, 41.276890002596701],
            [-122.442462787051795, 41.277027269263158],
            [-122.442302720385385, 41.277104202596377],
            [-122.442200787052172, 41.277192002596223],
            [-122.442062520385718, 41.277274402596106],
            [-122.441851387052736, 41.277356802595989],
            [-122.441611187053127, 41.277439069262527],
            [-122.44121092038705, 41.277543469262355],
            [-122.440956120387455, 41.277581869262292],
            [-122.44074512038776, 41.277614869262266],
            [-122.440526720388107, 41.277658802595511],
            [-122.440322920388439, 41.277741202595394],
            [-122.440111920388745, 41.27781246926196],
            [-122.439915320389048, 41.277856469261906],
            [-122.439733320389337, 41.277883869261814],
            [-122.439522320389699, 41.277916869261787],
            [-122.439303920389989, 41.277916869261787],
            [-122.439085520390336, 41.277900402595151],
            [-122.438736120390899, 41.27787846926185],
            [-122.438488587057975, 41.277834469261904],
            [-122.438313920391579, 41.277790602595303],
            [-122.438197520391725, 41.277752202595366],
            [-122.438008320392044, 41.277675269262147],
            [-122.437811720392347, 41.277576469262328],
            [-122.437585987059322, 41.277483069262473],
            [-122.437222120393244, 41.27740066926259],
            [-122.436916387060364, 41.277329402596024],
            [-122.436676187060755, 41.277280002596115],
            [-122.436399720394547, 41.277241469262833],
            [-122.436217720394779, 41.277230602596205],
            [-122.43605018706171, 41.277219602596176],
            [-122.435846387062043, 41.277230602596205],
            [-122.435526187062521, 41.277291002596087],
            [-122.435271387062926, 41.277340402595996],
            [-122.435045720396602, 41.277378802595933],
            [-122.434871120396906, 41.277411802595907],
            [-122.434776520397065, 41.277433802595851],
            [-122.434674520397209, 41.277444669262536],
            [-122.434514520397443, 41.277439269262516],
            [-122.434376120397644, 41.277406269262599],
            [-122.434208720397919, 41.277378869262634],
            [-122.434106920398108, 41.277351269262681],
            [-122.433982987064951, 41.277329402596024],
            [-122.433764587065298, 41.277340402595996],
            [-122.433538987065617, 41.277351269262681],
            [-122.433276920399351, 41.277334869262688],
            [-122.433131320399582, 41.27732926926268],
            [-122.433080387066354, 41.277318402596052],
            [-122.432905587066614, 41.277241469262833],
            [-122.432730987066861, 41.277115202596349],
            [-122.43254898706715, 41.276906469263338],
            [-122.432417987067367, 41.276758202596909],
            [-122.432287120400929, 41.276642869263753],
            [-122.432246187067619, 41.276619135930446],
            [-122.432192520401031, 41.276588069263823],
            [-122.431959520401392, 41.276527602597298],
            [-122.431668387068555, 41.276428802597422],
            [-122.431442720402231, 41.276302469264294],
            [-122.43121712040255, 41.276181669264474],
            [-122.431027920402869, 41.27605540259799],
            [-122.430860387069799, 41.275967469264799],
            [-122.43074412040329, 41.275918002598246],
            [-122.430496520403665, 41.27586860259828],
            [-122.430249120404085, 41.275841202598315],
            [-122.430037987071046, 41.27580266926509],
            [-122.42977598707148, 41.275753269265124],
            [-122.429543120405185, 41.275703802598571],
            [-122.429382987072074, 41.275665402598634],
            [-122.429295587072204, 41.27561586926538],
            [-122.429128320405823, 41.275429269265658],
            [-122.428960920406098, 41.275248002599255],
            [-122.428756987073029, 41.2751326692661],
            [-122.428509587073449, 41.275055802599582],
            [-122.428189387073928, 41.274995402599643],
            [-122.427752720407966, 41.274918469266424],
            [-122.42748718707503, 41.274897202599789],
            [-122.42713412040888, 41.274869002599871],
            [-122.42671912040953, 41.274869002599871],
            [-122.426355320410096, 41.274918402599781],
            [-122.426071320410529, 41.274962202599681],
            [-122.425969387077373, 41.274978669266318],
            [-122.425867587077562, 41.274978669266318],
            [-122.425794787077677, 41.274956669266373],
            [-122.425649187077852, 41.274890802599828],
            [-122.425256187078503, 41.274682069266817],
            [-122.424877720412383, 41.274533802600388],
            [-122.424652120412759, 41.274467869267141],
            [-122.424426520413135, 41.274446002600484],
            [-122.424149920413527, 41.274467869267141],
            [-122.423705787080905, 41.274544669267016],
            [-122.423254520414901, 41.274643469266891],
            [-122.422730387082424, 41.274802669266592],
            [-122.422308187083047, 41.274956402599685],
            [-122.421987920416882, 41.275082602599525],
            [-122.421733120417287, 41.275230869265954],
            [-122.421514787084277, 41.275373602599075],
            [-122.42138372041785, 41.275505402598867],
            [-122.421281787084638, 41.275653602598652],
            [-122.421216187084781, 41.275730402598526],
            [-122.421179787084839, 41.275768869265107],
            [-122.421085320418285, 41.275796402598417],
            [-122.420932320418558, 41.275768869265107],
            [-122.420692120418892, 41.275708402598525],
            [-122.420495720419183, 41.275708402598525],
            [-122.420218987086287, 41.275752269265126],
            [-122.419745920420382, 41.275856469264966],
            [-122.419207187087864, 41.275993669264778],
            [-122.419047120421453, 41.276021202598088],
            [-122.418886987088399, 41.276043069264688],
            [-122.418799587088529, 41.276032069264716],
            [-122.418736253755299, 41.27600813593142],
            [-122.418610387088791, 41.275960669264805],
            [-122.418282987089299, 41.27581786926504],
            [-122.417969987089805, 41.275669602598612],
            [-122.417758920423466, 41.275570669265448],
            [-122.417416920423989, 41.275433402598992],
            [-122.417176720424379, 41.2753454025991],
            [-122.416965720424685, 41.275296002599191],
            [-122.416776387091659, 41.275274002599247],
            [-122.416653053758523, 41.275274002599247],
            [-122.41658718709192, 41.275274002599247],
            [-122.416295987092383, 41.275334269265784],
            [-122.415946587092947, 41.275427602598995],
            [-122.415386187093816, 41.275520802598862],
            [-122.414869320427954, 41.275570269265415],
            [-122.41458538709503, 41.275608602598709],
            [-122.414272387095536, 41.275597602598737],
            [-122.413930320429415, 41.27558646926542],
            [-122.41360998709655, 41.275575469265391],
            [-122.413304387097014, 41.275559002598754],
            [-122.413034987097433, 41.275547869265438],
            [-122.412911320430965, 41.275525869265493],
            [-122.412751320431255, 41.275487402598912],
            [-122.412583787098185, 41.275438002598946],
            [-122.412372787098491, 41.275333602599119],
            [-122.412096320432227, 41.275190802599354],
            [-122.412013653765712, 41.275156869266084],
            [-122.411841587099332, 41.275086269266183],
            [-122.411630587099637, 41.275009402599608],
            [-122.411484920433224, 41.274965469266363],
            [-122.411230320433617, 41.274910469266445],
            [-122.41112772043374, 41.274904269266472],
            [-122.411048320433849, 41.274899469266472],
            [-122.410858987100823, 41.274926869266437],
            [-122.410684320434427, 41.275014802599628],
            [-122.410538720434658, 41.275064069266193],
            [-122.410371320434933, 41.275152002599384],
            [-122.410232987101836, 41.275151869266097],
            [-122.4098471871024, 41.275102402599487],
            [-122.409541520436221, 41.275074802599534],
            [-122.409425120436367, 41.275074869266177],
            [-122.409250320436684, 41.275113269266114],
            [-122.40905378710363, 41.275223002599319],
            [-122.40889372043722, 41.275310869265809],
            [-122.408478787104514, 41.275442469265613],
            [-122.40823852043826, 41.275502869265551],
            [-122.408005587105265, 41.275546669265452],
            [-122.407932787105381, 41.27555220259876],
            [-122.407823587105554, 41.27555220259876],
            [-122.407743587105699, 41.275524602598807],
            [-122.407682720439084, 41.275487269265568],
            [-122.407627120439201, 41.275453202598953],
            [-122.407452520439449, 41.275327002599113],
            [-122.407321520439666, 41.275222602599285],
            [-122.407117787106642, 41.275118069266114],
            [-122.406957587106888, 41.275068669266204],
            [-122.406732120440552, 41.274991802599629],
            [-122.406280920441247, 41.274766469266694],
            [-122.405800720442016, 41.274469869267136],
            [-122.40531312044277, 41.274189669267571],
            [-122.404920320443409, 41.27396440260128],
            [-122.404672720443784, 41.27386546926806],
            [-122.404541720444001, 41.273805069268178],
            [-122.404493253777389, 41.273791135934857],
            [-122.404388920444205, 41.273761069268232],
            [-122.404185120444538, 41.273744602601596],
            [-122.403988587111485, 41.273755469268224],
            [-122.403857520445058, 41.273739002601587],
            [-122.403784787111817, 41.273717069268287],
            [-122.403646587112007, 41.273656602601704],
            [-122.403471920445611, 41.273596202601823],
            [-122.40320258711273, 41.273563202601849],
            [-122.403006120446378, 41.273541202601905],
            [-122.402831520446625, 41.273535669268597],
            [-122.402620387113643, 41.273508069268644],
            [-122.402387520447292, 41.273442069268754],
            [-122.402296320447476, 41.273417802602125],
            [-122.402140120447712, 41.273376202602151],
            [-122.401870787114774, 41.273304669268953],
            [-122.401754320448276, 41.27329366926898],
            [-122.401616120448523, 41.273277069269]
          ]
        ]
      }
    },
    {
      "type": "Feature",
      "properties": {
        "GNIS_Name": "South Fork Sacramento River",
        "segment": "headwater",
        "flow_order": 1
      },
      "geometry": {
        "type": "MultiLineString",
        "coordinates": [
          [
            [-122.496583186967769, 41.206249336039718],
            [-122.496927520300574, 41.207299402704734],
            [-122.495843120302254, 41.207961669370377],
            [-122.495450586969525, 41.20811006937015],
            [-122.494767320303936, 41.208324602703158],
            [-122.494367520304536, 41.208440269369646],
            [-122.493894986971952, 41.208643669369337],
            [-122.493633386972363, 41.208808469369046],
            [-122.493415386972686, 41.208912869368874],
            [-122.493022920306657, 41.209061402701991],
            [-122.492666586973826, 41.209237269368373],
            [-122.492412186974263, 41.209396602701474],
            [-122.492077786974789, 41.209567002701192],
            [-122.491619986975479, 41.209814269367484],
            [-122.491096520309611, 41.210006669367203],
            [-122.490616920310345, 41.210309002700058],
            [-122.490209986977675, 41.210567202699679],
            [-122.489860986978215, 41.210770469366025],
            [-122.489163386979271, 41.211226802698661],
            [-122.488807186979841, 41.211528869364827],
            [-122.488407586980486, 41.211864002697666],
            [-122.488000586981116, 41.212149802697184],
            [-122.487542720315162, 41.212457402696714],
            [-122.487193720315702, 41.212671669363033],
            [-122.486830320316244, 41.212886069362753],
            [-122.486394186983603, 41.213144269362317],
            [-122.485965386984276, 41.213430002695191],
            [-122.485594586984803, 41.213677269361483],
            [-122.485238520318717, 41.213908069361139],
            [-122.484678720319607, 41.214177402694077],
            [-122.484017320320618, 41.214556469360105],
            [-122.483998586987298, 41.214568136026799],
            [-122.483406720321568, 41.214935669359534],
            [-122.482985120322212, 41.215199402692463],
            [-122.482636186989396, 41.215397269358846],
            [-122.482185520323469, 41.215639002691773],
            [-122.481821986990667, 41.215809402691548],
            [-122.481538386991133, 41.215919269358039],
            [-122.481305720324826, 41.216018202691203],
            [-122.480731520325719, 41.216282002690775],
            [-122.48038972032623, 41.216430469357249],
            [-122.480098920326668, 41.216617269356959],
            [-122.48000065366017, 41.216673002690186],
            [-122.479808186993807, 41.216782202690013],
            [-122.479408386994407, 41.217007469356304],
            [-122.479095720328246, 41.217183202689398],
            [-122.47867412032889, 41.217468869355628],
            [-122.478216186996292, 41.21776020268851],
            [-122.477859986996862, 41.217957869354848],
            [-122.477438320330805, 41.218188602687803],
            [-122.47700932033149, 41.218386469354186],
            [-122.476696720331972, 41.218501869353986],
            [-122.476398520332452, 41.218595402687185],
            [-122.476005786999735, 41.218710802687042],
            [-122.475613187000306, 41.218815269353513],
            [-122.47538778700067, 41.218886802686768],
            [-122.474929720334728, 41.218952869353302],
            [-122.474566120335282, 41.219073802686466],
            [-122.474318920335691, 41.219189202686266],
            [-122.474086320336028, 41.219282602686121],
            [-122.473860920336392, 41.219348469352667],
            [-122.473439120337048, 41.219436602685903],
            [-122.472697520338158, 41.219711269352103],
            [-122.471933987006025, 41.220106869351525],
            [-122.471497920340028, 41.220326669351152],
            [-122.471408787006851, 41.220367936017794],
            [-122.471046987007412, 41.220535469350864],
            [-122.470647120341368, 41.220705802683938],
            [-122.470218120342054, 41.220909069350284],
            [-122.469927120342504, 41.221024469350084],
            [-122.469367187009993, 41.221189469349838],
            [-122.468465587011394, 41.221403802682858],
            [-122.467869320345699, 41.221590669349212],
            [-122.467491187012911, 41.22176646934895],
            [-122.467069520346911, 41.222008202681877],
            [-122.466785920347377, 41.222145469348334],
            [-122.466400520347975, 41.222288402681443],
            [-122.465913320348704, 41.222458669347873],
            [-122.465433387016105, 41.222634602680898],
            [-122.465149787016571, 41.222744469347447],
            [-122.4646989203506, 41.222859869347246],
            [-122.464386187017737, 41.222931269347157],
            [-122.463898987018524, 41.222953402680446],
            [-122.463404387019295, 41.223112802680191],
            [-122.463011587019878, 41.223228269346691],
            [-122.462706320353675, 41.22330520267991],
            [-122.462451787020768, 41.223354669346463],
            [-122.462175387021205, 41.223404202679717],
            [-122.461855387021672, 41.223497469346228],
            [-122.461455387022284, 41.223591002679427],
            [-122.460837187023287, 41.2237394026792],
            [-122.460488320357115, 41.223871202678993],
            [-122.460262787024135, 41.223992069345513],
            [-122.460000987024557, 41.224112869345277],
            [-122.459717387025023, 41.224277669345042],
            [-122.459441120358747, 41.224415002678143],
            [-122.459164720359183, 41.224541402677971],
            [-122.458888520359608, 41.224678669344428],
            [-122.458553920360146, 41.224887469344083],
            [-122.458364787027108, 41.22502480267724],
            [-122.458066720360875, 41.225162069343696],
            [-122.457484987028465, 41.225409269343288],
            [-122.457077587029119, 41.225574069343054],
            [-122.456801320362842, 41.225689469342853],
            [-122.456524987029979, 41.225804802676009],
            [-122.456219520363788, 41.225953202675782],
            [-122.455877587030955, 41.22611240267554],
            [-122.455375920365043, 41.226365069341796],
            [-122.45510678703215, 41.226513402674925],
            [-122.454626920366252, 41.226749602674545],
            [-122.454263320366806, 41.226925269340938],
            [-122.453935987033958, 41.227095602674012],
            [-122.45360152036784, 41.227249402673749],
            [-122.453426920368088, 41.227309869340331],
            [-122.453216120368438, 41.22737026934027],
            [-122.452968787035445, 41.227364802673605],
            [-122.452750520369136, 41.227337402673641],
            [-122.452532387036172, 41.227359402673585],
            [-122.452357720369776, 41.227337469340284],
            [-122.452154120370096, 41.227376002673566],
            [-122.451470387037773, 41.227376002673566],
            [-122.450990520371874, 41.227672602673124],
            [-122.450735787038923, 41.22787580267277],
            [-122.450706720372295, 41.227947202672681],
            [-122.450706787038996, 41.228205269338957],
            [-122.450684920372339, 41.228353469338742],
            [-122.450415787039447, 41.228512802671787],
            [-122.450088587039943, 41.228705002671518],
            [-122.449724987040497, 41.228985202671083],
            [-122.449499587040862, 41.229199269337414],
            [-122.4491869203747, 41.22952326933688],
            [-122.449012387041591, 41.229803402669802],
            [-122.448866920375167, 41.230023002669441],
            [-122.448735987042028, 41.230303002669018],
            [-122.448605120375589, 41.230456869335455],
            [-122.448343320376011, 41.230671069335131],
            [-122.448095987043018, 41.230846802668168],
            [-122.447855987043397, 41.231000602667962],
            [-122.447637787043732, 41.231121469334425],
            [-122.447281387044313, 41.231302669334127],
            [-122.447034187044665, 41.231434469333919],
            [-122.446699587045202, 41.23162666933365],
            [-122.446575920378734, 41.23174740266677],
            [-122.446553987045434, 41.232033002666356],
            [-122.446474120378866, 41.232362469332486],
            [-122.446284987045829, 41.232543669332188],
            [-122.446059387046205, 41.232648069332072],
            [-122.445652120380146, 41.232840202665102],
            [-122.445259387047429, 41.233027002664812],
            [-122.444888520381369, 41.233230269331159],
            [-122.444655720381718, 41.23334006933095],
            [-122.444321120382256, 41.233521269330708],
            [-122.444008387049394, 41.233702602663755],
            [-122.4437391870498, 41.233883802663456],
            [-122.443455587050266, 41.234108869329759],
            [-122.443288187050484, 41.234224202662915],
            [-122.443070120384164, 41.234356002662707],
            [-122.442837187051225, 41.2344878026625],
            [-122.442669987051431, 41.23459206932904],
            [-122.442189920385545, 41.234905069328534],
            [-122.441724387052943, 41.235196202661427],
            [-122.441615320386404, 41.235317002661247],
            [-122.441607987053089, 41.235503669327613],
            [-122.441520587053219, 41.235723269327252],
            [-122.441375120386795, 41.235904602660355],
            [-122.441113187053872, 41.236124269326638],
            [-122.441000253720745, 41.236204535993181],
            [-122.44086592038758, 41.236300002659732],
            [-122.440582187054702, 41.236398869326251],
            [-122.440233120388598, 41.236558069326009],
            [-122.439869387055808, 41.236728269325738],
            [-122.439440187056448, 41.236948002658721],
            [-122.439083787057029, 41.23715106932508],
            [-122.438807320390765, 41.237332269324781],
            [-122.438698320390984, 41.237513469324483],
            [-122.4385891203911, 41.237815469324005],
            [-122.438487320391289, 41.238194469323446],
            [-122.438341787058164, 41.238353602656503],
            [-122.438108987058513, 41.238562402656214],
            [-122.437867720392262, 41.238737202655955],
            [-122.437563387059413, 41.238957669322247],
            [-122.437374187059675, 41.239117002655348],
            [-122.437235987059921, 41.239287202655078],
            [-122.437206187059928, 41.23933026932167],
            [-122.437068720393484, 41.239528869321362],
            [-122.436835787060488, 41.23983080265424],
            [-122.43662478706085, 41.240154802653706],
            [-122.436413787061156, 41.240467802653257],
            [-122.436195587061491, 41.240731402652841],
            [-122.435933720395269, 41.240841202652689],
            [-122.435820587062096, 41.240861269319282],
            [-122.435438987062696, 41.240929002652535],
            [-122.435016987063364, 41.240983869319109],
            [-122.434740587063743, 41.24100580265241],
            [-122.434631520397261, 41.241115669318901],
            [-122.434621853730619, 41.241135335985518],
            [-122.43453692039742, 41.241307869318632],
            [-122.434500520397478, 41.241598869318182],
            [-122.434405987064281, 41.241752602651275],
            [-122.434267720397827, 41.241906402651011],
            [-122.433692987065399, 41.242241402650507],
            [-122.433307320399308, 41.24246646931681],
            [-122.432972720399846, 41.242691602649813],
            [-122.432616187067083, 41.242971669316034],
            [-122.432419720400731, 41.243163869315708],
            [-122.432310587067548, 41.243317602648801],
            [-122.43218692040108, 41.243449269315306],
            [-122.431939387068098, 41.243669002648289],
            [-122.43183038706826, 41.243789802648109],
            [-122.431582920401979, 41.244042402647722],
            [-122.431437387068911, 41.244185069314142],
            [-122.431073587069477, 41.244492602646972],
            [-122.430833587069856, 41.244690202646666],
            [-122.430709787070043, 41.24484400264646],
            [-122.43044058707045, 41.245118602646016],
            [-122.430251387070712, 41.245305269312382],
            [-122.430033187071047, 41.245453602645512],
            [-122.429749320404824, 41.245590802645268],
            [-122.429392920405405, 41.245837869311572],
            [-122.42908732040587, 41.245980602644693],
            [-122.428810920406306, 41.245980602644693],
            [-122.428679453739846, 41.246032802644606],
            [-122.428534320406754, 41.246090402644541],
            [-122.428112387074066, 41.246304469310871],
            [-122.427777587074559, 41.246480202643909],
            [-122.427544920408252, 41.246606469310393],
            [-122.427333120408605, 41.246761135976783],
            [-122.427319320408628, 41.246771202643458],
            [-122.427159120408874, 41.246919402643243],
            [-122.427071787075647, 41.247062202643008],
            [-122.427013587075749, 41.247155469309519],
            [-122.426984387075834, 41.247314669309276],
            [-122.427006120409089, 41.247517869308979],
            [-122.427129787075557, 41.247677069308736],
            [-122.427347987075223, 41.247896802641719],
            [-122.427350253741906, 41.247899335975035],
            [-122.42758072040823, 41.24815500264134],
            [-122.427748120407955, 41.248352669307678],
            [-122.427835387074481, 41.248517469307444],
            [-122.427820720407851, 41.248731602640419],
            [-122.427689787074712, 41.248879802640204],
            [-122.427486120408332, 41.249072002639878],
            [-122.427267720408679, 41.249203669306326],
            [-122.427158720408841, 41.249253202639636],
            [-122.427042187075699, 41.249253069306292],
            [-122.426612920409696, 41.249203669306326],
            [-122.426365587076759, 41.249176202639717],
            [-122.426161920410436, 41.249159669306437],
            [-122.425943587077427, 41.249203602639682],
            [-122.425770187077717, 41.249287269306251],
            [-122.42576172041106, 41.249291402639528],
            [-122.425557920411336, 41.249428669305985],
            [-122.425368720411655, 41.249609869305743],
            [-122.425179587078617, 41.249769069305501],
            [-122.425151787078676, 41.249873602638672],
            [-122.425115387078733, 41.249939469305218],
            [-122.425086187078762, 41.2499998693051],
            [-122.424991587078921, 41.250115202638256],
            [-122.424882520412382, 41.250235869304731],
            [-122.42476598707924, 41.250439069304434],
            [-122.42460592041283, 41.250702669304019],
            [-122.42451858707966, 41.250900269303713],
            [-122.424423920413119, 41.251010069303561],
            [-122.424314787079936, 41.251191402636607],
            [-122.424212920413424, 41.251389002636301],
            [-122.424125520413554, 41.251542669302694],
            [-122.423994520413771, 41.251696402635844],
            [-122.423703387080877, 41.251993002635345],
            [-122.423506920414525, 41.252201602635012],
            [-122.423397787081399, 41.252322402634832],
            [-122.423268987081599, 41.252487469301229],
            [-122.423252187081573, 41.252509002634554],
            [-122.42316125374839, 41.252669069300964],
            [-122.423142987081746, 41.252701202634285],
            [-122.423092120415163, 41.252844069300693],
            [-122.423041120415235, 41.252981269300506],
            [-122.422960987082035, 41.253102202633613],
            [-122.422917387082123, 41.25314060263355],
            [-122.422829987082253, 41.253190002633517],
            [-122.42272092041577, 41.253288802633335],
            [-122.422560720416016, 41.253409602633155],
            [-122.422371520416277, 41.253519402633003],
            [-122.42224792041651, 41.253601669299542],
            [-122.422189720416554, 41.25367860263276],
            [-122.42216778708331, 41.253766469299251],
            [-122.422145920416654, 41.253887202632427],
            [-122.422143987083302, 41.253915069299012],
            [-122.422138720416683, 41.253991602632254],
            [-122.422094987083369, 41.254062869298821],
            [-122.422043987083498, 41.254128869298711],
            [-122.422007587083556, 41.25424960263183],
            [-122.421963920416943, 41.254337469298378],
            [-122.421934787083671, 41.254375869298315],
            [-122.421862120417074, 41.254403402631624],
            [-122.421803787083832, 41.254414402631596],
            [-122.421672787084049, 41.254463669298161],
            [-122.42147638708434, 41.254529602631408],
            [-122.421323387084612, 41.254611869297946],
            [-122.421214187084786, 41.254705202631158],
            [-122.421105120418247, 41.254793069297705],
            [-122.420966787085149, 41.254930402630805],
            [-122.420835787085366, 41.255040069297308],
            [-122.420668387085584, 41.255188402630381],
            [-122.42053012041913, 41.255276202630284],
            [-122.420377320419391, 41.25535860263011],
            [-122.420158987086381, 41.255418869296705],
            [-122.420020787086628, 41.255440869296649],
            [-122.419860587086873, 41.255451802629977],
            [-122.419715120420449, 41.255440802630005],
            [-122.41945318708747, 41.255407869296732],
            [-122.419132987088005, 41.255374802630115],
            [-122.418696387088687, 41.255330802630169],
            [-122.418361720422524, 41.255330802630169],
            [-122.418019720423047, 41.255374669296771],
            [-122.417481320423917, 41.255435002630009],
            [-122.417059187091184, 41.255506269296575],
            [-122.416731720425048, 41.255566602629813],
            [-122.41665085375854, 41.25558626929643],
            [-122.416506320425412, 41.255621469296386],
            [-122.416331587092316, 41.255692869296297],
            [-122.416164187092591, 41.255802602629444],
            [-122.41600412042618, 41.255917869295956],
            [-122.415938520426266, 41.255972802629174],
            [-122.415824987093117, 41.256021202629086],
            [-122.415771120426541, 41.256044202629084],
            [-122.41566932042673, 41.256082602629021],
            [-122.415516387093589, 41.25618140262884],
            [-122.415334520427223, 41.25630220262866],
            [-122.41520352042744, 41.256401002628536],
            [-122.415108787094255, 41.256521802628299],
            [-122.415065187094285, 41.256730469294666],
            [-122.415108720427554, 41.256851202627843],
            [-122.41518878709411, 41.256966469294298],
            [-122.415304987093918, 41.257164202627337],
            [-122.415348720427176, 41.257290602627108],
            [-122.415334120427246, 41.257504669293496],
            [-122.415268587093976, 41.257653069293212],
            [-122.415202987094119, 41.257724402626479],
            [-122.415086587094265, 41.257806669293018],
            [-122.414904720427899, 41.257916469292809],
            [-122.414722587094843, 41.258064669292594],
            [-122.414562520428433, 41.258278869292269],
            [-122.414475120428563, 41.258399669292089],
            [-122.414322320428766, 41.258569802625175],
            [-122.414154787095697, 41.258773002624821],
            [-122.413936387096044, 41.259069402624391],
            [-122.413720920429739, 41.259320135957296],
            [-122.413681587096448, 41.259365869290605],
            [-122.413448720430154, 41.259640402623461],
            [-122.413186587097243, 41.259942269289695],
            [-122.412946320430933, 41.260255269289189],
            [-122.412757120431195, 41.260502269288793],
            [-122.412596787098153, 41.260645069288614],
            [-122.412436720431742, 41.260754869288405],
            [-122.412363920431858, 41.260765869288377],
            [-122.411970920432452, 41.260760269288426],
            [-122.411679920432903, 41.260793202621699],
            [-122.41146872043322, 41.260815069288356],
            [-122.41133058710011, 41.260820469288319],
            [-122.411199520433627, 41.260831402621648],
            [-122.411010320433945, 41.260804002621683],
            [-122.410682920434454, 41.260749002621765],
            [-122.410333587101661, 41.260743402621756],
            [-122.410049787102082, 41.260770802621721],
            [-122.409860587102401, 41.260809202621658],
            [-122.40970052043599, 41.260836669288324],
            [-122.409540387102879, 41.260891469288197],
            [-122.409445720436338, 41.260968402621415],
            [-122.409343787103182, 41.261094602621256],
            [-122.409234587103356, 41.261259269287621],
            [-122.409125320436885, 41.261489869287288],
            [-122.409008787103687, 41.261764402620202],
            [-122.408884987103875, 41.261808402620147],
            [-122.408746787104121, 41.261868669286685],
            [-122.408644787104265, 41.261956602619875],
            [-122.408571987104381, 41.26201686928647],
            [-122.408462787104554, 41.262049869286386],
            [-122.408382787104699, 41.262093802619688],
            [-122.408193520438317, 41.262170469286218],
            [-122.40798972043865, 41.26228040261941],
            [-122.407793187105597, 41.262401069285886],
            [-122.407560187105958, 41.262521869285706],
            [-122.407400187106191, 41.262626202618833],
            [-122.407349187106263, 41.262747002618653],
            [-122.407349120439619, 41.262972069284956],
            [-122.407399787106215, 41.263164269284687],
            [-122.407406987106185, 41.263345469284388],
            [-122.40747978710607, 41.263444269284264],
            [-122.407515787106036, 41.263487269284155],
            [-122.407567120439296, 41.263548669284091],
            [-122.407610587105864, 41.263642069283947],
            [-122.407625120439207, 41.26391660261686],
            [-122.407559520439293, 41.264202069283044],
            [-122.407472120439422, 41.264399802616083],
            [-122.407370120439566, 41.264592002615814],
            [-122.407253587106425, 41.264745669282206],
            [-122.407173520439869, 41.264784069282143],
            [-122.40702072044013, 41.264866469282026],
            [-122.406906787106948, 41.264948002615256],
            [-122.406729387107248, 41.265075002615049],
            [-122.406241787108002, 41.26536040261459],
            [-122.406030587108319, 41.265492202614382],
            [-122.40581952044198, 41.265689802614077],
            [-122.405702987108839, 41.265832469280554],
            [-122.405679653775564, 41.265887069280438],
            [-122.405637387108925, 41.265986202613647],
            [-122.405549920442411, 41.26617840261332],
            [-122.40554272044244, 41.266293669279833],
            [-122.405549787109067, 41.26646940261287],
            [-122.405564320442409, 41.266606669279327],
            [-122.405527787109122, 41.266815269278993],
            [-122.405418587109295, 41.267062402611941],
            [-122.40525112044287, 41.267298402611573],
            [-122.405021653776544, 41.267563602611176],
            [-122.404923387110045, 41.267677202611026],
            [-122.404712187110363, 41.267951802610582],
            [-122.404697520443733, 41.268045069277093],
            [-122.404704787110404, 41.26823180261016],
            [-122.404711787110386, 41.268599669276227],
            [-122.404682587110415, 41.26875340260932],
            [-122.404638987110502, 41.26885226927584],
            [-122.40451518711069, 41.269038869275562],
            [-122.404223720444463, 41.269406669274986],
            [-122.404171587111193, 41.269463869274887],
            [-122.403968787111523, 41.269686669274563],
            [-122.403879720444991, 41.269796602607698],
            [-122.403808720445113, 41.269884269274257],
            [-122.403633920445372, 41.270081869273952],
            [-122.403415387112375, 41.270301469273591],
            [-122.403306120445905, 41.270466202606656],
            [-122.403255120445976, 41.270652869273079],
            [-122.403225920446005, 41.270867002606053],
            [-122.40320392044606, 41.271086669272393],
            [-122.40318918711273, 41.271306269272031],
            [-122.403203720446072, 41.27155340260498],
            [-122.403203520446027, 41.271806002604592],
            [-122.403174387112756, 41.271965202604349],
            [-122.403130720446143, 41.272086002604169],
            [-122.403065120446286, 41.272195802604017],
            [-122.402992187113057, 41.272261602603919],
            [-122.402868520446589, 41.272327602603809],
            [-122.402773787113404, 41.272360602603726],
            [-122.402671920446892, 41.272404469270327],
            [-122.402511720447137, 41.272464802603565],
            [-122.402395320447283, 41.272503202603502],
            [-122.402293387114128, 41.27254160260344],
            [-122.402235120447529, 41.272618469270014],
            [-122.402140387114343, 41.272739202603134],
            [-122.402067587114459, 41.272849002602982],
            [-122.40198752044796, 41.272942402602837],
            [-122.401899987114746, 41.273041202602712],
            [-122.401754387114977, 41.273156402602524],
            [-122.401616120448523, 41.273277069269],
            [-122.40155778711528, 41.27329360260228],
            [-122.401434120448812, 41.273392402602155],
            [-122.401171987115845, 41.273529669268612],
            [-122.400844320449721, 41.273628402601787],
            [-122.400531387116871, 41.273760069268235],
            [-122.400371187117116, 41.273869802601382],
            [-122.400189120450705, 41.274040002601112],
            [-122.400072587117563, 41.274127802601015],
            [-122.399905120451194, 41.274259469267463],
            [-122.399766720451396, 41.274336402600682],
            [-122.399592120451643, 41.274407669267248],
            [-122.39928632045212, 41.274555802600332],
            [-122.398973320452626, 41.274682002600116],
            [-122.398791320452915, 41.274747869266719],
            [-122.39863112045316, 41.274780669266647],
            [-122.39840552045348, 41.27481360259992],
            [-122.398350520453562, 41.274820535933259],
            [-122.39814338712057, 41.274846469266549],
            [-122.397997787120801, 41.274895802599815],
            [-122.397844920454361, 41.274972602599689],
            [-122.397728387121219, 41.275055002599572],
            [-122.397553587121479, 41.275175669266048],
            [-122.397276987121927, 41.275367802599078],
            [-122.396956587122418, 41.275576402598745],
            [-122.396665187122892, 41.275773869265095],
            [-122.396279320456813, 41.276070269264665],
            [-122.396009920457232, 41.276284402597639],
            [-122.395907987124019, 41.276344669264233],
            [-122.395754987124292, 41.27643246926408],
            [-122.395594787124537, 41.276591669263837],
            [-122.395470787124736, 41.27674540259693],
            [-122.395383387124866, 41.276882602596743],
            [-122.39536878712488, 41.276921069263324],
            [-122.395237720458397, 41.27722320259619],
            [-122.395069920458695, 41.27760746926225],
            [-122.394989787125496, 41.277695202595453],
            [-122.394895187125599, 41.277783069262],
            [-122.394800520459114, 41.277832469261909],
            [-122.394705787125929, 41.277843402595238],
            [-122.394545720459519, 41.277859802595231],
            [-122.39433458712648, 41.277887202595139],
            [-122.394094320460169, 41.277909002595152],
            [-122.393774120460705, 41.27793640259506],
            [-122.393737720460763, 41.27794180259508],
            [-122.393482987127811, 41.27797466926171],
            [-122.393477387127803, 41.277976469261716],
            [-122.393344720461357, 41.278018602594955],
            [-122.393191587128285, 41.278100869261493],
            [-122.39304598712846, 41.278199669261369],
            [-122.392827587128806, 41.278347869261097],
            [-122.39260912046251, 41.27848506926091],
            [-122.39239798712947, 41.278589269260749],
            [-122.392062987130032, 41.278775869260471],
            [-122.391567787130782, 41.279055669260003],
            [-122.391311787131201, 41.279191535926486],
            [-122.391050787131576, 41.279330069259572],
            [-122.390730387132066, 41.279516602592651],
            [-122.390519187132384, 41.279664802592379],
            [-122.390424520465899, 41.279796469258883],
            [-122.39035158713267, 41.279895269258702],
            [-122.390278787132786, 41.279944669258612],
            [-122.390118720466376, 41.280032469258515],
            [-122.389965787133292, 41.28007640259176],
            [-122.389812787133508, 41.280142202591662],
            [-122.389579720467225, 41.280251869258166],
            [-122.389375987134201, 41.280334202591348],
            [-122.389193787134445, 41.280443869257851],
            [-122.389084587134619, 41.280515269257762],
            [-122.388960787134806, 41.280603069257609],
            [-122.388778787135095, 41.280668869257511],
            [-122.388552987135483, 41.280778602590658],
            [-122.388261720469245, 41.280926802590443],
            [-122.388028720469606, 41.281058402590247],
            [-122.387824787136594, 41.28123400258994],
            [-122.38756252047034, 41.281442602589664],
            [-122.38732232047073, 41.281634669255993],
            [-122.387140120470974, 41.28179386925575],
            [-122.387023587137833, 41.281843269255717],
            [-122.386848920471436, 41.281881602588953],
            [-122.386688787138326, 41.281903602588955],
            [-122.386557720471899, 41.281936469255527],
            [-122.386404787138815, 41.28195286925552],
            [-122.386317320472244, 41.281936402588883],
            [-122.386164387139161, 41.281958202588839],
            [-122.386040720472693, 41.282007602588749],
            [-122.385954587139508, 41.282057469255335],
            [-122.385945987139507, 41.282062469255322],
            [-122.385814920473024, 41.282161202588554],
            [-122.385705587139853, 41.282265469255037],
            [-122.385545587140143, 41.282385469254848],
            [-122.385402720473678, 41.282458802588053],
            [-122.385305387140477, 41.282498135921344],
            [-122.385246920473946, 41.282521802587951],
            [-122.385159387140732, 41.282545269254626],
            [-122.384904587141136, 41.282567069254583],
            [-122.384678987141456, 41.282594469254548],
            [-122.38450432047506, 41.282610869254484],
            [-122.384416920475189, 41.282660269254393],
            [-122.384307587142075, 41.282720669254331],
            [-122.384183787142263, 41.282813869254198],
            [-122.384045387142464, 41.28287426925408],
            [-122.383834320476126, 41.282934602587318],
            [-122.383659520476385, 41.282967402587303],
            [-122.383470187143359, 41.28300580258724],
            [-122.383462253810023, 41.283008802587233],
            [-122.383368187143503, 41.283044069253833],
            [-122.383229920477049, 41.28313186925368],
            [-122.383098787143922, 41.283269202586837],
            [-122.382967587144151, 41.283384402586648],
            [-122.382807387144396, 41.28354906925307],
            [-122.382632387144668, 41.283752202586072],
            [-122.382362987145086, 41.283971669252367],
            [-122.382035187145561, 41.284224002585347],
            [-122.381743787146036, 41.284427069251706],
            [-122.381539920479668, 41.284520269251516],
            [-122.38140158714657, 41.284553202584789],
            [-122.381277787146757, 41.284553202584789],
            [-122.381044920480463, 41.284575002584802],
            [-122.380819120480794, 41.284607802584731],
            [-122.380695387147682, 41.284673669251276]
          ]
        ]
      }
    },
    {
      "type": "Feature",
      "properties": {
        "GNIS_Name": "North Fork Sacramento River",
        "segment": "headwater",
        "flow_order": 1
      },
      "geometry": {
        "type": "MultiLineString",
        "coordinates": [
          [
            [-122.478493520329209, 41.300845602559548],
            [-122.478289586996198, 41.300895002559457],
            [-122.477954720330047, 41.30092260255941],
            [-122.477692520330436, 41.300933802559371],
            [-122.477445120330799, 41.300972269226008],
            [-122.477197386997886, 41.301021802559262],
            [-122.477117320331331, 41.301071202559172],
            [-122.477051720331417, 41.301087669225808],
            [-122.47693532033162, 41.30113160255911],
            [-122.476920786998278, 41.301153602559054],
            [-122.476745986998594, 41.301219602558945],
            [-122.47654218699887, 41.301280002558826],
            [-122.476272720332645, 41.301351469225381],
            [-122.475959720333094, 41.301417469225328],
            [-122.475697720333528, 41.301538402558435],
            [-122.475442920333933, 41.301697669224893],
            [-122.475209987000937, 41.301818602558001],
            [-122.474896987001443, 41.301972402557794],
            [-122.474649387001818, 41.30208240255763],
            [-122.474525920335338, 41.302129002557535],
            [-122.474343720335639, 41.30219780255743],
            [-122.474052520336102, 41.302236269224011],
            [-122.473812120336447, 41.302236269224011],
            [-122.473557320336852, 41.302230869224047],
            [-122.473280587003956, 41.302192602557454],
            [-122.473003787004359, 41.302148802557497],
            [-122.472544987005108, 41.302072002557622],
            [-122.472195520338971, 41.302028202557665],
            [-122.471860520339476, 41.301989869224428],
            [-122.471612987006552, 41.301967869224427],
            [-122.471525587006681, 41.301957002557799],
            [-122.471321720340313, 41.301962469224463],
            [-122.470768320341165, 41.301940669224507],
            [-122.470273187008615, 41.301929869224523],
            [-122.46993098700915, 41.30194100255784],
            [-122.469872720342551, 41.301924469224502],
            [-122.469697920342867, 41.301919002557838],
            [-122.469144520343718, 41.301908202557854],
            [-122.468685787011054, 41.30194686922448],
            [-122.468372587011572, 41.301969002557769],
            [-122.468146987011892, 41.301985469224405],
            [-122.467855587012366, 41.30198560255775],
            [-122.467556987012813, 41.302013069224358],
            [-122.46727312034659, 41.302029602557695],
            [-122.467003587013664, 41.302040669224311],
            [-122.466573987014328, 41.302090202557622],
            [-122.46642838701456, 41.302079202557593],
            [-122.466202720348292, 41.301996869224411],
            [-122.465867587015453, 41.301898202557879],
            [-122.465234187016449, 41.301783002558068],
            [-122.464939787016874, 41.301746135891449],
            [-122.464928320350225, 41.301744669224774],
            [-122.464702520350613, 41.301706269224837],
            [-122.464287520351263, 41.301629469224963],
            [-122.463777720352027, 41.301596669225034],
            [-122.46340638701929, 41.301596802558379],
            [-122.462787520353572, 41.301640802558268],
            [-122.462503520354005, 41.301684802558214],
            [-122.462372387020878, 41.301695802558186],
            [-122.462190387021167, 41.301701402558194],
            [-122.461869987021657, 41.301712402558167],
            [-122.46158598702209, 41.301756402558112],
            [-122.461374187022443, 41.301820335891364],
            [-122.461294787022553, 41.301844269224659],
            [-122.461134587022798, 41.301904802557885],
            [-122.460952720356431, 41.302009069224368],
            [-122.460928520356447, 41.302021869224347],
            [-122.460806987023318, 41.302086002557587],
            [-122.46061778702358, 41.302201269224099],
            [-122.460479520357126, 41.30228920255729],
            [-122.460341187024028, 41.302344069223864],
            [-122.460108120357745, 41.30240460255709],
            [-122.459933387024648, 41.302448602557035],
            [-122.459685787025023, 41.302509069223618],
            [-122.459525587025269, 41.302542002556891],
            [-122.459343587025558, 41.302564002556835],
            [-122.459044987026061, 41.302575069223508],
            [-122.458717387026525, 41.302569669223544],
            [-122.458376787027078, 41.302581402556825],
            [-122.458236787027317, 41.302586269223468],
            [-122.458011120360993, 41.302597269223497],
            [-122.457654120361553, 41.302619269223442],
            [-122.457529320361743, 41.302634935890069],
            [-122.457173587028933, 41.302679669223323],
            [-122.456714787029682, 41.302712802556641],
            [-122.45629992036362, 41.302767802556559],
            [-122.455979387030823, 41.302778802556531],
            [-122.455644520364672, 41.302833802556449],
            [-122.455193120365379, 41.302916202556332],
            [-122.454748920366058, 41.302998602556158],
            [-122.454450387033148, 41.303059069222741],
            [-122.454173720366953, 41.303141469222624],
            [-122.453998987033856, 41.303201869222562],
            [-122.453825920367478, 41.303248935889144],
            [-122.45363492036779, 41.303300802555725],
            [-122.453343720368252, 41.303383202555608],
            [-122.453154320368526, 41.303421669222189],
            [-122.452841187035688, 41.303460069222126],
            [-122.452477187036209, 41.30350960255538],
            [-122.452040320370259, 41.303614002555207],
            [-122.451734387037391, 41.30367986922181],
            [-122.451530587037723, 41.303773269221665],
            [-122.451414120371226, 41.303877669221492],
            [-122.451268520371457, 41.30405880255455],
            [-122.451115587038373, 41.304267469220861],
            [-122.450991920371848, 41.304509202553845],
            [-122.450889920372049, 41.304673869220267],
            [-122.450707987038982, 41.304877002553269],
            [-122.450598720372511, 41.304959469219796],
            [-122.450489520372628, 41.305003402553098],
            [-122.450271120372975, 41.305091269219588],
            [-122.449965187040107, 41.305184669219443],
            [-122.449831053706987, 41.305230735886028],
            [-122.449805120373696, 41.305239669219361],
            [-122.449630320374013, 41.305239669219361],
            [-122.449324520374489, 41.305228669219389],
            [-122.449222587041277, 41.30520120255278],
            [-122.44907678704152, 41.305228669219389],
            [-122.448916720375109, 41.305294602552635],
            [-122.448705520375427, 41.305377002552518],
            [-122.448559920375658, 41.305415469219099],
            [-122.448326720376031, 41.305448402552372],
            [-122.448093720376392, 41.305454002552381],
            [-122.447817120376783, 41.305426469219071],
            [-122.447532987043928, 41.305382669219171],
            [-122.447241787044391, 41.305366202552534],
            [-122.446812120378354, 41.305366202552534],
            [-122.446557187045414, 41.305366269219178],
            [-122.446338787045761, 41.305415669219087],
            [-122.446178587046006, 41.305498002552326],
            [-122.445974720379638, 41.305596869218846],
            [-122.445785320379969, 41.305679269218672],
            [-122.445523187047002, 41.305822002551793],
            [-122.445333920380676, 41.305964802551557],
            [-122.445035387047767, 41.306201002551234],
            [-122.444938053714623, 41.306267602551088],
            [-122.444642187048373, 41.306470002550782],
            [-122.44442378704872, 41.306607269217238],
            [-122.444161720382453, 41.306739069217031],
            [-122.443870387049571, 41.306909402550104],
            [-122.443608187050017, 41.307052202549869],
            [-122.443520787050147, 41.307151002549745],
            [-122.443389787050364, 41.307304802549481],
            [-122.443273187050522, 41.307431002549322],
            [-122.443156787050725, 41.307540869215813],
            [-122.442945587051042, 41.307727602548823],
            [-122.442741720384674, 41.30786486921528],
            [-122.442435787051807, 41.30805706921501],
            [-122.442042587052413, 41.308293202547986],
            [-122.441736787052889, 41.308403069214478],
            [-122.441452720386678, 41.308513002547613],
            [-122.44113958705384, 41.308639269214098],
            [-122.440906520387557, 41.30872160254728],
            [-122.44057892038802, 41.308798469213855],
            [-122.440229320388596, 41.308875269213729],
            [-122.439974520389001, 41.308902802547038],
            [-122.43973418705599, 41.308952269213592],
            [-122.439399187056551, 41.309029069213466],
            [-122.439151587056926, 41.309078469213432],
            [-122.4389403203906, 41.309100469213377],
            [-122.438746520390907, 41.309119669213374],
            [-122.438663520391003, 41.309127869213341],
            [-122.43844512039135, 41.309149869213286],
            [-122.438306720391552, 41.309160869213315],
            [-122.438197387058381, 41.309160869213315],
            [-122.438022720391984, 41.309128002546686],
            [-122.437847920392301, 41.309034602546831],
            [-122.437816787058978, 41.309019135880192],
            [-122.437527520392791, 41.308875402547073],
            [-122.437316320393109, 41.308699602547335],
            [-122.437075987060155, 41.308480002547697],
            [-122.436908587060429, 41.308254869214693],
            [-122.436595387060891, 41.307832069215351],
            [-122.436274987061381, 41.307442202549282],
            [-122.435961787061899, 41.307145669216425],
            [-122.435824587062086, 41.307000069216656],
            [-122.435568587062505, 41.306728402550391],
            [-122.435270120396297, 41.306442802550862],
            [-122.4349933870634, 41.30619020255125],
            [-122.434767720397076, 41.305976069218218],
            [-122.434687520397176, 41.305877202551699],
            [-122.43465852039725, 41.305838802551762],
            [-122.434607387063977, 41.305789402551852],
            [-122.434541920397407, 41.305729002551971],
            [-122.43449818706415, 41.305696069218641],
            [-122.434447320397567, 41.30565760255206],
            [-122.43425792039784, 41.305553269218876],
            [-122.4340831870648, 41.305454402552357],
            [-122.433711920398707, 41.305333602552537],
            [-122.433449587065752, 41.305212802552774],
            [-122.433100120399672, 41.3051798025528],
            [-122.432838120400049, 41.305152402552835],
            [-122.432291920400928, 41.305152269219491],
            [-122.43198598706806, 41.305152269219491],
            [-122.431947920401456, 41.305149669219531],
            [-122.43182592040165, 41.305141402552863],
            [-122.431709320401808, 41.305102869219581],
            [-122.431549187068697, 41.305064402553],
            [-122.43141812040227, 41.305042402552999],
            [-122.431345187069041, 41.305042402552999],
            [-122.431228787069244, 41.305053469219672],
            [-122.43107578706946, 41.305086402552945],
            [-122.430937520403006, 41.30511380255291],
            [-122.430842720403177, 41.305130269219546],
            [-122.430755387069951, 41.305141269219519],
            [-122.430624320403467, 41.305124802552882],
            [-122.43033312040393, 41.305080869219637],
            [-122.430012587071133, 41.305053469219672],
            [-122.429910720404621, 41.305064402553],
            [-122.429830587071365, 41.305075402552973],
            [-122.429721387071538, 41.305064402553],
            [-122.429612187071712, 41.305053402552971],
            [-122.429328187072144, 41.305042402552999],
            [-122.429014987072662, 41.305036869219691],
            [-122.428854920406252, 41.30504780255302],
            [-122.428636387073254, 41.305102802552938],
            [-122.4283959870736, 41.305152069219503],
            [-122.427929920407678, 41.30525646921933],
            [-122.427696787074694, 41.305355269219206],
            [-122.427485720408356, 41.305443069219052],
            [-122.427318187075286, 41.305498002552326],
            [-122.427157987075532, 41.305525469218935],
            [-122.426997787075777, 41.305569269218836],
            [-122.426917587075934, 41.305624269218754],
            [-122.426793787076122, 41.30573960255191],
            [-122.42669192040961, 41.305838402551785],
            [-122.426626320409696, 41.305882269218387],
            [-122.426458787076626, 41.305942602551625],
            [-122.426269520410244, 41.305992069218178],
            [-122.426080120410518, 41.306063402551445],
            [-122.425985387077333, 41.306151269217935],
            [-122.425876187077506, 41.306255602551118],
            [-122.425796120411007, 41.306326869217685],
            [-122.42566498707788, 41.306387402550911],
            [-122.425402787078269, 41.306491669217451],
            [-122.425104187078716, 41.306601469217242],
            [-122.424885787079063, 41.306716802550397],
            [-122.424849387079121, 41.306793602550272],
            [-122.424841987079105, 41.306947402550065],
            [-122.424790987079234, 41.307029669216604],
            [-122.424754587079292, 41.307073602549849],
            [-122.424696320412693, 41.30709560254985],
            [-122.424601720412852, 41.307139469216452],
            [-122.424441387079753, 41.307216402549614],
            [-122.424252120413371, 41.307320669216153],
            [-122.42405538708033, 41.307457869215909],
            [-122.423858720413989, 41.307644602548976],
            [-122.423764187080792, 41.307694002548885],
            [-122.423705787080905, 41.307726869215514],
            [-122.423589320414408, 41.307727002548859],
            [-122.423436387081324, 41.307748869215459],
            [-122.423123187081785, 41.30777620254878],
            [-122.42271552041575, 41.307847602548634],
            [-122.422540587082722, 41.307886002548571],
            [-122.42235132041634, 41.307940869215201],
            [-122.422300320416412, 41.307951869215174],
            [-122.422096520416744, 41.307979402548426],
            [-122.421826987083818, 41.307968402548454],
            [-122.421266187084655, 41.308023202548384],
            [-122.420916720418575, 41.308056069215013],
            [-122.420632587085663, 41.308083469214978],
            [-122.420355920419411, 41.308132869214887],
            [-122.420108320419786, 41.308204269214798],
            [-122.419846120420232, 41.308281069214672],
            [-122.419656720420505, 41.30834140254791],
            [-122.419496587087451, 41.308407269214456],
            [-122.41931452042104, 41.308489602547638],
            [-122.419132387087984, 41.308555469214241],
            [-122.419015787088199, 41.308599402547486],
            [-122.418906520421672, 41.308626869214095],
            [-122.418797320421845, 41.308632269214115],
            [-122.418717187088646, 41.308632269214115],
            [-122.418607987088819, 41.308626802547451],
            [-122.418411320422422, 41.308599402547486],
            [-122.418229187089423, 41.308577402547542],
            [-122.418061787089641, 41.308582802547505],
            [-122.417836120423317, 41.308604669214162],
            [-122.417551987090462, 41.308632069214127],
            [-122.417333520424108, 41.308643069214099],
            [-122.417279120424212, 41.30864760254741],
            [-122.417202520424325, 41.308654002547428],
            [-122.417129720424441, 41.308659469214092],
            [-122.417042187091226, 41.308659402547391],
            [-122.416860120424872, 41.308610069214126],
            [-122.416576187091948, 41.308511202547606],
            [-122.416124787092656, 41.308324402547896],
            [-122.415746187093248, 41.308203469214789],
            [-122.41545492042701, 41.308115469214897],
            [-122.415221987094071, 41.308049669214995],
            [-122.41495978709446, 41.308005602548405],
            [-122.414799587094706, 41.307978202548441],
            [-122.414690320428235, 41.30796166921516],
            [-122.414610320428324, 41.307934202548552],
            [-122.414566520428423, 41.30791220254855],
            [-122.414508320428524, 41.307846269215304],
            [-122.414449987095281, 41.307736469215513],
            [-122.414399187095341, 41.307643069215658],
            [-122.414377320428684, 41.307571669215747],
            [-122.414289987095515, 41.307478269215892],
            [-122.414107920429103, 41.307319069216135],
            [-122.413976987096021, 41.307231202549588],
            [-122.413882387096123, 41.307165269216398],
            [-122.413787720429639, 41.307088402549823],
            [-122.413692987096454, 41.306912669216786],
            [-122.413547587096673, 41.306693002550446],
            [-122.413358187096946, 41.306385469217616],
            [-122.413285520430406, 41.306226202551159],
            [-122.413234587097122, 41.306077869218086],
            [-122.413205520430552, 41.306001069218212],
            [-122.413161920430582, 41.305902202551692],
            [-122.413045320430797, 41.305814269218502],
            [-122.4129507870976, 41.305732002551963],
            [-122.412899787097672, 41.305660469218708],
            [-122.412848787097744, 41.305605602552134],
            [-122.412852587097746, 41.305580202552164],
            [-122.412870787097688, 41.305457402552349],
            [-122.412856320431047, 41.305303602552613],
            [-122.412819920431104, 41.305155269219483],
            [-122.412688920431322, 41.304880802553271],
            [-122.41258712043151, 41.304655669220267],
            [-122.412485120431654, 41.304479869220529],
            [-122.412397787098428, 41.304359069220766],
            [-122.412303187098587, 41.304254669220882],
            [-122.41227418709866, 41.304161269221026],
            [-122.412288787098589, 41.304024069221271],
            [-122.412310587098602, 41.30381000255494],
            [-122.412332587098547, 41.303667202555175],
            [-122.412339987098562, 41.303551869222019],
            [-122.412296320431949, 41.303398069222226],
            [-122.412230920432023, 41.303277269222406],
            [-122.412128920432224, 41.30316200255595],
            [-122.412012387099026, 41.30307406922276],
            [-122.411895920432585, 41.302986202556212],
            [-122.4118231204327, 41.302909269222994],
            [-122.411764987099446, 41.302837869223083],
            [-122.411750520432804, 41.302794002556482],
            [-122.411815987099374, 41.30261280255678],
            [-122.411852520432603, 41.302442602557051],
            [-122.411874320432617, 41.302343802557175],
            [-122.411837987099318, 41.302255869223984],
            [-122.411728787099491, 41.302157002557465],
            [-122.411495920433197, 41.302003269224372],
            [-122.411284787100158, 41.301882402557908],
            [-122.411117320433789, 41.301816469224661],
            [-122.41099358710062, 41.301734069224835],
            [-122.410811520434265, 41.301563802558405],
            [-122.410520520434716, 41.30134960255873],
            [-122.410454987101446, 41.301313735892109],
            [-122.410229187101834, 41.301190269225685],
            [-122.409974387102181, 41.301080402559137],
            [-122.409747320435883, 41.301015069225912],
            [-122.409668720436002, 41.300992469225946],
            [-122.409384720436435, 41.300915469226084],
            [-122.409217187103366, 41.300877069226146],
            [-122.40904978710364, 41.300866002559474],
            [-122.408780387104059, 41.300893402559439],
            [-122.408510987104478, 41.300953802559377],
            [-122.408430787104578, 41.300959202559341],
            [-122.408343387104765, 41.300964802559349],
            [-122.408256120438182, 41.300882402559466],
            [-122.408059587105186, 41.300668202559791],
            [-122.407899387105431, 41.300574802559936],
            [-122.407688187105748, 41.300492402560053],
            [-122.407455187106109, 41.300448402560164],
            [-122.407376253772895, 41.300434335893499],
            [-122.407207720439828, 41.300404402560218],
            [-122.40706212044006, 41.300371402560245],
            [-122.406931120440277, 41.300327469227],
            [-122.406821787107106, 41.300256002560445],
            [-122.406690920440667, 41.30015720256057],
            [-122.406465187107642, 41.299882469227668],
            [-122.406348920441189, 41.299739802561248],
            [-122.406225120441377, 41.299624402561449],
            [-122.406064987108266, 41.299536469228201],
            [-122.405904787108511, 41.299421069228401],
            [-122.405773920442073, 41.299316802561918],
            [-122.405657387108931, 41.299184869228782],
            [-122.405533587109119, 41.299102602562243],
            [-122.405417120442621, 41.299036669228997],
            [-122.405264320442825, 41.298970669229107],
            [-122.405118720443056, 41.298904802562561],
            [-122.404958520443301, 41.298860802562615],
            [-122.404863920443461, 41.298811269229361],
            [-122.404740187110349, 41.298734469229487],
            [-122.404572720443923, 41.298580669229693],
            [-122.404441787110784, 41.298509202563139],
            [-122.404099587111318, 41.298388269230031],
            [-122.403932120444892, 41.298333269230113],
            [-122.403859387111709, 41.298256469230239],
            [-122.403772120445183, 41.298185069230328],
            [-122.40367018711197, 41.297992802563954],
            [-122.403466387112303, 41.29776766923095],
            [-122.403313720445908, 41.297570002564612],
            [-122.403146387112827, 41.297300869231719],
            [-122.402942720446447, 41.297009802565469],
            [-122.402804387113349, 41.296740602565876],
            [-122.402666320446883, 41.296477002566292],
            [-122.402571720447042, 41.296284869233261],
            [-122.402513520447144, 41.296169469233462],
            [-122.402455320447189, 41.296048669233642],
            [-122.402266120447507, 41.295872869233904],
            [-122.402091520447755, 41.295719069234167],
            [-122.401967920447987, 41.295565402567718],
            [-122.401851387114789, 41.295422469234609],
            [-122.401785920448276, 41.295285269234853],
            [-122.401698720448394, 41.295169869234996],
            [-122.401560387115296, 41.295049069235176],
            [-122.4014075871155, 41.294900669235403],
            [-122.401305587115644, 41.294747002569011],
            [-122.401225720449133, 41.294571202569273],
            [-122.401174787115849, 41.294400869236199],
            [-122.401102120449309, 41.294236269236478],
            [-122.400978387116197, 41.294087869236705],
            [-122.400840187116387, 41.293950602570249],
            [-122.400716520449919, 41.29382426923712],
            [-122.400563587116835, 41.293698002570636],
            [-122.400432587116995, 41.293648469237382],
            [-122.400221587117358, 41.293577002570828],
            [-122.400032320450975, 41.293511069237582],
            [-122.399770320451353, 41.293351669237836],
            [-122.399581120451671, 41.293208869238072],
            [-122.399420987118617, 41.293110002571552],
            [-122.399326320452076, 41.293044069238306],
            [-122.399202587118907, 41.292934202571814],
            [-122.399049920452512, 41.292714469238831],
            [-122.3989699204526, 41.292566269239046],
            [-122.398918987119373, 41.29242900257259],
            [-122.39887532045276, 41.292341069239399],
            [-122.398817187119505, 41.292264202572824],
            [-122.398737120453006, 41.292220269239579],
            [-122.398627987119824, 41.292159802572996],
            [-122.398518920453341, 41.292000469239952],
            [-122.398417120453473, 41.291742402573675],
            [-122.39830078712032, 41.291451269240781],
            [-122.398213587120438, 41.291248202574423],
            [-122.398169920453881, 41.291154802574567],
            [-122.398097187120641, 41.291072402574684],
            [-122.397995320454129, 41.291023002574775],
            [-122.39791518712093, 41.290957002574885],
            [-122.397856987121031, 41.290869202575038],
            [-122.397762520454478, 41.290649469241998],
            [-122.397697120454609, 41.290484669242289],
            [-122.397602587121412, 41.290380402575749],
            [-122.397333320455175, 41.290166069242787],
            [-122.397020387122325, 41.289902402576502],
            [-122.396787387122686, 41.289693802576835],
            [-122.396540120456393, 41.289490469243844],
            [-122.396365520456641, 41.289292802577449],
            [-122.396234387123513, 41.289193802577586],
            [-122.39609618712376, 41.289127869244396],
            [-122.39585598712415, 41.289061869244506],
            [-122.395717587124352, 41.289018002577905],
            [-122.39563038712447, 41.288957469244622],
            [-122.395528520457958, 41.288792802578257],
            [-122.395383120458177, 41.288617002578519],
            [-122.395215720458452, 41.28849060257869],
            [-122.395070187125327, 41.288457602578774],
            [-122.394982920458801, 41.288419202578837],
            [-122.394895387125587, 41.288353202578946],
            [-122.394771787125819, 41.288199402579153],
            [-122.394655387125965, 41.28806760257936],
            [-122.39448078712627, 41.287968669246197],
            [-122.394349787126487, 41.287897269246287],
            [-122.394269787126575, 41.287847802579677],
            [-122.394211520460033, 41.287798402579767],
            [-122.394167920460063, 41.287666602579975],
            [-122.394116987126836, 41.287512802580238],
            [-122.394029920460298, 41.287370069247117],
            [-122.393935187127113, 41.287276602580562],
            [-122.393833320460601, 41.287210669247372],
            [-122.393775320460691, 41.287111802580853],
            [-122.393593187127635, 41.28701286924769],
            [-122.393382187127941, 41.286853669247932],
            [-122.393236787128217, 41.286710802581467],
            [-122.393134920461705, 41.286622869248276],
            [-122.393032987128493, 41.286573469248367],
            [-122.392931120461981, 41.286551402581722],
            [-122.392850987128782, 41.286545869248414],
            [-122.392741920462299, 41.286518402581748],
            [-122.39259632046253, 41.286414002581921],
            [-122.392443520462734, 41.286337069248702],
            [-122.392319787129622, 41.286337002582059],
            [-122.392159587129868, 41.286386402581968],
            [-122.391999387130113, 41.28644680258185],
            [-122.391919320463558, 41.286485202581844],
            [-122.391839187130358, 41.286507069248444],
            [-122.39178818713043, 41.286490602581807],
            [-122.39162812046402, 41.286419069248609],
            [-122.391482587130895, 41.286353202582006],
            [-122.391286120464542, 41.286331069248718],
            [-122.391002120464975, 41.286292602582137],
            [-122.39082752046528, 41.286270469248791],
            [-122.390725587132067, 41.286287002582128],
            [-122.390521587132412, 41.286380202581995],
            [-122.390375987132643, 41.286468002581842],
            [-122.390310387132729, 41.286523069248403],
            [-122.390259387132801, 41.286561402581697],
            [-122.390150187132974, 41.286583402581641],
            [-122.390062787133104, 41.286566869248361],
            [-122.389800920466882, 41.286495269248462],
            [-122.389640720467128, 41.286473269248518],
            [-122.389524187133929, 41.286517202581763],
            [-122.389414987134103, 41.286588602581674],
            [-122.389320187134274, 41.286670869248212],
            [-122.389232787134404, 41.286758669248059],
            [-122.389130987134536, 41.286786069248024],
            [-122.389058120468007, 41.286786002581323],
            [-122.388985320468123, 41.286769602581387],
            [-122.388883520468255, 41.286714602581469],
            [-122.388752520468472, 41.286659602581551],
            [-122.388570387135417, 41.286615602581605],
            [-122.388279387135867, 41.286582469248344],
            [-122.387937120469758, 41.286576869248336],
            [-122.387696987136792, 41.286576802581692],
            [-122.387522320470396, 41.286576669248348],
            [-122.387376720470627, 41.286582202581656],
            [-122.387318387137384, 41.286582069248311],
            [-122.387216520470872, 41.286516202581765],
            [-122.387092920471048, 41.286417269248602],
            [-122.387005587137878, 41.286356869248664],
            [-122.386838120471452, 41.286345802582048],
            [-122.386495787138642, 41.286334669248731],
            [-122.386139187139179, 41.28631800258205],
            [-122.385855320472956, 41.286307002582078],
            [-122.3857095871399, 41.286301402582126],
            [-122.38557858714006, 41.286323269248726],
            [-122.385498520473561, 41.286361669248663],
            [-122.385403787140319, 41.286416469248593],
            [-122.38530178714052, 41.286476869248474],
            [-122.385127120474124, 41.286465869248502],
            [-122.384661320474834, 41.286460069248506],
            [-122.38435552047531, 41.286493002581778],
            [-122.38410058714237, 41.28647086924849],
            [-122.383918787142647, 41.286459802581874],
            [-122.383853187142734, 41.286432269248564],
            [-122.383744120476251, 41.286366402582019],
            [-122.383591320476512, 41.286201602582253],
            [-122.383416920476748, 41.285894002582722],
            [-122.383336920476893, 41.285767602582951],
            [-122.38322778714371, 41.285701669249704],
            [-122.383038520477328, 41.285657669249758],
            [-122.382681787144577, 41.285646602583142],
            [-122.38241252047834, 41.285597002583188],
            [-122.382237787145243, 41.285552869249955],
            [-122.382143320478747, 41.285487002583352],
            [-122.382077787145533, 41.285388069250189],
            [-122.381990720478996, 41.285157469250521],
            [-122.381954387145697, 41.284987269250792],
            [-122.381889120479116, 41.284828002584391],
            [-122.381648920479506, 41.284805869251102],
            [-122.38145958714648, 41.284767402584464],
            [-122.381248520480142, 41.284734269251203],
            [-122.381037520480447, 41.284712269251258],
            [-122.380891787147334, 41.284695669251278],
            [-122.380695387147682, 41.284673669251276]
          ]
        ]
      }
    }
  ]
}
