{
  "type": "FeatureCollection",
  "name": "SalmonMigrationPath",
  "crs": {
    "type": "name",
    "properties": {
      "name": "urn:ogc:def:crs:OGC::CRS84"
    }
  },
  "features": [
    {
      "type": "Feature",
      "properties": {},
      "geometry": {
        "type": "LineString",
        "coordinates": [
          [-121.774376188088809, 41.218195002687821],
          [-121.774601921421777, 41.217728269355234],
          [-121.77483498808806, 41.217206669356017],
          [-121.774849588088045, 41.217031002689623],
          [-121.774915188087959, 41.216871802689866],
          [-121.774987921421143, 41.216668602690163],
          [-121.775089788087655, 41.216526002690387],
          [-121.775148121420898, 41.216410669357231],
          [-121.775140921420927, 41.216224002690865],
          [-121.775061188087705, 41.215927469358007],
          [-121.775024921421107, 41.21576826935825],
          [-121.775061321421049, 41.215636469358458],
          [-121.775272321420744, 41.215389469358854],
          [-121.775395988087212, 41.215224802692433],
          [-121.775425188087183, 41.215027202692738],
          [-121.775468988087084, 41.214824002693035],
          [-121.775585388086881, 41.214648402693342],
          [-121.775665521420137, 41.214384869360401],
          [-121.775781988086578, 41.214176202694034],
          [-121.77603678808623, 41.213775602694682],
          [-121.776153188086028, 41.213544869361726],
          [-121.776240588085898, 41.213319869362067],
          [-121.776306188085812, 41.213105802695736],
          [-121.776328121419112, 41.212902602696033],
          [-121.776313721419115, 41.212715869362967],
          [-121.776313788085758, 41.21256206936323],
          [-121.776328388085744, 41.212370002696844],
          [-121.77635772141906, 41.21212840269726],
          [-121.776343188085718, 41.211925202697557],
          [-121.776408788085632, 41.211672669364589],
          [-121.77645978808556, 41.21145306936495],
          [-121.776539788085415, 41.21128286936522],
          [-121.77667812141857, 41.211096269365498],
          [-121.776714588085156, 41.211008402698951],
          [-121.776714588085156, 41.210931602699077],
          [-121.776678321418558, 41.210838202699222],
          [-121.776583788085361, 41.210722869366066],
          [-121.776620321418648, 41.210525202699728],
          [-121.776700388085203, 41.210399002699944],
          [-121.776823988084971, 41.210250802700159],
          [-121.776896788084855, 41.210113602700346],
          [-121.776889721418229, 41.209976269367246],
          [-121.776795321418376, 41.209734669367606],
          [-121.77672992141845, 41.209537002701268],
          [-121.77671552141851, 41.209350269368201],
          [-121.776628388085271, 41.209108669368561],
          [-121.776519521418777, 41.208911002702223],
          [-121.776432321418952, 41.20864186936933],
          [-121.776308988085759, 41.208372802703082],
          [-121.776265321419203, 41.208290402703199],
          [-121.776207321419292, 41.208131069370097],
          [-121.776207388085936, 41.207779669370666],
          [-121.776084121419444, 41.207538069371026],
          [-121.776040521419532, 41.207378869371269],
          [-121.775960721419665, 41.207208602704895],
          [-121.775938988086352, 41.20686826937208],
          [-121.77593918808634, 41.206555269372529],
          [-121.775917521419728, 41.206462002706019],
          [-121.7759247880864, 41.206330202706226],
          [-121.775975788086328, 41.206220402706379],
          [-121.775961188086342, 41.206110469373243],
          [-121.775895988086404, 41.205945802706822],
          [-121.775859721419806, 41.205759069373812],
          [-121.775794521419925, 41.205517469374172],
          [-121.775699921420085, 41.205347269374442],
          [-121.775598321420205, 41.205210002707986],
          [-121.775496588087037, 41.205122069374795],
          [-121.775460321420439, 41.205001269374975],
          [-121.77546758808711, 41.204809202708589],
          [-121.775533188086968, 41.204660869375516],
          [-121.775664121420107, 41.204551069375668],
          [-121.77594052141967, 41.204381002709283],
          [-121.776049588086209, 41.204254802709443],
          [-121.776122388086094, 41.204177869376224],
          [-121.776245988085861, 41.204112069376322],
          [-121.776296921419146, 41.204073669376385],
          [-121.776296921419146, 41.203974869376566],
          [-121.776238921419235, 41.203870402710038],
          [-121.776231588085921, 41.203815469376821],
          [-121.776267921419162, 41.203738602710246],
          [-121.776304388085805, 41.203716669376945],
          [-121.776566121418739, 41.203650869377043],
          [-121.776624188085293, 41.203672869377044],
          [-121.776849721418273, 41.203672869377044],
          [-121.777264121417659, 41.203656602710396],
          [-121.777598521417133, 41.20365140271042],
          [-121.777809321416782, 41.203613002710426],
          [-121.77804918808306, 41.203514069377263],
          [-121.778376388082563, 41.20347040271065],
          [-121.778761788081965, 41.203410069377412],
          [-121.779001721414943, 41.203360802710847],
          [-121.779205321414622, 41.203256469377664],
          [-121.779503521414142, 41.203075269377962],
          [-121.779721721413807, 41.202932602711485],
          [-121.780012521413369, 41.202773469378428],
          [-121.780223321413018, 41.202707669378526],
          [-121.780550588079223, 41.202669402711933],
          [-121.780884921411996, 41.202653002711941],
          [-121.781364721411251, 41.202647602711977],
          [-121.781524721411017, 41.202631202711984],
          [-121.781830121410565, 41.202483002712199],
          [-121.78235372140972, 41.202153802712701],
          [-121.782433721409632, 41.202109869379456],
          [-121.782510388076162, 41.201997069379615],
          [-121.782571788076041, 41.201906669379753],
          [-121.782717321409166, 41.201807869379934],
          [-121.782913721408875, 41.201720069380031],
          [-121.783204521408436, 41.201566469380282],
          [-121.783335388074875, 41.201467669380463],
          [-121.783379121408132, 41.201368869380588],
          [-121.783379121408132, 41.201259069380797],
          [-121.783335588074863, 41.201143802714284],
          [-121.783248388075037, 41.201006469381184],
          [-121.783132121408528, 41.200858202714755],
          [-121.783015921408719, 41.200731869381571],
          [-121.78289972140891, 41.200567202715206],
          [-121.78297238807545, 41.200457269382014],
          [-121.783103321408589, 41.200342069382202],
          [-121.783219721408386, 41.200166402715809],
          [-121.783292521408271, 41.200095069382598],
          [-121.783437921408051, 41.199996269382723],
          [-121.783728788074256, 41.199727269383175],
          [-121.783859588074051, 41.199666869383236],
          [-121.784048721407089, 41.199568202716705],
          [-121.784317721406694, 41.19952426938346],
          [-121.78473932140605, 41.199491469383531],
          [-121.785081121405483, 41.199469602716874],
          [-121.785255388071903, 41.199480602716847],
          [-121.785320921405116, 41.199579469383366],
          [-121.785407988071654, 41.199650869383277],
          [-121.785502588071495, 41.199678402716586],
          [-121.785604388071363, 41.199689402716558],
          [-121.78582238807104, 41.199662002716593],
          [-121.786033188070689, 41.199684002716538],
          [-121.786287588070309, 41.199771869383085],
          [-121.7865129214033, 41.199881669382933],
          [-121.786738188069592, 41.200030002716005],
          [-121.786978121402569, 41.20012340271586],
          [-121.787145188068962, 41.200167402715806],
          [-121.787399721401925, 41.200227869382388],
          [-121.787559521401647, 41.200321202715543],
          [-121.787915521401089, 41.200557402715219],
          [-121.788075388067512, 41.200639802715045],
          [-121.788220921400637, 41.200656402715026],
          [-121.788366188067073, 41.200689269381655],
          [-121.788482521400226, 41.200793669381483],
          [-121.788671388066575, 41.200925469381275],
          [-121.788911321399553, 41.201002469381194],
          [-121.789092988065931, 41.201073802714404],
          [-121.789223788065726, 41.201150802714267],
          [-121.789492788065331, 41.20123320271415],
          [-121.790292521397419, 41.201963269379689],
          [-121.790588588063599, 41.202195869379295],
          [-121.790884388063148, 41.202428069378982],
          [-121.791789388061773, 41.203138869377881],
          [-121.79189112139494, 41.203248669377672],
          [-121.792050988061362, 41.203413469377438],
          [-121.792109121394617, 41.203600202710447],
          [-121.792210788061084, 41.203737469376904],
          [-121.792356121394221, 41.203852669376772],
          [-121.792472388060673, 41.204023002709789],
          [-121.792515988060643, 41.204187669376211],
          [-121.792581321393868, 41.204363402709305],
          [-121.792632121393808, 41.204775269375318],
          [-121.792690121393719, 41.205022402708266],
          [-121.792973588059908, 41.205324402707788],
          [-121.793140788059645, 41.205428802707615],
          [-121.793431521392563, 41.205544069374128],
          [-121.793736788058709, 41.205654002707263],
          [-121.79415852139141, 41.205709002707181],
          [-121.794529321390826, 41.205725469373817],
          [-121.794769188057103, 41.205736602707134],
          [-121.795088988056648, 41.205764069373799],
          [-121.795452588056094, 41.205775069373772],
          [-121.795997788055217, 41.205874002706935],
          [-121.796281321388108, 41.205983869373426],
          [-121.796593921387625, 41.206198002706458],
          [-121.796731921387391, 41.206379269372803],
          [-121.796884521387199, 41.206571469372534],
          [-121.796695521387448, 41.20671406937231],
          [-121.796608188054279, 41.206878869372076],
          [-121.796593721387637, 41.206977669371895],
          [-121.796644521387577, 41.207115002704995],
          [-121.796775388054016, 41.207263269371481],
          [-121.796913521387125, 41.207367602704608],
          [-121.797153188053414, 41.207686069370823],
          [-121.797233188053326, 41.20786180270386],
          [-121.797247721386611, 41.208076002703535],
          [-121.797229121386636, 41.208234402703283],
          [-121.797225788053311, 41.208262669369901],
          [-121.797247588053267, 41.208432869369631],
          [-121.797327588053179, 41.208509802702849],
          [-121.797421988053031, 41.208636002702633],
          [-121.79741472138636, 41.208734869369152],
          [-121.797312788053205, 41.208982002702101],
          [-121.797123788053455, 41.209261869368333],
          [-121.797072788053526, 41.209448669368044],
          [-121.797203721386666, 41.209547469367919],
          [-121.797407188053057, 41.209695669367704],
          [-121.797414388053028, 41.209811002700803],
          [-121.797567121386123, 41.209920869367352],
          [-121.797756121385817, 41.210008802700543],
          [-121.797828788052357, 41.210135002700326],
          [-121.797872321385626, 41.210332669366665],
          [-121.797944988052222, 41.210574269366305],
          [-121.798061321385376, 41.210612802699586],
          [-121.79829412138497, 41.210596269366306],
          [-121.798468521384734, 41.210508469366403],
          [-121.798650321384457, 41.210343802699981],
          [-121.798810321384167, 41.210217602700197],
          [-121.799079321383772, 41.210157202700316],
          [-121.799181188050284, 41.210184602700224],
          [-121.799261121383495, 41.210250602700171],
          [-121.799326521383364, 41.21034940269999],
          [-121.79939192138329, 41.210547002699684],
          [-121.799471788049857, 41.210860069365879],
          [-121.799391788049945, 41.211107069365482],
          [-121.799391721383302, 41.21123340269861],
          [-121.799500788049784, 41.211343202698458],
          [-121.799667921382877, 41.211425469364997],
          [-121.799740721382761, 41.211562869364798],
          [-121.799726121382776, 41.211683802697905],
          [-121.799609788049622, 41.211821002697718],
          [-121.799544321383053, 41.211958202697474],
          [-121.799548454716387, 41.212031002697358],
          [-121.799551521383023, 41.212084469363958],
          [-121.79963138804959, 41.212276669363689],
          [-121.799791388049357, 41.212392002696845],
          [-121.800096721382204, 41.212556802696554],
          [-121.8001911880487, 41.212677602696374],
          [-121.800220321382028, 41.212825869362803],
          [-121.800285588048553, 41.212957602695951],
          [-121.800452921381634, 41.213072869362406],
          [-121.800612788048056, 41.213095002695752],
          [-121.80080178804775, 41.213149869362326],
          [-121.800983721380817, 41.213298202695398],
          [-121.80121632138048, 41.213473802695148],
          [-121.8014343213801, 41.213770269361362],
          [-121.801616121379823, 41.214110669360821],
          [-121.801804988046229, 41.21449520269357],
          [-121.801957721379324, 41.214852002693021],
          [-121.802146588045673, 41.215285802692335],
          [-121.80231378804541, 41.215544002691956],
          [-121.802509988045131, 41.215868002691423],
          [-121.80257805471166, 41.215942602691314],
          [-121.802880788044547, 41.216274269357484],
          [-121.803091588044197, 41.21651040269046],
          [-121.803702321376591, 41.216938802689754],
          [-121.803782321376445, 41.217037602689629],
          [-121.803796788043144, 41.217158402689449],
          [-121.803702188043246, 41.21726820268924],
          [-121.803542188043536, 41.217394402689081],
          [-121.803360521377101, 41.217504202688872],
          [-121.803244121377304, 41.217657869355321],
          [-121.803207788044006, 41.217844669355031],
          [-121.803251321377275, 41.218009269354752],
          [-121.8033385880438, 41.218146602687909],
          [-121.803498521376923, 41.218229002687792],
          [-121.803745721376515, 41.2182344693544],
          [-121.803862121376369, 41.2182564026877],
          [-121.80403658804272, 41.218371802687557],
          [-121.804109321375961, 41.218525469353949],
          [-121.804196521375843, 41.218712202687016],
          [-121.804305588042325, 41.218794602686899],
          [-121.804443721375435, 41.218849469353472],
          [-121.804596388041887, 41.218882402686745],
          [-121.804676388041742, 41.218898869353382],
          [-121.804756388041653, 41.218899002686726],
          [-121.804945388041347, 41.21890440268669],
          [-121.805170921374327, 41.218932002686699],
          [-121.80535992137402, 41.218975869353244],
          [-121.805556321373729, 41.219052802686463],
          [-121.805854321373261, 41.219135202686346],
          [-121.806050721372969, 41.219184602686255],
          [-121.806421588039029, 41.219272469352802],
          [-121.806676121371993, 41.21938226935265],
          [-121.806821521371774, 41.219481202685813],
          [-121.807017788038138, 41.219591069352305],
          [-121.807286788037686, 41.21968986935218],
          [-121.807461321370738, 41.219799669351971],
          [-121.80768672137043, 41.220063202684912],
          [-121.80784672137014, 41.220315802684524],
          [-121.807839388036825, 41.220431202684324],
          [-121.807737588037014, 41.220590269350794],
          [-121.807737521370314, 41.220705602683893],
          [-121.807766721370285, 41.220782469350468],
          [-121.807868521370153, 41.220864869350351],
          [-121.807984788036606, 41.220969202683534],
          [-121.808028388036576, 41.221117402683262],
          [-121.80815918803637, 41.221496269349359],
          [-121.808268321369496, 41.221666469349088],
          [-121.808384588036006, 41.221776269348936],
          [-121.808588321369029, 41.221875202682099],
          [-121.808820988035336, 41.221990469348611],
          [-121.809126388034827, 41.222199202681622],
          [-121.809228188034695, 41.222265202681513],
          [-121.809300921367935, 41.222353002681359],
          [-121.809351788034519, 41.222435269347898],
          [-121.809286321367949, 41.222473669347835],
          [-121.809191721368052, 41.222523202681089],
          [-121.809133588034854, 41.222578069347662],
          [-121.809140788034824, 41.222660402680901],
          [-121.809235321368021, 41.222737269347419],
          [-121.809249921368007, 41.222814202680638],
          [-121.809199121368067, 41.222869069347212],
          [-121.809097188034912, 41.222918469347178],
          [-121.808908121368518, 41.223061269346942],
          [-121.808900788035203, 41.223127069346845],
          [-121.808929921368474, 41.223204002680063],
          [-121.808980788035058, 41.223291869346554],
          [-121.809031721368342, 41.223385202679765],
          [-121.808958988035101, 41.223566402679467],
          [-121.808929921368474, 41.223665202679342],
          [-121.808820721368647, 41.223890269345645],
          [-121.808609921368998, 41.224126402678621],
          [-121.808566188035741, 41.224203202678495],
          [-121.80858078803567, 41.224291069345043],
          [-121.808507988035785, 41.224642469344474],
          [-121.808478921369158, 41.224752269344322],
          [-121.808398788035959, 41.224955402677324],
          [-121.808420721369259, 41.225092802677125],
          [-121.808478921369158, 41.225180602676971],
          [-121.80863878803558, 41.22526286934351],
          [-121.808835121368645, 41.225455069343241],
          [-121.808886121368573, 41.225586869343033],
          [-121.808820588035303, 41.225680202676187],
          [-121.808740721368792, 41.225757069342762],
          [-121.808726121368807, 41.225888869342555],
          [-121.808805988035317, 41.226042602675648],
          [-121.808885988035229, 41.226168869342132],
          [-121.808856921368601, 41.226267669341951],
          [-121.808805988035317, 41.226300602675224],
          [-121.808667921368908, 41.226355602675142],
          [-121.808609588035665, 41.226405002675051],
          [-121.808594988035679, 41.226476269341617],
          [-121.808645921368907, 41.226630202674698],
          [-121.808798721368703, 41.226893669340996],
          [-121.808842321368616, 41.227091402674034],
          [-121.808856921368601, 41.227190202673853],
          [-121.808936788035112, 41.227316469340337],
          [-121.809009521368353, 41.227365869340247],
          [-121.809111321368221, 41.227387869340191],
          [-121.809387721367784, 41.227431869340137],
          [-121.809562188034192, 41.227486669340067],
          [-121.809620388034091, 41.227563602673285],
          [-121.809678588033989, 41.227739269339679],
          [-121.809700388033946, 41.227915002672717],
          [-121.809780388033857, 41.228074202672474],
          [-121.809882188033669, 41.228107202672447],
          [-121.810042188033435, 41.228178602672301],
          [-121.810129388033261, 41.228277402672177],
          [-121.810202121366501, 41.228431069338569],
          [-121.810231188033129, 41.228590402671671],
          [-121.810267521366427, 41.228831869337967],
          [-121.810252988033085, 41.229166869337462],
          [-121.810216588033143, 41.229490802670284],
          [-121.810158521366589, 41.229853202669744],
          [-121.810042121366735, 41.230232069335784],
          [-121.809998321366834, 41.23045166933548],
          [-121.809990988033519, 41.230605469335217],
          [-121.810092921366675, 41.230720802668372],
          [-121.810281988033069, 41.230819602668248],
          [-121.810398321366222, 41.230956869334648],
          [-121.810463788032791, 41.231083069334488],
          [-121.81045652136612, 41.231280869334171],
          [-121.810332921366296, 41.231440002667284],
          [-121.810325588032981, 41.231604802666993],
          [-121.81038378803288, 41.231720069333505],
          [-121.810507388032704, 41.231829869333296],
          [-121.810769188032282, 41.231967202666453],
          [-121.811030988031916, 41.232164869332792],
          [-121.811089188031815, 41.232263669332667],
          [-121.811060121365188, 41.232400869332423],
          [-121.810812788032251, 41.232527202665551],
          [-121.810754588032296, 41.232604002665425],
          [-121.810754521365652, 41.232691869331973],
          [-121.810827321365537, 41.23282920266513],
          [-121.811074521365128, 41.233048802664769],
          [-121.811249121364881, 41.233224469331162],
          [-121.811292788031494, 41.23335080266429],
          [-121.811278321364853, 41.233455202664118],
          [-121.811161921364999, 41.23350446933074],
          [-121.810943588032046, 41.233603402663903],
          [-121.810914588032063, 41.233663669330497],
          [-121.810899988032077, 41.233740602663715],
          [-121.810936388032019, 41.233817469330234],
          [-121.811059988031843, 41.233954669330046],
          [-121.811169121365026, 41.234053602663209],
          [-121.811292788031494, 41.234163402663057],
          [-121.811365521364678, 41.234377469329388],
          [-121.811467321364546, 41.234613669329008],
          [-121.81165638803094, 41.234965069328439],
          [-121.811859988030619, 41.235289069327962],
          [-121.812034521363671, 41.235525202660938],
          [-121.812216388030038, 41.235788669327178],
          [-121.812441788029673, 41.236096202660008],
          [-121.812638188029382, 41.236354202659641],
          [-121.812841921362406, 41.236540869326006],
          [-121.813081921362027, 41.236667202659135],
          [-121.81333638802829, 41.236755069325682],
          [-121.813612921361198, 41.236815469325563],
          [-121.813624588027835, 41.236820202658919],
          [-121.813801988027592, 41.236892402658782],
          [-121.813925721360704, 41.236980202658685],
          [-121.81412932136044, 41.237216269324961],
          [-121.814369321360061, 41.237430402657935],
          [-121.814558521359743, 41.237567669324392],
          [-121.814660321359611, 41.237705002657549],
          [-121.814776721359408, 41.238007002657071],
          [-121.81493658802583, 41.238127802656891],
          [-121.815147521358824, 41.238237602656682],
          [-121.815431321358403, 41.238358402656502],
          [-121.815823988024476, 41.238512069322951],
          [-121.816122188023996, 41.238671402656053],
          [-121.81639858802356, 41.238907402655684],
          [-121.81669678802308, 41.239264269321779],
          [-121.816791321356277, 41.239753002654368],
          [-121.816885921356118, 41.239835402654251],
          [-121.817024121355928, 41.239928669320761],
          [-121.817074988022512, 41.240055002653889],
          [-121.817169588022352, 41.240208669320339],
          [-121.817285988022206, 41.240302002653493],
          [-121.817627788021639, 41.240521669319833],
          [-121.818049921354316, 41.240790669319438],
          [-121.818391588020461, 41.241015802652385],
          [-121.818529921353559, 41.241158602652149],
          [-121.818646321353413, 41.241279402651969],
          [-121.81876272135321, 41.241449602651699],
          [-121.818820988019809, 41.241641802651429],
          [-121.818842721353121, 41.241817469317823],
          [-121.818864521353078, 41.241960202650944],
          [-121.819017388019518, 41.242207269317191],
          [-121.819388388018922, 41.242531269316714],
          [-121.81958472135193, 41.242630002649889],
          [-121.819839388018238, 41.24269600264978],
          [-121.820108521351131, 41.242756402649718],
          [-121.820370388017409, 41.242904469316159],
          [-121.820675921350244, 41.243096669315833],
          [-121.820821521350013, 41.243277869315534],
          [-121.820937788016522, 41.243524869315195],
          [-121.821054188016319, 41.243700669314876],
          [-121.821163388016146, 41.243793869314743],
          [-121.82137432134914, 41.243920202647871],
          [-121.821556188015563, 41.244063002647692],
          [-121.821745388015245, 41.244282602647331],
          [-121.82218918801459, 41.244623069313491],
          [-121.822269188014445, 41.244667002646736],
          [-121.822509321347411, 41.244776802646584],
          [-121.822676521347148, 41.244831669313157],
          [-121.822872988013501, 41.24498540264625],
          [-121.823098521346481, 41.24510620264607],
          [-121.82330218801286, 41.245172069312616],
          [-121.823542188012482, 41.245238002645863],
          [-121.823673188012265, 41.245402602645584],
          [-121.823716921345522, 41.245534402645376],
          [-121.823796921345433, 41.245732069311714],
          [-121.823942588011846, 41.246121869311139],
          [-121.824044388011714, 41.246341469310778],
          [-121.824175388011497, 41.246555669310453],
          [-121.824219121344754, 41.246808202643422],
          [-121.824197188011453, 41.246994802643087],
          [-121.824124521344913, 41.247236469309428],
          [-121.82401538801173, 41.247511002642341],
          [-121.823898988011933, 41.247824002641835],
          [-121.823877321345265, 41.248049069308138],
          [-121.823957321345176, 41.248098602641392],
          [-121.824044721345047, 41.248148002641301],
          [-121.824131988011573, 41.248318202641087],
          [-121.824219188011398, 41.248510269307417],
          [-121.824357521344552, 41.248658602640546],
          [-121.82456852134419, 41.248795802640302],
          [-121.82499052134358, 41.248976869306716],
          [-121.825281521343129, 41.249097669306536],
          [-121.82544878800951, 41.249174602639755],
          [-121.825477921342781, 41.249240469306301],
          [-121.82544878800951, 41.249300869306182],
          [-121.825397921342926, 41.249372269306093],
          [-121.825412521342912, 41.249438069305995],
          [-121.825448921342854, 41.249487602639249],
          [-121.825572588009322, 41.249547869305843],
          [-121.825572588009322, 41.249624869305705],
          [-121.825509988009401, 41.249883402638659],
          [-121.825546388009343, 41.250037069305051],
          [-121.825560921342685, 41.250185402638181],
          [-121.825560988009329, 41.250394002637847],
          [-121.825611921342613, 41.250564202637577],
          [-121.825728388009054, 41.250723402637334],
          [-121.825895721342135, 41.250899002637027],
          [-121.826019388008604, 41.251036269303484],
          [-121.8261941213417, 41.251212002636578],
          [-121.826339588008125, 41.25146460263619],
          [-121.826456121341266, 41.251695202635801],
          [-121.826652521340975, 41.251892802635496],
          [-121.826827188007371, 41.251964069302062],
          [-121.827103588006935, 41.252008002635307],
          [-121.827394721339829, 41.252123269301819],
          [-121.827641988006121, 41.252249469301603],
          [-121.828005921338899, 41.252414202634725],
          [-121.828311521338378, 41.252512869301199],
          [-121.828667988004497, 41.252474469301262],
          [-121.828864388004206, 41.252447069301297],
          [-121.829140921337114, 41.252562269301166],
          [-121.829351921336809, 41.252672069300957],
          [-121.829562921336446, 41.252688469300949],
          [-121.829802988002768, 41.252737869300859],
          [-121.829984988002479, 41.252847669300706],
          [-121.830181321335488, 41.252875069300671],
          [-121.83051598800165, 41.252875002633971],
          [-121.830930788001012, 41.2529078693006],
          [-121.831338188000359, 41.252995669300446],
          [-121.831621987999938, 41.253127469300239],
          [-121.831854721332888, 41.25322080263345],
          [-121.832080321332569, 41.253281202633332],
          [-121.832305921332193, 41.253281202633332],
          [-121.83257518799843, 41.253363402633227],
          [-121.83278612133148, 41.253423869299809],
          [-121.833127987997614, 41.253396269299856],
          [-121.833375387997194, 41.253407202633184],
          [-121.8336881879967, 41.253440069299756],
          [-121.833921121329695, 41.253440002633113],
          [-121.834383919245624, 41.253414622424827],
          [-121.834423187995583, 41.253412469299803],
          [-121.83490332132817, 41.253428869299796],
          [-121.835361721327445, 41.253544202632952],
          [-121.835740121326864, 41.253719802632702],
          [-121.836031187993058, 41.253966669298961],
          [-121.836271387992724, 41.254296069298448],
          [-121.836431587992479, 41.25466946929788],
          [-121.836526321325664, 41.254905469297512],
          [-121.836613721325534, 41.255092202630522],
          [-121.836715587992046, 41.255267802630271],
          [-121.836875587991756, 41.255410602630036],
          [-121.837035721324867, 41.255476469296639],
          [-121.837355921324388, 41.255492802629931],
          [-121.837704987990492, 41.255487269296623],
          [-121.838068787989926, 41.255476269296594],
          [-121.83843978798933, 41.255415802630068],
          [-121.838592721322414, 41.255349869296822],
          [-121.838912721321947, 41.255152069297139],
          [-121.839167321321554, 41.2549324026308],
          [-121.839363587987918, 41.254817069297644],
          [-121.83968378798744, 41.254795002630999],
          [-121.84015672132, 41.254794869297655],
          [-121.840636787985943, 41.254805802630983],
          [-121.841051521318605, 41.254877069297549],
          [-121.841531787984536, 41.255014202630662],
          [-121.841997587983826, 41.255173269297075],
          [-121.842419587983159, 41.255294002630251],
          [-121.842768921315951, 41.255359802630153],
          [-121.843110921315429, 41.255337669296807],
          [-121.843452721314918, 41.255244269296952],
          [-121.843787387981024, 41.255063002630607],
          [-121.8440855213139, 41.254848802630931],
          [-121.844310987980236, 41.254706002631167],
          [-121.844667521312999, 41.254612469297967],
          [-121.845140387978972, 41.254546602631365],
          [-121.845605987978217, 41.254491469298159],
          [-121.846122521310747, 41.254458469298186],
          [-121.846602787976678, 41.254485802631507],
          [-121.84701752130934, 41.254655869297892],
          [-121.847279521308963, 41.254913869297468],
          [-121.847447121308676, 41.255248802630319],
          [-121.847578321308504, 41.25565500262968],
          [-121.84768032130836, 41.255984402629167],
          [-121.847840521308115, 41.256291802628709],
          [-121.848015321307798, 41.256582802628259],
          [-121.848204721307525, 41.256884669294436],
          [-121.848393921307206, 41.257181069293949],
          [-121.848583321306933, 41.257472069293499],
          [-121.848765387973344, 41.25780700262635],
          [-121.848925721306387, 41.25817466929243],
          [-121.848998587972972, 41.258471202625287],
          [-121.849027921306231, 41.258778669291473],
          [-121.848998921306304, 41.258970802624503],
          [-121.848926187973063, 41.259212469290844],
          [-121.848795321306625, 41.259371669290545],
          [-121.848526380682017, 41.259728963040004],
          [-121.848162787974275, 41.260212002622609],
          [-121.848024587974464, 41.260420669288919],
          [-121.847922921307941, 41.26061286928865],
          [-121.847908321307955, 41.26073366928847],
          [-121.848024787974452, 41.260843402621617],
          [-121.84829412130739, 41.260887269288219],
          [-121.848694321306766, 41.260876069288258],
          [-121.849174587972698, 41.260865069288229],
          [-121.849538321305431, 41.260864869288241],
          [-121.850004121304721, 41.260820869288295],
          [-121.850294987970926, 41.260743869288433],
          [-121.850615187970448, 41.260595602622004],
          [-121.850818721303483, 41.260436269288903],
          [-121.850985987969864, 41.260271469289194],
          [-121.851146121302975, 41.260156202622682],
          [-121.851305987969397, 41.260101202622764],
          [-121.851560787968992, 41.260139469289356],
          [-121.851880987968457, 41.260221802622596],
          [-121.852121121301423, 41.260293069289162],
          [-121.852288587967848, 41.260512602622157],
          [-121.852463387967589, 41.260798069288342],
          [-121.852652721300615, 41.261012069288029],
          [-121.852892921300224, 41.261193202621087],
          [-121.853234987966403, 41.26131940262087],
          [-121.853759121298879, 41.26151686928722],
          [-121.854283121298067, 41.261824202620119],
          [-121.854545187964334, 41.262071202619722],
          [-121.854792921297303, 41.262356602619263],
          [-121.854872987963859, 41.262587069285587],
          [-121.854807787963921, 41.262883669285145],
          [-121.854662321297496, 41.263130802618093],
          [-121.854575187964315, 41.263350469284376],
          [-121.854553387964359, 41.26354806928407],
          [-121.85461192129759, 41.263756669283737],
          [-121.854742921297373, 41.263850002616948],
          [-121.855048387963564, 41.263784002617058],
          [-121.8552957879632, 41.263646669283958],
          [-121.855630387962663, 41.263509269284157],
          [-121.855950387962139, 41.263388402617693],
          [-121.856212387961762, 41.263349802617711],
          [-121.85648892129467, 41.263410069284305],
          [-121.856831121294135, 41.263574669284026],
          [-121.857224121293541, 41.263750202617132],
          [-121.857609921292919, 41.263931269283489],
          [-121.858010321292284, 41.264041002616636],
          [-121.858446787958314, 41.26406280261665],
          [-121.858854321291005, 41.264013069283351],
          [-121.859232587957081, 41.263925202616861],
          [-121.859618187956471, 41.263804202616996],
          [-121.859938187955947, 41.263677802617224],
          [-121.860367521288651, 41.263512869284114],
          [-121.860847521287894, 41.26320526928464],
          [-121.861109321287472, 41.263023869284893],
          [-121.861312543162171, 41.262915843243377],
          [-121.86150212128689, 41.262815069285239],
          [-121.861923987952878, 41.262601002618908],
          [-121.862265787952367, 41.262414069285853],
          [-121.8626659212851, 41.262232802619451],
          [-121.862927787951321, 41.262106402619679],
          [-121.863167787950943, 41.261886602619995],
          [-121.863363987950663, 41.261546069287192],
          [-121.863450921283857, 41.261205602621033],
          [-121.863436187950526, 41.260914602621483],
          [-121.863435921283894, 41.260629202621942],
          [-121.863479321283819, 41.260299669289111],
          [-121.863537321283729, 41.259970202622981],
          [-121.863638787950208, 41.259690202623403],
          [-121.863813387949961, 41.259530802623658],
          [-121.864177121282751, 41.259415402623858],
          [-121.864773587948491, 41.259272402624049],
          [-121.865195521281123, 41.259173269290898],
          [-121.865522987947315, 41.259156802624261],
          [-121.865944987946648, 41.259068669291025],
          [-121.866199521279611, 41.258953269291226],
          [-121.866424921279247, 41.25879386929148],
          [-121.866686787945525, 41.258629069291715],
          [-121.867043187944944, 41.258513602625214],
          [-121.867472387944304, 41.258420069292072],
          [-121.867748787943867, 41.258304669292215],
          [-121.868061521276672, 41.258139669292461],
          [-121.868425121276118, 41.257925469292843],
          [-121.868817787942191, 41.257705602626515],
          [-121.869166921274996, 41.257474869293503],
          [-121.869544987941083, 41.257255069293876],
          [-121.869908721273816, 41.257123069294039],
          [-121.870287121273236, 41.25702960262754],
          [-121.870905321272289, 41.256914002627695],
          [-121.871341921271608, 41.256864269294454],
          [-121.871851121270822, 41.256776269294619],
          [-121.872367587936708, 41.256682602628075],
          [-121.872804121269326, 41.256605469294868],
          [-121.873255187935285, 41.256544869294942],
          [-121.873749921267859, 41.256528069294973],
          [-121.874106521267322, 41.256533402628293],
          [-121.874477521266726, 41.256538802628313],
          [-121.874863121266117, 41.256560469294925],
          [-121.875241587932237, 41.256626269294827],
          [-121.875503587931803, 41.256730469294666],
          [-121.87570738793147, 41.256851202627843],
          [-121.875903921264523, 41.256960802627646],
          [-121.875976721264408, 41.257010202627555],
          [-121.876049521264292, 41.257032202627556],
          [-121.876107787930891, 41.25703760262752],
          [-121.876182921264103, 41.25704166929421],
          [-121.876262921263958, 41.257036069294202],
          [-121.876430321263683, 41.256992402627588],
          [-121.876568721263482, 41.256904469294398],
          [-121.876648787930037, 41.256827802627868],
          [-121.876714387929951, 41.256690469294711],
          [-121.876743587929866, 41.256547669294946],
          [-121.876794721263138, 41.256322669295287],
          [-121.87684578792971, 41.256152469295557],
          [-121.876904121262953, 41.256059202629046],
          [-121.876969787929511, 41.255949402629199],
          [-121.877064387929408, 41.255839602629408],
          [-121.877129921262622, 41.255784802629478],
          [-121.877246387929119, 41.255713469296268],
          [-121.877377387928902, 41.255675069296331],
          [-121.877424854595517, 41.255670269296331],
          [-121.877486587928729, 41.255664069296301],
          [-121.877617587928512, 41.25564780262971],
          [-121.877857587928133, 41.255697269296263],
          [-121.878061187927869, 41.255768802629518],
          [-121.878221321260924, 41.255796269296127],
          [-121.878352321260707, 41.255801869296135],
          [-121.878519587927144, 41.255796402629471],
          [-121.878803387926666, 41.25574720262955],
          [-121.879138187926173, 41.2556870026296],
          [-121.879421987925753, 41.25561566929639],
          [-121.879545721258864, 41.255582869296461],
          [-121.879727587925231, 41.255484069296585],
          [-121.879916787924969, 41.255511669296538],
          [-121.880105921258007, 41.255572202629821],
          [-121.8803531879243, 41.255671202629628],
          [-121.880498721257368, 41.255720602629594],
          [-121.880607787923907, 41.255742602629539],
          [-121.880927787923383, 41.255786669296128],
          [-121.881131587923051, 41.255770269296136],
          [-121.881386187922658, 41.255743002629515],
          [-121.881604387922323, 41.255759602629496],
          [-121.88171358792215, 41.255820002629434],
          [-121.881888121255258, 41.255946402629206],
          [-121.882077121254952, 41.256105669295664],
          [-121.882295321254617, 41.256232069295436],
          [-121.882440721254397, 41.256303602628691],
          [-121.882600721254107, 41.256342069295272],
          [-121.882877187920371, 41.256369602628581],
          [-121.883240921253162, 41.256430269295151],
          [-121.8834519879195, 41.25647426929504],
          [-121.88361198791921, 41.256468802628433],
          [-121.883866587918817, 41.256452469295084],
          [-121.884099521251812, 41.256353669295265],
          [-121.88415052125174, 41.256282402628699],
          [-121.88416518791837, 41.256183602628823],
          [-121.884165321251714, 41.256057269295695],
          [-121.884209187918316, 41.255837669296056],
          [-121.884252921251573, 41.255601602629781],
          [-121.884289387918159, 41.255519269296542],
          [-121.884325787918101, 41.255469869296633],
          [-121.884442321251299, 41.255453402629996],
          [-121.884558721251096, 41.255491869296577],
          [-121.884733187917504, 41.255557869296467],
          [-121.884900521250586, 41.255629402629722],
          [-121.885096921250238, 41.255717269296269],
          [-121.885213187916747, 41.25578326929616],
          [-121.8853877879165, 41.25579980262944],
          [-121.885693387915978, 41.25584926929605],
          [-121.886093521248711, 41.255904469295956],
          [-121.886500921248057, 41.255976002629154],
          [-121.886988387913959, 41.256036602629081],
          [-121.887315721246807, 41.256086202628978],
          [-121.887548521246458, 41.256163069295553],
          [-121.887730321246181, 41.256201602628835],
          [-121.888144987912199, 41.256262269295405],
          [-121.8887125879113, 41.256284402628694],
          [-121.88909818791069, 41.256317469295311],
          [-121.889338321243656, 41.256301202628663],
          [-121.889585587909949, 41.25631240262868],
          [-121.889840187909556, 41.256361869295233],
          [-121.890131187909105, 41.256471802628425],
          [-121.890291187908872, 41.25661460262819],
          [-121.890458321241908, 41.256812269294528],
          [-121.890632787908316, 41.257087002627429],
          [-121.890887121241292, 41.257564669293401],
          [-121.891112387907583, 41.257987602626031],
          [-121.891323187907233, 41.258256802625624],
          [-121.891483187906999, 41.258372069292136],
          [-121.891614121240139, 41.258432469292018],
          [-121.891737787906607, 41.258460069291971],
          [-121.891875987906417, 41.258471069291943],
          [-121.892057987906128, 41.258454669292007],
          [-121.892254387905837, 41.258460269291959],
          [-121.892436321238847, 41.258504269291905],
          [-121.892639921238526, 41.258581202625123],
          [-121.892930787904788, 41.258707602624952],
          [-121.893163721237727, 41.258795602624787],
          [-121.893287321237551, 41.258845002624696],
          [-121.893418321237334, 41.258845002624696],
          [-121.893527521237161, 41.258834069291424],
          [-121.893833121236696, 41.258724402624921],
          [-121.894247987902702, 41.258548869291872],
          [-121.894582721235508, 41.258450069291996],
          [-121.895055721234826, 41.258373402625466],
          [-121.895470521234131, 41.258324202625545],
          [-121.895812387900264, 41.258329802625497],
          [-121.896023387899959, 41.258368269292134],
          [-121.896321787899524, 41.25842880262536],
          [-121.896700121232243, 41.258527802625224],
          [-121.896838321232053, 41.25854426929186],
          [-121.897005721231778, 41.258555402625177],
          [-121.897253121231415, 41.258566469291793],
          [-121.897602321230863, 41.258605002625075],
          [-121.897936921230325, 41.258665469291657],
          [-121.898111521230078, 41.258753402624848],
          [-121.898351521229699, 41.258912669291306],
          [-121.898511521229409, 41.259000602624496],
          [-121.898649721229219, 41.259061069291079],
          [-121.898867987895528, 41.259127069290969],
          [-121.899304387894858, 41.259253469290741],
          [-121.899879187893987, 41.259445802623816],
          [-121.899966521227157, 41.25946780262376],
          [-121.900199321226808, 41.259489802623705],
          [-121.900417587893116, 41.259500869290378],
          [-121.90062132122614, 41.259533869290294],
          [-121.900861387892462, 41.259616269290177],
          [-121.901181521225283, 41.259726269290013],
          [-121.901545187891372, 41.259863602623113],
          [-121.90186532122425, 41.260022869289571],
          [-121.902112587890485, 41.260176802622652],
          [-121.902396321223421, 41.260325069289081],
          [-121.902621921223044, 41.260451402622209],
          [-121.902898187889321, 41.260715069288494],
          [-121.90333452122195, 41.261170869287753],
          [-121.903552587888271, 41.261434602620682],
          [-121.903683587888054, 41.261648802620357],
          [-121.903777921221263, 41.261945269286571],
          [-121.903828721221203, 41.262263669286085],
          [-121.903872321221115, 41.262450402619152],
          [-121.903923187887699, 41.262587669285551],
          [-121.904054121220838, 41.262692002618735],
          [-121.904214121220605, 41.262818402618564],
          [-121.904417721220284, 41.262999669284966],
          [-121.904548721220067, 41.26321380261794],
          [-121.904650387886591, 41.263460869284245],
          [-121.904744921219788, 41.263686069283892],
          [-121.904795721219671, 41.263795869283683],
          [-121.904984921219409, 41.264065002616633],
          [-121.905246721218987, 41.264378002616127],
          [-121.905624787885074, 41.264718602615631],
          [-121.905784787884784, 41.264850269282078],
          [-121.905857587884725, 41.264954669281906],
          [-121.905959521217881, 41.265103002615035],
          [-121.906061321217692, 41.265196269281546],
          [-121.906141321217603, 41.265218402614835],
          [-121.906228587884129, 41.265190869281525],
          [-121.906381387883869, 41.265136069281596],
          [-121.906643521216836, 41.265053802615057],
          [-121.906847187883159, 41.265031802615113],
          [-121.907043721216212, 41.265031869281756],
          [-121.907436587882273, 41.265043069281774],
          [-121.90788058788155, 41.265065202615062],
          [-121.908105987881186, 41.265147602614945],
          [-121.908338921214181, 41.265284869281402],
          [-121.908411521214077, 41.265389202614585],
          [-121.908367921214108, 41.265499069281077],
          [-121.908331521214166, 41.265564869280979],
          [-121.908309721214209, 41.265614402614233],
          [-121.908338721214193, 41.26567466928077],
          [-121.908440521214004, 41.265735069280709],
          [-121.908556921213858, 41.265762602613961],
          [-121.908760721213525, 41.265806602613907],
          [-121.908942587879892, 41.265867069280489],
          [-121.909182721212858, 41.265927602613715],
          [-121.909328187879339, 41.265966002613652],
          [-121.90942278787918, 41.265955069280324],
          [-121.909655787878819, 41.265889202613778],
          [-121.91006332121151, 41.265763002613994],
          [-121.910376121211016, 41.265653269280847],
          [-121.910587187877354, 41.265625869280882],
          [-121.91098738787673, 41.265636869280854],
          [-121.911351321209509, 41.265664469280807],
          [-121.91145312120932, 41.265664469280807],
          [-121.911540387875903, 41.265609669280877],
          [-121.911649587875729, 41.265587669280933],
          [-121.911766121208871, 41.265609669280877],
          [-121.911962521208579, 41.265659069280787],
          [-121.912115321208319, 41.265681069280788],
          [-121.912238987874787, 41.265670202614103],
          [-121.912377321207885, 41.26563726928083],
          [-121.912530121207681, 41.265615269280886],
          [-121.912777587873961, 41.265626402614203],
          [-121.912959521207029, 41.265670402614148],
          [-121.913090387873467, 41.265686802614084],
          [-121.913243321206551, 41.265670402614148],
          [-121.913461521206216, 41.265654002614156],
          [-121.913774387872422, 41.2656760026141],
          [-121.913868987872263, 41.265670602614136],
          [-121.913934587872177, 41.26560466928089],
          [-121.913934587872177, 41.265527802614372],
          [-121.91392738787215, 41.265472869281098],
          [-121.913854587872265, 41.26541786928118],
          [-121.913672721205899, 41.265330069281333],
          [-121.913570921206087, 41.265214802614821],
          [-121.913498187872847, 41.265061002615084],
          [-121.913469121206219, 41.26488526928199],
          [-121.913476521206178, 41.264594269282441],
          [-121.913542121206092, 41.264242869283009],
          [-121.913636787872633, 41.264083669283252],
          [-121.913804121205715, 41.263990402616741],
          [-121.91405892120531, 41.263902602616895],
          [-121.914349987871503, 41.263820269283656],
          [-121.914531921204571, 41.263864269283602],
          [-121.914786521204178, 41.263924669283483],
          [-121.915019387870473, 41.263974202616737],
          [-121.91520852120351, 41.263996202616738],
          [-121.915470521203133, 41.26400720261671],
          [-121.915703387869428, 41.264067669283293],
          [-121.915899787869137, 41.264144469283167],
          [-121.915994321202277, 41.264259869282967],
          [-121.916074387868832, 41.264336802616185],
          [-121.916139787868758, 41.264391669282759],
          [-121.916205321201971, 41.264408202616096],
          [-121.916314521201798, 41.264419069282724],
          [-121.916627387868004, 41.264452202616042],
          [-121.916816587867686, 41.264463202616014],
          [-121.916940321200855, 41.264446669282677],
          [-121.917042187867366, 41.26440826928274],
          [-121.917187721200435, 41.264320469282893],
          [-121.917318787866918, 41.264232669283047],
          [-121.91758072119984, 41.264117402616534],
          [-121.917697187866338, 41.26409540261659],
          [-121.917784587866208, 41.264106402616562],
          [-121.918002787865873, 41.264265669282963],
          [-121.918264721198796, 41.2643976026161],
          [-121.918490321198419, 41.264490869282611],
          [-121.918846787864538, 41.264556869282501],
          [-121.919065121197548, 41.264584269282466],
          [-121.919225121197258, 41.264589869282474],
          [-121.919334321197141, 41.26458440261581],
          [-121.919450787863582, 41.264568002615817],
          [-121.919567187863436, 41.264529469282536],
          [-121.919654587863306, 41.264529469282536],
          [-121.919850987862958, 41.264617469282427],
          [-121.920061987862653, 41.264732802615583],
          [-121.920302121195618, 41.264886469282033],
          [-121.920469521195344, 41.264985402615196],
          [-121.920585921195197, 41.265034802615105],
          [-121.920687721195009, 41.265056802615106],
          [-121.92078958786152, 41.265056802615106],
          [-121.92094238786126, 41.265034802615105],
          [-121.921109787861042, 41.26500740261514],
          [-121.921255387860811, 41.264969069281904],
          [-121.92138632119395, 41.264919669281937],
          [-121.92149558786042, 41.264848269282083],
          [-121.921670121193472, 41.264744002615544],
          [-121.92178658785997, 41.264650669282389],
          [-121.92187398785984, 41.264518869282597],
          [-121.921939521193053, 41.264370802616156],
          [-121.92196138785971, 41.264260869282964],
          [-121.921939521193053, 41.26406326928327],
          [-121.921866987859858, 41.263722802617167],
          [-121.921786921193302, 41.263415402617625],
          [-121.921757921193375, 41.263300069284469],
          [-121.921685187860135, 41.263206669284614],
          [-121.921641521193521, 41.263140802618068],
          [-121.921619587860221, 41.26303100261822],
          [-121.921670587860149, 41.262783869285272],
          [-121.921670721193493, 41.262608202618878],
          [-121.921670787860137, 41.262427002619177],
          [-121.921648921193537, 41.262201869286173],
          [-121.921707187860079, 41.261872469286686],
          [-121.921809187859935, 41.261603402620437],
          [-121.921940187859718, 41.261345402620861],
          [-121.922078521192873, 41.261180669287739],
          [-121.922311387859168, 41.260983069288045],
          [-121.92244238785895, 41.260878669288218],
          [-121.922515187858835, 41.260801869288343],
          [-121.922551587858777, 41.260730469288433],
          [-121.922529787858821, 41.260598802621985],
          [-121.922311587859156, 41.260313202622456],
          [-121.922042521192907, 41.26007706928948],
          [-121.921918721193094, 41.259950802622996],
          [-121.921860521193196, 41.259868402623113],
          [-121.921846121193198, 41.259753069289957],
          [-121.921882387859853, 41.259648802623474],
          [-121.921969721193022, 41.2596158026235],
          [-121.922064387859564, 41.259588469290236],
          [-121.922137121192748, 41.259539069290327],
          [-121.922231787859289, 41.259489602623717],
          [-121.92232638785913, 41.259478669290388],
          [-121.922428187858998, 41.259528069290354],
          [-121.922559187858781, 41.259616002623545],
          [-121.922617321192035, 41.259643402623453],
          [-121.92269012119192, 41.259681869290091],
          [-121.92276278785846, 41.259681802623447],
          [-121.922871987858287, 41.259654402623482],
          [-121.9229375211915, 41.25963800262349],
          [-121.922995787858099, 41.259605002623516],
          [-121.922915721191544, 41.259550069290299],
          [-121.922864787858316, 41.259473269290424],
          [-121.92284298785836, 41.259390869290542],
          [-121.922930321191529, 41.259237202624092],
          [-121.92302492119137, 41.259094402624328],
          [-121.923075921191298, 41.258979069291172],
          [-121.923097787857955, 41.258852802624688],
          [-121.923097721191255, 41.258775869291469],
          [-121.923054121191342, 41.258699069291595],
          [-121.923024987858071, 41.258638669291713],
          [-121.923003187858058, 41.25855626929183],
          [-121.923075987857999, 41.258512402625229],
          [-121.92317058785784, 41.258473869291947],
          [-121.923221587857768, 41.25841360262541],
          [-121.923228921191082, 41.258325802625507],
          [-121.923207121191126, 41.258237869292316],
          [-121.923163387857812, 41.258188402625763],
          [-121.923003321191402, 41.258199402625735],
          [-121.92287958785829, 41.258265269292281],
          [-121.922784987858449, 41.25831466929219],
          [-121.922741321191836, 41.25831466929219],
          [-121.92267592119191, 41.258254269292308],
          [-121.922719587858523, 41.258177402625734],
          [-121.922763187858436, 41.25805120262595],
          [-121.922734187858509, 41.25793040262613],
          [-121.922428587858974, 41.257666802626545],
          [-121.922137587859424, 41.25743606929359],
          [-121.921919387859759, 41.257304269293797],
          [-121.921788387859976, 41.257227402627223],
          [-121.921671987860179, 41.257139602627376],
          [-121.92155572119367, 41.257029802627528],
          [-121.921490187860456, 41.256914402627729],
          [-121.921453787860514, 41.256777069294571],
          [-121.921432121193845, 41.256656269294808],
          [-121.92141758786056, 41.256513602628331],
          [-121.921381187860618, 41.256420202628476],
          [-121.921264787860764, 41.256315869295292],
          [-121.921104721194354, 41.256200469295493],
          [-121.920981121194529, 41.25609620262901],
          [-121.920886587861389, 41.256002802629155],
          [-121.920857521194762, 41.255920469295916],
          [-121.920871987861403, 41.255843602629398],
          [-121.921017587861172, 41.255640469296338],
          [-121.921206787860854, 41.25538800263007],
          [-121.921425121193863, 41.255140869297122],
          [-121.921614321193601, 41.254943202630784],
          [-121.921708987860086, 41.254800469297663],
          [-121.92175992119337, 41.25469080263116],
          [-121.921818187859913, 41.254602869297969],
          [-121.921912787859753, 41.25450400263145],
          [-121.922065587859549, 41.254476602631485],
          [-121.922429387858983, 41.254542602631375],
          [-121.922763987858445, 41.254635869297942],
          [-121.922989387858081, 41.254718269297769],
          [-121.923287721191002, 41.254861202630877],
          [-121.923629721190423, 41.255058802630572],
          [-121.923847787856801, 41.255212602630365],
          [-121.924102521189695, 41.255421269296676],
          [-121.924342587856017, 41.255547602629861],
          [-121.924458921189171, 41.255646402629679],
          [-121.924531721189055, 41.255684869296317],
          [-121.92468438785545, 41.255745269296199],
          [-121.924873721188533, 41.255822202629417],
          [-121.925120987854825, 41.255959469295874],
          [-121.925324587854504, 41.256113269295611],
          [-121.925506587854215, 41.256321869295277],
          [-121.92571752118721, 41.256552469294945],
          [-121.925928521186904, 41.256755669294648],
          [-121.926066721186658, 41.256914869294405],
          [-121.926270387853037, 41.257002802627596],
          [-121.926430521186091, 41.257063202627478],
          [-121.926590521185858, 41.257090669294087],
          [-121.92677972118554, 41.257101669294116],
          [-121.926932387851991, 41.257063202627478],
          [-121.927172587851601, 41.25700286929424],
          [-121.927500121184437, 41.256893202627737],
          [-121.927667387850818, 41.256827202627846],
          [-121.927798387850657, 41.256739402628],
          [-121.927965787850383, 41.256662602628126],
          [-121.928249521183261, 41.256602202628187],
          [-121.928576921182753, 41.256552802628278],
          [-121.928853387849017, 41.256486869295031],
          [-121.9289843878488, 41.25642646929515],
          [-121.92915912118184, 41.256327669295274],
          [-121.929377321181505, 41.256075202629006],
          [-121.929683121181029, 41.255641402629692],
          [-121.929879521180737, 41.255366869296779],
          [-121.930039587847148, 41.255207669297022],
          [-121.930105121180418, 41.255092402630567],
          [-121.930141387847016, 41.254960602630774],
          [-121.930279721180113, 41.254839869297598],
          [-121.93046158784648, 41.254790402630988],
          [-121.930658121179533, 41.254801402631017],
          [-121.93097818784571, 41.254878269297535],
          [-121.931472921178283, 41.255026602630664],
          [-121.931851321177703, 41.255152869297092],
          [-121.931953121177514, 41.255224269297003],
          [-121.932018587844084, 41.255328602630186],
          [-121.93210592117731, 41.255487802629943],
          [-121.932214987843793, 41.255636069296372],
          [-121.932324121176975, 41.255729402629584],
          [-121.932455121176758, 41.2557624026295],
          [-121.932687987843053, 41.2557624026295],
          [-121.933066321175772, 41.255724069296207],
          [-121.933204521175583, 41.255735069296236],
          [-121.933364587841993, 41.255801002629426],
          [-121.933466521175205, 41.255899802629301],
          [-121.933509987841774, 41.256026069295785],
          [-121.933531921175074, 41.256339002628636],
          [-121.933510121175118, 41.256663002628102],
          [-121.93352458784176, 41.25691546929437],
          [-121.933568321175017, 41.25698686929428],
          [-121.933670121174885, 41.257096802627416],
          [-121.933801121174668, 41.257299869293774],
          [-121.933808387841339, 41.257448202626904],
          [-121.933771921174696, 41.257508469293441],
          [-121.933713721174797, 41.257596402626632],
          [-121.933691921174841, 41.257612869293325],
          [-121.933582787841658, 41.257651269293262],
          [-121.933437187841889, 41.257700602626471],
          [-121.933298987842079, 41.257788402626375],
          [-121.933226321175539, 41.257870802626258],
          [-121.933189787842252, 41.257947669292776],
          [-121.933204387842238, 41.258085002625876],
          [-121.93329158784212, 41.258238669292325],
          [-121.933568187841672, 41.258447269291992],
          [-121.933750121174739, 41.258513202625238],
          [-121.933880987841178, 41.258524269291911],
          [-121.934040987840945, 41.258502402625254],
          [-121.934172121174072, 41.258474869291945],
          [-121.934324921173868, 41.258409002625399],
          [-121.934564987840133, 41.258321202625552],
          [-121.934834187839726, 41.258260802625614],
          [-121.935161587839218, 41.258205869292397],
          [-121.935445387838797, 41.25818940262576],
          [-121.935743787838305, 41.258123469292514],
          [-121.936202121170936, 41.258024669292638],
          [-121.936602321170312, 41.257925869292819],
          [-121.93690072116982, 41.25787646929291],
          [-121.937133521169471, 41.257871002626246],
          [-121.937359121169152, 41.257925869292819],
          [-121.937490121168935, 41.257936869292791],
          [-121.937620987835373, 41.257936869292791],
          [-121.937766521168498, 41.257904002626162],
          [-121.937897521168281, 41.257827069292944],
          [-121.938137587834603, 41.257700802626516],
          [-121.938348587834241, 41.257612869293325],
          [-121.938486787834051, 41.257591002626668],
          [-121.938668721167119, 41.257596469293333],
          [-121.938872521166786, 41.257645869293242],
          [-121.939112587833108, 41.257821602626336],
          [-121.939454521165885, 41.258074069292604],
          [-121.939709187832136, 41.258194869292424],
          [-121.939832921165305, 41.258216869292369],
          [-121.939905721165189, 41.258194869292424],
          [-121.940014787831672, 41.258151002625823],
          [-121.94016038783144, 41.258057602625968],
          [-121.940225921164711, 41.257980802626037],
          [-121.940327721164522, 41.257799602626335],
          [-121.940356787831149, 41.257558002626695],
          [-121.940356787831149, 41.257321869293776],
          [-121.940356787831149, 41.257206602627264],
          [-121.940313121164536, 41.257074869294115],
          [-121.940283987831265, 41.256926602627686],
          [-121.940320321164563, 41.256767269294585],
          [-121.940327587831177, 41.256619069294857],
          [-121.94029132116458, 41.256525669295002],
          [-121.940182121164753, 41.256383002628525],
          [-121.940065721164956, 41.256273202628734],
          [-121.939956521165129, 41.256168802628849],
          [-121.939861987831932, 41.256081002629003],
          [-121.939832921165305, 41.256026069295785],
          [-121.939840187831976, 41.255960202629183],
          [-121.939876521165218, 41.255833869296055],
          [-121.939949187831758, 41.255740602629544],
          [-121.940065721164956, 41.255625269296388],
          [-121.940225787831366, 41.255477002629959],
          [-121.940327587831177, 41.255350802630119],
          [-121.940407587831089, 41.255257469296964],
          [-121.940349387831134, 41.255092669297198],
          [-121.940342187831163, 41.25484020263093],
          [-121.940407587831089, 41.254571069298038],
          [-121.940487587830944, 41.254351469298342],
          [-121.940618521164083, 41.254164802631976],
          [-121.940793187830479, 41.254000002632267],
          [-121.941047787830087, 41.253747402632655],
          [-121.941287987829696, 41.253511402633023],
          [-121.94156438782926, 41.25323680263341],
          [-121.941753521162298, 41.253000669300434],
          [-121.941848121162195, 41.252874402634006],
          [-121.941935387828721, 41.252687802634284],
          [-121.942044521161847, 41.252473602634609],
          [-121.942073587828475, 41.252297869301572],
          [-121.942080787828445, 41.252166069301779],
          [-121.942073587828475, 41.252083802635241],
          [-121.942073521161831, 41.252050802635267],
          [-121.942080721161801, 41.251952002635392],
          [-121.942095321161787, 41.251737802635773],
          [-121.942189787828283, 41.251562202636023],
          [-121.942313521161452, 41.251375469302957],
          [-121.942458987827877, 41.251199669303276],
          [-121.942677321160886, 41.251057002636799],
          [-121.942968321160436, 41.250936202636979],
          [-121.943186521160101, 41.25086466930378],
          [-121.943310187826569, 41.250815269303871],
          [-121.94341198782638, 41.250760402637297],
          [-121.943441121159708, 41.25071660263734],
          [-121.943491987826292, 41.250573669304231],
          [-121.943499187826262, 41.250398002637837],
          [-121.943528387826234, 41.250227869304751],
          [-121.943557387826161, 41.250068602638351],
          [-121.943579321159461, 41.249964269305167],
          [-121.943598587826102, 41.249884269305312],
          [-121.943649387826042, 41.249609669305698],
          [-121.943663987826028, 41.249505469305859],
          [-121.943693121159299, 41.249379202639432],
          [-121.943685921159329, 41.249280269306212],
          [-121.943685787825984, 41.24921986930633],
          [-121.943576721159502, 41.249071669306545],
          [-121.943394787826435, 41.248808069306961],
          [-121.943220187826682, 41.248604869307258],
          [-121.942929387827178, 41.248138269308015],
          [-121.942696521160826, 41.247462869309061],
          [-121.942652921160914, 41.247232269309393],
          [-121.942623787827642, 41.247106002642965],
          [-121.942601787827641, 41.246963269309845],
          [-121.942652787827569, 41.24676560264345],
          [-121.942892921160535, 41.246589802643769],
          [-121.943009187827045, 41.246529469310531],
          [-121.943125721160186, 41.246480002643921],
          [-121.943278387826638, 41.246436069310676],
          [-121.943416587826391, 41.24640860264401],
          [-121.94354032115956, 41.246403069310702],
          [-121.943605787826129, 41.246414069310674],
          [-121.94370038782597, 41.246441669310627],
          [-121.943780387825825, 41.246491002643893],
          [-121.943896721158978, 41.24664480264363],
          [-121.943976787825534, 41.246809469310051],
          [-121.944027787825462, 41.246957669309836],
          [-121.944100521158646, 41.247089602642973],
          [-121.944180587825201, 41.247221269309421],
          [-121.944246121158471, 41.247320069309296],
          [-121.944362521158268, 41.247457402642397],
          [-121.944493387824707, 41.247627602642126],
          [-121.94458778782456, 41.247737402641974],
          [-121.944726121157714, 41.247858202641794],
          [-121.944871721157483, 41.247968002641585],
          [-121.945264521156844, 41.248176602641308],
          [-121.945431787823281, 41.248248002641162],
          [-121.945584521156377, 41.248308402641101],
          [-121.945926587822498, 41.248363269307674],
          [-121.946146387822182, 41.248394869307617],
          [-121.946537721154868, 41.248451069307521],
          [-121.946872321154387, 41.248560869307369],
          [-121.947083321154025, 41.248676202640524],
          [-121.947243387820436, 41.248769469307035],
          [-121.947403387820202, 41.248840869306889],
          [-121.947497987820043, 41.248895802640163],
          [-121.947556187819998, 41.248972602640038],
          [-121.947643521153168, 41.249121002639811],
          [-121.947650787819839, 41.249197869306386],
          [-121.947658121153154, 41.249285669306232],
          [-121.947650787819839, 41.249390002639416],
          [-121.94767272115314, 41.249521802639208],
          [-121.947803587819578, 41.249884202638611],
          [-121.947806121152894, 41.249936669305214],
          [-121.947857121152822, 41.25002446930506],
          [-121.948031721152574, 41.250189069304838],
          [-121.948140987819045, 41.250298869304629],
          [-121.948337387818754, 41.250419669304449],
          [-121.948519321151821, 41.250463602637751],
          [-121.948671987818216, 41.250452669304423],
          [-121.948919387817853, 41.250425202637814],
          [-121.94917398781746, 41.250436069304442],
          [-121.949465121150354, 41.250447069304414],
          [-121.94977792114986, 41.250436069304442],
          [-121.949996187816168, 41.250419602637805],
          [-121.950127121149308, 41.25037560263786],
          [-121.950265321149118, 41.25030426930465],
          [-121.950367121148929, 41.250227402638075],
          [-121.950578121148624, 41.250013202638456],
          [-121.950720987815089, 41.249883869305279],
          [-121.951099321147808, 41.249587402639065],
          [-121.951157521147707, 41.249521469305876],
          [-121.951230321147591, 41.249422669306],
          [-121.95133938781413, 41.249285402639543],
          [-121.951477587813883, 41.249159069306415],
          [-121.951601321147052, 41.249060269306597],
          [-121.951703121146863, 41.248956002640057],
          [-121.951790387813389, 41.248862469306857],
          [-121.95186312114663, 41.248758269307018],
          [-121.951950387813156, 41.248648469307227],
          [-121.952139387812849, 41.24843980264086],
          [-121.952241321146062, 41.248351869307669],
          [-121.952343121145873, 41.248242069307821],
          [-121.952393987812457, 41.248148669307966],
          [-121.952459387812382, 41.248049869308147],
          [-121.952532321145611, 41.247973002641572],
          [-121.952641321145393, 41.247901602641718],
          [-121.952764987811861, 41.247835669308472],
          [-121.952859521145058, 41.247769802641926],
          [-121.952990521144898, 41.247665402642099],
          [-121.953128721144651, 41.247561002642215],
          [-121.953252321144475, 41.247456669309088],
          [-121.953448721144184, 41.247286469309302],
          [-121.953666921143849, 41.247121802642937],
          [-121.953790721143605, 41.247039402643054],
          [-121.953856121143531, 41.247000869309772],
          [-121.953892521143473, 41.246940469309891],
          [-121.953979721143355, 41.246836202643351],
          [-121.954052387809895, 41.246709869310223],
          [-121.954139721143065, 41.246594602643711],
          [-121.954306921142802, 41.246396869310729],
          [-121.954452521142628, 41.246265069310937],
          [-121.954612521142337, 41.246166269311061],
          [-121.954707121142235, 41.246138802644452],
          [-121.954801587808731, 41.246122269311115],
          [-121.954896187808572, 41.24612780264448],
          [-121.955019921141741, 41.24614966931108],
          [-121.955150787808179, 41.246188069311017],
          [-121.955449187807744, 41.246325402644175],
          [-121.955543721140884, 41.24639126931072],
          [-121.955594721140812, 41.246435069310678],
          [-121.95562378780744, 41.246495602643904],
          [-121.95562378780744, 41.246561402643806],
          [-121.95562378780744, 41.246621869310388],
          [-121.955594721140812, 41.246698669310263],
          [-121.955543787807585, 41.246803002643389],
          [-121.955376721141192, 41.247445469309071],
          [-121.955376721141192, 41.247555269308918],
          [-121.955420387807749, 41.247654202642082],
          [-121.955471321141033, 41.247769469308594],
          [-121.9556751211407, 41.24802746930817],
          [-121.955915187807022, 41.248126402641333],
          [-121.956009721140163, 41.248164802641327],
          [-121.956147921139973, 41.248214069307892],
          [-121.956366187806282, 41.24829100264111],
          [-121.956780987805644, 41.248433669307531],
          [-121.95694098780541, 41.248494069307469],
          [-121.95715932113842, 41.248543402640735],
          [-121.957661321137607, 41.248642202640553],
          [-121.957814121137403, 41.248647602640574],
          [-121.957945121137186, 41.248636669307245],
          [-121.958090587803611, 41.248631069307237],
          [-121.958185121136808, 41.248609202640637],
          [-121.958301387803317, 41.248570669307355],
          [-121.958425121136429, 41.248532269307418],
          [-121.958475987803013, 41.248504802640753],
          [-121.958628921136096, 41.248416869307562],
          [-121.958767121135907, 41.248334602641023],
          [-121.958897921135701, 41.248241202641168],
          [-121.959261587801791, 41.247895269308401],
          [-121.959348921135017, 41.247829269308511],
          [-121.959450787801529, 41.247790869308574],
          [-121.959581721134668, 41.247730402641992],
          [-121.959741721134378, 41.247648002642109],
          [-121.959887121134159, 41.247554669308897],
          [-121.960309121133491, 41.247214202642795],
          [-121.960396321133373, 41.247109869309611],
          [-121.960505387799856, 41.247016469309756],
          [-121.960585387799767, 41.246939602643181],
          [-121.960650787799636, 41.24685166930999],
          [-121.960716187799562, 41.246758402643479],
          [-121.960774521132805, 41.246654069310296],
          [-121.960854387799316, 41.246494802643895],
          [-121.960934321132527, 41.246302602644164],
          [-121.961028921132367, 41.246104869311182],
          [-121.96111618779895, 41.245951202644733],
          [-121.961246921132044, 41.245638069311894],
          [-121.961319721131929, 41.24539100264559],
          [-121.961305121131943, 41.245275669312434],
          [-121.961261387798686, 41.245149402646007],
          [-121.961224987798744, 41.245017669312858],
          [-121.961195787798829, 41.244902402646346],
          [-121.961115787798917, 41.244765069313246],
          [-121.961035721132362, 41.244633402646798],
          [-121.960904787799279, 41.24452360264695],
          [-121.960751921132839, 41.244391802647158],
          [-121.960504521133203, 41.244199669314128],
          [-121.960431721133318, 41.244106269314273],
          [-121.96037352113342, 41.244002002647733],
          [-121.960351587800119, 41.243914202647886],
          [-121.960322521133492, 41.243809869314703],
          [-121.960409721133374, 41.243628669315001],
          [-121.960482521133258, 41.243579269315092],
          [-121.960584321133069, 41.243546202648474],
          [-121.960744321132836, 41.243518802648509],
          [-121.960955321132531, 41.243502269315229],
          [-121.961202587798766, 41.243480269315228],
          [-121.961435521131762, 41.243491202648556],
          [-121.961675521131383, 41.243474669315219],
          [-121.96190818779769, 41.243452669315275],
          [-121.962351987797035, 41.24336466931544],
          [-121.963173921129055, 41.243128469315764],
          [-121.963333921128822, 41.243029669315945],
          [-121.963442987795304, 41.24295820264939],
          [-121.963493921128588, 41.242881269316172],
          [-121.963573921128443, 41.242782469316296],
          [-121.963624721128383, 41.242672669316505],
          [-121.96365378779501, 41.242612269316567],
          [-121.963675587794967, 41.242518869316712],
          [-121.963639187795025, 41.242376202650291],
          [-121.963609987795053, 41.242249869317163],
          [-121.963384187795384, 41.241321869318597],
          [-121.96338412112874, 41.24106380265232],
          [-121.963442321128639, 41.2409430026525],
          [-121.963529587795165, 41.240860669319318],
          [-121.963616921128391, 41.240783802652743],
          [-121.963798721128114, 41.240695869319552],
          [-121.964205921127473, 41.240646402652942],
          [-121.964336921127256, 41.240640869319634],
          [-121.964496921127022, 41.240657269319627],
          [-121.96461338779352, 41.240690269319543],
          [-121.965057187792809, 41.240915202652559],
          [-121.965391921125615, 41.241151269318834],
          [-121.965486387792168, 41.241228202652053],
          [-121.965551987792026, 41.241294069318656],
          [-121.965632121125225, 41.241376402651838],
          [-121.965668521125167, 41.241458802651721],
          [-121.965741187791764, 41.241585069318205],
          [-121.965799521125007, 41.241694802651352],
          [-121.966003321124674, 41.242145069317303],
          [-121.96608338779123, 41.242232869317149],
          [-121.966170721124399, 41.242326202650361],
          [-121.966294387790867, 41.242452469316845],
          [-121.966447321124008, 41.242578669316629],
          [-121.967029387789751, 41.243028802649292],
          [-121.967123921122948, 41.243094669315838],
          [-121.967218521122788, 41.24312760264911],
          [-121.967327721122615, 41.243155002649075],
          [-121.96740772112247, 41.243166002649048],
          [-121.967531321122294, 41.243165869315703],
          [-121.967640521122121, 41.243165869315703],
          [-121.967749587788603, 41.243154869315731],
          [-121.96798232112161, 41.243133002649131],
          [-121.968156987788007, 41.243138402649095],
          [-121.968251521121203, 41.243143802649115],
          [-121.968382521120986, 41.243165669315715],
          [-121.968484321120798, 41.243193202649024],
          [-121.968600721120652, 41.243220602648989],
          [-121.968731721120434, 41.243248002648954],
          [-121.969015521120014, 41.243324802648829],
          [-121.969175521119723, 41.243352269315437],
          [-121.969350121119476, 41.243341202648764],
          [-121.969430121119331, 41.24331920264882],
          [-121.969502787785927, 41.243297269315519],
          [-121.969560987785826, 41.243258802648938],
          [-121.969590121119097, 41.243225802648965],
          [-121.969633721119067, 41.243154469315755],
          [-121.969662721118993, 41.243039202649243],
          [-121.969691787785621, 41.242929269316107],
          [-121.969800721118759, 41.242451602650192],
          [-121.969880587785326, 41.242243002650468],
          [-121.969938721118581, 41.242006869317549],
          [-121.970120321118259, 41.241298469318622],
          [-121.970156587784913, 41.241128202652249],
          [-121.970185521118196, 41.240914069319217],
          [-121.970279987784693, 41.24051326931982],
          [-121.970512321117667, 41.239673069321157],
          [-121.970541387784294, 41.239530269321392],
          [-121.970563121117607, 41.239382002654907],
          [-121.970599387784205, 41.239206269321869],
          [-121.970671987784101, 41.238981202655566],
          [-121.970704721117386, 41.238921802655625],
          [-121.97078098778394, 41.238783402655883],
          [-121.970868321117109, 41.23869560265598],
          [-121.970962787783662, 41.238618669322761],
          [-121.971071921116788, 41.23855826932288],
          [-121.971173721116656, 41.238541802656243],
          [-121.971260987783182, 41.238536202656235],
          [-121.971362787782994, 41.238541669322899],
          [-121.971464721116206, 41.238558069322892],
          [-121.971559187782702, 41.238596469322829],
          [-121.971668387782529, 41.23863500265611],
          [-121.971813921115654, 41.23865686932271],
          [-121.971930321115451, 41.238667869322683],
          [-121.972112121115174, 41.238673269322703],
          [-121.972293987781597, 41.238618269322785],
          [-121.972410321114751, 41.238579869322848],
          [-121.97247578778132, 41.238530402656238],
          [-121.972533921114518, 41.238470002656356],
          [-121.972591987781129, 41.238393069323138],
          [-121.972846321114048, 41.237668269324274],
          [-121.972969787780528, 41.237371669324716],
          [-121.973057121113698, 41.237256402658204],
          [-121.973100587780323, 41.237174002658378],
          [-121.97315152111355, 41.237086202658475],
          [-121.973202387780191, 41.236932402658738],
          [-121.973267721113416, 41.236773069325636],
          [-121.973333121113285, 41.236696269325762],
          [-121.973456787779753, 41.23656446932597],
          [-121.973565787779592, 41.236476602659422],
          [-121.973718521112687, 41.236383269326268],
          [-121.97390032111241, 41.236289802659712],
          [-121.974329321111725, 41.236026069326783],
          [-121.974838321110951, 41.235872202660403],
          [-121.975340187776851, 41.23581166932712],
          [-121.976002187775805, 41.23580046932716],
          [-121.976438587775135, 41.235800402660516],
          [-121.977282387773812, 41.235898869327002],
          [-121.977660721106588, 41.235964669326904],
          [-121.977733387773128, 41.235948202660268],
          [-121.977798787773054, 41.235937202660295],
          [-121.977864321106267, 41.235909802660331],
          [-121.97790792110618, 41.235882202660378],
          [-121.977929787772837, 41.235827269327103],
          [-121.977980587772777, 41.235745002660565],
          [-121.978227721105725, 41.235393469327789],
          [-121.978300387772265, 41.235371469327845],
          [-121.978365921105478, 41.235360469327816],
          [-121.97845312110536, 41.235377002661153],
          [-121.978496787771974, 41.235382402661116],
          [-121.9786059211051, 41.235420802661054],
          [-121.978685987771655, 41.23547020266102],
          [-121.978773187771537, 41.235530602660901],
          [-121.978831587771424, 41.235623869327412],
          [-121.978838787771394, 41.235689802660659],
          [-121.978831721104768, 41.235794069327142],
          [-121.978809921104812, 41.235892869327017],
          [-121.978766321104843, 41.23599180266018],
          [-121.978555721105181, 41.236628802659197],
          [-121.97843972110536, 41.237183269324987],
          [-121.978476187772003, 41.237534802657819],
          [-121.978519987771904, 41.237699469324184],
          [-121.978556387771846, 41.237770869324095],
          [-121.978614587771744, 41.237847669323969],
          [-121.978658321105058, 41.237880669323943],
          [-121.978731121104943, 41.237880602657242],
          [-121.978810987771453, 41.237858602657298],
          [-121.978861921104738, 41.237831069323988],
          [-121.978898187771335, 41.237803669324023],
          [-121.978949187771263, 41.23774880265745],
          [-121.979007321104461, 41.237666402657567],
          [-121.979080121104403, 41.237562002657739],
          [-121.979225387770839, 41.237347802658064],
          [-121.979290787770708, 41.23727100265819],
          [-121.979399787770546, 41.237188469325019],
          [-121.979501587770415, 41.237122602658417],
          [-121.979661587770124, 41.237007269325261],
          [-121.979836121103176, 41.236875402658825],
          [-121.979966921103028, 41.236765602658977],
          [-121.980104987769437, 41.236661069325805],
          [-121.980257787769233, 41.236529402659357],
          [-121.980904787768225, 41.235969002660227],
          [-121.981035587768019, 41.23588120266038],
          [-121.981246521101014, 41.235705402660642],
          [-121.981566321100502, 41.235463669327657],
          [-121.981748121100225, 41.235277002661292],
          [-121.981857121100063, 41.235167069328156],
          [-121.981922521099989, 41.235079202661609],
          [-121.981980721099887, 41.234991269328418],
          [-121.982024187766456, 41.234892402661899],
          [-121.982060587766398, 41.234815602662025],
          [-121.982111387766338, 41.234749669328778],
          [-121.982140521099609, 41.234667269328895],
          [-121.982169521099593, 41.234601402662349],
          [-121.982213121099505, 41.234453202662564],
          [-121.982220187766188, 41.234255402662882],
          [-121.98222712109947, 41.233689802663775],
          [-121.98224132109948, 41.233190202664559],
          [-121.982306587766061, 41.232827802665099],
          [-121.982328321099317, 41.232778269331845],
          [-121.98237198776593, 41.23275086933188],
          [-121.982539187765667, 41.2327124026653],
          [-121.982793787765274, 41.232778202665202],
          [-121.982953921098385, 41.232866002665048],
          [-121.983259587764564, 41.233206269331163],
          [-121.983346987764435, 41.233398402664193],
          [-121.983434387764305, 41.233596069330588],
          [-121.983514587764148, 41.23377726933029],
          [-121.983696587763859, 41.234002402663293],
          [-121.98385672109697, 41.234145069329713],
          [-121.984089521096621, 41.234243802662888],
          [-121.98424232109636, 41.234271202662853],
          [-121.984365921096185, 41.23429306932951],
          [-121.984496921095968, 41.234282069329538],
          [-121.984620387762448, 41.234271069329509],
          [-121.984736921095589, 41.234243469329556],
          [-121.984911387761997, 41.23416106932973],
          [-121.985551321094306, 41.233930269330074],
          [-121.985703987760758, 41.233842402663527],
          [-121.985900187760478, 41.233743402663663],
          [-121.9861401877601, 41.233622602663843],
          [-121.986365587759735, 41.233529202663988],
          [-121.986554721092773, 41.233468669330762],
          [-121.986721987759154, 41.233430069330836],
          [-121.986889187758948, 41.233408069330892],
          [-121.987056521091972, 41.233397069330863],
          [-121.987069854425329, 41.233396469330899],
          [-121.987187521091812, 41.233391469330911],
          [-121.987340121091563, 41.233396869330875],
          [-121.987536587757916, 41.233429802664148],
          [-121.987696521090982, 41.233457202664113],
          [-121.987827587757465, 41.233517469330707],
          [-121.987922121090662, 41.233555869330644],
          [-121.987980387757204, 41.23362180266389],
          [-121.98803858775716, 41.2336930693304],
          [-121.988118721090359, 41.233797402663583],
          [-121.988206387756861, 41.234308002662829],
          [-121.988199187756891, 41.234384869329347],
          [-121.988162921090293, 41.234505669329167],
          [-121.988119387757024, 41.234621069328966],
          [-121.988046721090484, 41.234769269328751],
          [-121.987981387757202, 41.234895602661879],
          [-121.987661921091046, 41.235719269327262],
          [-121.987712921090974, 41.235922469326965],
          [-121.987916921090687, 41.236230002659852],
          [-121.988076987757097, 41.236416602659517],
          [-121.988142587756954, 41.236520869326057],
          [-121.988149787756981, 41.236570269325966],
          [-121.988164521090255, 41.236658202659157],
          [-121.988142787756999, 41.236757002659033],
          [-121.988120987756986, 41.23688326932546],
          [-121.98809918775703, 41.23700406932528],
          [-121.988150187756958, 41.237070002658527],
          [-121.988201187756886, 41.237141269325093],
          [-121.988302987756754, 41.237146802658401],
          [-121.988455787756493, 41.237146669325057],
          [-121.988593987756303, 41.237119202658448],
          [-121.988681187756129, 41.237080669325167],
          [-121.988761321089328, 41.237042269325229],
          [-121.988841187755895, 41.236981869325348],
          [-121.988906587755764, 41.236916002658745],
          [-121.989524387754841, 41.236366602659587],
          [-121.98972798775452, 41.236234669326507],
          [-121.990513121086622, 41.235646869327411],
          [-121.990963787752605, 41.235289602661283],
          [-121.991298121085435, 41.234998602661733],
          [-121.991443521085159, 41.234872202661904],
          [-121.991552521084998, 41.234751402662141],
          [-121.99163972108488, 41.23461400266234],
          [-121.991748721084718, 41.23447666932924],
          [-121.991835921084601, 41.234339402662783],
          [-121.991915787751111, 41.234196602662962],
          [-121.991973921084366, 41.234059269329862],
          [-121.99201012108432, 41.233927469330069],
          [-121.992046387750918, 41.233812202663557],
          [-121.99206812108423, 41.233685869330429],
          [-121.992089921084187, 41.233565069330609],
          [-121.992104387750828, 41.233433269330817],
          [-121.992111387750811, 41.233263069331088],
          [-121.99207478775088, 41.232856802665083],
          [-121.99209612108416, 41.232324069332549],
          [-121.992093787750832, 41.232306002665894],
          [-121.992037587750929, 41.231874002666586],
          [-121.992059321084241, 41.231709069333533],
          [-121.992124587750823, 41.23150046933381],
          [-121.992364187750411, 41.230956802668004],
          [-121.992494987750206, 41.230808469334931],
          [-121.992640387749987, 41.230709602668412],
          [-121.992749387749825, 41.230643602668522],
          [-121.992901987749576, 41.230511669335385],
          [-121.993069321082658, 41.230374469335572],
          [-121.99323638774905, 41.230253469335764],
          [-121.993490787748669, 41.2301326026693],
          [-121.993730787748291, 41.230055602669381],
          [-121.994210787747534, 41.229940069336237],
          [-121.994843521079929, 41.22984100266973],
          [-121.995090721079521, 41.229818869336441],
          [-121.995352521079099, 41.229813269336432],
          [-121.995643521078648, 41.229818669336453],
          [-121.997047121076491, 41.229790469336479],
          [-121.997076187743119, 41.229793602669815],
          [-121.997301721076099, 41.2298178026698],
          [-121.998181787741373, 41.229866802669676],
          [-121.998465387740964, 41.229872202669696],
          [-121.998610921074032, 41.22986106933638],
          [-121.998705387740586, 41.229833602669771],
          [-121.998945387740207, 41.229795002669789],
          [-121.999578121072545, 41.229646469336728],
          [-121.99970892107234, 41.229608002670091],
          [-121.999767121072239, 41.229624402670083],
          [-121.999868921072107, 41.229624269336739],
          [-121.999948921071962, 41.229624269336739],
          [-122.000043521071859, 41.229657202670012],
          [-122.000130787738385, 41.229695602669949],
          [-122.000261787738168, 41.229772402669823],
          [-122.000727587737458, 41.23010720266933],
          [-122.00089492107054, 41.230189402669225],
          [-122.001113187736848, 41.23023866933579],
          [-122.002218587735115, 41.230221469335845],
          [-122.002429387734821, 41.230221602669133],
          [-122.002560387734604, 41.23021060266916],
          [-122.00266232106776, 41.23018866933586],
          [-122.002749587734286, 41.230122869335958],
          [-122.002829587734198, 41.230073469336048],
          [-122.002938787734024, 41.229947269336265],
          [-122.002982521067281, 41.229848469336389],
          [-122.00298998773394, 41.229760602669842],
          [-122.003019121067211, 41.229623269336741],
          [-122.003048387733827, 41.229458669337021],
          [-122.003114187733729, 41.22909626933756],
          [-122.003114321067073, 41.228909602671195],
          [-122.003129121067047, 41.228717469338164],
          [-122.003136521067063, 41.228580202671708],
          [-122.003143921067021, 41.228481402671832],
          [-122.003151187733692, 41.228399002672006],
          [-122.003180521066952, 41.228294669338823],
          [-122.003231387733535, 41.228152002672346],
          [-122.003267987733523, 41.227959802672672],
          [-122.003268321066855, 41.227872002672825],
          [-122.003239187733527, 41.227822469339515],
          [-122.003195587733615, 41.227773069339605],
          [-122.003108321067089, 41.227756602672969],
          [-122.003021121067206, 41.227718069339687],
          [-122.002882987734097, 41.227630069339853],
          [-122.002846587734155, 41.227580669339943],
          [-122.002824921067543, 41.227520402673349],
          [-122.002810387734201, 41.227448869340094],
          [-122.002825121067531, 41.227322602673667],
          [-122.002876121067459, 41.227163402673909],
          [-122.002890787734088, 41.227070002674054],
          [-122.002934521067345, 41.226976669340843],
          [-122.002956387734002, 41.226921802674269],
          [-122.00295652106729, 41.226844869341051],
          [-122.002949187733975, 41.226740602674568],
          [-122.002905721067407, 41.22660326934141],
          [-122.002876721067423, 41.2265100026749],
          [-122.002847721067496, 41.226383669341772],
          [-122.002826121067528, 41.226262869341952],
          [-122.002818921067501, 41.226120069342187],
          [-122.002841587734167, 41.225258002676867],
          [-122.00288518773408, 41.225148202677019],
          [-122.002936321067352, 41.225120869343755],
          [-122.003059921067177, 41.225077002677153],
          [-122.003176321066974, 41.225049602677188],
          [-122.003321787733398, 41.22503866934386],
          [-122.003569121066391, 41.225000402677267],
          [-122.003641787732931, 41.224989402677295],
          [-122.003714587732816, 41.224940069344029],
          [-122.003772787732714, 41.224885202677456],
          [-122.003860121065941, 41.224802869344217],
          [-122.003932921065825, 41.224715002677669],
          [-122.00404952106561, 41.224605202677878],
          [-122.004078721065582, 41.224489869344723],
          [-122.004049587732311, 41.224385602678183],
          [-122.00398432106573, 41.224303202678357],
          [-122.003933387732445, 41.224204269345137],
          [-122.003875387732535, 41.224127402678619],
          [-122.003773587732724, 41.224012002678762],
          [-122.003817387732624, 41.223814402679068],
          [-122.00383198773261, 41.223776002679131],
          [-122.003875721065867, 41.223737602679194],
          [-122.003919321065837, 41.223710069345941],
          [-122.003984721065706, 41.223704602679277],
          [-122.004093787732245, 41.223710269345929],
          [-122.004166587732129, 41.223726669345922],
          [-122.004290121065253, 41.223809202679092],
          [-122.004355521065122, 41.223875069345695],
          [-122.004428321065006, 41.22391360267892],
          [-122.004500921064903, 41.223930069345556],
          [-122.004588187731429, 41.223935602678921],
          [-122.004653587731354, 41.223952069345557],
          [-122.004718987731223, 41.223985069345474],
          [-122.004784521064494, 41.224034602678728],
          [-122.004864387731004, 41.224089469345358],
          [-122.004886187730961, 41.224155402678548],
          [-122.0049151210643, 41.224237669345086],
          [-122.004885987730972, 41.224303602678333],
          [-122.004885921064329, 41.224369469344879],
          [-122.004885921064329, 41.224440869344789],
          [-122.00490038773097, 41.224501269344671],
          [-122.004965721064195, 41.224567202677918],
          [-122.005009387730809, 41.224622202677836],
          [-122.00504572106405, 41.224666069344437],
          [-122.005140187730603, 41.224688069344381],
          [-122.005205587730472, 41.224693602677746],
          [-122.00552572106335, 41.224594869344571],
          [-122.005605721063205, 41.224573002677914],
          [-122.005678521063089, 41.224551069344614],
          [-122.005751187729629, 41.224545602677949],
          [-122.005874787729454, 41.224595202677904],
          [-122.005991187729251, 41.22466106934445],
          [-122.006063787729147, 41.224716069344367],
          [-122.006107387729116, 41.224765402677633],
          [-122.006129187729073, 41.224836869344188],
          [-122.006165387729027, 41.224908269344041],
          [-122.00620898772894, 41.225001602677253],
          [-122.006572321061697, 41.225364202676701],
          [-122.006659521061579, 41.225446602676584],
          [-122.00676132106139, 41.22552900267641],
          [-122.006848521061272, 41.225540002676439],
          [-122.007234121060662, 41.225364469343333],
          [-122.007350521060516, 41.225320669343432],
          [-122.007423321060401, 41.225287802676803],
          [-122.007474187726984, 41.225276802676831],
          [-122.007677721059963, 41.225441602676597],
          [-122.007713987726618, 41.225474602676513],
          [-122.007764921059845, 41.225540469343059],
          [-122.007764787726501, 41.225589869343025],
          [-122.007735721059873, 41.225661269342879],
          [-122.007677521059975, 41.225727069342781],
          [-122.00758278772679, 41.225793002676028],
          [-122.007473721060308, 41.225869802675902],
          [-122.007320921060568, 41.22597960267575],
          [-122.007211721060685, 41.226072869342261],
          [-122.007131587727486, 41.226160669342107],
          [-122.007051521060987, 41.226276002675263],
          [-122.006978587727758, 41.226407802675055],
          [-122.007421987727071, 41.226715402674586],
          [-122.007480187726969, 41.226753869341223],
          [-122.007523787726882, 41.226770402674504],
          [-122.007661921059992, 41.22678686934114],
          [-122.007749187726517, 41.226798002674457],
          [-122.007909187726284, 41.226803602674465],
          [-122.008010987726152, 41.226820002674458],
          [-122.008090987726007, 41.226842069341046],
          [-122.008170987725862, 41.226869602674356],
          [-122.008258187725744, 41.226908002674293],
          [-122.008403587725525, 41.226979469340847],
          [-122.008505387725393, 41.227012469340821],
          [-122.008643521058502, 41.227045469340737],
          [-122.008810787724883, 41.227067469340739],
          [-122.008956187724664, 41.227095069340692],
          [-122.009065321057847, 41.227122602673944],
          [-122.009457921057219, 41.227375269340257],
          [-122.009545121057101, 41.227435802673483],
          [-122.009566921057058, 41.227496202673365],
          [-122.009486721057158, 41.227743202673025],
          [-122.009406521057315, 41.227918869339419],
          [-122.00896278772467, 41.22789666933943],
          [-122.00884652105816, 41.227896602672786],
          [-122.008766521058305, 41.227885669339457],
          [-122.008679187725079, 41.227896602672786],
          [-122.008635521058522, 41.227929469339358],
          [-122.008416987725525, 41.228330202672112],
          [-122.008351387725611, 41.228467469338511],
          [-122.008293187725712, 41.228577269338359],
          [-122.008249387725755, 41.228632069338289],
          [-122.008212987725813, 41.228681469338198],
          [-122.008132987725958, 41.2287254026715],
          [-122.008052987726046, 41.228763802671438],
          [-122.008001987726175, 41.228802202671375],
          [-122.007980321059506, 41.228829669337983],
          [-122.00805258772607, 41.22927986933729],
          [-122.008081521059353, 41.229428202670363],
          [-122.008088721059323, 41.229554469336847],
          [-122.008132187725948, 41.229768802669867],
          [-122.008161121059231, 41.229917002669595],
          [-122.008168187725914, 41.23006520266938],
          [-122.008189987725871, 41.230230002669146],
          [-122.008196987725853, 41.230383669335538],
          [-122.008225921059136, 41.230526469335359],
          [-122.008262187725734, 41.230680269335096],
          [-122.008298387725688, 41.230790069334944],
          [-122.008370987725584, 41.230888869334763],
          [-122.008443721058825, 41.230976802667954],
          [-122.00853092105865, 41.231064802667845],
          [-122.00857452105862, 41.231130669334391],
          [-122.008588987725261, 41.231191002667629],
          [-122.00857452105862, 41.231229469334266],
          [-122.008530787725306, 41.231267869334204],
          [-122.008458121058766, 41.231289802667504],
          [-122.008385321058881, 41.231306269334141],
          [-122.008268921059084, 41.23128966933416],
          [-122.008181587725858, 41.23128966933416],
          [-122.008116187725989, 41.231300602667488],
          [-122.008072521059376, 41.231317069334125],
          [-122.008021521059447, 41.231355469334062],
          [-122.00797778772619, 41.231503669333847],
          [-122.007977721059547, 41.231619002667003],
          [-122.007963121059561, 41.231668469333556],
          [-122.007933987726233, 41.231717802666822],
          [-122.007868521059663, 41.231739802666766],
          [-122.007795721059779, 41.231756202666759],
          [-122.007708387726609, 41.231778069333416],
          [-122.007621121060083, 41.231805602666668],
          [-122.007584787726785, 41.231816469333353],
          [-122.0075119877269, 41.23185486933329],
          [-122.00741738772706, 41.23197566933311],
          [-122.007451121060342, 41.232188469332755],
          [-122.007524587726891, 41.232361469332488],
          [-122.007765321059878, 41.232559069332183],
          [-122.007962921059573, 41.232583669332143],
          [-122.008209787725832, 41.23236740266583],
          [-122.008305721059003, 41.232069402666298],
          [-122.00845958772544, 41.231967202666453],
          [-122.00871772105836, 41.232015469333021],
          [-122.009001111682949, 41.232263542249314],
          [-122.00905152105787, 41.232307669332556],
          [-122.009168587724332, 41.232410202665733],
          [-122.010216721056054, 41.233603269330558],
          [-122.010495387722301, 41.234307002662831],
          [-122.010381321055775, 41.234800402662017],
          [-122.01002632105633, 41.235119202661565],
          [-122.009855987723256, 41.235301669327953],
          [-122.009927587723155, 41.235601202660803],
          [-122.010441121055692, 41.235881469327012],
          [-122.010725587721936, 41.236205869326511],
          [-122.010597187722112, 41.236641669325877],
          [-122.010001987723058, 41.237728669324156],
          [-122.009853721056629, 41.238474669323011],
          [-122.009928121056475, 41.238911869322351],
          [-122.009898787723216, 41.239213802655172],
          [-122.00988418772323, 41.239290669321747],
          [-122.009869521056601, 41.239378469321593],
          [-122.00985478772327, 41.239449869321504],
          [-122.009803787723342, 41.239554202654688],
          [-122.009723787723487, 41.239664002654479],
          [-122.00961452105696, 41.239790202654319],
          [-122.009505321057134, 41.239938469320748],
          [-122.009417921057263, 41.239998802653986],
          [-122.009323321057423, 41.24007560265386],
          [-122.009184921057624, 41.240278802653563],
          [-122.009082921057825, 41.240416002653319],
          [-122.008587721058575, 41.240613669319714],
          [-122.007867321059678, 41.240917869319219],
          [-122.007480987726979, 41.241282402651962],
          [-122.00745938772701, 41.241696202651326],
          [-122.008107521059344, 41.242150202650635],
          [-122.008466587725422, 41.242578602649985],
          [-122.008717521058372, 41.243109602649156],
          [-122.00899138772462, 41.243175469315702],
          [-122.009189587724279, 41.24325240264892],
          [-122.009599187723666, 41.243220602648989],
          [-122.010361387722469, 41.243181202649055],
          [-122.011091921054685, 41.243222002648963],
          [-122.011857521053514, 41.242952602649382],
          [-122.012552121052408, 41.24233766931701],
          [-122.013165521051462, 41.242067069317443],
          [-122.013847721050411, 41.242279802650444],
          [-122.014544587715989, 41.242527202650024],
          [-122.015809787714034, 41.242457602650177],
          [-122.017606921044603, 41.242472869316828],
          [-122.018779121042769, 41.242505869316744],
          [-122.019416587708406, 41.242649202649886],
          [-122.019451921041707, 41.242668202649838],
          [-122.020413921040245, 41.243186469315674],
          [-122.021154187705747, 41.243595202648407],
          [-122.02197118770448, 41.243958469314521],
          [-122.02244232103709, 41.244031469314393],
          [-122.023081921036066, 41.244036869314357],
          [-122.023770787701665, 41.243801402648046],
          [-122.024082987701206, 41.243298069315529],
          [-122.024638121033661, 41.242843002649579],
          [-122.024933787699865, 41.242420069316893],
          [-122.025092187699613, 41.242007602650858],
          [-122.025094787699629, 41.241835069317801],
          [-122.025082187699638, 41.241651069318095],
          [-122.02494998769987, 41.241328002651926],
          [-122.024497587700523, 41.241025269319039],
          [-122.024089987701188, 41.240780469319418],
          [-122.023788921034964, 41.240547869319812],
          [-122.023643387701895, 41.240086869320521],
          [-122.023729921035056, 41.239397802654935],
          [-122.023797587701608, 41.238938469322306],
          [-122.023760387701714, 41.238363402656489],
          [-122.023858321034879, 41.237927402657192],
          [-122.024262587700889, 41.237378869324687],
          [-122.024815987700038, 41.237027269325267],
          [-122.025184721032815, 41.236811869325606],
          [-122.025371787699214, 41.236526069326032],
          [-122.025346121032555, 41.236203869326516],
          [-122.025169587699509, 41.235777069327185],
          [-122.025007587699747, 41.235407869327787],
          [-122.024890387699941, 41.235096469328255],
          [-122.024864387699949, 41.234797269328737],
          [-122.024928121033213, 41.234613869328996],
          [-122.025294921032639, 41.234525002662451],
          [-122.026764921030349, 41.23418560266299],
          [-122.026975921030044, 41.234136869329745],
          [-122.027069321029899, 41.233999602663289],
          [-122.027074121029898, 41.233677802663806],
          [-122.027052787696562, 41.233056869331392],
          [-122.027131587696431, 41.232885002665],
          [-122.027376387696052, 41.232806669331808],
          [-122.027787187695424, 41.232833069331775],
          [-122.028165187694867, 41.233008669331468],
          [-122.028708321027352, 41.233358202664306],
          [-122.029131587693371, 41.233568669330623],
          [-122.029495587692793, 41.233663802663784],
          [-122.029953321025403, 41.233610069330553],
          [-122.030353187691446, 41.233349069330984],
          [-122.030601787691069, 41.233017669331502],
          [-122.030622721024372, 41.232627002665424],
          [-122.030385521024755, 41.232188202666123],
          [-122.029997987692013, 41.231621602666962],
          [-122.029629987692601, 41.230767802668311],
          [-122.029665321025846, 41.230434602668822],
          [-122.029912721025482, 41.230183802669217],
          [-122.030680587690938, 41.229741869336578],
          [-122.030942921023893, 41.229514069336915],
          [-122.030963187690531, 41.229169402670777],
          [-122.030817121024086, 41.228754402671427],
          [-122.030960987690491, 41.228284202672171],
          [-122.031163721023518, 41.22796400267265],
          [-122.031431921023113, 41.227760936006291],
          [-122.031764387689293, 41.227509202673332],
          [-122.032925387687442, 41.227254469340437],
          [-122.033616987686401, 41.227058536007405],
          [-122.033949987685901, 41.226964202674196],
          [-122.034598187684878, 41.226371802675146],
          [-122.034838587684476, 41.225557469343073],
          [-122.035155321017328, 41.224633336011152],
          [-122.035156787684002, 41.22462900267783],
          [-122.035512921016789, 41.224229602678463],
          [-122.035804587683003, 41.224071069345371],
          [-122.036024254349343, 41.224079602678671],
          [-122.036185121015762, 41.224085802678701],
          [-122.036284721015591, 41.224302269345003],
          [-122.036450587681998, 41.224662802677756],
          [-122.03643758768203, 41.226582602674796],
          [-122.036572587681803, 41.227756402672981],
          [-122.036826587681389, 41.228091869339096],
          [-122.037495121013706, 41.228200869338934],
          [-122.03824238767919, 41.228115202672427],
          [-122.03898852101139, 41.2281214026724],
          [-122.039716121010258, 41.228345869338739],
          [-122.040485387675744, 41.228846669337941],
          [-122.040765787675298, 41.22900220267104],
          [-122.041074587674814, 41.229173469337468],
          [-122.042279187672932, 41.22905700267097],
          [-122.043811321003886, 41.228426002671938],
          [-122.044623187669288, 41.228087802672462],
          [-122.0452355210017, 41.227874402672796],
          [-122.045707187667631, 41.227618469339859],
          [-122.04575738766755, 41.227591269339882],
          [-122.046567787666277, 41.227356602673581],
          [-122.047391987665037, 41.22722540267381],
          [-122.048094187663935, 41.227104802673978],
          [-122.048846187662775, 41.226708602674591],
          [-122.050353920993757, 41.225640402676277],
          [-122.051275587659006, 41.225084669343801],
          [-122.052413187657237, 41.224335202678276],
          [-122.052848320989881, 41.223729402679226],
          [-122.052981987656324, 41.222914269347143],
          [-122.052670187656815, 41.222374336014639],
          [-122.052655120990153, 41.222348269348061],
          [-122.052328587657371, 41.221759269348979],
          [-122.052473187657142, 41.221243069349725],
          [-122.052598587656917, 41.220991202683479],
          [-122.052844987656556, 41.220797802683762],
          [-122.053109320989449, 41.220420602684385],
          [-122.053331787655793, 41.219767069352031],
          [-122.05351898765548, 41.219458269352515],
          [-122.054071120987999, 41.219186869352939],
          [-122.054469587654012, 41.219006069353213],
          [-122.054976787653231, 41.218676869353715],
          [-122.055545787652363, 41.218279202687711],
          [-122.056100187651509, 41.217846869355014],
          [-122.056592120984078, 41.217517469355528],
          [-122.057052187650015, 41.217291269355883],
          [-122.05839538764792, 41.217049402689611],
          [-122.060130787645221, 41.217063602689564],
          [-122.060726387644308, 41.216942002689734],
          [-122.061386787643301, 41.216545002690395],
          [-122.062095120975528, 41.215987402691269],
          [-122.062362187641781, 41.215414669358779],
          [-122.062523387641534, 41.214783669359804],
          [-122.062493187641564, 41.214231602693985],
          [-122.062320320975175, 41.213551869361709],
          [-122.062141787642133, 41.213251602695493],
          [-122.061056787643793, 41.212472469363377],
          [-122.060595187644537, 41.211756002697825],
          [-122.060482120978008, 41.211145669365408],
          [-122.060539520977954, 41.210329802700016],
          [-122.060364987644846, 41.209753602700914],
          [-122.060370120978178, 41.209397202701496],
          [-122.060484320978048, 41.208869269368961],
          [-122.060738520977623, 41.208124069370115],
          [-122.060900587644028, 41.207435669371193],
          [-122.060722720977651, 41.207100802705042],
          [-122.060454387644711, 41.206696202705643],
          [-122.060139187645234, 41.206383269372793],
          [-122.059917387645555, 41.205933069373543],
          [-122.059921787645578, 41.205622802707353],
          [-122.060076987645346, 41.205417002707634],
          [-122.061640787642887, 41.204636602708888],
          [-122.062713787641201, 41.204116402709644],
          [-122.06323118764044, 41.204132069376328],
          [-122.063513177223342, 41.204243755834455],
          [-122.063822507431155, 41.204424594375837],
          [-122.064069972014124, 41.204819585000223],
          [-122.064188944930606, 41.205333548541091],
          [-122.06436502513867, 41.205457280832604],
          [-122.064760014721401, 41.205528664165797],
          [-122.064940854304439, 41.205490593332513],
          [-122.065250184512308, 41.205343066249441],
          [-122.065607103261755, 41.205109879791451],
          [-122.066219657427439, 41.204513166250706],
          [-122.066532187635289, 41.204285402709388],
          [-122.067075015759485, 41.203855438126766],
          [-122.067459513675544, 41.203648890210388],
          [-122.06779263867503, 41.203280073544306],
          [-122.067959200133089, 41.202988590211419],
          [-122.068042481382975, 41.202536492295451],
          [-122.068060327216244, 41.202137932921062],
          [-122.068063520966234, 41.201504002713705],
          [-122.069422720964155, 41.200112402715888],
          [-122.069840720963498, 41.199621402716673],
          [-122.070105920963101, 41.199163669384006],
          [-122.07005138762986, 41.19871486938473],
          [-122.070026587629854, 41.198312269385326],
          [-122.069793987630248, 41.197540202719892],
          [-122.069487787630692, 41.196595002721324],
          [-122.069010920964786, 41.195878269389141],
          [-122.066103187635974, 41.194854602724035],
          [-122.063847520972786, 41.194008602725376],
          [-122.062304720975192, 41.193329269393075],
          [-122.061611387642927, 41.19286366939383],
          [-122.061281520976763, 41.192516202727688],
          [-122.061058187643823, 41.192157869394919],
          [-122.061019387643853, 41.191686202728988],
          [-122.061009587643866, 41.191306802729571],
          [-122.061135120976985, 41.191043402729974],
          [-122.061351120976667, 41.19083826939692],
          [-122.062066920975553, 41.190798069397033],
          [-122.062538120974807, 41.190847802730275],
          [-122.062737187641176, 41.190757469397056],
          [-122.06341712097344, 41.190038802731522],
          [-122.064062387639126, 41.189607069398846],
          [-122.064524920971735, 41.18919700273284],
          [-122.064848787637914, 41.188889202733321],
          [-122.06497532097103, 41.188556802733842],
          [-122.064965387637756, 41.188188802734373],
          [-122.064817187637971, 41.187900269401496],
          [-122.06457692097166, 41.187679869401848],
          [-122.064197320972255, 41.187619269401921],
          [-122.063634387639809, 41.187614802735311],
          [-122.063163387640543, 41.187553402735375],
          [-122.06238912097507, 41.187420669402229],
          [-122.061996987642317, 41.187176002735953],
          [-122.061924987642442, 41.186888069403096],
          [-122.061853720975876, 41.186554002736955],
          [-122.061963587642367, 41.186313469403956],
          [-122.062208587642033, 41.186212002737477],
          [-122.062406720975048, 41.186190602737497],
          [-122.062756120974484, 41.186239469404086],
          [-122.064063387639123, 41.186342069403906],
          [-122.065484320970256, 41.185939802737892],
          [-122.066248187635722, 41.185727469404867],
          [-122.067638720966897, 41.185336269405468],
          [-122.068471720965647, 41.185068136072573],
          [-122.069136787631237, 41.184854069406242],
          [-122.070500320962481, 41.184209802740554],
          [-122.070686920962203, 41.183935402740985],
          [-122.070630520962254, 41.183613002741481],
          [-122.069352787630919, 41.182499002743214],
          [-122.06897892096481, 41.182036202743916],
          [-122.068801920965086, 41.181643802744532],
          [-122.068730387631888, 41.181321402745027],
          [-122.068687520965284, 41.181125469411995],
          [-122.068766987631818, 41.180884802745709],
          [-122.068944987631539, 41.180788736079194],
          [-122.06916572096452, 41.180669602746036],
          [-122.069788987630261, 41.180709069412671],
          [-122.070365320962708, 41.180851669412448],
          [-122.070650120962227, 41.181152802745316],
          [-122.070640187628896, 41.181854069410917],
          [-122.070769320962029, 41.182407002743389],
          [-122.071024587628301, 41.182650402742979],
          [-122.07144918762765, 41.182757402742823],
          [-122.072241187626446, 41.182683269409608],
          [-122.072471987626102, 41.182524202743195],
          [-122.072689987625722, 41.182169469410383],
          [-122.072776387625595, 41.181445869411505],
          [-122.073350520958058, 41.180657269412734],
          [-122.073455920957883, 41.18010133608027],
          [-122.073498520957799, 41.179876669413943],
          [-122.07232198762631, 41.179142869415102],
          [-122.071516654294214, 41.178417536082918],
          [-122.071510587627586, 41.178412069416254],
          [-122.071522787627543, 41.177549869417589],
          [-122.071671654293993, 41.177478602751023],
          [-122.07239598762618, 41.177131602751558],
          [-122.073818787623964, 41.177660402750746],
          [-122.075322120954979, 41.17787940275042],
          [-122.076607520953019, 41.177372402751189],
          [-122.076218720953591, 41.176886269418617],
          [-122.075630587621163, 41.176502269419188],
          [-122.074861787622353, 41.175990202753326],
          [-122.074141787623489, 41.175260069421142],
          [-122.074804720955797, 41.174644602755393],
          [-122.075614187621227, 41.174432669422401],
          [-122.076697987619525, 41.174177002756153],
          [-122.077403187618415, 41.173803269423388],
          [-122.077402854285083, 41.173755402756797],
          [-122.077397920951739, 41.17309040275785],
          [-122.077229587618717, 41.17207726942604],
          [-122.076875320952581, 41.171304202760609],
          [-122.07604878762055, 41.169492602763398],
          [-122.07656178761971, 41.168714869431312],
          [-122.077454520951676, 41.167974802765741],
          [-122.078050187617407, 41.166726402767722],
          [-122.078364320950243, 41.166027669435437],
          [-122.078380987616924, 41.165731936102588],
          [-122.078420987616823, 41.165020869437001],
          [-122.078425120950158, 41.164947469437152],
          [-122.077981587617501, 41.164024069438597],
          [-122.077350720951813, 41.163455802772773],
          [-122.076730187619489, 41.163077802773387],
          [-122.076279787620194, 41.162803402773818],
          [-122.074366054289783, 41.161430802775953],
          [-122.074156187623487, 41.161280269442841],
          [-122.07428318762328, 41.160182069444545],
          [-122.074510787622899, 41.158213269447572],
          [-122.07453732095621, 41.157983802781303],
          [-122.075583520954581, 41.157141402782599],
          [-122.076906920952524, 41.156250136117308],
          [-122.077756120951221, 41.155678136118183],
          [-122.07897812094933, 41.154855069452822],
          [-122.079007920949266, 41.154835002786172],
          [-122.079947987614503, 41.153968802787517],
          [-122.081489520945411, 41.153590202788109],
          [-122.082240187610921, 41.152124602790366],
          [-122.083442120942379, 41.151007402792118],
          [-122.081843387611514, 41.150580802792774],
          [-122.081750987611656, 41.15042646945966],
          [-122.081248920945768, 41.149587402794339],
          [-122.080821520946472, 41.148606802795825],
          [-122.081480587612077, 41.146666536132159],
          [-122.081481720945419, 41.146663336132178],
          [-122.081693920945099, 41.146038469466475],
          [-122.082560120943754, 41.144999069468099],
          [-122.0823416542774, 41.144547869468795],
          [-122.08185052094484, 41.143533402803712],
          [-122.081409187612223, 41.142366936138842],
          [-122.081322587612362, 41.142138069472537],
          [-122.082288320944201, 41.139409602810133],
          [-122.082139520944395, 41.135901869482211],
          [-122.081552987611985, 41.135437402816251],
          [-122.074827787622439, 41.13463626948419],
          [-122.074203587623401, 41.132527402820813],
          [-122.072423720959478, 41.131512802822385],
          [-122.071629187627366, 41.130462202823992],
          [-122.071380120961123, 41.130044402824637],
          [-122.070401320962617, 41.128708002826727],
          [-122.070185320962935, 41.128648469493498],
          [-122.070194187629625, 41.128460002827126],
          [-122.070595120962309, 41.128243869494099],
          [-122.07089072096187, 41.127863869494718],
          [-122.070562787629058, 41.127604202828422],
          [-122.069820187630171, 41.127360069495467],
          [-122.069282320964362, 41.127293002828935],
          [-122.068894320964944, 41.127170802829085],
          [-122.068769654298478, 41.126945536162793],
          [-122.068716587631911, 41.126849669496266],
          [-122.06895972096487, 41.126068202830822],
          [-122.068955387631547, 41.125792269497936],
          [-122.068740320965219, 41.125176202832222],
          [-122.068705587631939, 41.125153536165556],
          [-122.068289120965915, 41.124881802832647],
          [-122.0674469876339, 41.12436160283346],
          [-122.066651120968459, 41.123889869500886],
          [-122.066041120969373, 41.123520869501419],
          [-122.065804587636421, 41.123215602835216],
          [-122.065514187636893, 41.122950269502326],
          [-122.065493520970222, 41.122940002835662],
          [-122.065142387637479, 41.122765202835922],
          [-122.065012120971005, 41.122521402836298],
          [-122.064856520971261, 41.12217620283684],
          [-122.064674187638161, 41.121830869504038],
          [-122.064596387638289, 41.121519336171218],
          [-122.064496987638449, 41.121121402838469],
          [-122.064421920971881, 41.120756669505738],
          [-122.064266187638793, 41.120514602839421],
          [-122.06410792097239, 41.120268669506459],
          [-122.063583120973192, 41.119556469507586],
          [-122.063427120973472, 41.119231469508122],
          [-122.06321918764047, 41.118805002842066],
          [-122.062797587641114, 41.118356602842766],
          [-122.062482120974892, 41.117969669510046],
          [-122.061874920975868, 41.117418602844225],
          [-122.061118587643705, 41.116057202846378],
          [-122.061047787643815, 41.115389002847394],
          [-122.061090187643742, 41.114297069515771],
          [-122.061258987643498, 41.113711869516635],
          [-122.061792654309329, 41.112909002851268],
          [-122.061887587642502, 41.112766202851446],
          [-122.062401787641704, 41.112345602852145],
          [-122.063020720974066, 41.112087669519212],
          [-122.063797320972867, 41.112013069519321],
          [-122.064651920971528, 41.112100869519168],
          [-122.065211520970706, 41.112247069518958],
          [-122.065344120970451, 41.112329069518808],
          [-122.065529587636831, 41.112451869518623],
          [-122.065815987636427, 41.113000402851128],
          [-122.066128787635932, 41.113569269516859],
          [-122.06689778763473, 41.114040802849502],
          [-122.067830920966628, 41.114250669515854],
          [-122.068844587631702, 41.11444080284889],
          [-122.069163654297881, 41.114443402848849],
          [-122.069753920963649, 41.114448202848848],
          [-122.070431854295919, 41.114508602848787],
          [-122.070501920962499, 41.114514869515403],
          [-122.070877920961891, 41.114396602848956],
          [-122.071176187628112, 41.114115802849369],
          [-122.071365720961126, 41.11395546951627],
          [-122.071714987627274, 41.113837002849777],
          [-122.072027187626759, 41.113770202849878],
          [-122.072170987626521, 41.113739469516645],
          [-122.072814720958888, 41.113623202850135],
          [-122.073858987623908, 41.11353060285029],
          [-122.074759387622521, 41.113568069516873],
          [-122.075061787622076, 41.113580669516864],
          [-122.076078987620463, 41.113528069516974],
          [-122.076669720952907, 41.113412869517106],
          [-122.07687072095257, 41.113373669517216],
          [-122.077473587618329, 41.113256069517377],
          [-122.077481787618296, 41.113257402850707],
          [-122.077740387617894, 41.113298669517292],
          [-122.078273587617048, 41.113424269517111],
          [-122.078381720950233, 41.113431002850405],
          [-122.078647720949846, 41.113447469517098],
          [-122.079397987615323, 41.11335240285058],
          [-122.079745920948142, 41.113334869517246],
          [-122.080467720947013, 41.11336086951718],
          [-122.080654920946699, 41.113362402850555],
          [-122.080947120946234, 41.113506269516961],
          [-122.081347920945632, 41.113529669516936],
          [-122.081385920945593, 41.113527469516953],
          [-122.081963587611369, 41.113494202850347],
          [-122.082394387610691, 41.113466002850373],
          [-122.083488787608985, 41.113789402849875],
          [-122.08395258760828, 41.113837002849777],
          [-122.084419920940888, 41.113885002849713],
          [-122.084451987607508, 41.113886269516399],
          [-122.086034120938336, 41.113948202849656],
          [-122.086866120937088, 41.113979869516243],
          [-122.087452120936177, 41.113745269516585],
          [-122.087908920935433, 41.113220069517411],
          [-122.088330187601457, 41.112858202851328],
          [-122.088491787601242, 41.112788602851424],
          [-122.088933120933859, 41.112598469518389],
          [-122.089461654266358, 41.11245553618528],
          [-122.089701920932669, 41.112390602852031],
          [-122.090368787598322, 41.112320269518818],
          [-122.091052187597256, 41.112262669518884],
          [-122.091567787596432, 41.112304469518847],
          [-122.09271305426131, 41.112548336185114],
          [-122.092796187594558, 41.112566069518437],
          [-122.09347838759345, 41.112596602851738],
          [-122.093757787593063, 41.112474069518612],
          [-122.094014520925953, 41.11236146951876],
          [-122.094487720925258, 41.111849002852864],
          [-122.094977587591131, 41.111361869520294],
          [-122.095027920924394, 41.11131180285372],
          [-122.095330587590581, 41.111087402854082],
          [-122.095614920923481, 41.11098900285424],
          [-122.096186787589261, 41.110565269521544],
          [-122.096910387588139, 41.110004402855736],
          [-122.097532187587205, 41.109581069523074],
          [-122.097934520919864, 41.109382802856715],
          [-122.098671987585419, 41.109023269523959],
          [-122.099570854250658, 41.108768936190984],
          [-122.099624720917291, 41.108753669524333],
          [-122.100408120916029, 41.108684269524474],
          [-122.100992720915144, 41.108550402857986],
          [-122.101493920914379, 41.108415669524902],
          [-122.102461987579545, 41.1082344028585],
          [-122.102795787578998, 41.108174002858618],
          [-122.103096320911902, 41.108113402858692],
          [-122.103348187578149, 41.107951669525619],
          [-122.103552720911182, 41.107600669526164],
          [-122.103876987577337, 41.10701126952705],
          [-122.104218387576793, 41.106397002861343],
          [-122.104491987576353, 41.10587020286215],
          [-122.10479872090923, 41.105343669529645],
          [-122.104992987575599, 41.104526802864257],
          [-122.105017387575572, 41.103960269531797],
          [-122.105038654242207, 41.103411536199303],
          [-122.105042787575542, 41.103305669532801],
          [-122.105282320908486, 41.102829002866883],
          [-122.105587720908034, 41.102415869534184],
          [-122.105889787574199, 41.102229269534462],
          [-122.106303254240231, 41.102106002868027],
          [-122.106424720906716, 41.102069802868073],
          [-122.106928120905934, 41.101771469535208],
          [-122.107215720905458, 41.101433669535709],
          [-122.107092454239023, 41.101015869536354],
          [-122.107040720905729, 41.100840469536649],
          [-122.106805720906095, 41.099755669538354],
          [-122.106849720906041, 41.098962802872904],
          [-122.106990987572487, 41.098359469540469],
          [-122.107336120905302, 41.098022602874323],
          [-122.107362120905236, 41.09799720287441],
          [-122.108262120903873, 41.097916002874513],
          [-122.109056587569285, 41.09824946954069],
          [-122.109868187568054, 41.098545402873526],
          [-122.110732920900034, 41.09861500287343],
          [-122.111249787565896, 41.098556002873522],
          [-122.112000187564718, 41.098448469540358],
          [-122.112284987564294, 41.098312069540555],
          [-122.112904787563309, 41.098027269541035],
          [-122.11337118756262, 41.097825336207961],
          [-122.113390320895917, 41.097817002874649],
          [-122.113893387561802, 41.097543802875066],
          [-122.114184787561328, 41.096916469542748],
          [-122.114206787561272, 41.096513602876712],
          [-122.11404772089486, 41.095971002877548],
          [-122.113673720895463, 41.095313269545215],
          [-122.113498920895722, 41.094695002879519],
          [-122.11353652089565, 41.094380402880006],
          [-122.113873787561829, 41.094043069547183],
          [-122.114374920894363, 41.093921002880734],
          [-122.116371387557933, 41.093986669547292],
          [-122.117218787556624, 41.094093869547123],
          [-122.118132520888537, 41.094226802880257],
          [-122.118432720888052, 41.094178669546977],
          [-122.11881752088749, 41.094030602880537],
          [-122.118996587553852, 41.093704469547731],
          [-122.119050120887096, 41.093440469548113],
          [-122.119390320886566, 41.092889002882316],
          [-122.120066387552185, 41.092126069550147],
          [-122.120345387551765, 41.091631736217607],
          [-122.120441387551637, 41.091461602884522],
          [-122.121081187550601, 41.090912402885408],
          [-122.121801320882867, 41.090654069552443],
          [-122.122318787548693, 41.090468402886074],
          [-122.122752320881375, 41.090408802886145],
          [-122.123265854213912, 41.090072869553353],
          [-122.123323187547157, 41.09003540288677],
          [-122.123758787546478, 41.089812002887072],
          [-122.124276254212361, 41.08980506955379],
          [-122.124957387544612, 41.089796002887113],
          [-122.125722720876752, 41.089814269553756],
          [-122.126116187542834, 41.090017069553426],
          [-122.12639292087573, 41.090401002886153],
          [-122.126726587541839, 41.091019002885218],
          [-122.127144920874571, 41.091425469551268],
          [-122.127511520874009, 41.091614402884318],
          [-122.128241520872848, 41.091482269551193],
          [-122.128388720872636, 41.091455602884537],
          [-122.129114987538173, 41.091233469551526],
          [-122.129164187538095, 41.09121840288492],
          [-122.130238520869739, 41.091128202885045],
          [-122.130906987535354, 41.091241802884895],
          [-122.131299187534751, 41.091416869551267],
          [-122.13139352086796, 41.091449869551241],
          [-122.131618387534274, 41.091521402884439],
          [-122.132010187533638, 41.091625869550967],
          [-122.13238758753306, 41.091741402884111],
          [-122.132754787532519, 41.091845269550618],
          [-122.133155320865228, 41.09206040288359],
          [-122.133445187531436, 41.092367669549787],
          [-122.13365212086444, 41.09275706954918],
          [-122.133794387530884, 41.093358002881587],
          [-122.134000587530579, 41.094311202880135],
          [-122.134208067738598, 41.094458286213239],
          [-122.134451520863195, 41.094630869546279],
          [-122.134501920863158, 41.094666602879556],
          [-122.135173787528743, 41.095033669545671],
          [-122.135486320861617, 41.095185869545446],
          [-122.135936720860911, 41.095241002878652],
          [-122.136149520860556, 41.09518060287877],
          [-122.136377720860196, 41.094975402879072],
          [-122.136534587526626, 41.094474869546502],
          [-122.137070987525817, 41.0926688695493],
          [-122.137184187525634, 41.091863002883883],
          [-122.137167120858976, 41.091594002884335],
          [-122.137033587525877, 41.090832802885529],
          [-122.136827787526215, 41.090360602886221],
          [-122.136443520860098, 41.089959469553548],
          [-122.136372187526888, 41.089659002887345],
          [-122.136656120859811, 41.08937666955444],
          [-122.137630120858262, 41.089120202888182],
          [-122.139152320855885, 41.088754069555421],
          [-122.139496987522023, 41.088534269555737],
          [-122.13993572085468, 41.088439402889207],
          [-122.140852787519918, 41.08834786955606],
          [-122.141569787518847, 41.08788260289009],
          [-122.142256387517762, 41.08711720289125],
          [-122.142495720850718, 41.086586269558779],
          [-122.142827854183565, 41.086305869559226],
          [-122.143698187515497, 41.085571202893675],
          [-122.14414032084818, 41.085212469560872],
          [-122.144206520848059, 41.084851002894766],
          [-122.14347298751585, 41.083961202896148],
          [-122.143317120849474, 41.083603202896711],
          [-122.143303520849486, 41.083512136230183],
          [-122.143260520849537, 41.083225269563968],
          [-122.143444387515899, 41.082745669564702],
          [-122.143605387515663, 41.0824624028985],
          [-122.14391078751521, 41.082097469565724],
          [-122.144322120847903, 41.081480002900037],
          [-122.144633120847402, 41.081208202900427],
          [-122.14537138751291, 41.081198202900453],
          [-122.145786120845628, 41.0813614695669],
          [-122.146172520845028, 41.081612669566482],
          [-122.147180854176781, 41.081719602899682],
          [-122.147482920843004, 41.081751602899601],
          [-122.148834787507553, 41.081854669566098],
          [-122.149552120839758, 41.081875602899402],
          [-122.149934254172535, 41.081809136232835],
          [-122.15023712083871, 41.081756469566244],
          [-122.150374320838466, 41.081693402899703],
          [-122.150479720838348, 41.081579802899853],
          [-122.150597720838164, 41.081360869566879],
          [-122.150700120837996, 41.080844469567694],
          [-122.150783787504508, 41.080172869568742],
          [-122.150739320837943, 41.079386402903253],
          [-122.150648520838047, 41.079008202903879],
          [-122.150597787504807, 41.078697602904356],
          [-122.150711787504633, 41.078341602904914],
          [-122.151113120837351, 41.077956602905488],
          [-122.15184932083622, 41.077574202906078],
          [-122.152331987502123, 41.077236402906635],
          [-122.15257538750177, 41.076379669574635],
          [-122.152608387501687, 41.0759404029086],
          [-122.152994520834454, 41.075141602909866],
          [-122.153235987500693, 41.074698669577231],
          [-122.153584520833533, 41.074168602911357],
          [-122.153881320833023, 41.073932869578414],
          [-122.154429120832219, 41.073854069578545],
          [-122.155323587497492, 41.073907202911755],
          [-122.156390187495845, 41.07386326957851],
          [-122.157212787494529, 41.073672802912142],
          [-122.157702787493804, 41.073293669579414],
          [-122.157921187493457, 41.072778069580181],
          [-122.157988987493354, 41.072282069580979],
          [-122.157958787493385, 41.071439002915611],
          [-122.157864987493554, 41.071029802916257],
          [-122.157851320826865, 41.070491802917104],
          [-122.157977920826681, 41.070213469584189],
          [-122.158073854159852, 41.070068202917753],
          [-122.158124120826471, 41.069992069584544],
          [-122.158674787492259, 41.069680669585011],
          [-122.159132520824926, 41.069553202918542],
          [-122.159579987490872, 41.06942866958542],
          [-122.160919120822143, 41.069453869585345],
          [-122.162258920820022, 41.069949802917904],
          [-122.163107987485375, 41.070343869583951],
          [-122.163565187484664, 41.070404069583901],
          [-122.16409232081719, 41.070320002917356],
          [-122.16438918748338, 41.070084202917712],
          [-122.164543120816518, 41.069806069584786],
          [-122.164580720816446, 41.069532202918595],
          [-122.164486987483258, 41.068838602919641],
          [-122.164759387482832, 41.067832069587894],
          [-122.164920787482572, 41.067497069588399],
          [-122.165758920814596, 41.066603402923135],
          [-122.165766720814588, 41.066525869589896],
          [-122.166070520814117, 41.066016002924016],
          [-122.166111454147426, 41.065342602925057],
          [-122.166113587480709, 41.065307869591777],
          [-122.165816587481174, 41.063397402928103],
          [-122.165846120814479, 41.063216602928378],
          [-122.165965787480957, 41.062943402928795],
          [-122.166275920813803, 41.062733602929143],
          [-122.166769787479723, 41.062576802929357],
          [-122.168900787476389, 41.062100869596748],
          [-122.170148987474477, 41.061727202930683],
          [-122.171022387473101, 41.061273202931375],
          [-122.171464720805773, 41.060878069598687],
          [-122.171874720805135, 41.060327669599531],
          [-122.171925787471707, 41.060069602933254],
          [-122.172192320804641, 41.059518069600756],
          [-122.172435587470943, 41.059188869601314],
          [-122.173062920803261, 41.058743469602007],
          [-122.174044120801739, 41.05840920293582],
          [-122.174306120801361, 41.058219602936106],
          [-122.175018787466911, 41.057495469603907],
          [-122.175259120799865, 41.057137069604494],
          [-122.175408720799624, 41.056914002938186],
          [-122.175618787465964, 41.056227602939202],
          [-122.175663254132587, 41.055856069606477],
          [-122.175670387465914, 41.055796069606572],
          [-122.175817187465668, 41.054569002941776],
          [-122.175840920798976, 41.053214202943877],
          [-122.175813587465655, 41.052861469611116],
          [-122.175779187465707, 41.052417402945139],
          [-122.175651520799249, 41.051929069612584],
          [-122.1755379874661, 41.051495002946581],
          [-122.175371387466384, 41.050604402947954],
          [-122.175377387466369, 41.050128602948689],
          [-122.175518654132816, 41.049876602949098],
          [-122.175593987466016, 41.049742269615933],
          [-122.17605638746528, 41.049357669616541],
          [-122.17709618746369, 41.048692869617582],
          [-122.178428254128278, 41.048180136285055],
          [-122.178784787461041, 41.048042869618598],
          [-122.178815587461031, 41.048019669618611],
          [-122.179350320793503, 41.047617669619228],
          [-122.17932352079356, 41.04647460295439],
          [-122.178841187460989, 41.045711002955557],
          [-122.178287187461819, 41.045210602956331],
          [-122.178058720795548, 41.044924469623425],
          [-122.177927187462387, 41.0444994696241],
          [-122.177916787462436, 41.044246002957834],
          [-122.177996454128959, 41.044010336291535],
          [-122.178023187462259, 41.043931269624977],
          [-122.178182587462004, 41.043741069625298],
          [-122.178306520795161, 41.043669469625399],
          [-122.178443387461584, 41.043649869625426],
          [-122.178585720794729, 41.043662602958705],
          [-122.178832320794299, 41.043657202958741],
          [-122.179158720793794, 41.043772469625196],
          [-122.179252987460359, 41.04380546962517],
          [-122.179477920793317, 41.043920669624981],
          [-122.179818720792809, 41.044102002958027],
          [-122.180057987459065, 41.044255669624476],
          [-122.180609720791551, 41.044394402957607],
          [-122.18143598745695, 41.044405469624223],
          [-122.181955387456128, 41.044378069624258],
          [-122.182528587455238, 41.044433869624186],
          [-122.182951854121256, 41.044524202957405],
          [-122.1830053874545, 41.044535602957353],
          [-122.183284587454068, 41.044604669623936],
          [-122.183604787453589, 41.04467426962384],
          [-122.183999320786313, 41.044816669623629],
          [-122.184788387451761, 41.045086002956509],
          [-122.185578920783826, 41.04522606962297],
          [-122.185879987450051, 41.045181602956347],
          [-122.18649458744909, 41.044653269623836],
          [-122.187239120781271, 41.044100069624733],
          [-122.187908720780229, 41.043525469625592],
          [-122.188615120779161, 41.042744402960125],
          [-122.189155720778274, 41.042101802961156],
          [-122.189566920777679, 41.041990869627966],
          [-122.19005698744354, 41.042128802961088],
          [-122.190652987442661, 41.042546669627143],
          [-122.191077187441977, 41.042743469626828],
          [-122.192011387440516, 41.043176802959465],
          [-122.19282092077259, 41.043494136292338],
          [-122.19369052077127, 41.043835002958474],
          [-122.194609720769847, 41.044068869624766],
          [-122.195060387435774, 41.044082402958054],
          [-122.195485787435132, 41.043925069625004],
          [-122.196157387434084, 41.043743602958614],
          [-122.196733720766531, 41.043535602958912],
          [-122.19723372076578, 41.043425202959099],
          [-122.197481787432025, 41.043246002959393],
          [-122.197655587431768, 41.042993802959757],
          [-122.197735920764956, 41.042570269627106],
          [-122.197680120765085, 41.042104402961172],
          [-122.197801987431546, 41.041634669628536],
          [-122.198195387430928, 41.040851136296396],
          [-122.198228920764222, 41.040784269629853],
          [-122.198489787430503, 41.040113869630886],
          [-122.1987349874301, 41.039598402965055],
          [-122.199017720762981, 41.039388269632013],
          [-122.1993255874292, 41.039343869632091],
          [-122.199796787428454, 41.039352269632104],
          [-122.200110720761302, 41.039532069631832],
          [-122.200217320761112, 41.039593069631735],
          [-122.200719520760344, 41.040424069630433],
          [-122.201123787426411, 41.040876869629699],
          [-122.20156492075904, 41.04111766962933],
          [-122.20211538742484, 41.04118506962925],
          [-122.202506187424262, 41.041232869629141],
          [-122.203470120756094, 41.041156802962632],
          [-122.204587987421007, 41.040781802963181],
          [-122.205246320753304, 41.040433802963719],
          [-122.205399187419744, 41.040353002963855],
          [-122.206003787418808, 41.040057202964306],
          [-122.206318920751642, 41.03997660296443],
          [-122.206654387417814, 41.039906469631205],
          [-122.207214187416923, 41.039936202964498],
          [-122.207991587415734, 41.040039869631016],
          [-122.209016787414157, 41.039984802964455],
          [-122.209186587413853, 41.039903602964557],
          [-122.209421987413521, 41.039791069631406],
          [-122.209865920746154, 41.039235602965618],
          [-122.210282920745499, 41.038628202966549],
          [-122.210827187411326, 41.038238869633801],
          [-122.211624187410109, 41.037840869634408],
          [-122.212051987409438, 41.03748180296833],
          [-122.21256832074198, 41.037133669635523],
          [-122.213028987407881, 41.036878269635906],
          [-122.214189520739467, 41.036358669636741],
          [-122.214330987405901, 41.036198336303642],
          [-122.214452587405674, 41.036060469637221],
          [-122.21469812073866, 41.035508802971378],
          [-122.214755920738583, 41.03546046963811],
          [-122.215249987404434, 41.035047202972123],
          [-122.215472320737433, 41.034733202972575],
          [-122.215609120737213, 41.034489936306272],
          [-122.215660720737162, 41.03439826963978],
          [-122.215857387403503, 41.033944602973804],
          [-122.216233387402951, 41.033336802974759],
          [-122.216711387402199, 41.032760869642289],
          [-122.216885187401942, 41.032503469642734],
          [-122.217003120735058, 41.032344002976288],
          [-122.217116387401575, 41.032008469643472],
          [-122.217201587401405, 41.031740202977232],
          [-122.217190520734789, 41.031523002977565],
          [-122.217078720734946, 41.031155002978153],
          [-122.216825720735358, 41.030615469645625],
          [-122.216328587402813, 41.029908669646716],
          [-122.215987587403333, 41.029488536314034],
          [-122.215830587403559, 41.029295069647674],
          [-122.215547787403978, 41.028957002981542],
          [-122.215434520737517, 41.028718402981951],
          [-122.215450587404121, 41.028511602982235],
          [-122.215542587404002, 41.028238069649319],
          [-122.215695587403786, 41.02800640298301],
          [-122.215874720736849, 41.02787840298322],
          [-122.216334520736098, 41.027684869650216],
          [-122.216445187402599, 41.027571869650387],
          [-122.216811520735348, 41.027202069650968],
          [-122.217039720734988, 41.02695540298464],
          [-122.217301920734599, 41.026734802985004],
          [-122.21770818740066, 41.026447869652088],
          [-122.217859987400402, 41.026314469652334],
          [-122.217985187400188, 41.026129202985942],
          [-122.218256920733154, 41.025676002986643],
          [-122.218535920732677, 41.025176202987439],
          [-122.219012720731939, 41.024693269654847],
          [-122.219540587397773, 41.023936602989352],
          [-122.219899254063932, 41.023489269656693],
          [-122.220192187396776, 41.023123869657297],
          [-122.220814587395807, 41.02234333632515],
          [-122.220874387395725, 41.022268269658582],
          [-122.220885320729053, 41.02225460299195],
          [-122.221263587395129, 41.021582002993],
          [-122.22129678739509, 41.021523002993092],
          [-122.221494320728084, 41.020986469660613],
          [-122.221450387394839, 41.020491336328007],
          [-122.22144612072816, 41.020443069661439],
          [-122.221200987395207, 41.019810469662389],
          [-122.220931920728958, 41.019457069662963],
          [-122.220704787396016, 41.019026269663641],
          [-122.220517120729596, 41.018735402997436],
          [-122.220105120730238, 41.018355069664665],
          [-122.220063254063632, 41.018272002998117],
          [-122.220044987396989, 41.01823580299822],
          [-122.2198053207307, 41.017727402998958],
          [-122.219664120730954, 41.017535002999296],
          [-122.219440987397945, 41.017342069666256],
          [-122.21921212073164, 41.017082002999985],
          [-122.218991120731971, 41.016708203000576],
          [-122.218967987398685, 41.016361469667743],
          [-122.219072987398533, 41.016139869668109],
          [-122.219172120731685, 41.01583020300194],
          [-122.21914692073176, 41.015080203003095],
          [-122.219131520731764, 41.014930469669991],
          [-122.219110187398485, 41.014723003003667],
          [-122.219016720731929, 41.014541403003932],
          [-122.218746187399006, 41.014322403004257],
          [-122.218611987399242, 41.014124869671264],
          [-122.218475054066118, 41.013855936338302],
          [-122.218345120732977, 41.013600803005374],
          [-122.217954587400243, 41.013137869672789],
          [-122.217575387400871, 41.012871603006545],
          [-122.216884320735232, 41.012427403007223],
          [-122.216050120736554, 41.011961403007945],
          [-122.215910320736782, 41.011874536341395],
          [-122.215561987403987, 41.011658069675093],
          [-122.214878920738386, 41.011120803009248],
          [-122.214446587405689, 41.010689869676582],
          [-122.214069187406267, 41.010313669677146],
          [-122.213922787406545, 41.009992003011007],
          [-122.213744187406803, 41.009821403011244],
          [-122.213639320740299, 41.009721203011395],
          [-122.21349098740717, 41.00956500301163],
          [-122.213427454073951, 41.009425469678547],
          [-122.213417787407309, 41.009404203011911],
          [-122.213425320740612, 41.009347403011986],
          [-122.213219787407638, 41.008834003012794],
          [-122.213026987407886, 41.008398203013485],
          [-122.212907787408085, 41.008092269680617],
          [-122.212878187408137, 41.00770940301453],
          [-122.213000120741299, 41.007218869681935],
          [-122.213354787407411, 41.006668003016159],
          [-122.213902120739874, 41.005994269683868],
          [-122.214186587406118, 41.005608269684444],
          [-122.214442320739067, 41.005346269684878],
          [-122.214568187405519, 41.00509380301861],
          [-122.214629120738778, 41.004561403019409],
          [-122.214579387405479, 41.00415766968672],
          [-122.214373387405828, 41.003675403020793],
          [-122.214225787406065, 41.003460603021153],
          [-122.213984187406425, 41.003109003021677],
          [-122.213513320740503, 41.002396869689449],
          [-122.21342772074064, 41.002267403022984],
          [-122.212999320741289, 41.001940669690157],
          [-122.212832387408184, 41.001813403023675],
          [-122.212358120742294, 41.001510269690812],
          [-122.211379387410489, 41.001157069691374],
          [-122.21044172074528, 41.000799003025236],
          [-122.21041365407865, 41.000782269691967],
          [-122.209933320746018, 41.00049560302574],
          [-122.209377987413575, 41.000119403026304],
          [-122.209086187414016, 40.999873603026685],
          [-122.208894320747675, 40.999707269693602],
          [-122.208646187414729, 40.999322803027553],
          [-122.208686320747972, 40.998807669694997],
          [-122.208688787414644, 40.998776069695055],
          [-122.209027187414108, 40.9976570696968],
          [-122.20932252074698, 40.996847469698082],
          [-122.209474987413444, 40.996429403032039],
          [-122.209994587412609, 40.99522960303392],
          [-122.210692187411553, 40.994249803035416],
          [-122.212113387409318, 40.993110803037212],
          [-122.212696187408426, 40.992677203037886],
          [-122.213426120740621, 40.991998403038906],
          [-122.213645987406949, 40.991726469706009],
          [-122.213674720740244, 40.99153626970633],
          [-122.213724320740141, 40.991207403040164],
          [-122.213689720740206, 40.991153669706875],
          [-122.21347632074054, 40.990822803040771],
          [-122.212936787408069, 40.990655003041013],
          [-122.212693520741766, 40.99063726970769],
          [-122.212107387409333, 40.990594603041075],
          [-122.211498120743613, 40.990234869708331],
          [-122.210853720744637, 40.989793003042337],
          [-122.210026787412573, 40.989513803042769],
          [-122.208765987414552, 40.989313669709759],
          [-122.208188920748739, 40.989282403043148],
          [-122.207654254082911, 40.989170403043317],
          [-122.207648920749591, 40.989169269709976],
          [-122.207147187417036, 40.98886500304377],
          [-122.206578920751269, 40.988230869711458],
          [-122.206505987418041, 40.988149469711573],
          [-122.206209120751851, 40.987584803045763],
          [-122.205870987419019, 40.986941803046761],
          [-122.205826187419063, 40.986829669713586],
          [-122.205521654086226, 40.986066936381462],
          [-122.205520587419585, 40.986064203048159],
          [-122.205224054086671, 40.985533203048931],
          [-122.204707987420818, 40.984609069717067],
          [-122.204100120755072, 40.983415003052244],
          [-122.203967520755327, 40.983154469719295],
          [-122.203720787422355, 40.982660469720088],
          [-122.202998787423496, 40.982682869720065],
          [-122.201366320759348, 40.983382669718935],
          [-122.19984478742839, 40.983864403051541],
          [-122.199156387429468, 40.984078403051228],
          [-122.19819598743095, 40.984071736384578],
          [-122.19792952076466, 40.984069869717871],
          [-122.197349387432268, 40.983900336384806],
          [-122.197066320765998, 40.983817669718292],
          [-122.196674120766602, 40.983432069718901],
          [-122.196605787433384, 40.983208403052572],
          [-122.196431120766988, 40.982637269720101],
          [-122.196882387432993, 40.981136203055769],
          [-122.196798387433091, 40.980922003056094],
          [-122.196400587433743, 40.980382869723599],
          [-122.196329120767189, 40.980037803057485],
          [-122.196535920766848, 40.979656203058084],
          [-122.196638120766693, 40.979561203058211],
          [-122.197221787432454, 40.979354469725195],
          [-122.199830520761736, 40.97887466972594],
          [-122.201199387426243, 40.978520269726516],
          [-122.201629120758923, 40.97829213639352],
          [-122.201911520758472, 40.978142203060429],
          [-122.202116920758158, 40.977875469727508],
          [-122.20212078742486, 40.977549869728023],
          [-122.201670587425554, 40.977163669728611],
          [-122.201146920759697, 40.976585603062858],
          [-122.200789920760258, 40.975957736397163],
          [-122.200676787427085, 40.975758803064139],
          [-122.200733120760333, 40.975280403064858],
          [-122.201245987426205, 40.974651869732497],
          [-122.20163172075894, 40.974099269733358],
          [-122.201939120758482, 40.973756603067216],
          [-122.202271920757937, 40.973395003067822],
          [-122.202521787424189, 40.972843736402012],
          [-122.202628654090745, 40.972608003069013],
          [-122.202998787423496, 40.971791403070313],
          [-122.203332787422937, 40.971334003070979],
          [-122.204246120754874, 40.971033803071464],
          [-122.205385987419788, 40.970792803071845],
          [-122.206756320750969, 40.970304269739245],
          [-122.207672720749542, 40.969736003073479],
          [-122.207878587415905, 40.969411803073967],
          [-122.207873254082585, 40.969375936407346],
          [-122.207761787416075, 40.968625869741857],
          [-122.207588787416341, 40.968299003075686],
          [-122.207369920750011, 40.967588869743452],
          [-122.207342787416735, 40.96753966974353],
          [-122.207147387417024, 40.967185203077463],
          [-122.206648520751116, 40.966645469744947],
          [-122.206429720751487, 40.966267803078836],
          [-122.206202987418521, 40.965876403079449],
          [-122.206110720751951, 40.965148003080571],
          [-122.206519587418029, 40.964748669747905],
          [-122.206988187417267, 40.964370803081806],
          [-122.207131987417085, 40.964254869748629],
          [-122.207745120749451, 40.963684603082868],
          [-122.20876218741455, 40.963136069750362],
          [-122.208965854080873, 40.963060603083818],
          [-122.209775587412935, 40.962760669750992],
          [-122.209929587412717, 40.962703603084378],
          [-122.210469520745221, 40.962460603084764],
          [-122.210767920744729, 40.962326269751657],
          [-122.212166387409241, 40.961569803086149],
          [-122.212237054075786, 40.961520269752896],
          [-122.213032520741251, 40.960962869753757],
          [-122.214015520739736, 40.960088003088458],
          [-122.214207120739388, 40.959917469755396],
          [-122.215045587404802, 40.959501869756025],
          [-122.215985120736661, 40.959106069756615],
          [-122.217122120734871, 40.959094603089966],
          [-122.217873320733702, 40.959194869756516],
          [-122.218030120733488, 40.959215803089819],
          [-122.218307187399716, 40.959200203089836],
          [-122.218636920732536, 40.95918160308986],
          [-122.219093120731827, 40.959050469756733],
          [-122.219265854064872, 40.95887053642366],
          [-122.219604587397725, 40.958517669757555],
          [-122.21986818739731, 40.957581069758987],
          [-122.22053592072956, 40.956666403093777],
          [-122.221200587395231, 40.956000603094822],
          [-122.222013587393974, 40.955603803095414],
          [-122.222099987393847, 40.955600536428733],
          [-122.22244318739331, 40.95558760309541],
          [-122.223021320725707, 40.955840403095067],
          [-122.223903387391033, 40.95601866976142],
          [-122.224483187390149, 40.956118403094592],
          [-122.224726587389739, 40.956120003094611],
          [-122.225013587389299, 40.956121869761262],
          [-122.22524158738895, 40.956107736427953],
          [-122.225291720722225, 40.956104669761316],
          [-122.225723187388212, 40.955935203094896],
          [-122.226130120720882, 40.955715003095236],
          [-122.226282387387357, 40.955632603095353],
          [-122.226891587386376, 40.955387669762388],
          [-122.228839920716723, 40.955113403096163],
          [-122.2292171207161, 40.955269069762608],
          [-122.229846787381803, 40.955426469762358],
          [-122.230628920713912, 40.95550826976222],
          [-122.231321454046167, 40.955566936428795],
          [-122.231613187379082, 40.955591603095456],
          [-122.233204320709945, 40.955621269762048],
          [-122.23398692070873, 40.955626469762024],
          [-122.23413892070846, 40.955627469762021],
          [-122.23454538737451, 40.955419469762376],
          [-122.234675320707652, 40.955114003096185],
          [-122.234751787374194, 40.954315869764059],
          [-122.23476152070748, 40.954214269764236],
          [-122.234724720707561, 40.953026669766075],
          [-122.23477758737414, 40.952816403099746],
          [-122.235590920706215, 40.952400469767042],
          [-122.236607987371315, 40.951813469767956],
          [-122.236967320704082, 40.951318003102074],
          [-122.237477987369971, 40.950842469769441],
          [-122.238190520702176, 40.950387603103536],
          [-122.238774320701282, 40.950142403103882],
          [-122.239411120700311, 40.9496870031046],
          [-122.239717587366499, 40.94938260310505],
          [-122.239922987366185, 40.949096669772189],
          [-122.239973787366068, 40.948877269772538],
          [-122.240002720699351, 40.948752469772728],
          [-122.239958787366106, 40.948177603106956],
          [-122.239836920699645, 40.947793803107515],
          [-122.239718720699841, 40.947084403108647],
          [-122.23975018736644, 40.946931469775564],
          [-122.239852520699628, 40.94643406977633],
          [-122.240157987365819, 40.946225403109963],
          [-122.240552720698531, 40.946069136443555],
          [-122.242018520696263, 40.945488669777774],
          [-122.243202787361099, 40.945019669778503],
          [-122.24368698736032, 40.94463986977911],
          [-122.243717387360277, 40.944432269779441],
          [-122.243768854026882, 40.944080803113309],
          [-122.243933587359948, 40.942956069781701],
          [-122.244195920692846, 40.942096003116376],
          [-122.244369254025912, 40.941664336450401],
          [-122.244663720692131, 40.940930803118192],
          [-122.24526438735785, 40.940089269786142],
          [-122.245548520690761, 40.939691136453462],
          [-122.245789187357047, 40.939354003120627],
          [-122.246705920688953, 40.938189869789085],
          [-122.246757254022214, 40.938124669789204],
          [-122.24684372068873, 40.938014869789356],
          [-122.246879120688675, 40.937927269789498],
          [-122.247415387354522, 40.936601403124882],
          [-122.247374054021236, 40.936029736459147],
          [-122.247328120687996, 40.935394203126805],
          [-122.247590187354263, 40.934553203128075],
          [-122.249354187351514, 40.93264960313104],
          [-122.249461320684702, 40.932114003131858],
          [-122.249509920684602, 40.930045869801745],
          [-122.249155720685167, 40.929520003135906],
          [-122.248913920685538, 40.929161003136471],
          [-122.246117320689905, 40.928606469803981],
          [-122.245679920690577, 40.927109803139615],
          [-122.245673120690583, 40.926699069806943],
          [-122.245660387357248, 40.925926869808166],
          [-122.245656654023946, 40.925700069808499],
          [-122.24562012069066, 40.923489803145287],
          [-122.245661720690578, 40.923137736479134],
          [-122.245703787357172, 40.922781669813048],
          [-122.245562720690714, 40.922517203146754],
          [-122.243880520693381, 40.919362936485015],
          [-122.243182387361117, 40.918053869820369],
          [-122.243010587361368, 40.917612203154363],
          [-122.240011387366053, 40.914968669825157],
          [-122.238557654034935, 40.914169803159723],
          [-122.236778920704353, 40.913192203161259],
          [-122.236448987371546, 40.913010869828213],
          [-122.234522920707889, 40.911466003163923],
          [-122.234198854041722, 40.91071233649842],
          [-122.233465720709546, 40.909007469834421],
          [-122.233537720709421, 40.90821346983563],
          [-122.233639320709244, 40.907093469837378],
          [-122.23290598737708, 40.905020203173933],
          [-122.231681720712288, 40.903939469842271],
          [-122.230702587380449, 40.903473403176349],
          [-122.230042654048191, 40.903257003176691],
          [-122.229749320715314, 40.903160869843475],
          [-122.226949587386287, 40.90224280317824],
          [-122.226572654053541, 40.902119203178415],
          [-122.224919187389446, 40.901577003179284],
          [-122.224957120722706, 40.90028960318125],
          [-122.224960920722708, 40.900160003181497],
          [-122.225266387388899, 40.899669736515591],
          [-122.225742720721485, 40.898905336516748],
          [-122.226992987386211, 40.896898669853215],
          [-122.227174387385958, 40.896412603187287],
          [-122.227670320718516, 40.895083669856035],
          [-122.227574920718666, 40.894808736523089],
          [-122.227304120719054, 40.894027869857666],
          [-122.225779987388137, 40.892696269859698],
          [-122.225325120722175, 40.892273003193736],
          [-122.223458187391714, 40.890535603196383],
          [-122.223149987392219, 40.889970069863978],
          [-122.223081987392277, 40.889845269864168],
          [-122.222494587393214, 40.888767203199166],
          [-122.222383720726725, 40.88746406986786],
          [-122.223352187391868, 40.886647069869127],
          [-122.224199720723902, 40.886175803203173],
          [-122.226162054054214, 40.885084536538216],
          [-122.226857387386417, 40.884697869872127],
          [-122.227275520719104, 40.883954869873264],
          [-122.227888120718148, 40.882866203208323],
          [-122.227327387385685, 40.881177069877594],
          [-122.229300987382658, 40.878031669882489],
          [-122.229701987382043, 40.877392536550133],
          [-122.231280787379603, 40.87487600322072],
          [-122.234144787375158, 40.872589469890954],
          [-122.237289920703574, 40.871599536559131],
          [-122.238512720701692, 40.87121466989305],
          [-122.240001920699399, 40.870745869893767],
          [-122.241526520696993, 40.868695603230321],
          [-122.243489054027293, 40.866056203234393],
          [-122.244902654025111, 40.864154936570685],
          [-122.245242987357926, 40.863697136571375],
          [-122.245884320690266, 40.86283446990609],
          [-122.251114720682097, 40.8598470699107],
          [-122.252007587347407, 40.859511803244573],
          [-122.252029587347351, 40.85950346991126],
          [-122.254221387343989, 40.856591069915794],
          [-122.255697454008327, 40.854629469918791],
          [-122.256462454007135, 40.853612803253725],
          [-122.258888187336709, 40.850388736592038],
          [-122.26005312066826, 40.848840336594435],
          [-122.260287587334574, 40.848528669928271],
          [-122.260356920667789, 40.848436669928446],
          [-122.260493987334257, 40.848023336595759],
          [-122.261232987333074, 40.845795469932511],
          [-122.261987387331942, 40.843521003269359],
          [-122.262369253997974, 40.841710403272202],
          [-122.26248992066445, 40.841138269939734],
          [-122.264003987328806, 40.83763300327854],
          [-122.264968920660635, 40.835398869948676],
          [-122.265294720660108, 40.832187203286992],
          [-122.265399187326636, 40.83196586995399],
          [-122.265799453992656, 40.83111766995529],
          [-122.267406053990157, 40.827712869960578],
          [-122.267506587323339, 40.827499869960945],
          [-122.271095853984434, 40.824653536632013],
          [-122.274876253978562, 40.821655203303351],
          [-122.275940253976898, 40.820811203304629],
          [-122.277446320641275, 40.819616603306486],
          [-122.280368053970051, 40.818202803308679],
          [-122.283044053965909, 40.816907803310698],
          [-122.28463058729676, 40.816140003311887],
          [-122.28531472062906, 40.815434669979652],
          [-122.286180520627681, 40.814542003314386],
          [-122.290531587287603, 40.810055469988015],
          [-122.294178320615288, 40.807109669992599],
          [-122.292621520617672, 40.803751536664436],
          [-122.292138387285092, 40.802709269999411],
          [-122.294265387281825, 40.798436670006026],
          [-122.294317920615072, 40.796699670008707],
          [-122.296879720611059, 40.790811736684532],
          [-122.29835785394215, 40.787413870023158],
          [-122.299179720607526, 40.785524470026076],
          [-122.299702187273397, 40.784323203361282],
          [-122.299318120607325, 40.779819803368241],
          [-122.29995312060629, 40.776061803374091],
          [-122.300022320606217, 40.775253403375359],
          [-122.299979520606257, 40.773634003377879],
          [-122.300677387271833, 40.771921270047187],
          [-122.301256387270939, 40.77175407004745],
          [-122.30205518726973, 40.771432270047967],
          [-122.303490720600848, 40.77094727004868],
          [-122.304629920599041, 40.770426403382828],
          [-122.304677259140647, 40.769895372133647],
          [-122.305639587264182, 40.767497870054058],
          [-122.306678320595893, 40.767269403387729],
          [-122.308380387259888, 40.767012936721471],
          [-122.309675920591246, 40.766817670055104],
          [-122.310507187256576, 40.76623100338935],
          [-122.312386187253708, 40.764677203391784],
          [-122.312668387253268, 40.764224003392485],
          [-122.313156187252503, 40.763739203393243],
          [-122.314717987250049, 40.763097736727559],
          [-122.315341187249089, 40.762841803394622],
          [-122.318776453910459, 40.762811003394688],
          [-122.322491320571316, 40.762825203394641],
          [-122.324919787234251, 40.762753603394742],
          [-122.331037587224728, 40.760728670064566],
          [-122.338329720546767, 40.759783403399354],
          [-122.341614587208312, 40.758729003401015],
          [-122.343843387204856, 40.756388603404616],
          [-122.347101320533113, 40.755070403406705],
          [-122.359345520514125, 40.754239470074651],
          [-122.363964763215279, 40.758098592985334],
          [-122.370119587164083, 40.765486603390514],
          [-122.37612058715473, 40.761718070063012],
          [-122.38010232048191, 40.756599470070967],
          [-122.382447320478263, 40.753965070075083],
          [-122.386173120472506, 40.747728270084735],
          [-122.38727278713742, 40.745266003421875],
          [-122.387334920470664, 40.745248403421897],
          [-122.392393120462827, 40.743817070090813],
          [-122.399572587118371, 40.742658736759267],
          [-122.406150387108141, 40.741597070094258],
          [-122.409781387102498, 40.740994203428556],
          [-122.413873587096134, 40.735791403436622],
          [-122.413763520429654, 40.734657536771692],
          [-122.413712853763059, 40.734134870105834],
          [-122.41322492043048, 40.72910687011364],
          [-122.414460653761921, 40.726963603450315],
          [-122.415187253760791, 40.725703403452258],
          [-122.416075387092746, 40.724162803454647],
          [-122.416309587092371, 40.723756603455286],
          [-122.419213587087881, 40.718718803463105],
          [-122.419853920420223, 40.717849070131138],
          [-122.420078920419883, 40.717636270131436],
          [-122.420776720418758, 40.716969803465815],
          [-122.422144720416668, 40.716563803466443],
          [-122.42500218707886, 40.716058870133907],
          [-122.426975520409144, 40.715585003467993],
          [-122.428625187073237, 40.71488527013571],
          [-122.429247987072301, 40.714569803469544],
          [-122.42925492040564, 40.714556603469589],
          [-122.429618520405029, 40.713863803470645],
          [-122.430555320403585, 40.713101470138497],
          [-122.43186332040159, 40.712459003472816],
          [-122.433081453732996, 40.711960403473597],
          [-122.433714787065355, 40.711701203473979],
          [-122.43534632039615, 40.711284470141322],
          [-122.436200520394834, 40.711123470141558],
          [-122.438476120391329, 40.710627203475667],
          [-122.439359987056605, 40.710607870142383],
          [-122.439588787056266, 40.710499470142508],
          [-122.439951587055702, 40.710327670142817],
          [-122.440733320387778, 40.70956447014396],
          [-122.44122298705372, 40.708481470145671],
          [-122.441042787053959, 40.707772670146767],
          [-122.441124187053845, 40.707313003480806],
          [-122.441628387053072, 40.706347870148988],
          [-122.442439787051796, 40.705714803483318],
          [-122.443484920383526, 40.704952870151146],
          [-122.445479187047113, 40.703770870152994],
          [-122.446633120378635, 40.702974070154198],
          [-122.447275320377628, 40.702186670155413],
          [-122.447962120376587, 40.701611870156341],
          [-122.448305187042706, 40.701365803490035],
          [-122.449317787041139, 40.700757070157636],
          [-122.450333720372896, 40.699759070159189],
          [-122.451152520371636, 40.698229203494918],
          [-122.451312787038034, 40.697581003495941],
          [-122.450827520372115, 40.69626907016459],
          [-122.449812987040389, 40.695226070166257],
          [-122.448366920375975, 40.693886003501632],
          [-122.448798320375261, 40.692330603504047],
          [-122.449504720374193, 40.691260270172393],
          [-122.450535120372592, 40.688469003510079],
          [-122.450617387039131, 40.686935670179082],
          [-122.450283987039654, 40.686013803513845],
          [-122.449754670373807, 40.684556801432791],
          [-122.449511120374154, 40.683886403517192],
          [-122.450208187039777, 40.682049203520023],
          [-122.451632120370903, 40.680392403522603],
          [-122.453785320367558, 40.678609203525355],
          [-122.456668720363041, 40.676605270195125],
          [-122.457981387027701, 40.675254670197262],
          [-122.45922288702576, 40.674288848323727],
          [-122.459338120358893, 40.674199203532226],
          [-122.460152320357679, 40.673164803533837],
          [-122.460415987023907, 40.671207403536869],
          [-122.460108920357698, 40.668940803540352],
          [-122.459807697441533, 40.668064386875074],
          [-122.459442787025409, 40.667002670210024],
          [-122.459510320358675, 40.665351203545924],
          [-122.459980320357943, 40.662793203549938],
          [-122.459757387024922, 40.660656603553207],
          [-122.458417320360354, 40.65969467022137],
          [-122.456722320362985, 40.658565870223129],
          [-122.455269387031876, 40.658134270223798],
          [-122.452378787036366, 40.657341870225025],
          [-122.450302120372953, 40.657438203558229],
          [-122.44309192038412, 40.658182403557078],
          [-122.441527787053246, 40.658092203557203],
          [-122.440962720387461, 40.658054070223955],
          [-122.439716120389392, 40.657057003558805],
          [-122.439115387056972, 40.654788670228982],
          [-122.439009720390459, 40.654457870229521],
          [-122.438403520391432, 40.652862070232004],
          [-122.438364720391462, 40.651953470233423],
          [-122.439183387056858, 40.650376403569169],
          [-122.44088012038759, 40.647541270240254],
          [-122.442196520385551, 40.645707070243077],
          [-122.44303532038424, 40.644495870244953],
          [-122.443705320383174, 40.642163070248614],
          [-122.443849587049613, 40.641573870249488],
          [-122.44509912038103, 40.639385270252887],
          [-122.44611218704614, 40.638623270254072],
          [-122.44723372037771, 40.637838070255327],
          [-122.44977212037378, 40.636163070257908],
          [-122.450449987039406, 40.634703270260161],
          [-122.450508787039269, 40.632858003596368],
          [-122.450458187039374, 40.631812670264651],
          [-122.450483520372643, 40.630621270266488],
          [-122.4511445870383, 40.629326470268552],
          [-122.452486920369552, 40.628998270269051],
          [-122.453407720368148, 40.62715460360522],
          [-122.453049987035342, 40.625453870274555],
          [-122.45246735786958, 40.624874094233746],
          [-122.450942987038616, 40.62380840361044],
          [-122.450853320372062, 40.623745803610518],
          [-122.449762187040449, 40.622983603611715],
          [-122.448214787042843, 40.621940003613304],
          [-122.446607787045366, 40.620452203615628],
          [-122.445560187046965, 40.617523203620181],
          [-122.445557520380305, 40.613677203626139],
          [-122.446089520379473, 40.612134870295222],
          [-122.446082609962843, 40.611591643212705],
          [-122.446082520379491, 40.61158460362941],
          [-122.445614387046874, 40.610196803631538],
          [-122.445954520379701, 40.609080270299955],
          [-122.445938987046361, 40.608298270301191],
          [-122.4460079203796, 40.607970670301654],
          [-122.445895920379769, 40.606835203636763],
          [-122.445437320380506, 40.605508870305471],
          [-122.445172120380903, 40.604859470306508],
          [-122.444617320381781, 40.604194070307528],
          [-122.444316587048888, 40.603161603642491],
          [-122.444168587049148, 40.602365403643716],
          [-122.443773787049736, 40.601023070312465],
          [-122.442703187051393, 40.599633403647942],
          [-122.441666587053021, 40.59880360364923],
          [-122.440919120387491, 40.598078203650346],
          [-122.439976787055627, 40.597513870317925],
          [-122.4389403203906, 40.596684003652513],
          [-122.437933120392131, 40.595810003653867],
          [-122.436335320394619, 40.595110003654952],
          [-122.435082187063244, 40.594750403655553],
          [-122.434783015188714, 40.594650374488992],
          [-122.434124720398074, 40.594430270322675],
          [-122.43270452040025, 40.594171603656434],
          [-122.431433987068885, 40.594223403656372],
          [-122.430340187070613, 40.5944116703227],
          [-122.429195387072355, 40.594638403655722],
          [-122.425669587077834, 40.594059403656615],
          [-122.422381438124603, 40.593864815115239],
          [-122.421023787085062, 40.593784470323669],
          [-122.416889987091452, 40.593047203658159],
          [-122.411482720433185, 40.592729403658666],
          [-122.410685147517768, 40.592764108866959],
          [-122.406705720440641, 40.592937270325024],
          [-122.40055618711682, 40.593254070324519],
          [-122.395429120458118, 40.592840003658466],
          [-122.395366520458197, 40.592826403658535],
          [-122.391778787130477, 40.592046403659708],
          [-122.388686387135238, 40.591371803660763],
          [-122.386399787138828, 40.591437070327345],
          [-122.38294212047748, 40.591805870326766],
          [-122.378415987151186, 40.592362470325895],
          [-122.376438187154235, 40.592671203658767],
          [-122.37611872048808, 40.592478003659039],
          [-122.369519320498341, 40.591861203660017],
          [-122.366982787168922, 40.591382403660759],
          [-122.365485120504616, 40.591238603660997],
          [-122.364627187172573, 40.590594670328642],
          [-122.364040249673508, 40.590347144287364],
          [-122.363659536132445, 40.589871252621435],
          [-122.363659536132445, 40.589371565122235],
          [-122.364040249673508, 40.588800495331441],
          [-122.365158596546792, 40.588229424498991],
          [-122.367909320500814, 40.58743600366688],
          [-122.368078987167223, 40.586279603668686],
          [-122.368738320499574, 40.585527670336489],
          [-122.368054720500595, 40.58437467033832],
          [-122.368078320500558, 40.582315203674852],
          [-122.36702792050221, 40.581444203676199],
          [-122.365834787170741, 40.580901670343678],
          [-122.364402987172923, 40.580061003678338],
          [-122.363929520506986, 40.579096270346497],
          [-122.363866187173755, 40.578624603680566],
          [-122.363706120507345, 40.577209670349419],
          [-122.363817520507212, 40.576177203684381],
          [-122.364126320506728, 40.57575280368502],
          [-122.365297987171573, 40.575423470352177],
          [-122.367094987168741, 40.575226803685837],
          [-122.368860787166, 40.574758603686575],
          [-122.369900720497753, 40.574028270354347],
          [-122.370871920496256, 40.573387870355361],
          [-122.372304387160682, 40.572323803690324],
          [-122.372875670493102, 40.57204365160743],
          [-122.373997320491412, 40.571493603691636],
          [-122.375344587155951, 40.570467870359892],
          [-122.376118920488068, 40.569333070361665],
          [-122.376785787153722, 40.567981870363724],
          [-122.376683720487222, 40.566060603700066],
          [-122.376117720488082, 40.564258870369542],
          [-122.374695587156964, 40.559242470377285],
          [-122.374484387157281, 40.556477870381627],
          [-122.375086520489674, 40.554996203717224],
          [-122.376120187154754, 40.553587403719405],
          [-122.375963920488346, 40.553038070386947],
          [-122.375869387155149, 40.551365203722867],
          [-122.375637120488818, 40.549491470392468],
          [-122.374827987156777, 40.547291803729195],
          [-122.373785920491741, 40.545581603731875],
          [-122.370621920496603, 40.543614470401565],
          [-122.369542720498316, 40.543169603735578],
          [-122.368459320499994, 40.543176470402273],
          [-122.365389387171433, 40.543805403734609],
          [-122.364566787172691, 40.543981670401024],
          [-122.363838787173847, 40.543990470400956],
          [-122.363164520508178, 40.543702803734789],
          [-122.359860120513304, 40.540959670405698],
          [-122.357644920516748, 40.538952270408799],
          [-122.356313587185525, 40.53745340374445],
          [-122.354491787188351, 40.535486803747517],
          [-122.353868920522643, 40.534263003749402],
          [-122.35388192052261, 40.532907203751506],
          [-122.354296787188616, 40.531999070419602],
          [-122.355470320520169, 40.531405203753877],
          [-122.357274920517341, 40.531182803754177],
          [-122.358726920515096, 40.530667803755023],
          [-122.359644920513688, 40.530227403755703],
          [-122.360253520512742, 40.528971670424312],
          [-122.361042920511466, 40.526051070428821],
          [-122.360879387178386, 40.524558670431134],
          [-122.359759587180179, 40.522189403768152],
          [-122.358914387181471, 40.520325070437707],
          [-122.35831118718238, 40.518365403774112],
          [-122.358433987182195, 40.516138403777575],
          [-122.359032787181263, 40.514553403779985],
          [-122.359435587180656, 40.513338603781904],
          [-122.360056120513036, 40.512683470449588],
          [-122.365206309046698, 40.50733547462454],
          [-122.365353536129817, 40.50680319337539],
          [-122.365515639254568, 40.506217127751256],
          [-122.365518092379546, 40.50569376941877],
          [-122.365521851754522, 40.504891461086686],
          [-122.364798495505681, 40.504082444421272],
          [-122.364341639256395, 40.50349233817218],
          [-122.36422365592324, 40.502801107964899],
          [-122.363861387173813, 40.502418870465533],
          [-122.361829120510265, 40.500476670468515],
          [-122.361336120511055, 40.499874470469479],
          [-122.360221720512754, 40.499279870470389],
          [-122.358647787181894, 40.498680003804623],
          [-122.356943987184536, 40.497807003806031],
          [-122.354297987188602, 40.496376270474912],
          [-122.352337120525021, 40.495758603809179],
          [-122.349791120528948, 40.495588603809438],
          [-122.348629587197422, 40.495566603809493],
          [-122.347600787199042, 40.496572070474599],
          [-122.346437987200829, 40.497107162140423],
          [-122.345057900744621, 40.497440287139909],
          [-122.343772991371623, 40.498011356930704],
          [-122.34289259033136, 40.498511044429904],
          [-122.341869422624598, 40.498725195471252],
          [-122.340536924709966, 40.498844168387734],
          [-122.338609561171324, 40.497939973597454],
          [-122.337240050756748, 40.497132314223734],
          [-122.334961387218641, 40.496873403807456],
          [-122.332775787222033, 40.495304870476559],
          [-122.331690387223716, 40.493773803812246],
          [-122.331178187224509, 40.491997070481716],
          [-122.330912720558274, 40.490004003818115],
          [-122.330367720559082, 40.487418003822143],
          [-122.32937312056066, 40.484985070492598],
          [-122.32823152056244, 40.482986803829021],
          [-122.327147320564109, 40.481362270498209],
          [-122.325813787232846, 40.480234270499921],
          [-122.324075920568873, 40.478792670502173],
          [-122.32216678723853, 40.477287603837851],
          [-122.32001478724186, 40.475501203840622],
          [-122.318226920577956, 40.473996870509609],
          [-122.317315520579371, 40.473454803843822],
          [-122.315736387248478, 40.472465203845331],
          [-122.313969387251234, 40.471918003846213],
          [-122.311831920587906, 40.471741870513142],
          [-122.3108215872561, 40.471922603846167],
          [-122.306340520596393, 40.473051003844432],
          [-122.304534320599203, 40.473343603844],
          [-122.302883187268435, 40.473427003843824],
          [-122.302088787269668, 40.473398803843907],
          [-122.298825387274746, 40.472772203844841],
          [-122.29501212061399, 40.472118870512531],
          [-122.293275320616658, 40.471618203846674],
          [-122.290347787287885, 40.471016670514246],
          [-122.286963787293132, 40.470249070515422],
          [-122.283917187297902, 40.46936667051682],
          [-122.281234787302026, 40.468719870517816],
          [-122.278455320639694, 40.468585870518041],
          [-122.276682387309108, 40.468644803851248],
          [-122.275301987311252, 40.469126270517165],
          [-122.273982520646655, 40.469631403849746],
          [-122.271347320650705, 40.471692003846556],
          [-122.269558720653492, 40.473174403844212],
          [-122.268728787321436, 40.473612603843549],
          [-122.266980187324179, 40.473524070510337],
          [-122.264595720661191, 40.472767203844853],
          [-122.262002187331916, 40.471628870513314],
          [-122.259949987335062, 40.470819803847917],
          [-122.258440520670774, 40.470213070515513],
          [-122.25789487171329, 40.469765078849548],
          [-122.257700131088541, 40.46970779030795],
          [-122.256775808173359, 40.469320576766904],
          [-122.254979542551098, 40.468196936143613],
          [-122.25435767276042, 40.467038517395451],
          [-122.253816210261277, 40.465171523648337],
          [-122.254080446719172, 40.464083784066702],
          [-122.252995827970892, 40.463172410109792],
          [-122.252085496722259, 40.461773054903574],
          [-122.25153321130648, 40.461869526778457],
          [-122.25114438214041, 40.46180496636191],
          [-122.249798187350848, 40.461915470528368],
          [-122.247293470688078, 40.462371768444314],
          [-122.246170282148114, 40.462589666360657],
          [-122.245143950899717, 40.462618617402313],
          [-122.244299787359353, 40.46263120386061],
          [-122.243575872777171, 40.462583727819037],
          [-122.242112520696082, 40.462549870527369],
          [-122.238865720701142, 40.46232547052773],
          [-122.236532920704747, 40.462265003861148],
          [-122.235909009247393, 40.462247409069505],
          [-122.234600462374431, 40.462110973653068],
          [-122.233505910292763, 40.46205743511149],
          [-122.232762329043965, 40.462212100736281],
          [-122.232167463419842, 40.462408405944302],
          [-122.231661828004007, 40.462664197610536],
          [-122.231156192588116, 40.463187679901409],
          [-122.231071990504915, 40.464163690316582],
          [-122.229057320716379, 40.462605403860664],
          [-122.228213320717657, 40.461855270528474],
          [-122.227804187384947, 40.460340603864154],
          [-122.22742512071892, 40.458872670533083],
          [-122.226774987386591, 40.457147003869125],
          [-122.224527587390071, 40.453968470540701],
          [-122.222818587392737, 40.451654070544294],
          [-122.221739520727738, 40.450181403879924],
          [-122.220473520729684, 40.449056403881684],
          [-122.21963192073099, 40.44812020388315],
          [-122.218171720733267, 40.446812403885133],
          [-122.216914387401857, 40.445528270553837],
          [-122.215688187403771, 40.444993470554664],
          [-122.213061950949509, 40.44401097888948],
          [-122.212286320742407, 40.44397523513959],
          [-122.211015720744342, 40.443402470557089],
          [-122.210160520745717, 40.442880270557907],
          [-122.209504187413359, 40.442339270558762],
          [-122.209007120747458, 40.441789070559594],
          [-122.207704187416198, 40.44017547056211],
          [-122.206394187418198, 40.438334003898319],
          [-122.205487187419635, 40.436596403901035],
          [-122.204907387420519, 40.436319070568118],
          [-122.203712387422343, 40.435131403903313],
          [-122.201718387425444, 40.432957003906665],
          [-122.200002987428149, 40.431830870575084],
          [-122.198557187430367, 40.430796403909994],
          [-122.197822587431517, 40.430261070577501],
          [-122.195236320768856, 40.428457670580315],
          [-122.194726920769654, 40.427337670582062],
          [-122.194504720769999, 40.424621670586248],
          [-122.194495387436689, 40.424273403920154],
          [-122.194325120770259, 40.420303070592979],
          [-122.193987987437481, 40.418221403929522],
          [-122.19313252077211, 40.414671403935074],
          [-122.192884320772521, 40.413020470604295],
          [-122.191849787440788, 40.410577003941398],
          [-122.191477387441353, 40.408425670611393],
          [-122.190983587442133, 40.404680003950546],
          [-122.19088732077563, 40.40294260395325],
          [-122.190916120775569, 40.402495070620603],
          [-122.190980387442153, 40.401027270622876],
          [-122.191284365566673, 40.399843257083091],
          [-122.192196387440219, 40.396290870630253],
          [-122.193062920772206, 40.394327270633312],
          [-122.195287587435473, 40.389418803974252],
          [-122.195679720768169, 40.387953270643209],
          [-122.197943587431325, 40.383653803983179],
          [-122.199041920762966, 40.381109803987158],
          [-122.199079953054536, 40.380849135237554],
          [-122.199154850971127, 40.380335801905005],
          [-122.199213043679379, 40.377069403993403],
          [-122.198753005138371, 40.376013063370067],
          [-122.197202387432469, 40.374875603996827],
          [-122.196985320766146, 40.37466967066382],
          [-122.194353920770254, 40.372762470666771],
          [-122.191631520774479, 40.3706420040034],
          [-122.189078787445055, 40.368609470673221],
          [-122.186340720782653, 40.366242270676878],
          [-122.185384920784145, 40.365365870678261],
          [-122.181721320789848, 40.360825270685268],
          [-122.180467720791796, 40.359526470687285],
          [-122.178412787461639, 40.35867127068866],
          [-122.177799320795941, 40.357710404023464],
          [-122.176389120798092, 40.356048204026024],
          [-122.176189320798414, 40.355336604027173],
          [-122.176010187465351, 40.354494604028446],
          [-122.176564635381169, 40.353843472779488],
          [-122.176855787464035, 40.353500604029989],
          [-122.180791331207956, 40.352512382156533],
          [-122.182189263497435, 40.351173935283612],
          [-122.182575927038499, 40.349865231118997],
          [-122.182932845787946, 40.34870524362077],
          [-122.183289764537392, 40.347664230080738],
          [-122.185431280159094, 40.344838619668451],
          [-122.18835292077955, 40.342639204046861],
          [-122.192214587440219, 40.342043004047753],
          [-122.195353720768651, 40.34248520404708],
          [-122.19707418743269, 40.342743604046689],
          [-122.199358787429105, 40.342836670713211],
          [-122.200893720760064, 40.342789270713297],
          [-122.202314920757885, 40.342378204047236],
          [-122.20375752075563, 40.341852004048064],
          [-122.206602429084569, 40.338650222803039],
          [-122.209096720747368, 40.336165070723553],
          [-122.210268920745534, 40.334779070725745],
          [-122.21073458741148, 40.332396404062763],
          [-122.211304293660589, 40.330518141565676],
          [-122.211554187410172, 40.329694270733626],
          [-122.211640320743413, 40.328314270735746],
          [-122.211137787410848, 40.326353870738785],
          [-122.210804720744704, 40.325627804073235],
          [-122.207850920749252, 40.322122470745342],
          [-122.206822920750881, 40.320922604080579],
          [-122.205559206169482, 40.319780614498995],
          [-122.204864920753892, 40.319153204083307],
          [-122.201846520758579, 40.318207470751418],
          [-122.200502787427354, 40.317809470752081],
          [-122.197311320765664, 40.317452270752597],
          [-122.193689787437904, 40.317172404086364],
          [-122.191464920774706, 40.317250670752912],
          [-122.190003120776964, 40.317227070752949],
          [-122.186155787449593, 40.316798004086991],
          [-122.183618987453542, 40.31660580408726],
          [-122.18016158745894, 40.3165144040874],
          [-122.177551120796295, 40.3166298707539],
          [-122.176023120798675, 40.317007804086643],
          [-122.173411320802757, 40.317940804085197],
          [-122.171432987472485, 40.319334070749676],
          [-122.170522520807197, 40.320761804080803],
          [-122.169430987475607, 40.322657404077859],
          [-122.168299387477362, 40.324244270742099],
          [-122.166916587479477, 40.325614870739969],
          [-122.165325387481971, 40.326522404071852],
          [-122.163392920818296, 40.32708380407098],
          [-122.16171612082087, 40.327731404069993],
          [-122.15775532082705, 40.329162404067802],
          [-122.153987520832857, 40.329822604066749],
          [-122.15294358750117, 40.329702670733582],
          [-122.152082920835824, 40.328138404069364],
          [-122.151021387504159, 40.326502470738546],
          [-122.150705987504637, 40.325321204073759],
          [-122.150781587504525, 40.323460204076639],
          [-122.15113258750398, 40.321863804079101],
          [-122.152177120835688, 40.32103240408037],
          [-122.153676587500058, 40.320204404081665],
          [-122.154725120831756, 40.319056404083483],
          [-122.154791587498323, 40.318692804084037],
          [-122.154804720831635, 40.31764800408564],
          [-122.154129720832657, 40.317041470753281],
          [-122.152856587501333, 40.316319804087698],
          [-122.151828520836261, 40.315837270755139],
          [-122.149923587505839, 40.314366870757397],
          [-122.149269987506898, 40.313713070758411],
          [-122.14921632084031, 40.313047670759431],
          [-122.149375320840022, 40.311909004094559],
          [-122.150438520838406, 40.309589670764808],
          [-122.151614187503242, 40.308173470767031],
          [-122.152515587501853, 40.30719860410187],
          [-122.152951455209518, 40.306445759311373],
          [-122.153318720833909, 40.30581140410402],
          [-122.153642320833399, 40.304737204105663],
          [-122.154623387498589, 40.303161270774808],
          [-122.155148787497751, 40.30248440410918],
          [-122.15623398749608, 40.301684870777081],
          [-122.157501120827419, 40.301219204111135],
          [-122.158721520825509, 40.30118060411121],
          [-122.16088878748883, 40.301481270777401],
          [-122.161999787487105, 40.30193260411005],
          [-122.163050520818842, 40.30224100410959],
          [-122.164186720817042, 40.302328404109403],
          [-122.164889187482629, 40.302365070776034],
          [-122.165736920814652, 40.302371270776007],
          [-122.166830520812937, 40.302162604109697],
          [-122.167985387477813, 40.301787004110281],
          [-122.168550187476967, 40.301429670777509],
          [-122.170418787474034, 40.300562470778857],
          [-122.173471120802617, 40.299365004114009],
          [-122.177887187462431, 40.297567404116819],
          [-122.178541387461451, 40.297120404117493],
          [-122.179491987459983, 40.296540070785056],
          [-122.180739320791361, 40.295826404119509],
          [-122.182319320788906, 40.294414870788387],
          [-122.183933587453055, 40.292597270791191],
          [-122.185374987450814, 40.290439604127869],
          [-122.185497720783985, 40.290312470794731],
          [-122.186085520783081, 40.2897034707957],
          [-122.187319787447791, 40.288424604131023],
          [-122.189793920777333, 40.285979270801477],
          [-122.189970187443691, 40.285823204135056],
          [-122.190168587443395, 40.285669604135308],
          [-122.190237187443302, 40.285620270802042],
          [-122.190264520776566, 40.28559107080207],
          [-122.190394920776384, 40.285442004135632],
          [-122.190481387442901, 40.285356870802445],
          [-122.190505587442885, 40.285326070802455],
          [-122.190518320776164, 40.285292204135885],
          [-122.190530587442822, 40.285220470802642],
          [-122.190587187442759, 40.285122204136144],
          [-122.190628787442677, 40.285058070802904],
          [-122.190652587442628, 40.284989004136321],
          [-122.190685720775946, 40.284842470803255],
          [-122.190797187442399, 40.284727004136755],
          [-122.190818587442379, 40.284695204136824],
          [-122.190906187442238, 40.284529270803716],
          [-122.190926120775543, 40.284496870803764],
          [-122.190950987442193, 40.284466470803807],
          [-122.191202987441784, 40.2842070708042],
          [-122.191255187441698, 40.284147604137672],
          [-122.191343587441565, 40.284021270804487],
          [-122.191376120774862, 40.283954204137956],
          [-122.191418187441457, 40.283883204138078],
          [-122.191620387441162, 40.283789870804867],
          [-122.191731320774295, 40.283722804138279],
          [-122.191797320774185, 40.283671470805075],
          [-122.19182738744081, 40.283643870805122],
          [-122.191967520773915, 40.283499870805315],
          [-122.192020520773838, 40.283440670805419],
          [-122.192114520773714, 40.283316670805618],
          [-122.192157120773629, 40.283252870805711],
          [-122.192205120773565, 40.283152204139185],
          [-122.192226720773533, 40.283082604139281],
          [-122.192238787440203, 40.283025204139392],
          [-122.192371120773316, 40.282877070806308],
          [-122.192621120772912, 40.282616670806703],
          [-122.192885920772483, 40.2823648041404],
          [-122.193106920772152, 40.282132804140758],
          [-122.193179587438692, 40.282040670807589],
          [-122.193264987438567, 40.281921604141075],
          [-122.193308787438525, 40.28181967080792],
          [-122.193342587438451, 40.28171040414145],
          [-122.193399987438397, 40.281653604141525],
          [-122.193433587438335, 40.281628470808243],
          [-122.193586520771419, 40.281533070808393],
          [-122.193637920771323, 40.281473070808488],
          [-122.193776987437786, 40.281328670808705],
          [-122.193839120771031, 40.281274804142129],
          [-122.193912720770925, 40.281218470808881],
          [-122.193915920770905, 40.281071670809069],
          [-122.194000120770795, 40.280943670809279],
          [-122.194050320770714, 40.280883204142697],
          [-122.194079187437296, 40.280854870809435],
          [-122.194271987437048, 40.280697270809696],
          [-122.19434312077027, 40.280650070809713],
          [-122.194432920770112, 40.280604804143138],
          [-122.194535587436633, 40.280484670809983],
          [-122.19459318743651, 40.280428004143403],
          [-122.194804120769504, 40.280244604143718],
          [-122.19485352076947, 40.280183670810459],
          [-122.194908520769388, 40.280125404143917],
          [-122.19497158743593, 40.280072204143949],
          [-122.195076787435767, 40.279993204144091],
          [-122.195127187435673, 40.279932670810865],
          [-122.195186320768926, 40.279876870810938],
          [-122.195374720768655, 40.279716404144551],
          [-122.195445120768511, 40.279667070811286],
          [-122.195464987435173, 40.279643404144622],
          [-122.195519587435058, 40.279544604144803],
          [-122.195562120768329, 40.279480804144896],
          [-122.195614187434956, 40.279421204144967],
          [-122.195728120768081, 40.279307070811853],
          [-122.195804120768003, 40.27921660414529],
          [-122.195859320767909, 40.279158470812035],
          [-122.195884920767867, 40.279128404145411],
          [-122.195950120767748, 40.27903300414556],
          [-122.195968587434379, 40.27900040414562],
          [-122.195983187434365, 40.278929670812431],
          [-122.196016187434338, 40.278825604145879],
          [-122.196023320767665, 40.278790004145947],
          [-122.196047120767616, 40.278763404145991],
          [-122.196128320767457, 40.278726470812728],
          [-122.196190320767357, 40.278693070812778],
          [-122.196411587433715, 40.278461070813137],
          [-122.196487187433604, 40.278397604146562],
          [-122.196638187433336, 40.278216070813528],
          [-122.196701787433256, 40.278163070813605],
          [-122.196805120766442, 40.278089470813711],
          [-122.196878987432967, 40.278044670813813],
          [-122.196962387432848, 40.278010670813842],
          [-122.197022787432729, 40.27799080414718],
          [-122.197055787432703, 40.277965204147222],
          [-122.197115320765931, 40.277909604147339],
          [-122.197231187432408, 40.277796670814155],
          [-122.19725638743239, 40.277766470814242],
          [-122.197365920765549, 40.277608270814483],
          [-122.197415920765479, 40.277508004147933],
          [-122.197436720765438, 40.277475870814669],
          [-122.197486387432036, 40.277415204148099],
          [-122.197572387431876, 40.277329870814867],
          [-122.197644987431772, 40.277237804148399],
          [-122.197683987431731, 40.277172804148449],
          [-122.197805120764883, 40.276940204148843],
          [-122.197845120764782, 40.276875604148927],
          [-122.197909787431399, 40.276823270815669],
          [-122.198013987431239, 40.276750270815796],
          [-122.198135720764355, 40.27669500414919],
          [-122.198213987430904, 40.276654604149257],
          [-122.198394987430618, 40.276539270816102],
          [-122.198463187430491, 40.276489670816204],
          [-122.198554187430375, 40.276407270816321],
          [-122.198664387430199, 40.27617180415001],
          [-122.198674520763518, 40.276065270816844],
          [-122.198768520763394, 40.27594227081704],
          [-122.198944187429788, 40.27588827081712],
          [-122.199028720762954, 40.275855804150524],
          [-122.199064320762943, 40.275832804150525],
          [-122.199156520762756, 40.275751204150652],
          [-122.199256320762629, 40.275674870817454],
          [-122.199287120762563, 40.275647670817534],
          [-122.19945752076228, 40.275476070817774],
          [-122.19948372076226, 40.275446404151126],
          [-122.199529920762188, 40.275384004151249],
          [-122.199588920762096, 40.275286604151404],
          [-122.199623387428687, 40.275220070818193],
          [-122.199649920761999, 40.275151470818287],
          [-122.199666987428657, 40.275093470818376],
          [-122.199886920761628, 40.274957604151894],
          [-122.199957520761529, 40.274909870818647],
          [-122.200115387427957, 40.274776670818881],
          [-122.200282120761017, 40.274649804152375],
          [-122.200404920760832, 40.274540870819237],
          [-122.200577787427221, 40.274418870819432],
          [-122.201098387426441, 40.274130404153198],
          [-122.201235520759553, 40.274101604153259],
          [-122.201324120759409, 40.274076204153289],
          [-122.201385787425977, 40.274054604153321],
          [-122.201563520759009, 40.273887204153596],
          [-122.201630720758942, 40.273836804153632],
          [-122.201739787425424, 40.273768204153782],
          [-122.201816720758643, 40.27372640415382],
          [-122.201857587425252, 40.273708270820521],
          [-122.202075587424929, 40.273635270820648],
          [-122.20218812075808, 40.273520270820825],
          [-122.202267920757947, 40.273431604154268],
          [-122.202315987424527, 40.273370070821045],
          [-122.202349520757821, 40.273316070821124],
          [-122.202423587424391, 40.273271470821214],
          [-122.202603120757431, 40.273155004154717],
          [-122.202736560340554, 40.273092684363121],
          [-122.202885187423647, 40.273023270821568],
          [-122.203121120756634, 40.272903470821745],
          [-122.203718187422339, 40.272551604155638],
          [-122.203796720755577, 40.272511470822394],
          [-122.203817387422191, 40.272503004155737],
          [-122.203953987421983, 40.272447070822466],
          [-122.204021520755248, 40.272397004155891],
          [-122.204129187421699, 40.272326870822667],
          [-122.204391320754667, 40.272173604156251],
          [-122.204430720754601, 40.272153604156244],
          [-122.20499798742037, 40.271894204156638],
          [-122.205376587419778, 40.271745604156877],
          [-122.205458787419673, 40.271710070823644],
          [-122.206181587418541, 40.271367804157478],
          [-122.206565120751293, 40.271157670824493],
          [-122.206765387417647, 40.271062070824598],
          [-122.20700112075059, 40.270963070824791],
          [-122.207127187417086, 40.270913470824837],
          [-122.207939187415832, 40.270619670825283],
          [-122.208060787415604, 40.270564004158757],
          [-122.208493587414921, 40.270344470825762],
          [-122.20869272074799, 40.270247604159238],
          [-122.2091771874139, 40.27002287082621],
          [-122.209586720746586, 40.26984280415985],
          [-122.210326387412124, 40.269521670827032],
          [-122.211629720743417, 40.269009404161125],
          [-122.211715520743269, 40.268979004161167],
          [-122.21237138740895, 40.268771404161498],
          [-122.212819120741585, 40.268653604161671],
          [-122.21308138740784, 40.268570270828491],
          [-122.213339587407404, 40.268480204161961],
          [-122.213689387406873, 40.268369404162115],
          [-122.214334187405882, 40.268143070829183],
          [-122.214727320738632, 40.268017670829352],
          [-122.214900587404998, 40.267959604162797],
          [-122.215410120737545, 40.267768670829753],
          [-122.215800120736958, 40.267638004163246],
          [-122.215888187403493, 40.26761140416329],
          [-122.216200320736334, 40.26752620416346],
          [-122.21663792073565, 40.267382204163653],
          [-122.216811587402049, 40.267324670830419],
          [-122.217174520734829, 40.267241404163883],
          [-122.217625187400756, 40.267129870830729],
          [-122.218068987400102, 40.267003804164233],
          [-122.218289320733049, 40.266937670830998],
          [-122.218637453024201, 40.266846352081188],
          [-122.219364387398059, 40.266655670831483],
          [-122.21968192073092, 40.266582470831565],
          [-122.219979387397132, 40.266471604165076],
          [-122.220066320730325, 40.266443004165126],
          [-122.220165187396844, 40.266415270831828],
          [-122.220413987396455, 40.26631160416531],
          [-122.2208577207291, 40.266185070832194],
          [-122.220944720728937, 40.266156670832231],
          [-122.221126587395361, 40.266117270832297],
          [-122.221255987395125, 40.266072804165674],
          [-122.221423187394862, 40.266005270832466],
          [-122.221502387394764, 40.265966004165875],
          [-122.221539520728015, 40.265943804165886],
          [-122.222072720727226, 40.265589270833118],
          [-122.222345320726788, 40.265390604166782],
          [-122.22240838739333, 40.265337270833527],
          [-122.222489320726538, 40.265249070833647],
          [-122.222536787393153, 40.265187404167079],
          [-122.222617520726374, 40.265058204167303],
          [-122.222686920726233, 40.265009604167346],
          [-122.222750387392807, 40.264956604167423],
          [-122.22280418739274, 40.264905670834196],
          [-122.223104720725587, 40.26462140416794],
          [-122.223196720725468, 40.264539670834722],
          [-122.223252987392016, 40.264482204168189],
          [-122.22329938739199, 40.264420070834944],
          [-122.223337920725214, 40.264354804168363],
          [-122.223369720725202, 40.264287604168487],
          [-122.223395720725136, 40.264219004168581],
          [-122.22351958739165, 40.264066804168806],
          [-122.223631387391436, 40.263951404169006],
          [-122.22368098739139, 40.263851070835813],
          [-122.223758120724597, 40.263720670835994],
          [-122.223830987391125, 40.263628804169514],
          [-122.224045987390809, 40.263393470836547],
          [-122.22409598739074, 40.263332804169977],
          [-122.224159787390647, 40.263237070836794],
          [-122.224208920723868, 40.263141270836911],
          [-122.224286187390419, 40.263100004170326],
          [-122.224359187390348, 40.263054404170362],
          [-122.224429787390193, 40.263006670837115],
          [-122.224542720723377, 40.262921670837272],
          [-122.224656787389847, 40.262857804170665],
          [-122.224725720723086, 40.262808670837444],
          [-122.224803720722946, 40.262746404170855],
          [-122.224890520722852, 40.262619404171062],
          [-122.224977120722713, 40.262456204171315],
          [-122.225272520722228, 40.262177070838391],
          [-122.225299320722172, 40.262147604171787],
          [-122.22534632072211, 40.262085604171887],
          [-122.225370920722071, 40.262016804171992],
          [-122.225393987388713, 40.261911070838835],
          [-122.225400120722043, 40.261839870838912],
          [-122.225396387388685, 40.26176827083907],
          [-122.225582920721763, 40.261363804173016],
          [-122.225698187388218, 40.261091804173418],
          [-122.225835120721342, 40.260825604173874],
          [-122.225858120721341, 40.260756270840602],
          [-122.22586338738796, 40.260720870840657],
          [-122.225861320721322, 40.26036420417455],
          [-122.225871387387997, 40.260078670841665],
          [-122.225863920721338, 40.259686404175625],
          [-122.225873787387968, 40.259543804175848],
          [-122.225897920721252, 40.259402270842713],
          [-122.225934720721227, 40.259046670843247],
          [-122.225980587387824, 40.258835470843621],
          [-122.225971387387801, 40.258585804177301],
          [-122.225977587387831, 40.258391404177644],
          [-122.225942587387863, 40.258325070844421],
          [-122.225919987387897, 40.25825580417785],
          [-122.225887987387921, 40.258115070844724],
          [-122.225883120721278, 40.258079604178135],
          [-122.225884320721264, 40.258008270844869],
          [-122.225903920721237, 40.25783060417848],
          [-122.225933387387897, 40.257689604178722],
          [-122.225946520721209, 40.257655270845419],
          [-122.22598152072112, 40.257588870845552],
          [-122.226042587387724, 40.257503404178976],
          [-122.226046720721058, 40.257432070845766],
          [-122.226035987387718, 40.25728947084599],
          [-122.226022520721074, 40.257218870846089],
          [-122.225987120721129, 40.257082404179641],
          [-122.225881320721271, 40.256976804179828],
          [-122.225905720721244, 40.256799204180084],
          [-122.225905920721232, 40.256656470846963],
          [-122.225949920721177, 40.256050604181269],
          [-122.225948387387859, 40.255979204181358],
          [-122.22593158738789, 40.255837004181615],
          [-122.225931720721235, 40.255801404181625],
          [-122.225944987387834, 40.255694804181815],
          [-122.225945987387831, 40.255623404181904],
          [-122.225916787387916, 40.255338670849028],
          [-122.225963787387855, 40.254947604182973],
          [-122.226037920721069, 40.2545950708502],
          [-122.226054187387717, 40.254488670850321],
          [-122.226083120721, 40.254203870850802],
          [-122.226086787387658, 40.253989804184471],
          [-122.226098587387639, 40.253815870851383],
          [-122.226092787387643, 40.25370887085154],
          [-122.226104787387612, 40.253376070852084],
          [-122.226121587387581, 40.253342670852135],
          [-122.226175720720846, 40.253205804185654],
          [-122.226195387387463, 40.253136004185762],
          [-122.22620838738743, 40.253065204185873],
          [-122.226232187387438, 40.252637270853199],
          [-122.226236520720761, 40.252494470853435],
          [-122.22623592072074, 40.252387470853591],
          [-122.226228520720724, 40.252244804187171],
          [-122.226176787387487, 40.251746604187929],
          [-122.226164320720841, 40.251389804188477],
          [-122.226127920720899, 40.251141470855544],
          [-122.226100587387634, 40.251036404189051],
          [-122.22592972072124, 40.250443270856636],
          [-122.225824181138023, 40.249886965649182],
          [-122.225663987388316, 40.249282670858406],
          [-122.225597587388393, 40.249149204191951],
          [-122.225559387388444, 40.24904607085881],
          [-122.225455187388604, 40.248588670859533],
          [-122.225299120722184, 40.248176870860163],
          [-122.225276787388907, 40.248107470860248],
          [-122.22522952072228, 40.247915470860562],
          [-122.225176120722381, 40.247803470860731],
          [-122.225087987389202, 40.2475626708611],
          [-122.225002920722659, 40.247396070861384],
          [-122.224980520722681, 40.247337870861429],
          [-122.224951120722721, 40.247233070861625],
          [-122.224893987389464, 40.247059870861904],
          [-122.224799120722992, 40.246858004195531],
          [-122.224528720723413, 40.246440870862841],
          [-122.224318587390371, 40.246081604196718],
          [-122.224275987390456, 40.245979470863574],
          [-122.2241071873907, 40.245533204197557],
          [-122.224064120724108, 40.245431204197757],
          [-122.223890387391066, 40.245099004198266],
          [-122.223754720724571, 40.244871004198615],
          [-122.223639320724772, 40.244599070865718],
          [-122.223306320725271, 40.243968804199994],
          [-122.222893387392617, 40.243170270867893],
          [-122.222853987392682, 40.243105404201344],
          [-122.222454320726627, 40.242497604202299],
          [-122.222138120727095, 40.242099270869574],
          [-122.222092787393819, 40.242036604203008],
          [-122.221578720727962, 40.241232670870943],
          [-122.221490587394783, 40.24110620420447],
          [-122.221326520728383, 40.240848804204859],
          [-122.22127538739511, 40.240788870871597],
          [-122.221028587395494, 40.240527004205376],
          [-122.220586120729536, 40.240107870872691],
          [-122.220425187396415, 40.239976804206208],
          [-122.220100120730251, 40.239669870873342],
          [-122.220071520730301, 40.239641404206736],
          [-122.219915187397191, 40.239462404207018],
          [-122.219709387397529, 40.239266470873986],
          [-122.219679387397605, 40.239238804207332],
          [-122.218882920732142, 40.238578204208352],
          [-122.218512920732735, 40.238207070875603],
          [-122.218422120732896, 40.238124604209077],
          [-122.218053987400083, 40.237846604209494],
          [-122.217899387400337, 40.237711270876389],
          [-122.217842387400424, 40.237654204209832],
          [-122.217658987400739, 40.237446004210142],
          [-122.217538787400883, 40.23733560421033],
          [-122.217139387401517, 40.237030670877459],
          [-122.216931920735192, 40.236884070877693],
          [-122.216753120735461, 40.236767404211207],
          [-122.216683320735569, 40.236674070877996],
          [-122.21659998740239, 40.236587270878147],
          [-122.216315187402813, 40.236348204211822],
          [-122.216281120736198, 40.236323470878517],
          [-122.215988187403298, 40.236142070878827],
          [-122.215912787403454, 40.236098804212247],
          [-122.215831987403533, 40.236061404212307],
          [-122.21558292073729, 40.235958070879121],
          [-122.215390587404215, 40.235853804212582],
          [-122.2152593207378, 40.235822270879339],
          [-122.215171187404565, 40.235795870879372],
          [-122.214836120738426, 40.235662404212917],
          [-122.214298587405949, 40.2355224042131],
          [-122.213237187407572, 40.235334004213428],
          [-122.212730520741729, 40.235240670880216],
          [-122.212402320742228, 40.235203470880265],
          [-122.21192878740959, 40.235190404213654],
          [-122.211408787410448, 40.23516140421367],
          [-122.211124520744193, 40.235164270880318],
          [-122.210417787411984, 40.235223870880247],
          [-122.209910187412731, 40.235312870880136],
          [-122.209504320746703, 40.235411204213278],
          [-122.209415187413526, 40.235435470879906],
          [-122.208888120747645, 40.235675604212872],
          [-122.208804320747788, 40.235709070879523],
          [-122.208722920747903, 40.235745670879453],
          [-122.208678520747981, 40.235811470879355],
          [-122.208652987414723, 40.235841670879267],
          [-122.208542920748187, 40.235957870879133],
          [-122.208480187414978, 40.236011404212377],
          [-122.208234587415348, 40.236179270878779],
          [-122.208123987415547, 40.236246470878655],
          [-122.20740278741664, 40.236762670877852],
          [-122.20733758741676, 40.236814470877789],
          [-122.207276787416845, 40.236869204211018],
          [-122.207272987416843, 40.236926004210943],
          [-122.207258520750202, 40.2369964708775],
          [-122.207177387417005, 40.237238804210449],
          [-122.207143587417022, 40.237305470877004],
          [-122.206817720750905, 40.237898804209408],
          [-122.206800387417559, 40.23793200420937],
          [-122.20674298741767, 40.238068004209197],
          [-122.206671520751115, 40.238338404208776],
          [-122.206658187417815, 40.238409070875321],
          [-122.206615587417843, 40.238907804207884],
          [-122.206609787417847, 40.238943070874484],
          [-122.206500520751376, 40.239178870874127],
          [-122.206473920751421, 40.239247404207333],
          [-122.20631998741834, 40.239770070873192],
          [-122.206266720751728, 40.239980204206176],
          [-122.206253320751784, 40.240014470872836],
          [-122.205898520752328, 40.240714470871751],
          [-122.205809787419128, 40.240879870871481],
          [-122.205429120753024, 40.241724470870167],
          [-122.205298120753241, 40.242067404202942],
          [-122.205208987420065, 40.242232404202696],
          [-122.205098387420207, 40.242390204202479],
          [-122.205080387420253, 40.242423270869097],
          [-122.204997587420394, 40.242627870868773],
          [-122.204959320753744, 40.242767670868545],
          [-122.204951387420465, 40.242874470868401],
          [-122.204941387420433, 40.242909004201636],
          [-122.204808587420644, 40.243098270868018],
          [-122.204781187420735, 40.243166604201235],
          [-122.204746187420767, 40.243306870867684],
          [-122.204734387420785, 40.243341470867676],
          [-122.204666187420912, 40.243474404200754],
          [-122.204517320754462, 40.244034404199908],
          [-122.204425120754593, 40.244274204199542],
          [-122.204415320754606, 40.244309070866166],
          [-122.204383187421342, 40.24452187086581],
          [-122.204316520754787, 40.24487487086526],
          [-122.204288587421502, 40.24494307086519],
          [-122.204182187421623, 40.245102604198223],
          [-122.20416718742166, 40.245136004198173],
          [-122.20407178742181, 40.245558270864194],
          [-122.204050987421851, 40.245627870864098],
          [-122.204012920755247, 40.245731004197296],
          [-122.204002120755263, 40.245837604197106],
          [-122.20399512075528, 40.245873004197051],
          [-122.203984320755296, 40.245907670863687],
          [-122.203924387422035, 40.246043070863436],
          [-122.20391838742205, 40.246078204196749],
          [-122.203928520755369, 40.246220670863181],
          [-122.203927387422027, 40.246256404196458],
          [-122.203854720755487, 40.246717204195761],
          [-122.203816120755562, 40.24707280419517],
          [-122.203792320755554, 40.247178270861696],
          [-122.203749187422318, 40.247280204194851],
          [-122.203638920755793, 40.247515804194506],
          [-122.203566120755909, 40.24768560419426],
          [-122.203485520756033, 40.247814804194036],
          [-122.20337858742289, 40.24801320419374],
          [-122.203297720756325, 40.248142404193516],
          [-122.203205920756488, 40.248267270860026],
          [-122.202981120756817, 40.248540204192921],
          [-122.202868787423654, 40.248697270859338],
          [-122.202832787423745, 40.248763204192585],
          [-122.202819520757089, 40.2487972708592],
          [-122.202810520757112, 40.248868270859077],
          [-122.202794587423796, 40.24893867085899],
          [-122.202694587423935, 40.249176870858605],
          [-122.202600120757438, 40.249300470858429],
          [-122.202476587424314, 40.249493270858125],
          [-122.202307720757858, 40.249708404191097],
          [-122.202284987424605, 40.249739670857707],
          [-122.202245920758003, 40.249804804190944],
          [-122.202213120758017, 40.249871670857488],
          [-122.202177720758073, 40.249975404190707],
          [-122.202106520758207, 40.250106870857167],
          [-122.20204592075828, 40.250203804190335],
          [-122.201984720758389, 40.250338804190108],
          [-122.20192592075847, 40.250548404189772],
          [-122.201878387425211, 40.250686470856238],
          [-122.20189258742522, 40.250758604189457],
          [-122.201848987425251, 40.250846804189337],
          [-122.201793587425357, 40.250874270855945],
          [-122.201737920758774, 40.250932070855868],
          [-122.201569320759006, 40.251147404188885],
          [-122.201475187425842, 40.251311204188596],
          [-122.201385787425977, 40.251476470855039],
          [-122.201322587426091, 40.251572404188209],
          [-122.201318387426056, 40.251643670854776],
          [-122.201281120759461, 40.25189200418771],
          [-122.201273987426134, 40.251963204187575],
          [-122.201176320759657, 40.252195070853929],
          [-122.201157587426337, 40.252227870853858],
          [-122.201112587426394, 40.252290670853768],
          [-122.2010839207598, 40.252319004187029],
          [-122.201013387426542, 40.252366670853633],
          [-122.200975787426614, 40.252388470853589],
          [-122.200891920760057, 40.252426404186906],
          [-122.20085358742682, 40.252447404186853],
          [-122.200829120760204, 40.25247247085349],
          [-122.200826920760164, 40.252474670853474],
          [-122.2008081207602, 40.252506204186773],
          [-122.200793387426927, 40.252540004186699],
          [-122.200757587426949, 40.252646070853189],
          [-122.200741987426966, 40.252680004186516],
          [-122.200711787427053, 40.252820404186252],
          [-122.200647987427146, 40.252916004186147],
          [-122.200637587427138, 40.252949070852765],
          [-122.20066058742708, 40.253054804185922],
          [-122.20066138742709, 40.253090404185855],
          [-122.200648520760467, 40.253124670852458],
          [-122.20061412076052, 40.253191204185669],
          [-122.200530587427295, 40.253319404185504],
          [-122.200488920760733, 40.253421804185336],
          [-122.200435987427454, 40.253521204185176],
          [-122.20038458742755, 40.253580670851761],
          [-122.200341987427578, 40.253644404184968],
          [-122.200326187427606, 40.253678070851606],
          [-122.200238520761104, 40.253919604184546],
          [-122.20021572076115, 40.253949070851206],
          [-122.200175787427838, 40.253969470851132],
          [-122.200142320761245, 40.253994070851093],
          [-122.199977787428168, 40.254169004184178],
          [-122.199951720761533, 40.254198070850805],
          [-122.199923720761603, 40.254266404184023],
          [-122.199853987428355, 40.254359670850533],
          [-122.199827320761756, 40.254389204183838],
          [-122.199677787428641, 40.254527804183624],
          [-122.19966652076198, 40.254573604183577],
          [-122.199641587428687, 40.254642404183471],
          [-122.199606920762051, 40.254708870849981],
          [-122.199585587428771, 40.254740804183314],
          [-122.199539120762154, 40.254784270849882],
          [-122.199440920762356, 40.254861870849766],
          [-122.199350787429125, 40.254944670849625],
          [-122.199332587429183, 40.255156404182628],
          [-122.19932338742916, 40.255191204182609],
          [-122.199280320762568, 40.255254870849171],
          [-122.199182787429379, 40.255377404182298],
          [-122.199124120762804, 40.255475004182131],
          [-122.199102120762859, 40.255505670848777],
          [-122.199034120762974, 40.255555604182007],
          [-122.198845320763269, 40.255715870848462],
          [-122.198819920763299, 40.255745670848398],
          [-122.198775587430021, 40.255808870848284],
          [-122.198533320763715, 40.255979804181379],
          [-122.198512720763745, 40.256011870847999],
          [-122.198467787430502, 40.256179470847712],
          [-122.198438987430563, 40.256247470847597],
          [-122.198380120764, 40.256345004180787],
          [-122.198285987430779, 40.256469004180587],
          [-122.19825852076417, 40.256497870847227],
          [-122.198192787430912, 40.256549404180475],
          [-122.198121587431046, 40.256597004180435],
          [-122.198078720764443, 40.25661020418039],
          [-122.197893587431395, 40.256641804180333],
          [-122.197713187431702, 40.256686204180255],
          [-122.197661920765086, 40.256680604180303],
          [-122.197518387431955, 40.256712070846902],
          [-122.197392987432181, 40.256812670846728],
          [-122.197283520765666, 40.256881070846646],
          [-122.19717892076585, 40.25695380417983],
          [-122.19707898743269, 40.257053404179715],
          [-122.197008987432753, 40.257146604179582],
          [-122.196901920766265, 40.257201404179455],
          [-122.196779587433127, 40.257256004179396],
          [-122.19666452076666, 40.257319004179294],
          [-122.196452387433624, 40.257328004179271],
          [-122.196357587433795, 40.257326404179253],
          [-122.196113387434139, 40.257451804179084],
          [-122.19587112076789, 40.257496070845662],
          [-122.195690320768165, 40.257539404178942],
          [-122.195644787434901, 40.257545404178927],
          [-122.19540798743526, 40.2575516041789],
          [-122.195341187435361, 40.257557004178921],
          [-122.195062920769146, 40.257601270845498],
          [-122.19501572076922, 40.257604870845512],
          [-122.19487352076942, 40.257608070845492],
          [-122.194732320769617, 40.257617870845479],
          [-122.194409387436792, 40.257676070845378],
          [-122.194365387436903, 40.257688604178725],
          [-122.194326720770277, 40.257709670845372],
          [-122.194283320770353, 40.257720870845333],
          [-122.194092920770629, 40.257722404178651],
          [-122.194046787437344, 40.257728870845312],
          [-122.193819187437725, 40.25777800417859],
          [-122.193732120771188, 40.257806270845208],
          [-122.193597987438068, 40.257841870845141],
          [-122.193344520771802, 40.257939070844998],
          [-122.193299987438536, 40.257951204178312],
          [-122.193253720771963, 40.257977470844935],
          [-122.193172387438722, 40.25801420417821],
          [-122.193043187438946, 40.258059070844809],
          [-122.192955587439087, 40.258086670844762],
          [-122.192910587439144, 40.258097804178078],
          [-122.192771520772681, 40.258120070844711],
          [-122.19272418743941, 40.25812300417806],
          [-122.19262932077288, 40.258122470844683],
          [-122.192624720772926, 40.258122870844716],
          [-122.192487920773146, 40.258133870844688],
          [-122.19240332077328, 40.258123670844725],
          [-122.192320120773388, 40.258148470844674],
          [-122.192185120773615, 40.2581822708446],
          [-122.192012987440535, 40.258240804177831],
          [-122.191922320773983, 40.258323470844402],
          [-122.191653320774435, 40.258376470844325],
          [-122.191563587441237, 40.2583998041776],
          [-122.191466920774701, 40.258388404177651],
          [-122.191371987441528, 40.258384870844282],
          [-122.19132818744157, 40.258397804177605],
          [-122.191202187441775, 40.258448270844212],
          [-122.19102998744205, 40.258508270844118],
          [-122.191001787442076, 40.258547670844052],
          [-122.190924987442202, 40.258580870844014],
          [-122.190840320775692, 40.258613004177278],
          [-122.190681987442588, 40.258691870843847],
          [-122.190552920776156, 40.258736670843746],
          [-122.19046878744291, 40.258769670843719],
          [-122.190385587443075, 40.258776670843702],
          [-122.190290987443177, 40.258772670843712],
          [-122.190200387443326, 40.258825604176934],
          [-122.190118720776809, 40.258861870843589],
          [-122.190075787443561, 40.258877204176883],
          [-122.189986720777028, 40.258901470843512],
          [-122.189895320777168, 40.258920804176796],
          [-122.189756120777361, 40.258942604176752],
          [-122.189686320777469, 40.258967270843414],
          [-122.189641587444214, 40.258979270843383],
          [-122.189410320777881, 40.259018204176641],
          [-122.189316120778074, 40.259026870843286],
          [-122.189173920778273, 40.259028404176661],
          [-122.188929720778674, 40.259076270843252],
          [-122.188789520778869, 40.259094404176551],
          [-122.188724787445608, 40.259133604176498],
          [-122.188490320779351, 40.259255004176282],
          [-122.188408520779433, 40.259291004176248],
          [-122.188321387446251, 40.259319470842854],
          [-122.188140987446559, 40.259363404176099],
          [-122.188002920780093, 40.25938800417606],
          [-122.187782787447077, 40.259454204175995],
          [-122.187692520780558, 40.259475870842607],
          [-122.187508320780864, 40.259509670842533],
          [-122.18746138744757, 40.259515004175853],
          [-122.187366787447729, 40.259520404175873],
          [-122.187273587447862, 40.259533604175829],
          [-122.186791987448657, 40.259499070842594],
          [-122.186698320782114, 40.259487870842577],
          [-122.186652387448873, 40.259479004175944],
          [-122.186519387449039, 40.259441004175983],
          [-122.186433987449163, 40.259409870842717],
          [-122.186353187449299, 40.259372470842777],
          [-122.186277320782779, 40.259329670842817],
          [-122.186121987449667, 40.259312604176216],
          [-122.185984520783222, 40.259285070842907],
          [-122.185883787450052, 40.25929127084288],
          [-122.185788920783523, 40.25929000417625],
          [-122.185696587450309, 40.259273804176246],
          [-122.185606720783824, 40.259250870842948],
          [-122.185563120783854, 40.259236870842983],
          [-122.185448320784076, 40.259182670843074],
          [-122.185335987450912, 40.25911707084316],
          [-122.185268720784336, 40.259066670843254],
          [-122.185119787451242, 40.258927804176778],
          [-122.185045587451327, 40.258890004176862],
          [-122.18485652078499, 40.258782404176998],
          [-122.184726120785172, 40.258678604177192],
          [-122.18454812078545, 40.25856067084402],
          [-122.184516120785474, 40.25853480417743],
          [-122.184463587452228, 40.258475270844144],
          [-122.184404920785653, 40.258419204177585],
          [-122.184209520785998, 40.258263604177841],
          [-122.18367932078678, 40.257906470845057],
          [-122.183508187453754, 40.257783004178577],
          [-122.18347652078711, 40.257756804178598],
          [-122.183419787453886, 40.257699470845353],
          [-122.183326387454031, 40.257618804178833],
          [-122.182929320787935, 40.257311870845967],
          [-122.18281058745481, 40.257157604179554],
          [-122.182756320788258, 40.257099004179622],
          [-122.182696587454984, 40.257043470846384],
          [-122.182590320788506, 40.256970870846487],
          [-122.182390387455484, 40.256875270846649],
          [-122.182276987455623, 40.256810470846744],
          [-122.182120520789226, 40.256729870846868],
          [-122.182046520789356, 40.256685070846913],
          [-122.18193998745619, 40.25661420418038],
          [-122.181907187456204, 40.256588404180434],
          [-122.181721920789812, 40.256425870847352],
          [-122.181590520790053, 40.256322804180854],
          [-122.181519520790175, 40.256275604180928],
          [-122.181404587456996, 40.256212470847686],
          [-122.181011920790922, 40.256086604181178],
          [-122.180798720791245, 40.256008604181318],
          [-122.180236187458831, 40.255818804181615],
          [-122.180143920792261, 40.255802404181622],
          [-122.179813720792822, 40.255777204181697],
          [-122.179673587459661, 40.255758470848377],
          [-122.179438720793371, 40.255734670848426],
          [-122.178739387461121, 40.255636204181883],
          [-122.178361787461711, 40.25560867084863],
          [-122.178227787461935, 40.255573404181973],
          [-122.178136720795408, 40.255553670848712],
          [-122.177857120795807, 40.255514004182089],
          [-122.177762520795966, 40.255508404182081],
          [-122.177620320796223, 40.255509070848746],
          [-122.177478187463066, 40.25550387084877],
          [-122.177337187463309, 40.255489604182117],
          [-122.176773520797497, 40.255430804182197],
          [-122.176215787465026, 40.255345270849034],
          [-122.176028787465327, 40.25532107084905],
          [-122.175702987465854, 40.255273270849159],
          [-122.175136587466739, 40.255231870849173],
          [-122.175046120800175, 40.255210404182549],
          [-122.174913587467074, 40.255171270849303],
          [-122.174823587467188, 40.255148804182681],
          [-122.174137320801606, 40.255007804182867],
          [-122.173830920802061, 40.254911604183008],
          [-122.1736957208023, 40.254878270849758],
          [-122.173603320802442, 40.254862204183098],
          [-122.173463187469338, 40.254843604183122],
          [-122.173274787469609, 40.254828004183139],
          [-122.173181187469766, 40.254816270849858],
          [-122.173134920803136, 40.254808670849854],
          [-122.173046787469957, 40.254782070849899],
          [-122.172919520803475, 40.254734270849951],
          [-122.172715787470509, 40.254643004183436],
          [-122.172673720803857, 40.254626604183443],
          [-122.172370120804374, 40.254525604183641],
          [-122.17219758747126, 40.254466270850401],
          [-122.172156320804675, 40.254448670850422],
          [-122.17203892080488, 40.25438820418384],
          [-122.171928387471723, 40.254320804183919],
          [-122.171775587471927, 40.254236270850754],
          [-122.171607587472181, 40.254169870850831],
          [-122.17152718747235, 40.254132070850915],
          [-122.171313187472663, 40.253990870851112],
          [-122.171215387472785, 40.253913204184585],
          [-122.171155987472901, 40.253857470851301],
          [-122.171090320806343, 40.253762470851484],
          [-122.170964387473191, 40.253611270851707],
          [-122.170812787473437, 40.253389070852052],
          [-122.170760787473512, 40.253289404185523],
          [-122.170732720806882, 40.25322120418565],
          [-122.170669920806972, 40.253012270852651],
          [-122.170662787473645, 40.25297700418605],
          [-122.170660920806995, 40.252869870852862],
          [-122.170665387473662, 40.252762870853019],
          [-122.170676387473634, 40.252656204186508],
          [-122.170682387473619, 40.252442070853533],
          [-122.170776387473495, 40.252202404187244],
          [-122.17082118747345, 40.252113470854056],
          [-122.170855987473374, 40.252089204187428],
          [-122.170919387473248, 40.25203607085416],
          [-122.170973787473201, 40.251977670854274],
          [-122.171045587473088, 40.251885204187715],
          [-122.17106592080637, 40.251853004187751],
          [-122.171102920806334, 40.251772670854564],
          [-122.171171187472851, 40.251723204187954],
          [-122.171234920806114, 40.251670404188076],
          [-122.171349520805961, 40.251556604188238],
          [-122.171397787472529, 40.251495070855015],
          [-122.171430187472481, 40.251438004188401],
          [-122.171491320805728, 40.25138347085516],
          [-122.171571587472272, 40.251295070855292],
          [-122.171629987472159, 40.251238870855389],
          [-122.17165652080547, 40.251209270855441],
          [-122.171701787472045, 40.251146470855531],
          [-122.171754320805292, 40.251047004189047],
          [-122.171814187471853, 40.250949870855834],
          [-122.171847920805135, 40.250883070855934],
          [-122.171875787471777, 40.250814870856061],
          [-122.171905387471725, 40.250719070856178],
          [-122.171985387471636, 40.250630604189666],
          [-122.17215752080466, 40.250460070856604],
          [-122.172442187470892, 40.250220670856947],
          [-122.172531520804114, 40.250137270857124],
          [-122.172608387470632, 40.250047404190582],
          [-122.172683920803877, 40.249916804190775],
          [-122.172934787470126, 40.249656870857848],
          [-122.172986320803375, 40.249596870857943],
          [-122.173055387469958, 40.249503204191399],
          [-122.17308192080327, 40.249473670858151],
          [-122.173279120802931, 40.249272670858431],
          [-122.17333872080286, 40.249217204191837],
          [-122.174021920801806, 40.248623604192801],
          [-122.174235187468128, 40.248481804193034],
          [-122.174726120800699, 40.248201070860091],
          [-122.17476192080062, 40.24817780419346],
          [-122.175245187466544, 40.2477850041941],
          [-122.175366320799696, 40.247675070860907],
          [-122.175665520799214, 40.247353404194769],
          [-122.175889587465576, 40.247080004195197],
          [-122.175935720798805, 40.247017670861965],
          [-122.176124787465199, 40.246729670862408],
          [-122.176387987464807, 40.246232270863175],
          [-122.176629120797713, 40.245884204197012],
          [-122.176846387464082, 40.245527404197617],
          [-122.177157387463581, 40.244929204198513],
          [-122.177455120796481, 40.244289004199516],
          [-122.177724120796029, 40.243793404200289],
          [-122.177755720795972, 40.243726070867069],
          [-122.177793587462588, 40.243622870867227],
          [-122.177933987462382, 40.243134470867972],
          [-122.178078987462129, 40.242757270868537],
          [-122.178135520795422, 40.242621004202078],
          [-122.178421320794939, 40.241828670870007],
          [-122.178468520794866, 40.241653870870266],
          [-122.178678120794586, 40.241067870871177],
          [-122.178739520794466, 40.240822404204891],
          [-122.178847987460983, 40.240149070872633],
          [-122.178912187460867, 40.239940470872909],
          [-122.179256920793648, 40.239237404207358],
          [-122.179317520793575, 40.239102070874253],
          [-122.179351120793513, 40.238998070874402],
          [-122.179412120793415, 40.238726004208161],
          [-122.179559720793179, 40.238543004208452],
          [-122.179630387459724, 40.238450004208573],
          [-122.179688320792991, 40.238352204208752],
          [-122.179717387459618, 40.238284270875511],
          [-122.179738787459598, 40.238214670875607],
          [-122.179752787459563, 40.238144070875705],
          [-122.179758387459572, 40.238072670875852],
          [-122.179772720792869, 40.238039070875857],
          [-122.17991192079262, 40.237773404209634],
          [-122.179941720792613, 40.23770567087638],
          [-122.179977387459189, 40.237602070876562],
          [-122.180083587459023, 40.237181270877215],
          [-122.180106920792355, 40.237039604210793],
          [-122.180118720792336, 40.237005670877465],
          [-122.180158120792271, 40.236940604210929],
          [-122.180190720792211, 40.236873604211041],
          [-122.180257720792099, 40.236702404211314],
          [-122.180303320792063, 40.236600870878135],
          [-122.180473587458437, 40.236154870878806],
          [-122.180496920791711, 40.236085670878936],
          [-122.180583387458285, 40.235771070879423],
          [-122.180785320791301, 40.235370604213358],
          [-122.180815920791247, 40.235266004213543],
          [-122.180893120791097, 40.234841604214182],
          [-122.180910920791121, 40.234771470880958],
          [-122.180947720791039, 40.234668070881128],
          [-122.181035187457553, 40.23446420421476],
          [-122.181066720790852, 40.234359870881576],
          [-122.181318987457132, 40.233859270882363],
          [-122.18147472079022, 40.233447204216361],
          [-122.181550520790097, 40.233278070883273],
          [-122.18172832078983, 40.232986004217082],
          [-122.181761387456447, 40.232919070883838],
          [-122.181790720789706, 40.232851204217241],
          [-122.181949187456155, 40.232439804217904],
          [-122.182164387455828, 40.232043070885197],
          [-122.182193920789075, 40.2319752708853],
          [-122.182242320789044, 40.231837204218834],
          [-122.182257520788994, 40.231803470885552],
          [-122.182466120788661, 40.231523070885999],
          [-122.182507787455279, 40.231459070886103],
          [-122.182535787455265, 40.231354070886255],
          [-122.182547987455223, 40.231283270886365],
          [-122.182553987455208, 40.231212004219799],
          [-122.182562187455176, 40.231177204219875],
          [-122.182641987455099, 40.230934604220238],
          [-122.182684520788314, 40.230832404220394],
          [-122.182701720788316, 40.230799070887144],
          [-122.182725587454968, 40.230768470887142],
          [-122.183008720787825, 40.23044240422098],
          [-122.183076520787722, 40.230271404221298],
          [-122.18310878745433, 40.230204270888066],
          [-122.183344987454007, 40.229775670888728],
          [-122.18349658745376, 40.229513870889093],
          [-122.183909320786427, 40.228911070890035],
          [-122.184281720785862, 40.2284548042241],
          [-122.184303920785851, 40.228423270890801],
          [-122.184505787452167, 40.228100270891332],
          [-122.184588987452059, 40.227895604224955],
          [-122.184623520785351, 40.227829070891744],
          [-122.184685587451895, 40.227732804225241],
          [-122.184733787451819, 40.22767127089196],
          [-122.184941920784865, 40.227432470892325],
          [-122.18498932078478, 40.227370804225757],
          [-122.185173587451118, 40.227163004226099],
          [-122.185230120784411, 40.22710560422621],
          [-122.185437587450735, 40.226910670893176],
          [-122.185683987450375, 40.226648270893577],
          [-122.185921987450001, 40.226339604227348],
          [-122.185975387449901, 40.226280604227441],
          [-122.186226587449482, 40.226020870894558],
          [-122.186251920782809, 40.225990870894577],
          [-122.186349387449297, 40.225828204228151],
          [-122.186415720782577, 40.225733470894966],
          [-122.186751920782001, 40.225344470895607],
          [-122.187087320781529, 40.224998404229439],
          [-122.187146787448057, 40.224942804229556],
          [-122.187414787447665, 40.224740670896551],
          [-122.187508720780841, 40.224660204229963],
          [-122.18777112078044, 40.224507470896867],
          [-122.187842920780326, 40.224460870896962],
          [-122.187911320780245, 40.224411404230352],
          [-122.187975987446805, 40.224359204230439],
          [-122.188099720779917, 40.224250870897265],
          [-122.188185387446481, 40.22416547089739],
          [-122.188292787446301, 40.224047804230906],
          [-122.188324387446244, 40.22402147089764],
          [-122.188397120779484, 40.223975670897687],
          [-122.188437520779416, 40.223957270897756],
          [-122.188690187445673, 40.223859204231246],
          [-122.188828987445447, 40.223835870897915],
          [-122.188965320778607, 40.223805204231326],
          [-122.189097387445031, 40.223765604231346],
          [-122.189182320778229, 40.223733804231415],
          [-122.189264120778148, 40.223697670898162],
          [-122.18942258744454, 40.223619204231625],
          [-122.189498587444405, 40.223576470898308],
          [-122.189568387444297, 40.223528204231741],
          [-122.189631920777572, 40.223475204231818],
          [-122.189689720777494, 40.223418604231881],
          [-122.189741520777375, 40.223358804232021],
          [-122.189787387443971, 40.223296404232087],
          [-122.189827520777271, 40.223231604232183],
          [-122.189861787443874, 40.223165070898972],
          [-122.189890787443801, 40.223097070899087],
          [-122.189918720777086, 40.223013470899218],
          [-122.190000387443661, 40.22297720423262],
          [-122.190316120776515, 40.222818870899516],
          [-122.190428787443011, 40.222753604232935],
          [-122.190498720776191, 40.222705404233011],
          [-122.1910147874421, 40.222286870900348],
          [-122.191101520775248, 40.222202004233793],
          [-122.191152720775221, 40.222142004233888],
          [-122.191189720775128, 40.222092270900646],
          [-122.191358787441516, 40.221967270900848],
          [-122.191565587441232, 40.221820204234405],
          [-122.191631187441146, 40.221768604234455],
          [-122.191692320774337, 40.221714070901214],
          [-122.191749120774261, 40.221656870901313],
          [-122.191904720774005, 40.221477604234906],
          [-122.191933387440656, 40.221449470901632],
          [-122.192135920773694, 40.221305870901858],
          [-122.192261187440124, 40.221198670902027],
          [-122.192867320772564, 40.220697004236115],
          [-122.19389652077092, 40.219957604237266],
          [-122.194297720770294, 40.21970680423766],
          [-122.194604120769839, 40.219538670904626],
          [-122.194996920769256, 40.219280404238305],
          [-122.195567720768338, 40.218987004238784],
          [-122.196118720767515, 40.218708404239237],
          [-122.196489520766931, 40.218549470906112],
          [-122.196766387433172, 40.218411804239679],
          [-122.197226720765741, 40.218160204240064],
          [-122.197300587432323, 40.21811547090681],
          [-122.198346387430718, 40.217443604241168],
          [-122.198774187430047, 40.21716120424162],
          [-122.198914120763163, 40.217064870908416],
          [-122.199455187428953, 40.216664604242396],
          [-122.199712387428576, 40.216506670909325],
          [-122.199847920761727, 40.216406804242808],
          [-122.200606987427193, 40.215868404243622],
          [-122.201129387426363, 40.215505004244221],
          [-122.20250632075755, 40.214630204245566],
          [-122.202616787424063, 40.214562804245645],
          [-122.203121120756634, 40.214237870912825],
          [-122.203291320756364, 40.214113670913036],
          [-122.20378566554723, 40.213783200080172],
          [-122.204283987421491, 40.213450070914064],
          [-122.204520587421086, 40.213274870914347],
          [-122.20469492075415, 40.213154004247826],
          [-122.204951320753764, 40.21299540424809],
          [-122.205201187420073, 40.212831004248358],
          [-122.205503987419604, 40.212604670915368],
          [-122.20579272075247, 40.212419470915677],
          [-122.206789387417587, 40.211759470916661],
          [-122.207807520749327, 40.211011604251155],
          [-122.207870320749237, 40.210958070917911],
          [-122.208230987415334, 40.210629670918422],
          [-122.209016520747468, 40.210009804252707],
          [-122.209437387413459, 40.20965720425329],
          [-122.209755987412962, 40.209346270920435],
          [-122.209847320746178, 40.209264204253884],
          [-122.209912787412748, 40.209212604253935],
          [-122.210218520745627, 40.208988470920985],
          [-122.210282987412143, 40.208936070921084],
          [-122.210535587411755, 40.208677270921442],
          [-122.210711520744837, 40.208509070921707],
          [-122.211063120744313, 40.208219070922155],
          [-122.211145187410807, 40.208131670922285],
          [-122.211236587410667, 40.208049670922435],
          [-122.211301787410605, 40.207997870922497],
          [-122.211606787410119, 40.207773270922871],
          [-122.211730120743255, 40.207664804256353],
          [-122.211812720743126, 40.207577604256471],
          [-122.212194720742559, 40.207310470923574],
          [-122.212227187409155, 40.207284604256927],
          [-122.212901320741423, 40.206639270924597],
          [-122.212993120741316, 40.206557470924736],
          [-122.213092720741145, 40.206481204258182],
          [-122.213855187406637, 40.205945404259012],
          [-122.214346787405873, 40.205558470926292],
          [-122.214485987405624, 40.205459470926428],
          [-122.214627320738771, 40.205447070926482],
          [-122.215051387404742, 40.205393604259882],
          [-122.215659720737165, 40.205193804260205],
          [-122.216678720735558, 40.204812870927469],
          [-122.216973787401798, 40.204698670927655],
          [-122.217291387401303, 40.204542804261223],
          [-122.21767338740068, 40.204331470928196],
          [-122.21793052073366, 40.204173670928469],
          [-122.218085120733406, 40.204091204261886],
          [-122.21834152073302, 40.20393267092885],
          [-122.218377320732941, 40.203909270928875],
          [-122.218574787399291, 40.203755270929094],
          [-122.21860492073256, 40.203727804262485],
          [-122.218777520732317, 40.203557670929399],
          [-122.21891252073209, 40.203411004262989],
          [-122.218969387398658, 40.203353870929732],
          [-122.219602720731018, 40.202730404264003],
          [-122.219735920730841, 40.202582804264239],
          [-122.219780720730739, 40.202519870931042],
          [-122.219832920730653, 40.202420270931157],
          [-122.219861787397292, 40.202337670931286],
          [-122.220105520730272, 40.202074070931701],
          [-122.220173387396812, 40.201980070931825],
          [-122.22020918739679, 40.201914004265291],
          [-122.220327987396558, 40.201642804265703],
          [-122.220354787396559, 40.201574270932497],
          [-122.220378120729833, 40.201496670932613],
          [-122.220510187396314, 40.201394270932781],
          [-122.22053592072956, 40.201364670932833],
          [-122.220593120729518, 40.201266604266266],
          [-122.220637120729407, 40.20120340426638],
          [-122.220889120729055, 40.200901070933526],
          [-122.220911787395664, 40.200869804266915],
          [-122.221199587395233, 40.200542404267424],
          [-122.221300187395059, 40.200421404267615],
          [-122.221731987394378, 40.199951870935024],
          [-122.221806920727602, 40.19986087093514],
          [-122.222190787393686, 40.199327270935953],
          [-122.222215187393658, 40.199296804269352],
          [-122.2223851873934, 40.199125070936304],
          [-122.222459120726626, 40.199033670936444],
          [-122.222848987392638, 40.198422270937385],
          [-122.223106587392238, 40.198081004271216],
          [-122.223393587391797, 40.197711204271798],
          [-122.223551520724925, 40.197412670938945],
          [-122.223741987391293, 40.197085804272774],
          [-122.22378438739122, 40.197022004272867],
          [-122.223831520724445, 40.196960004272967],
          [-122.223962520724285, 40.196811204273217],
          [-122.224158720723949, 40.196447404273783],
          [-122.224197120723886, 40.196382204273903],
          [-122.224240587390511, 40.196318670940627],
          [-122.224406387390275, 40.19610500427433],
          [-122.224656920723191, 40.195681004274945],
          [-122.224969587389353, 40.195200004275705],
          [-122.225255987388948, 40.194671204276517],
          [-122.225567120721792, 40.194189604277256],
          [-122.225841720721348, 40.193657204278111],
          [-122.225992320721105, 40.193434604278423],
          [-122.226048387387721, 40.19333620427858],
          [-122.226310720720619, 40.192762404279506],
          [-122.226364120720518, 40.192663204279654],
          [-122.226441320720426, 40.192546604279812],
          [-122.226450920720424, 40.192404004280036],
          [-122.226478320720389, 40.192262670946945],
          [-122.22665632072011, 40.191781204281028],
          [-122.226698387386705, 40.191642004281221],
          [-122.226723187386654, 40.191573070947982],
          [-122.227075187386106, 40.190833870949177],
          [-122.227363520718995, 40.190153804283568],
          [-122.227398120718931, 40.190087404283645],
          [-122.227438520718863, 40.190022804283728],
          [-122.227923587384794, 40.189368270951434],
          [-122.22798678738468, 40.189272404284907],
          [-122.228035720717969, 40.189134404285141],
          [-122.228190587384347, 40.188575204285996],
          [-122.228206720717708, 40.188541804286046],
          [-122.228250587384252, 40.188478404286116],
          [-122.228442120717318, 40.188232004286533],
          [-122.228530320717198, 40.188098004286758],
          [-122.228697320716947, 40.187971604286929],
          [-122.228808587383412, 40.187904870953673],
          [-122.228913987383237, 40.187833070953786],
          [-122.229045120716364, 40.187729870953945],
          [-122.229135587382927, 40.187647270954074],
          [-122.229449787382407, 40.187334004287948],
          [-122.229550720715622, 40.187213070954783],
          [-122.229580920715534, 40.187186404288127],
          [-122.229692787382021, 40.187120270954892],
          [-122.229917949881667, 40.18697181366349],
          [-122.230156387381328, 40.186814604288713],
          [-122.231136187379775, 40.186140670956433],
          [-122.231565720712467, 40.185870404290199],
          [-122.231596987379078, 40.185803004290278],
          [-122.23165212071234, 40.185704270957103],
          [-122.231694187378935, 40.185640270957208],
          [-122.231740587378852, 40.185578004290619],
          [-122.23181832071208, 40.185488404290766],
          [-122.231875520711981, 40.185431404290853],
          [-122.232031520711757, 40.185297070957745],
          [-122.23209512071162, 40.185244204291166],
          [-122.232263720711387, 40.185118804291335],
          [-122.232723387377348, 40.184809804291831],
          [-122.232791520710578, 40.184760204291933],
          [-122.232855720710461, 40.184707670958687],
          [-122.232915920710354, 40.184652470958724],
          [-122.232997787376917, 40.184564870958866],
          [-122.233183920709962, 40.184455270959063],
          [-122.233608720709299, 40.184170470959486],
          [-122.233706120709144, 40.184092604292971],
          [-122.233952320708738, 40.183875670959935],
          [-122.234435520708018, 40.183303404294179],
          [-122.234854120707382, 40.182702870961748],
          [-122.234892387373975, 40.182637604295223],
          [-122.235264520706721, 40.181942270962963],
          [-122.235391587373215, 40.181661270963389],
          [-122.235300920706663, 40.18145820429703],
          [-122.235267187373381, 40.181391470963831],
          [-122.235201587373467, 40.181296470963957],
          [-122.235153187373555, 40.181235070964078],
          [-122.235100920706998, 40.181175604297493],
          [-122.235044720707094, 40.18111807096426],
          [-122.234625520707709, 40.18073080429815],
          [-122.234560520707817, 40.180678870964925],
          [-122.234255520708302, 40.180454270965242],
          [-122.234227187374984, 40.180426070965325],
          [-122.234180120708402, 40.180364070965425],
          [-122.234128520708509, 40.180304204298807],
          [-122.234041320708627, 40.180219670965641],
          [-122.232913448835404, 40.179420277216877],
          [-122.231604745712389, 40.17855772305154],
          [-122.230742190505396, 40.177933113677511],
          [-122.230325785297737, 40.177576194928065],
          [-122.229017082174778, 40.17650543763807],
          [-122.228779136341814, 40.176148517846968],
          [-122.228422216550655, 40.175761856389215],
          [-122.228005811342996, 40.175137248056842],
          [-122.227678635301857, 40.174661355349258],
          [-122.227423720718889, 40.173282870976379],
          [-122.227374587385668, 40.173182404309898],
          [-122.227336987385684, 40.173079070976712],
          [-122.227318320719064, 40.173009070976832],
          [-122.227274187385774, 40.172797470977173],
          [-122.227263987385811, 40.172726470977238],
          [-122.22725672071914, 40.172619604310739],
          [-122.227258387385803, 40.172512470977608],
          [-122.227267587385825, 40.172412270977759],
          [-122.227151720719291, 40.172326604311195],
          [-122.22702718738617, 40.172219004311387],
          [-122.226969920719625, 40.172162204311462],
          [-122.226666920720049, 40.171842670978606],
          [-122.226093720720939, 40.17110287097978],
          [-122.225229120722304, 40.170121270981326],
          [-122.224402387390228, 40.169121604316217],
          [-122.223941320724293, 40.168539004317097],
          [-122.223889587391056, 40.16847920431718],
          [-122.223802387391174, 40.168394604317314],
          [-122.223704987391329, 40.168316670984098],
          [-122.223598920724839, 40.168245470984232],
          [-122.22345058739171, 40.168158670984326],
          [-122.223424787391764, 40.168089670984443],
          [-122.223298920725313, 40.167820404318206],
          [-122.223239920725405, 40.167723004318361],
          [-122.223169187392159, 40.167630070985183],
          [-122.22306498739232, 40.167510804318681],
          [-122.22196272072739, 40.166306004320575],
          [-122.221212520728557, 40.165438604321878],
          [-122.221158720728624, 40.165379804322015],
          [-122.22106992072878, 40.165296204322146],
          [-122.221005920728885, 40.1652436043222],
          [-122.220938320728976, 40.165193470988982],
          [-122.220793920729193, 40.165101070989124],
          [-122.220638920729414, 40.165019004322573],
          [-122.220473587396327, 40.164949204322681],
          [-122.220388320729796, 40.164918070989359],
          [-122.220257920730035, 40.164875604322788],
          [-122.220080187396945, 40.164825870989546],
          [-122.219853520730624, 40.164774404322941],
          [-122.21976612073081, 40.164669870989769],
          [-122.219343920731433, 40.164195404323834],
          [-122.218894920732112, 40.163649070991369],
          [-122.21877572073231, 40.16353820432488],
          [-122.218522320732689, 40.163325804325211],
          [-122.218401920732902, 40.163215470992043],
          [-122.217981120733555, 40.162784004325999],
          [-122.217832720733782, 40.162644870992892],
          [-122.217675320734031, 40.162466604326539],
          [-122.217970550941914, 40.162214128285257],
          [-122.217516011359294, 40.161525825161334],
          [-122.217217313443086, 40.161201154328467],
          [-122.216905629068549, 40.161045311620398],
          [-122.216632906152313, 40.160746614745847],
          [-122.215918629070075, 40.160058311621924],
          [-122.215503049904044, 40.159746627247387],
          [-122.215321234279372, 40.159486890789481],
          [-122.215111599904674, 40.159165344956648],
          [-122.214684879072024, 40.158915468915382],
          [-122.214451115530721, 40.158837548082147],
          [-122.214222387406039, 40.158780204332231],
          [-122.214135187406214, 40.158653404332426],
          [-122.214060520739622, 40.158562270999255],
          [-122.213977587406418, 40.158475270999361],
          [-122.213560187407097, 40.158087004333311],
          [-122.212976120741303, 40.157618804334049],
          [-122.212909187408115, 40.157568271000798],
          [-122.211694187409989, 40.156718204335448],
          [-122.21146332074369, 40.156538871002397],
          [-122.21140052074378, 40.156485404335797],
          [-122.211341520743872, 40.156429471002582],
          [-122.211227320744058, 40.156366004336007],
          [-122.211153787410808, 40.156321004336064],
          [-122.211014987411033, 40.156223804336207],
          [-122.210896387411196, 40.156181004336304],
          [-122.210602320745011, 40.156065471003103],
          [-122.210519920745128, 40.156030271003203],
          [-122.21040078741197, 40.15597187100326],
          [-122.2095101207467, 40.155499071003987],
          [-122.20934658741362, 40.155427004337469],
          [-122.209261720747065, 40.155395271004181],
          [-122.20913092074727, 40.155353404337575],
          [-122.208996787414151, 40.15531800433763],
          [-122.20881398741443, 40.155280671004334],
          [-122.208627920748086, 40.155254004337735],
          [-122.208439720748345, 40.155237071004422],
          [-122.208297920748578, 40.155230271004427],
          [-122.208108520748851, 40.155228271004432],
          [-122.207966387415752, 40.155231804337745],
          [-122.207635520749591, 40.155247404337729],
          [-122.207419720749954, 40.155081204337989],
          [-122.20731538741677, 40.155008471004749],
          [-122.207065187417186, 40.154844471004992],
          [-122.20683038741754, 40.154668404338622],
          [-122.205971787418889, 40.154162871006065],
          [-122.205577520752797, 40.153906204339819],
          [-122.205474787419632, 40.153832204339949],
          [-122.205343120753184, 40.153729471006727],
          [-122.205190787420065, 40.15372587100677],
          [-122.205001787420372, 40.153715804340095],
          [-122.204531587421116, 40.153672804340147],
          [-122.204391520754655, 40.153654871006836],
          [-122.204252387421548, 40.153632804340248],
          [-122.203977387421958, 40.153576804340332],
          [-122.20394432075534, 40.153552604340348],
          [-122.203854187422166, 40.153469004340479],
          [-122.203441587422788, 40.153124471007686],
          [-122.203406520756175, 40.153101404341044],
          [-122.202834520757051, 40.152929271007963],
          [-122.202622787424048, 40.152849271008108],
          [-122.202526718674221, 40.152811153299865],
          [-122.202355520757806, 40.152783004341529],
          [-122.202028187424958, 40.15274300434163],
          [-122.201890520758525, 40.152716471008318],
          [-122.201618987425604, 40.152653404341777],
          [-122.201572520759044, 40.152647471008436],
          [-122.201525120759072, 40.152646004341761],
          [-122.201521987425792, 40.152646004341761],
          [-122.200979571801611, 40.153084632466062],
          [-122.197014480141092, 40.152718624133342],
          [-122.192447187439882, 40.153116204341018],
          [-122.188016772863421, 40.154213158506025],
          [-122.183746674953341, 40.154640168922015],
          [-122.181611624956702, 40.154579166838744],
          [-122.17965958016805, 40.153816650173269],
          [-122.177311026005043, 40.152688124133363],
          [-122.175633487465973, 40.150949583511078],
          [-122.174805720800578, 40.149199871013764],
          [-122.173593756219134, 40.148381393931743],
          [-122.172247909346197, 40.147472503308109],
          [-122.170173861432772, 40.146465980393032],
          [-122.168008312477809, 40.14573396372748],
          [-122.16620877081391, 40.145367955394704],
          [-122.164470230191625, 40.145306954353146],
          [-122.162426683319779, 40.145215451228296],
          [-122.160627141655937, 40.145611960602707],
          [-122.158980104158445, 40.146038971018697],
          [-122.157108621869725, 40.146580715809534],
          [-122.156662051037074, 40.146709986642634],
          [-122.155694493746921, 40.146583782476171],
          [-122.155442022913974, 40.14661848455944],
          [-122.154954011456368, 40.14652698143459],
          [-122.153977988541214, 40.146343977268202],
          [-122.153459477083686, 40.146130473101891],
          [-122.152513955210168, 40.145977968935426],
          [-122.15187344062781, 40.145581460602727],
          [-122.151876840627835, 40.145581465811063],
          [-122.150897417712656, 40.145062948103543],
          [-122.148487862508091, 40.144025924146831],
          [-122.146688320844191, 40.142927899148503],
          [-122.145041283346757, 40.14149436581738],
          [-122.14373224584881, 40.139560561653752],
          [-122.143703120848841, 40.139517534570473],
          [-122.143699252098827, 40.139511819987149],
          [-122.143699435432211, 40.139503587695515],
          [-122.143516247932496, 40.138810304363233],
          [-122.143119738558084, 40.138078287697681],
          [-122.14281473230858, 40.137132765824163],
          [-122.141381198977456, 40.134723210619597],
          [-122.140435677103937, 40.132374656456534],
          [-122.14013066981272, 40.129233083544761],
          [-122.13936815210559, 40.125145989801126],
          [-122.13845313127365, 40.123041440846066],
          [-122.13799562085768, 40.122156921055762],
          [-122.137446608358573, 40.120753888766274],
          [-122.137030787525873, 40.120116271058919],
          [-122.136440085443439, 40.118984848144009],
          [-122.135494563569921, 40.117795320020832],
          [-122.134640543779597, 40.116361787731421],
          [-122.134366037530015, 40.115416265857903],
          [-122.134335536488379, 40.114531745025943],
          [-122.13439653857165, 40.113586223152367],
          [-122.134915050029178, 40.112518699195732],
          [-122.135586065653115, 40.111603677322137],
          [-122.136386320860197, 40.110855612739954],
          [-122.136989097942603, 40.110292147115842],
          [-122.138148123982489, 40.109194122117515],
          [-122.138758138564867, 40.108492606493655],
          [-122.139124146897643, 40.107791089828027],
          [-122.139124146897643, 40.106723565871391],
          [-122.139124146897643, 40.105534037748214],
          [-122.138544633356844, 40.104405511708308],
          [-122.136989097942603, 40.103215984626843],
          [-122.134610042737961, 40.101995956503742],
          [-122.132810501074061, 40.101050434630167],
          [-122.131437969826209, 40.100287916923037],
          [-122.130315587536302, 40.099285004424587],
          [-122.130319576077966, 40.099267347132923],
          [-122.129668929203945, 40.095895815888184],
          [-122.12924940316293, 40.093498522141886],
          [-122.127978720873273, 40.090807804437759],
          [-122.127411877124132, 40.089978679439014],
          [-122.12634435316744, 40.088697650274355],
          [-122.12545983233548, 40.088087636733633],
          [-122.123812794838045, 40.087111613818479],
          [-122.122104755257396, 40.086318595069713],
          [-122.120823725051025, 40.085800083612185],
          [-122.120356895885095, 40.085622244029139],
          [-122.119542695886366, 40.085312072154636],
          [-122.118048161513684, 40.08461055653072],
          [-122.116828133390584, 40.083848038823533],
          [-122.116187618808226, 40.08293301799165],
          [-122.116065615683397, 40.081987496118131],
          [-122.116187618808226, 40.080584463828643],
          [-122.116309621933055, 40.079333934663907],
          [-122.116645129224196, 40.078693420081549],
          [-122.11749914901452, 40.078388412790332],
          [-122.118749678179256, 40.077839400291225],
          [-122.119695200052774, 40.077656396124837],
          [-122.121372738591845, 40.076832877376091],
          [-122.123751792754831, 40.075368843003389],
          [-122.12423980421238, 40.074514823213065],
          [-122.12457531150352, 40.07363030342276],
          [-122.124819317753179, 40.072593279466048],
          [-122.124758315669908, 40.072593279466048],
          [-122.124727815669985, 40.071556255509279],
          [-122.124483809420326, 40.070549732594202],
          [-122.123751792754831, 40.069695712803878],
          [-122.122714768798119, 40.068841693013496],
          [-122.121860749007737, 40.068414683639162],
          [-122.119481694844751, 40.067530162807202],
          [-122.11762115213935, 40.066981150308038],
          [-122.116035115683474, 40.066249133642543],
          [-122.115120093809878, 40.065090106561001],
          [-122.114327076102768, 40.063260064897179],
          [-122.112893542771644, 40.061582526358109],
          [-122.111367234440706, 40.060261139901854],
          [-122.110136187567605, 40.06006647115214],
          [-122.110270482359056, 40.05819694823839],
          [-122.110293589650723, 40.058035199280312],
          [-122.110636490691832, 40.05563488886736],
          [-122.11081949485822, 40.053591341995514],
          [-122.11124650527421, 40.052340812830778],
          [-122.111734516731815, 40.051547795123668],
          [-122.112649537563698, 40.050510771166955],
          [-122.113107047979668, 40.049717752418189],
          [-122.113093711521344, 40.049716908668188],
          [-122.113778063603604, 40.048467224295109],
          [-122.113898301103461, 40.046032406590598],
          [-122.113930566728413, 40.046088169090467],
          [-122.114083069853166, 40.045325651383337],
          [-122.114134187561433, 40.044325271176547],
          [-122.114466387560924, 40.043619071177659],
          [-122.114522720894115, 40.04333667117811],
          [-122.11454292089411, 40.043267004511563],
          [-122.114618520893998, 40.043060604511879],
          [-122.114648987560599, 40.04299300451197],
          [-122.11468298756057, 40.042931604512034],
          [-122.114693387560521, 40.042717604512404],
          [-122.114704720893883, 40.04264667117917],
          [-122.114715387560523, 40.042612004512534],
          [-122.114742387560455, 40.042543471179329],
          [-122.115022787560008, 40.04197487118023],
          [-122.115086587559915, 40.041879271180335],
          [-122.11528292089298, 40.04163520451408],
          [-122.115335387559526, 40.041575804514139],
          [-122.115392787559472, 40.041519071180915],
          [-122.115486920892636, 40.041439004514359],
          [-122.115589320892468, 40.041364804514501],
          [-122.11566178755902, 40.041318871181204],
          [-122.115687120892346, 40.0412894045146],
          [-122.11577538755887, 40.041163004514829],
          [-122.115888120892009, 40.040928071181838],
          [-122.115929587558639, 40.040864004515242],
          [-122.116130387558314, 40.040580671182397],
          [-122.116383320891259, 40.040157804516355],
          [-122.116602120890889, 40.039762604516966],
          [-122.11681218755723, 40.039364671184273],
          [-122.116940920890386, 40.03909627118469],
          [-122.117249520889914, 40.038234804519334],
          [-122.11733278755645, 40.038030004519669],
          [-122.11748618755621, 40.037580671187015],
          [-122.117942987555523, 40.03652927118867],
          [-122.117972587555471, 40.036424671188854],
          [-122.118003987555426, 40.036239271189118],
          [-122.11804598755532, 40.036137071189273],
          [-122.118066320888659, 40.036067271189381],
          [-122.118196120888456, 40.035468471190313],
          [-122.118292387554959, 40.034938071191164],
          [-122.118449787554709, 40.034234071192202],
          [-122.11852652088794, 40.033735471192983],
          [-122.118553587554572, 40.033667071193122],
          [-122.118575187554541, 40.033597604526562],
          [-122.118658987554397, 40.033246404527119],
          [-122.118701120887636, 40.032711871194579],
          [-122.11871678755432, 40.032605471194756],
          [-122.118931587553959, 40.031764404529383],
          [-122.119145787553634, 40.03070580453101],
          [-122.119176187553592, 40.030457004531399],
          [-122.119266987553431, 40.029245404533299],
          [-122.119267920886784, 40.028995471200346],
          [-122.11925572088677, 40.028353004534665],
          [-122.119222587553509, 40.028032804535201],
          [-122.1191951208869, 40.027891471202054],
          [-122.119186187553566, 40.027820471202176],
          [-122.119173120886899, 40.027678004535744],
          [-122.119167720886935, 40.027535271202623],
          [-122.119222720886853, 40.027144871203234],
          [-122.119267920886784, 40.026933404536919],
          [-122.119294987553417, 40.026720271203885],
          [-122.119302787553409, 40.026613404537386],
          [-122.119304720886703, 40.026542004537475],
          [-122.11930172088671, 40.026470604537622],
          [-122.119278587553424, 40.026257204537956],
          [-122.119211920886869, 40.025473471205828],
          [-122.119209187553508, 40.025402071205917],
          [-122.119210920886871, 40.025330671206063],
          [-122.1192169875535, 40.025295404539463],
          [-122.119275320886743, 40.025013204539846],
          [-122.119303787553406, 40.024908271206698],
          [-122.119308787553393, 40.024872871206753],
          [-122.119319120886701, 40.024730271206977],
          [-122.119320120886698, 40.024516204540646],
          [-122.119304987553392, 40.024373871207558],
          [-122.119261587553467, 40.024198471207797],
          [-122.119201187553529, 40.023808471208383],
          [-122.119167920886923, 40.023488204542218],
          [-122.119084520887043, 40.023136871209431],
          [-122.119070987553755, 40.023066204542886],
          [-122.119014120887186, 40.022640071210219],
          [-122.118960587553943, 40.022034604544501],
          [-122.118893987554031, 40.021624804545127],
          [-122.118732987554267, 40.020994004546139],
          [-122.118639920887745, 40.02057147121343],
          [-122.118587920887819, 40.020360871213768],
          [-122.118553987554549, 40.020257004547261],
          [-122.118240520888378, 40.019396604548604],
          [-122.118205787555098, 40.01933020454868],
          [-122.118011920888705, 40.019004671215839],
          [-122.117455387556276, 40.018019671217417],
          [-122.116844787557227, 40.017092871218836],
          [-122.1167975208906, 40.017031071218923],
          [-122.116745387557387, 40.016971604552339],
          [-122.116139787558325, 40.01637760455327],
          [-122.116029120891824, 40.016261871220138],
          [-122.115821987558775, 40.016023004553801],
          [-122.115534720892583, 40.015739604554255],
          [-122.11547452089269, 40.015684471220993],
          [-122.114896520893581, 40.015165471221849],
          [-122.114833720893671, 40.015112204555237],
          [-122.11476578756043, 40.015062471221995],
          [-122.114337787561112, 40.014781404555777],
          [-122.11422652089459, 40.014715004555853],
          [-122.1141605208947, 40.014680271222574],
          [-122.114104920894817, 40.014581871222731],
          [-122.114061587561537, 40.014518404556156],
          [-122.113987520894966, 40.014427071222997],
          [-122.113931987561728, 40.014369271223075],
          [-122.113301387562728, 40.013790271223968],
          [-122.112987787563213, 40.013477071224429],
          [-122.112594787563808, 40.013120404558322],
          [-122.112184720897744, 40.012774871225531],
          [-122.111816320898356, 40.012403471226094],
          [-122.111355787565742, 40.01199640456008],
          [-122.111182920899353, 40.011826604560326],
          [-122.110136120900961, 40.010906071228419],
          [-122.109883587567992, 40.010647471228822],
          [-122.109254120902335, 40.010022804563164],
          [-122.109012787569384, 40.009758271230226],
          [-122.108863120902924, 40.009576404563859],
          [-122.108731787569809, 40.00942807123073],
          [-122.107659332363141, 40.008792963940039],
          [-122.107183438613845, 40.008465787898899],
          [-122.106112682365506, 40.007811435816564],
          [-122.105904479240849, 40.00659196290178],
          [-122.105874735490886, 40.006294529568947],
          [-122.105937939657451, 40.006081717069264],
          [-122.106427182365053, 40.004766920196289],
          [-122.106423674031703, 40.004759123321321],
          [-122.106425783406735, 40.004749983738009],
          [-122.10643131986501, 40.004725992071371],
          [-122.10673561673957, 40.003407369156719],
          [-122.107671446946426, 40.002020954575585],
          [-122.108770549028065, 40.00043014936972],
          [-122.108988540694384, 40.000114634786883],
          [-122.109647087568362, 39.999456087912904],
          [-122.109889709442996, 39.998554919164292],
          [-122.10989735110968, 39.99855392020595],
          [-122.110305634442341, 39.99664859937559],
          [-122.110340294858986, 39.995158203544577],
          [-122.110063011526051, 39.994153053546086],
          [-122.109713104234913, 39.992935046256321],
          [-122.10924197090236, 39.992449635840444],
          [-122.108071276112469, 39.991764351466486],
          [-122.107170107363913, 39.99159104938343],
          [-122.1063494750735, 39.991536341050164],
          [-122.105387243824964, 39.991707244174904],
          [-122.103859630285683, 39.992007055632769],
          [-122.103374219869806, 39.991964226466166],
          [-122.102299091746431, 39.991830809799694],
          [-122.101644587580779, 39.991836919174716],
          [-122.101646717789151, 39.991882184799636],
          [-122.101624600080811, 39.99185690771634],
          [-122.099425961542579, 39.991776956674812],
          [-122.097647062586987, 39.991577080633419],
          [-122.096506514672114, 39.991242781675624],
          [-122.096507768838762, 39.991237291050652],
          [-122.095228560507451, 39.990197934802268],
          [-122.095088646965962, 39.989778194177916],
          [-122.09396933967605, 39.987359692098323],
          [-122.093369711551986, 39.985121077518443],
          [-122.093407226135241, 39.983114033771585],
          [-122.093302520927068, 39.982714604605519],
          [-122.093296187593751, 39.982679271272275],
          [-122.093252320927149, 39.98239560460604],
          [-122.093245320927167, 39.982324404606118],
          [-122.093244187593825, 39.981896071273468],
          [-122.093234520927183, 39.981753604607036],
          [-122.09312218759402, 39.981188604607894],
          [-122.093160787593945, 39.981085804608085],
          [-122.093192720927277, 39.980981471274902],
          [-122.093200920927245, 39.980874604608402],
          [-122.093197187593887, 39.980731871275282],
          [-122.093176920927249, 39.98058987127547],
          [-122.093006320927543, 39.979851404609974],
          [-122.09299612092758, 39.979708871276841],
          [-122.092999187594216, 39.979352604610767],
          [-122.093089387594091, 39.97927007127754],
          [-122.093146187594016, 39.979213004610983],
          [-122.093250720927188, 39.97909400461117],
          [-122.093319787593714, 39.979000471277971],
          [-122.093491120926785, 39.978746004611708],
          [-122.093510587593414, 39.978713604611755],
          [-122.093569120926645, 39.978577804611973],
          [-122.093629187593251, 39.978368604612285],
          [-122.093739387593075, 39.977659671280037],
          [-122.093750920926368, 39.977553004613526],
          [-122.093762520926362, 39.977267604613985],
          [-122.09375658759302, 39.976411271281961],
          [-122.093746320926414, 39.976304471282162],
          [-122.093746387593058, 39.975983404615988],
          [-122.09383092092628, 39.975380004616909],
          [-122.094018120925966, 39.974644004618085],
          [-122.094037520925951, 39.974502071284917],
          [-122.094059520925896, 39.973360004620076],
          [-122.094056720925892, 39.973253004620233],
          [-122.094029787592603, 39.972896804620746],
          [-122.093947587592766, 39.972149804621949],
          [-122.093939387592741, 39.972078604622027],
          [-122.093900720926172, 39.971866471289047],
          [-122.093891520926149, 39.97179547128917],
          [-122.093881187592842, 39.97126020462332],
          [-122.09387552092619, 39.971189004623398],
          [-122.093637787593252, 39.969701004625733],
          [-122.09362592092657, 39.969630204625844],
          [-122.093608720926625, 39.969560004625976],
          [-122.093562187593363, 39.969421604626177],
          [-122.093555267801662, 39.968935377543573],
          [-122.093452898010185, 39.968890869210327],
          [-122.092672458428069, 39.968643350460695],
          [-122.092405959470113, 39.968557690044179],
          [-122.092177530303843, 39.968367333794447],
          [-122.091102014680473, 39.967320370254413],
          [-122.090597568847954, 39.966796889005252],
          [-122.090273961556761, 39.96640665775584],
          [-122.09015974801531, 39.96620678275616],
          [-122.090064569890444, 39.965930765048256],
          [-122.089931319890638, 39.96567378379865],
          [-122.089474462599696, 39.965321623382522],
          [-122.088713035517515, 39.964826695258296],
          [-122.088389429268034, 39.964750552550072],
          [-122.088018233435264, 39.964712481716788],
          [-122.087647036560838, 39.964769587966714],
          [-122.087485233436098, 39.964798142133361],
          [-122.087313912603065, 39.964798142133361],
          [-122.087123555311678, 39.964807659841654],
          [-122.086711728228977, 39.964773221300049],
          [-122.086449848021061, 39.964722236925127],
          [-122.085610218855663, 39.964398392133944],
          [-122.084924933440107, 39.96412237442604],
          [-122.084753612607017, 39.964065268176171],
          [-122.084420487607531, 39.964103339009398],
          [-122.083992184483179, 39.964236589009204],
          [-122.083782792816862, 39.964265142134195],
          [-122.083287864692636, 39.964208035884269],
          [-122.082859561568284, 39.964027196301231],
          [-122.08242174073564, 39.963836840051499],
          [-122.082114387611114, 39.963624004635165],
          [-122.081622241778518, 39.963059945261023],
          [-122.081508027195412, 39.962869589011348],
          [-122.081441403237136, 39.962698267136602],
          [-122.081384295945554, 39.962498393178578],
          [-122.081365259487256, 39.962250928595608],
          [-122.081346224070614, 39.962051053595928],
          [-122.081327188654029, 39.961822625471314],
          [-122.081237958445797, 39.961226571305531],
          [-122.081261753237413, 39.960863702556139],
          [-122.081273651154106, 39.960411605681827],
          [-122.081147151154255, 39.959143586933806],
          [-122.079998568864426, 39.957066361936995],
          [-122.078141285533945, 39.954427066107769],
          [-122.078153658450617, 39.954426554649444],
          [-122.077359271993487, 39.953351796317747],
          [-122.076894951160909, 39.951958834861614],
          [-122.076503943869795, 39.949466165073829],
          [-122.076699448036209, 39.94660692653656],
          [-122.077310395951883, 39.945091775497247],
          [-122.077568751159845, 39.944583430706359],
          [-122.077723415742923, 39.944404971331664],
          [-122.078104129283986, 39.944083744248815],
          [-122.078484842825105, 39.94384579841585],
          [-122.07949611365683, 39.943429392166536],
          [-122.080007698031068, 39.943215241125188],
          [-122.080662050113347, 39.943001089042184],
          [-122.082089726152844, 39.942560889042852],
          [-122.084611955315552, 39.941989818210402],
          [-122.085347898022746, 39.941720400502504],
          [-122.085839234480318, 39.941279457794849],
          [-122.087378824061261, 39.939764305713879],
          [-122.089211669891768, 39.938053650508209],
          [-122.090164749056953, 39.936978380718188],
          [-122.090165638640258, 39.936969782801555],
          [-122.090702383431108, 39.936269680719306],
          [-122.091292587596854, 39.935166471346008],
          [-122.091412920929997, 39.935056404679528],
          [-122.09160138759637, 39.934896471346406],
          [-122.092055787595655, 39.934485804680378],
          [-122.092193520928788, 39.934340871347274],
          [-122.092279720928673, 39.934255871347432],
          [-122.09254898759491, 39.933962671347842],
          [-122.092600720928147, 39.93390300468127],
          [-122.092646320928111, 39.933840471348049],
          [-122.092834720927783, 39.933513204681901],
          [-122.092897587594393, 39.933417271348731],
          [-122.093065720927427, 39.933245004682306],
          [-122.093219787593853, 39.933109804682545],
          [-122.093302387593724, 39.933022871349351],
          [-122.093695587593118, 39.932577604683331],
          [-122.093913720926139, 39.932301871350433],
          [-122.094159987592434, 39.932040271350843],
          [-122.094483387591936, 39.931688471351379],
          [-122.094602720925081, 39.931534471351654],
          [-122.094753320924838, 39.931312204685298],
          [-122.094985987591144, 39.930844471352714],
          [-122.095013320924409, 39.930776071352795],
          [-122.095193187590837, 39.930258271353637],
          [-122.095202387590803, 39.930223271353668],
          [-122.095212120924089, 39.930152271353791],
          [-122.095259187590727, 39.929761404687724],
          [-122.095272320924039, 39.929511804688104],
          [-122.095268987590714, 39.929404804688261],
          [-122.095217720924097, 39.929050004688804],
          [-122.095106387590931, 39.928666471356109],
          [-122.095060520924335, 39.928565271356263],
          [-122.095021320924388, 39.928500404689657],
          [-122.094898387591286, 39.928307404689974],
          [-122.094704120924916, 39.928062604690354],
          [-122.094652520924967, 39.928002871357137],
          [-122.09445272092529, 39.927803871357412],
          [-122.094087787592514, 39.927476271357932],
          [-122.094022587592633, 39.927424804691327],
          [-122.09365852092651, 39.927197471358397],
          [-122.093248120927171, 39.926957071358743],
          [-122.093209387593902, 39.926936804692104],
          [-122.093125387594, 39.926904204692164],
          [-122.092696187594697, 39.926755404692415],
          [-122.092083787595641, 39.926567804692695],
          [-122.091215580305345, 39.926030186985201],
          [-122.090262500098447, 39.925468114069361],
          [-122.090250166765145, 39.925479180736033],
          [-122.09023806259853, 39.925443676569444],
          [-122.088502969892886, 39.924221779696325],
          [-122.08698781781186, 39.923244263031165],
          [-122.085765920938798, 39.92248668699068],
          [-122.085070086564883, 39.922277935949353],
          [-122.085081658439833, 39.92226674532435],
          [-122.084374587607613, 39.921370271367437],
          [-122.084396587607557, 39.921339004700769],
          [-122.084530720940677, 39.92107207136786],
          [-122.084567920940628, 39.921006471368003],
          [-122.084611720940586, 39.92094327136806],
          [-122.084912920940099, 39.920539071368694],
          [-122.084965587606689, 39.920479871368798],
          [-122.085380587606039, 39.920046071369484],
          [-122.085821819897035, 39.9191615474125],
          [-122.086190636563117, 39.918697552621552],
          [-122.086797399062164, 39.918090790122505],
          [-122.087582620935962, 39.917472129706823],
          [-122.087880053227138, 39.917115210957377],
          [-122.088094205310142, 39.916817777624487],
          [-122.088724762600862, 39.915961172417497],
          [-122.089373264683161, 39.915037092210582],
          [-122.089885943849026, 39.914084973462082],
          [-122.091570460513083, 39.91236383700641],
          [-122.092302859470294, 39.911961017215333],
          [-122.092559199053255, 39.911558198465968],
          [-122.092998638635891, 39.910825799508757],
          [-122.093116720927355, 39.910444004717704],
          [-122.093104920927374, 39.910409471384412],
          [-122.093057120927483, 39.910308671384598],
          [-122.093032520927522, 39.910239804718003],
          [-122.093015787594197, 39.910169471384791],
          [-122.093004720927524, 39.910075204718282],
          [-122.092569720928225, 39.909729404718803],
          [-122.092434320928419, 39.909630004718963],
          [-122.092103920928935, 39.909428204719291],
          [-122.092026120929063, 39.909387671386014],
          [-122.091866587595973, 39.90931140471946],
          [-122.091791387596118, 39.909268271386225],
          [-122.091719920929563, 39.909221604719619],
          [-122.090923787597433, 39.908612604720531],
          [-122.090495320931439, 39.908332471387666],
          [-122.089328520933236, 39.907552404722196],
          [-122.088712987600843, 39.90710947138956],
          [-122.088164187601706, 39.906771271390085],
          [-122.087372187602966, 39.906209671390968],
          [-122.087085787603371, 39.906023604724567],
          [-122.086889987603683, 39.905924071391382],
          [-122.086320920937908, 39.905669871391808],
          [-122.08620392093809, 39.905609604725214],
          [-122.085886587605273, 39.90545480472548],
          [-122.085805387605376, 39.905418271392193],
          [-122.085556120939088, 39.905316804725658],
          [-122.085275773022886, 39.905202953684181],
          [-122.082459641777234, 39.904413647435376],
          [-122.081174732404236, 39.903973447436101],
          [-122.079877926156257, 39.903104944312418],
          [-122.078509736575029, 39.902498181813371],
          [-122.077629335534766, 39.902081775564],
          [-122.077046367827336, 39.901891419314325],
          [-122.076534783453098, 39.901820034939419],
          [-122.075773356370973, 39.901760548481207],
          [-122.075178490746907, 39.901689165147957],
          [-122.074029759498671, 39.901250657856963],
          [-122.073134187625044, 39.900797471399358],
          [-122.072362520959587, 39.900386471399997],
          [-122.07177418762717, 39.900028271400515],
          [-122.071497187627585, 39.899834271400834],
          [-122.071063187628283, 39.899506404734666],
          [-122.070141120963058, 39.89889407140231],
          [-122.069954187630003, 39.898760604735855],
          [-122.06878418763182, 39.897829004737275],
          [-122.068019787632977, 39.897149204738355],
          [-122.067791387633349, 39.896921871405368],
          [-122.067364320967329, 39.896450871406103],
          [-122.067307587634104, 39.89639387140619],
          [-122.066561720968593, 39.895749271407169],
          [-122.0663593209689, 39.895551871407463],
          [-122.066309787635646, 39.895491071407605],
          [-122.066265320969023, 39.895428071407707],
          [-122.066035987636042, 39.89507587140821],
          [-122.065264120970596, 39.894178204742957],
          [-122.064861720971237, 39.893653204743771],
          [-122.064529520971746, 39.893101004744608],
          [-122.064495520971775, 39.893034404744753],
          [-122.06340168764018, 39.891612058913609],
          [-122.062997259515782, 39.890367665165513],
          [-122.062810600141063, 39.889185491209048],
          [-122.062779490766104, 39.887132240170558],
          [-122.064241653263878, 39.882963519343718],
          [-122.065233899095631, 39.881475150596032],
          [-122.067912616799845, 39.877457075602251],
          [-122.068037055341279, 39.876181571437542],
          [-122.067477078258833, 39.875590483938481],
          [-122.066854881384813, 39.875186055814083],
          [-122.065859365761355, 39.874781627689742],
          [-122.064770520971365, 39.874594969356679],
          [-122.063277248057034, 39.874532749565105],
          [-122.061846194934219, 39.874626078731637],
          [-122.060104042853595, 39.874750518314784],
          [-122.058517440772732, 39.874283870398813],
          [-122.056619738692348, 39.874346090190386],
          [-122.050771086618113, 39.87512383602251],
          [-122.048624506413091, 39.875186055814083],
          [-122.046322377250021, 39.874408309981959],
          [-122.045544631417897, 39.873506124566688],
          [-122.045482411626324, 39.872261729776994],
          [-122.045980168917197, 39.870488468321412],
          [-122.04731789287348, 39.868652987074256],
          [-122.050550091826778, 39.866132465203179],
          [-122.05070886682654, 39.866008649578362],
          [-122.054566488695514, 39.864577595413891],
          [-122.057801913690525, 39.86180881833485],
          [-122.059824054312401, 39.859506689171781],
          [-122.061109828268741, 39.856595265217948],
          [-122.06136714910167, 39.855315983969945],
          [-122.061597315767983, 39.854280233971565],
          [-122.061597315767983, 39.852973620431897],
          [-122.061317327226732, 39.852102544391585],
          [-122.061068448060439, 39.851449237100951],
          [-122.060695130352713, 39.850858149601891],
          [-122.0602595918117, 39.850142623561283],
          [-122.059481845979576, 39.848276031897512],
          [-122.060041823062022, 39.845942793359484],
          [-122.061877304309178, 39.844636178778217],
          [-122.062935039724209, 39.844107312112328],
          [-122.064397202221926, 39.84292513711415],
          [-122.065143839720804, 39.842427379823278],
          [-122.065952695969543, 39.841462973574778],
          [-122.066574892843562, 39.840249689201642],
          [-122.066885990759772, 39.839596382952664],
          [-122.067041540759533, 39.83863197774582],
          [-122.067259309509154, 39.837263143372979],
          [-122.067504709508796, 39.836160503791348],
          [-122.068018673049664, 39.834818488168423],
          [-122.067885423049859, 39.834295006919263],
          [-122.067694847008511, 39.833747729836773],
          [-122.067197089717581, 39.833249972545843],
          [-122.066637112635135, 39.832658885046783],
          [-122.06601491471946, 39.831912248589617],
          [-122.065401028262045, 39.831944575672878],
          [-122.064658635554849, 39.831839878798064],
          [-122.064020940764181, 39.831678075673324],
          [-122.06329758451534, 39.831373504840428],
          [-122.062469531391628, 39.831202182965683],
          [-122.061670032434506, 39.831145076715814],
          [-122.060965712643963, 39.831049897549292],
          [-122.060480302228029, 39.830964237132719],
          [-122.060185249103483, 39.830802434007978],
          [-122.059709357437555, 39.830412202758623],
          [-122.058474277231142, 39.828935670469207],
          [-122.057770803273911, 39.828272395470265],
          [-122.056899728275255, 39.827805747554294],
          [-122.054903320986682, 39.826690804847715],
          [-122.053819852238348, 39.826032486098711],
          [-122.053259875155902, 39.82531696005816],
          [-122.052858730364846, 39.824552382976037],
          [-122.053135439739435, 39.823024112145049],
          [-122.053736751196823, 39.821480498605808],
          [-122.054105567862905, 39.821028401731496],
          [-122.054664740778719, 39.820469227774026],
          [-122.055735498068714, 39.819695902775209],
          [-122.056352837651104, 39.819477027775577],
          [-122.057044202233385, 39.81923190798426],
          [-122.05805547306511, 39.819148626734432],
          [-122.058471878272826, 39.818934475693084],
          [-122.059337187646463, 39.81831787152737],
          [-122.060570690769566, 39.817632825695114],
          [-122.062095073058856, 39.816419541321977],
          [-122.062993987640766, 39.815531004865022],
          [-122.063731120972989, 39.815146204865641],
          [-122.063949387639298, 39.815010071532527],
          [-122.063983920972589, 39.814985671532554],
          [-122.064237987638876, 39.814775004866192],
          [-122.064737520971391, 39.814444471533363],
          [-122.064874720971204, 39.81429960486696],
          [-122.065030387637648, 39.814120871533873],
          [-122.065050387637598, 39.814088804867254],
          [-122.065155587637435, 39.813890071534274],
          [-122.065194120970716, 39.813808671534389],
          [-122.065505555345226, 39.813214171535321],
          [-122.065624528261708, 39.812892944452472],
          [-122.065636426178344, 39.812524127786389],
          [-122.065612631386728, 39.812286181953425],
          [-122.065517453261862, 39.811917365287286],
          [-122.065338992845511, 39.811536651746223],
          [-122.065124841804163, 39.811263014246663],
          [-122.064910690762815, 39.811096451746891],
          [-122.064327722013729, 39.810763326747406],
          [-122.063375937640217, 39.810299331956514],
          [-122.06201397097567, 39.809546772582678],
          [-122.061538587643042, 39.809242604874783],
          [-122.061505987643102, 39.809216804874836],
          [-122.061357520976685, 39.809078404875038],
          [-122.061245320976866, 39.808963804875248],
          [-122.061214920976909, 39.808936404875283],
          [-122.061148520976985, 39.808885804875331],
          [-122.06111258764372, 39.808862671542045],
          [-122.061036520977154, 39.808820471542106],
          [-122.060709387644351, 39.80867840487565],
          [-122.060678720977705, 39.808653204875725],
          [-122.060562320977908, 39.808497871542613],
          [-122.060012387645429, 39.807832271543646],
          [-122.05998492097882, 39.807803404877006],
          [-122.059708920979233, 39.807559471544096],
          [-122.059678120979299, 39.807532404877463],
          [-122.059643320979319, 39.807508404877467],
          [-122.058954587647065, 39.807075004878186],
          [-122.058722320980735, 39.806953004878324],
          [-122.05860172098096, 39.806897071545109],
          [-122.058517787647759, 39.806864471545168],
          [-122.058431387647886, 39.806835871545218],
          [-122.058342920981318, 39.806811404878545],
          [-122.058252587648155, 39.806790871545275],
          [-122.057801913690525, 39.806339948629272],
          [-122.05655751994243, 39.805593312172107],
          [-122.053654987655307, 39.8036906715501],
          [-122.052662120990135, 39.803035004884407],
          [-122.050298439743813, 39.799580965306461],
          [-122.049261590787125, 39.798659321557864],
          [-122.04925310120376, 39.798660849682904],
          [-122.047360701206742, 39.797276855935024],
          [-122.046032350167138, 39.796367984061419],
          [-122.045497790792922, 39.795744322604094],
          [-122.045142996001857, 39.795087952813446],
          [-122.044143785586698, 39.793985628856831],
          [-122.04366789392077, 39.793623950732353],
          [-122.042697073088959, 39.793052879899903],
          [-122.041878538715252, 39.792862522608573],
          [-122.041136147049713, 39.792805416358647],
          [-122.040374719967588, 39.792767344483707],
          [-122.039462521010648, 39.792592204900643],
          [-122.03878918767839, 39.79248840490078],
          [-122.038723673095149, 39.792501051775787],
          [-122.035438526225221, 39.791004485111444],
          [-122.033319318936833, 39.790112187196144],
          [-122.032218076230208, 39.789446852822209],
          [-122.03153472310629, 39.7890339944895],
          [-122.03064242519099, 39.788364770532212],
          [-122.029898843942135, 39.787249398658957],
          [-122.029303978318069, 39.786171204910602],
          [-122.029006546026892, 39.78483275803768],
          [-122.028448859569437, 39.781746894500827],
          [-122.028448859569437, 39.779627687212439],
          [-122.028448859569437, 39.778289240339518],
          [-122.02803988977837, 39.776244391384353],
          [-122.028300142902992, 39.773493139305288],
          [-122.028969366860281, 39.770555992434822],
          [-122.02934115748468, 39.768659859104446],
          [-122.029043725193503, 39.766949621607125],
          [-122.027928352278536, 39.765685533067426],
          [-122.026515548114105, 39.76460733931907],
          [-122.024768131450116, 39.763863758070215],
          [-122.02275227311992, 39.76320251223791],
          [-122.022438183537076, 39.763116850779738],
          [-122.021648202288304, 39.763078779946454],
          [-122.020953400206054, 39.763126369529687],
          [-122.019906437707675, 39.763231065362902],
          [-122.019354402291867, 39.76321202994626],
          [-122.019125974167196, 39.763154922654678],
          [-122.018431724168295, 39.76289416223841],
          [-122.018150255418732, 39.76271120703035],
          [-122.015974587713799, 39.761112271616184],
          [-122.014677587715767, 39.76078847161665],
          [-122.013703187717283, 39.760521471617096],
          [-122.013614721050772, 39.76049700495048],
          [-122.011952387720044, 39.759994471617915],
          [-122.011327321054296, 39.759835204951457],
          [-122.009800921056694, 39.759363604952227],
          [-122.009331187724115, 39.759198004952452],
          [-122.00850638772539, 39.758853004952982],
          [-122.008376787725581, 39.758810471619768],
          [-122.00811058772598, 39.758738471619836],
          [-122.007809321059767, 39.758631271620004],
          [-122.007412787727048, 39.758438671620297],
          [-122.007142987727491, 39.758295071620523],
          [-122.005201387730494, 39.757163671622322],
          [-122.005123987730599, 39.757123004955702],
          [-122.004722587731237, 39.756936404955979],
          [-122.004106121065547, 39.756607871623146],
          [-122.003720921066133, 39.756392271623497],
          [-122.003110121067095, 39.755999871624113],
          [-122.003004721067214, 39.755928604957546],
          [-122.002763721067595, 39.755758204957829],
          [-122.001777121069154, 39.754991671625646],
          [-122.001653321069341, 39.754884204959183],
          [-122.00158672106943, 39.754833804959219],
          [-122.000553721071071, 39.754103204960359],
          [-122.000486987737816, 39.754052804960452],
          [-122.000391921071298, 39.75397367162725],
          [-121.999702187739047, 39.753487671628022],
          [-121.999209121073136, 39.753155871628508],
          [-121.998865187740307, 39.752912004962241],
          [-121.998505587740908, 39.752681671629261],
          [-121.998371787741121, 39.752581204962723],
          [-121.998021521074975, 39.752292004963181],
          [-121.997727321075445, 39.75201327163029],
          [-121.997223321076206, 39.751496671631116],
          [-121.996883187743435, 39.751200604964879],
          [-121.996297987744299, 39.750735671632299],
          [-121.995788987745129, 39.750364404966206],
          [-121.995336321079151, 39.750001071633392],
          [-121.995273987745918, 39.749947471633504],
          [-121.994902507538143, 39.749597709134036],
          [-121.99450533462209, 39.749376653926049],
          [-121.993020550249412, 39.74907208309321],
          [-121.991231196085494, 39.74833920913602],
          [-121.990012911712427, 39.747530191428893],
          [-121.989156305463723, 39.746778282055061],
          [-121.98898498463069, 39.7462548008059],
          [-121.988918359630759, 39.745874087264838],
          [-121.98898498463069, 39.745303016432388],
          [-121.989023055463917, 39.744693874766654],
          [-121.989004020047332, 39.74437978518381],
          [-121.988918359630759, 39.743999071642747],
          [-121.988623587756251, 39.742969204977669],
          [-121.987752126299256, 39.741066386230614],
          [-121.98709777421692, 39.739817169565868],
          [-121.986562396092779, 39.738924871650624],
          [-121.98619357942664, 39.738294314359905],
          [-121.98593183880206, 39.737925497693823],
          [-121.9852855752614, 39.737288611236465],
          [-121.984408983596097, 39.736414539362841],
          [-121.983968783596765, 39.735950544571892],
          [-121.983171663806331, 39.735034452906632],
          [-121.982731463807056, 39.734618046657317],
          [-121.981946241933258, 39.733856619575135],
          [-121.981363273184172, 39.73327365082605],
          [-121.980650209643613, 39.732778175826809],
          [-121.980027813811262, 39.732375449785764],
          [-121.978827799229748, 39.73195194041142],
          [-121.978006885689354, 39.731785377911706],
          [-121.976626798191489, 39.731678301870204],
          [-121.975234812776989, 39.731630712286915],
          [-121.974473385694864, 39.731630712286915],
          [-121.972140921115169, 39.731881557078225],
          [-121.970507494034337, 39.731970329994738],
          [-121.966780390915119, 39.733307225825968],
          [-121.963336871128831, 39.734968217490064],
          [-121.960257959675232, 39.736021528946765],
          [-121.958479612803046, 39.735803266447135],
          [-121.958050706553706, 39.735216341448051],
          [-121.957599226346076, 39.734065067491485],
          [-121.957012301346936, 39.733116958117932],
          [-121.956447951347855, 39.7322817195776],
          [-121.956140896139971, 39.731754214370085],
          [-121.955776218015558, 39.730898502913078],
          [-121.955747663848911, 39.730498753955374],
          [-121.955848250307099, 39.729325600832169],
          [-121.956064193015095, 39.728128100834056],
          [-121.956284324264743, 39.727312321668649],
          [-121.956704207597454, 39.725173519588623],
          [-121.956804145097294, 39.724231252923403],
          [-121.956718483639065, 39.723817226882375],
          [-121.956504332597774, 39.723446031049662],
          [-121.956147413848328, 39.722989174800318],
          [-121.955776218015558, 39.722803576883962],
          [-121.954935491975164, 39.722349152926313],
          [-121.954359045101057, 39.72081980501207],
          [-121.953829364893579, 39.719414531055918],
          [-121.952881256561682, 39.717992367516445],
          [-121.951526815938792, 39.716750796685005],
          [-121.948659915943267, 39.715260911270661],
          [-121.947734380528004, 39.714741709188161],
          [-121.947373188861945, 39.714420649813633],
          [-121.947124882612286, 39.714199933147313],
          [-121.946267070113663, 39.713116380024019],
          [-121.945410356573291, 39.711778103984386],
          [-121.945070647198804, 39.710904126902449],
          [-121.944574019074594, 39.708804743572387],
          [-121.944077389908728, 39.705215474827924],
          [-121.944092427408691, 39.702695871706851],
          [-121.944104324283671, 39.702404388373964],
          [-121.944535375324676, 39.700878941501344],
          [-121.944552614907991, 39.699471940461819],
          [-121.944516923241338, 39.698734307129655],
          [-121.943826879492406, 39.698103749838992],
          [-121.94193343991202, 39.695807342550893],
          [-121.941985673245313, 39.695362323801533],
          [-121.94212550970343, 39.694278590469935],
          [-121.942160469078374, 39.691586734224074],
          [-121.942894611785562, 39.69001357276818],
          [-121.943418998243089, 39.688999756103101],
          [-121.943803549284155, 39.688370491520743],
          [-121.944327936783338, 39.687286757147433],
          [-121.945726303447827, 39.686342860273896],
          [-121.94862791385998, 39.685678636316595],
          [-121.951739279480137, 39.6858883915246],
          [-121.957137187805131, 39.687361071730663],
          [-121.957169387805038, 39.687294005064075],
          [-121.9582067242618, 39.687181880064259],
          [-121.960059560717241, 39.686517656106957],
          [-121.960968498215834, 39.685958309232831],
          [-121.961982313839258, 39.685573758191765],
          [-121.962646538838214, 39.684909534234464],
          [-121.963240844045629, 39.683895718611041],
          [-121.963377208628742, 39.683116492570548],
          [-121.963485558628577, 39.682497351946552],
          [-121.963310762795516, 39.681098985282006],
          [-121.962611579463271, 39.679560782159399],
          [-121.962087191964088, 39.678512007161032],
          [-121.96194735550597, 39.676973804038425],
          [-121.962087191964088, 39.67609982487312],
          [-121.962576620088328, 39.6746315405004],
          [-121.963170926337398, 39.673967316543099],
          [-121.964079863835991, 39.673512847793802],
          [-121.965268475292476, 39.673407969668972],
          [-121.96645708674896, 39.67354780612709],
          [-121.967261148206035, 39.673792520710037],
          [-121.968449759662519, 39.674177071751103],
          [-121.969079024244877, 39.674771376958518],
          [-121.969918044035239, 39.67512096862464],
          [-121.971770880490737, 39.67571527487371],
          [-121.9739043877791, 39.675830871748531],
          [-121.973989921112263, 39.675801005081894],
          [-121.974122121112089, 39.675763471748667],
          [-121.974257787778527, 39.675734071748707],
          [-121.974349787778408, 39.675719005082044],
          [-121.974489987778156, 39.675706805082086],
          [-121.974754321111106, 39.675548071749006],
          [-121.975018121110679, 39.675477271749116],
          [-121.975226474235342, 39.675373682165912],
          [-121.977962301314449, 39.675393336332547],
          [-121.980399267977305, 39.674692708208624],
          [-121.982714386723728, 39.673291451960836],
          [-121.986187064843364, 39.669940621757689],
          [-121.987862480465765, 39.669757849882956],
          [-121.991731165876388, 39.670214781132245],
          [-121.996148168994523, 39.6698187738412],
          [-121.997579886700635, 39.668874448842701],
          [-121.998798371073747, 39.667168571761977],
          [-121.999102991906625, 39.665432232181331],
          [-121.998493750240925, 39.66339127280952],
          [-121.997122955451346, 39.661776781145363],
          [-121.995142920037779, 39.660527836355641],
          [-121.992949649207844, 39.660314600939273],
          [-121.991000075252543, 39.660040442606373],
          [-121.986796307550719, 39.659674897815307],
          [-121.984603036720785, 39.659096117607874],
          [-121.982562076307318, 39.658882883233161],
          [-121.981434979434027, 39.659370276982429],
          [-121.979850950269849, 39.659949056148207],
          [-121.977353058607036, 39.661533085312385],
          [-121.97503793986067, 39.66287341656033],
          [-121.97345391173809, 39.664213748849932],
          [-121.972148491948474, 39.664063629058489],
          [-121.970554252367606, 39.663468763434423],
          [-121.968960013828394, 39.662540773852527],
          [-121.968198585704613, 39.661089301979757],
          [-121.967978486746631, 39.659323890524149],
          [-121.968478174245831, 39.655997404071002],
          [-121.969277673202953, 39.652699470742789],
          [-121.969834466952079, 39.650458018662903],
          [-121.970619688825821, 39.648273673874655],
          [-121.97126214299152, 39.647359960334427],
          [-121.972318624239847, 39.646845996793559],
          [-121.974231710695221, 39.646660398877145],
          [-121.976287564858694, 39.646774612418653],
          [-121.977515366940111, 39.647745433250464],
          [-121.978414803397072, 39.648759083248876],
          [-121.980085184644508, 39.649372984289585],
          [-121.982026825266473, 39.649230216581486],
          [-121.984011295055041, 39.648930405123622],
          [-121.986152809635087, 39.648644869707425],
          [-121.988551306506338, 39.648045244708328],
          [-121.989864769004328, 39.646988764501657],
          [-121.990235964837041, 39.645589641587151],
          [-121.990293072128622, 39.644433222838927],
          [-121.98927942213021, 39.642605796800126],
          [-121.987223567966737, 39.640621327011502],
          [-121.986024319010255, 39.639193649930405],
          [-121.985339034636354, 39.637965847848989],
          [-121.985239097136457, 39.636909367642261],
          [-121.985938658593739, 39.635710119727491],
          [-121.987152183591832, 39.63508194160346],
          [-121.989222314838628, 39.634953450978685],
          [-121.990328407545235, 39.634620088479153],
          [-121.991756083584676, 39.633799173897103],
          [-121.992362846083779, 39.631229356192762],
          [-121.991970235667679, 39.628873689529769],
          [-121.990807187752864, 39.626694271824817],
          [-121.988913017964137, 39.622915511414021],
          [-121.987355677341554, 39.621299403083185],
          [-121.984211611721435, 39.619418840586093],
          [-121.979657125270137, 39.617802732255257],
          [-121.978305471105557, 39.617508893714046],
          [-121.977188886732336, 39.616803683298485],
          [-121.976513059650017, 39.615834018716669],
          [-121.976131071108966, 39.614570515593641],
          [-121.976042920067414, 39.613218861429061],
          [-121.976277989858716, 39.612014126014287],
          [-121.976924433607735, 39.611073844765713],
          [-121.97824670339736, 39.609869109350939],
          [-121.979510206520388, 39.609075747893826],
          [-121.980773709643415, 39.608605607269567],
          [-121.98224289818279, 39.608282385395057],
          [-121.98403530963833, 39.608223617686804],
          [-121.98629786067653, 39.608605607269567],
          [-121.987997951298894, 39.609110029143778],
          [-121.989500694004846, 39.609016980185572],
          [-121.991234336710534, 39.608546839561313],
          [-121.992292153375558, 39.6080473145621],
          [-121.993138187749196, 39.6073796051881],
          [-121.995404121079048, 39.604114671859861],
          [-121.997258013784517, 39.600965822906403],
          [-122.000020089821874, 39.598703270826604],
          [-122.000490229404477, 39.597469152078531],
          [-122.000372695029682, 39.595764892706143],
          [-121.999256110656404, 39.59388433020905],
          [-121.997904456491824, 39.592209454170018],
          [-121.997346164826013, 39.591239789588201],
          [-121.995876975244983, 39.588095723968081],
          [-121.996082661702985, 39.584775356264856],
          [-121.996670337743751, 39.583247398975573],
          [-121.998021991908331, 39.581748826061244],
          [-121.998403981491037, 39.580279636480213],
          [-121.998227678366334, 39.578457841691375],
          [-121.997786921075317, 39.577194339610003],
          [-121.99849213253259, 39.57531377711291],
          [-122.000842835653941, 39.571611419826979],
          [-122.002958467942335, 39.568878727122865],
          [-122.002958467942335, 39.567703376083045],
          [-122.002400176276524, 39.566469257334973],
          [-122.001812500235758, 39.565587743794651],
          [-122.001136673153496, 39.565293905253441],
          [-121.999608715864156, 39.564853149004136],
          [-121.997228629409562, 39.564412391713176],
          [-121.994672239830152, 39.563971635463815],
          [-121.992409688792009, 39.563295808381554],
          [-121.991175570043936, 39.562502445882785],
          [-121.990029602337358, 39.561532781300969],
          [-121.989588845046399, 39.5607394188022],
          [-121.989299904421841, 39.559583656303971],
          [-121.989295007546843, 39.559564067762324],
          [-121.989471309629891, 39.559240845887871],
          [-121.989941450254207, 39.558447483389102],
          [-121.99058789400317, 39.55803611047304],
          [-121.99149879087679, 39.557565969848781],
          [-121.992556607541815, 39.557213364640972],
          [-121.99340873774878, 39.557125212557821],
          [-121.994495937747104, 39.557095829224522],
          [-121.99523031587097, 39.55734062193244],
          [-121.99714047836801, 39.557624737557035],
          [-121.998345213782784, 39.55759535318208],
          [-121.99963810023911, 39.557536586515482],
          [-122.00054899711273, 39.557360283390778],
          [-122.0013129762782, 39.557125212557821],
          [-122.001930035652265, 39.556860759433221],
          [-122.002517711692974, 39.556184931309247],
          [-122.002517711692974, 39.555391569852134],
          [-122.002047571068715, 39.553599158396594],
          [-122.001694964819251, 39.552159353190518],
          [-122.001051321070292, 39.551208405275304],
          [-121.997030387743166, 39.539580205293362],
          [-121.994290387747412, 39.534279605301606],
          [-121.992821061708071, 39.530650420932204],
          [-121.992703526291564, 39.528652324060317],
          [-121.993144283582524, 39.526977448021285],
          [-121.994349018997355, 39.525625793856705],
          [-121.996200197119492, 39.524626744899933],
          [-121.999902554405367, 39.523304475110308],
          [-122.004163203357109, 39.521776517821024],
          [-122.005691159604737, 39.520983155322256],
          [-122.006425754395252, 39.520366095948191],
          [-122.007130965852525, 39.519631501157676],
          [-122.007630489810083, 39.519014441783611],
          [-122.007759046059846, 39.518206371993188],
          [-122.007454187726978, 39.516634355328961],
          [-122.006308220020458, 39.514548106373866],
          [-122.005015332522476, 39.512520625127024],
          [-122.003399225233295, 39.510757598046439],
          [-122.002076954402014, 39.509670398048115],
          [-122.000020089821874, 39.508671349091344],
          [-121.997933840866779, 39.508230591800384],
          [-121.995583137745427, 39.508113057425533],
          [-121.993114899207569, 39.50849504596664],
          [-121.990940499210978, 39.508965186590899],
          [-121.989970834629162, 39.508877035549347],
          [-121.988501645048075, 39.508700732424643],
          [-121.987120607550253, 39.508113057425533],
          [-121.985827720052214, 39.506849554302505],
          [-121.98538696380291, 39.505762354304181],
          [-121.985533882552716, 39.504822073055664],
          [-121.98641539609298, 39.503176581391529],
          [-121.987208758591748, 39.5019424616018],
          [-121.987884585674067, 39.500855261603476],
          [-121.989265623171889, 39.498798397023336],
          [-121.991028650252474, 39.497446742858756],
          [-121.993026748166074, 39.497094137651004],
          [-121.997111093993055, 39.497564278275263],
          [-121.999785018988916, 39.497740580358311],
          [-122.001812500235758, 39.497241056400753],
          [-122.002929084609036, 39.496712148068241],
          [-122.004075052315557, 39.495654331403216],
          [-122.00486841377267, 39.494508363696639],
          [-122.004927181480923, 39.493479931406569],
          [-122.004633343981368, 39.492010741825538],
          [-122.004163203357109, 39.491158612660172],
          [-122.003105386692084, 39.490071412661905],
          [-122.002312024193316, 39.48913113141333],
          [-122.001136673153496, 39.488014547040052],
          [-122.000255159613175, 39.487338719957791],
          [-121.998932888781894, 39.486780428291979],
          [-121.997533424200753, 39.486267948084446],
          [-121.996200197119492, 39.485399389752445],
          [-121.995494986703875, 39.484341574129132],
          [-121.995083612746214, 39.483224989755854],
          [-121.994966078371363, 39.48213778975753],
          [-121.995230532537619, 39.479199411637069],
          [-121.995553753370473, 39.477553918931335],
          [-121.996023893994732, 39.476496103307966],
          [-121.996611570035498, 39.475555822059391],
          [-121.997346164826013, 39.473498956437595],
          [-121.997052327326458, 39.470825032483447],
          [-121.996141429411239, 39.468503712695338],
          [-121.994848542954912, 39.466241161657194],
          [-121.993849493998141, 39.465095193950674],
          [-121.993526272123631, 39.463479085619838],
          [-121.994349018997355, 39.46086392833223],
          [-121.994539521080355, 39.460517605416101],
          [-121.994872587746556, 39.458171005419729],
          [-121.995044921079568, 39.455300872090845],
          [-121.994364321080639, 39.450596005431464],
          [-121.994363187747297, 39.448072472102069],
          [-121.994691387746798, 39.444768605440515],
          [-121.995377451287425, 39.442469678360737],
          [-121.996729105452005, 39.440500964822149],
          [-121.99784568878357, 39.439296229407375],
          [-121.999079808573356, 39.438179645034097],
          [-121.999931937738666, 39.437738888784793],
          [-122.002047571068715, 39.436651688786469],
          [-122.003340457525042, 39.435388185663442],
          [-122.004633343981368, 39.434212834623565],
          [-122.005485473146734, 39.43318440129184],
          [-122.005808695021244, 39.432067817960217],
          [-122.005573625229943, 39.43077493150389],
          [-122.004985949189177, 39.429775882547119],
          [-122.004633343981368, 39.429482045047564],
          [-122.003663678357896, 39.428923752340097],
          [-122.001548046069502, 39.428218541924537],
          [-122.000108240863426, 39.427807169008531],
          [-121.998903505448595, 39.427219492967765],
          [-121.99816891065808, 39.426514282552205],
          [-121.997573743992348, 39.425579020053647],
          [-121.99746370024252, 39.424046044014347],
          [-121.997610618992269, 39.422665006516524],
          [-121.998110142949827, 39.421519038809947],
          [-121.999167959614851, 39.420755059644478],
          [-122.000225776279876, 39.420431838811623],
          [-122.001783116902459, 39.420284919020219],
          [-122.003433636691568, 39.420354659645113],
          [-122.00504471689743, 39.420343686728415],
          [-122.006455138770207, 39.420226151311965],
          [-122.008130014809296, 39.419638476312855],
          [-122.00904091168286, 39.41890388152234],
          [-122.009628587723626, 39.418110519023571],
          [-122.009716738765178, 39.416817632567245],
          [-122.009246598140862, 39.41517214090311],
          [-122.008964187724644, 39.413879472155145],
          [-122.007746987726534, 39.40807887216414],
          [-122.006602057520013, 39.403301090921559],
          [-122.003982921065699, 39.399801005510312],
          [-122.003188987733608, 39.395891005516376],
          [-122.003546143983044, 39.394515338851875],
          [-122.004457040856664, 39.391988332605763],
          [-122.006337603353757, 39.390284073233431],
          [-122.008071247101043, 39.389196873235107],
          [-122.009184023140961, 39.388485426361228],
          [-122.009863657514927, 39.388050905528587],
          [-122.010539484597189, 39.386846170113756],
          [-122.011097777304656, 39.38555328365743],
          [-122.011215311679507, 39.384260397201103],
          [-122.010892090846653, 39.38302627845303],
          [-122.010199581472762, 39.381767172205002],
          [-122.009011528349561, 39.380264202415674],
          [-122.008159398142595, 39.379088850334142],
          [-122.007953711684536, 39.378324872210328],
          [-122.008012479392789, 39.377237672212004],
          [-122.008570771058601, 39.376150472213681],
          [-122.009452284598922, 39.374769433674203],
          [-122.009981192931434, 39.374387445133095],
          [-122.010657020013696, 39.372448114927806],
          [-122.010745171055248, 39.3698035743069],
          [-122.012008674178276, 39.366806428478185],
          [-122.013330945009557, 39.364103119107426],
          [-122.013107628343221, 39.359316034739834],
          [-122.013654165842354, 39.35669840557722],
          [-122.014041224175116, 39.354640886830452],
          [-122.014212458549821, 39.35373064308186],
          [-122.014535679382675, 39.352467139958776],
          [-122.015361521048078, 39.35128627225231],
          [-122.017033301253775, 39.349851982671169],
          [-122.017797280419302, 39.349499377463417],
          [-122.019237085625377, 39.349411226421864],
          [-122.020882577289512, 39.349176155588907],
          [-122.023468351243821, 39.348970469130904],
          [-122.025672134573711, 39.348941085797605],
          [-122.027229475196293, 39.348735399339603],
          [-122.027947306445185, 39.348612843089768],
          [-122.029021886651833, 39.348000804549088],
          [-122.030109086650157, 39.34700175559226],
          [-122.030579227274416, 39.34614962642695],
          [-122.030637994982669, 39.344709820179162],
          [-122.031019984565432, 39.343152479556579],
          [-122.030784913732475, 39.341859593100253],
          [-122.029862321025576, 39.339889405603344],
          [-122.030461691857965, 39.338597993105338],
          [-122.031113921023632, 39.337239605607408],
          [-122.031256721023396, 39.336104472275849],
          [-122.030017987691963, 39.333673272279611],
          [-122.029168805401639, 39.331545883741285],
          [-122.028404827277825, 39.329871008743851],
          [-122.028169756444868, 39.328284283746314],
          [-122.028140373111569, 39.325669126458706],
          [-122.027934686653566, 39.324229321252631],
          [-122.027288242904547, 39.322818899379797],
          [-122.026788718946989, 39.321672931673277],
          [-122.026729951238735, 39.320144975425649],
          [-122.026729951238735, 39.319616067093136],
          [-122.026876869988541, 39.318646401469607],
          [-122.026671183530482, 39.317441667096489],
          [-122.026142275197969, 39.316383850431464],
          [-122.025143227282854, 39.315326033766439],
          [-122.023879724159826, 39.314738358767386],
          [-122.022528069995246, 39.314708974392431],
          [-122.020559356456658, 39.314944045225388],
          [-122.018855096042614, 39.31517911501669],
          [-122.0180911179188, 39.31517911501669],
          [-122.017615456461215, 39.315116528558463],
          [-122.016563160629516, 39.314826509808881],
          [-122.016239939796719, 39.314033147310113],
          [-122.016298707504916, 39.3135042389776],
          [-122.016739463754277, 39.31312225043655],
          [-122.01829680437686, 39.312652109812291],
          [-122.019266468958676, 39.312681493145533],
          [-122.020663022081521, 39.312922278561871],
          [-122.022204848120793, 39.312593342104037],
          [-122.023321432494015, 39.312240736896229],
          [-122.024379248117384, 39.311271071272756],
          [-122.025554600198916, 39.309772498358427],
          [-122.026168336656269, 39.309217212942599],
          [-122.027200091862994, 39.308215157735845],
          [-122.028081605403315, 39.307803784819782],
          [-122.02913942206834, 39.307363027528822],
          [-122.029971910608708, 39.306782222321374],
          [-122.030637994982669, 39.305717535864687],
          [-122.031108135606928, 39.304277730658612],
          [-122.031137518940227, 39.303484368159843],
          [-122.031019984565432, 39.302602854619522],
          [-122.030667378315968, 39.301956410870559],
          [-122.030197237691709, 39.301398119204748],
          [-122.02913942206834, 39.299899546290419],
          [-122.02839692102782, 39.29912627233324],
          [-122.027170708529752, 39.298489124417586],
          [-122.026347961656029, 39.29819528691803],
          [-122.024878773116598, 39.298018983793327],
          [-122.023450187702167, 39.298195472334726],
          [-122.019493921041658, 39.29919980566649],
          [-122.017444675211493, 39.298812346292095],
          [-122.016004868963705, 39.298283437959583],
          [-122.01519772104831, 39.297236672336169],
          [-122.01540992104799, 39.295706872338542],
          [-122.014310587716352, 39.292486272343581],
          [-122.01493878771538, 39.288489872349771],
          [-122.015260787714908, 39.285923605687117],
          [-122.017865587710844, 39.281499205693933],
          [-122.021239987705599, 39.271992605708704],
          [-122.022241587704059, 39.270815272377206],
          [-122.021894587704594, 39.268342205714362],
          [-122.021280387705531, 39.266805472383453],
          [-122.020082587707407, 39.266103605717831],
          [-122.018119521043786, 39.265593072385286],
          [-122.016085387713588, 39.26562527238525],
          [-122.014616121049244, 39.266156405717766],
          [-122.012366987719361, 39.267915805715063],
          [-122.009797187723336, 39.269870072378694],
          [-122.007610721060075, 39.271679472375865],
          [-122.005062187730687, 39.272102405708551],
          [-122.002986721067259, 39.270553072377595],
          [-122.001587847111125, 39.269165866129754],
          [-122.000866774195572, 39.267857251548492],
          [-121.99929109503131, 39.265987802593031],
          [-121.999184270031492, 39.264892840094717],
          [-122.00108492107023, 39.262086205724074],
          [-122.004160480440419, 39.259354555728351],
          [-122.006448415853583, 39.258082702605293],
          [-122.007997387726164, 39.256533730732713],
          [-122.008409787725498, 39.255580405734179],
          [-122.007550921060158, 39.253399205737594],
          [-122.005772921062942, 39.251062005741176],
          [-122.004124957523857, 39.249349704702183],
          [-122.002469159609745, 39.24801438282924],
          [-122.000893480445541, 39.246732475539602],
          [-121.999584865864222, 39.245183502625309],
          [-121.998383077324434, 39.243874888044047],
          [-121.997902361700142, 39.243207227628375],
          [-121.997635297117256, 39.242138971380029],
          [-121.997768829408699, 39.240750238048861],
          [-121.998116012741491, 39.23960186200901],
          [-121.998676848157288, 39.238854081801833],
          [-121.99923768253143, 39.238239833886098],
          [-122.000172407529988, 39.237812531803456],
          [-122.001374196069776, 39.237358522429133],
          [-122.002298485651693, 39.236928620346475],
          [-122.002816342942538, 39.236584035971987],
          [-122.002976581483949, 39.236210146389283],
          [-122.002949874192325, 39.235729430764991],
          [-122.002789635650913, 39.235248715140756],
          [-122.001721379402568, 39.23458105472514],
          [-122.000065581488457, 39.233779862018025],
          [-121.998997325240111, 39.233219027643884],
          [-121.998436489824314, 39.232471247436706],
          [-121.998062600241553, 39.231723468271241],
          [-121.998222838783022, 39.230948981814095],
          [-121.998756966907195, 39.230201202648573],
          [-121.999451333572779, 39.229800605774187],
          [-122.000172407529988, 39.229560248482926],
          [-122.001160545028426, 39.229453422441395],
          [-122.002175388776834, 39.229720487024338],
          [-122.003003287733918, 39.229854019315781],
          [-122.003724360649471, 39.229934138065687],
          [-122.00452555335653, 39.229640367232776],
          [-122.005887580437786, 39.228652229734337],
          [-122.006929131477818, 39.227851038068877],
          [-122.007479886685303, 39.227315167236384],
          [-122.007863855434721, 39.226408891196115],
          [-122.007009250227668, 39.224218965157888],
          [-122.006742185644782, 39.222910350576569],
          [-122.006849011686256, 39.222029038077949],
          [-122.007496823143583, 39.221333241204036],
          [-122.009065643974509, 39.2203198276639],
          [-122.009573065848713, 39.220026056831045],
          [-122.010908387721656, 39.21935839641543],
          [-122.011602754387241, 39.218503791208377],
          [-122.01181640542859, 39.217622479751412],
          [-122.011442515845829, 39.216981525585766],
          [-122.010173387722773, 39.216336472461762],
          [-122.007169488769136, 39.216474103711562],
          [-122.005095721063981, 39.216264605795232],
          [-122.002975321067311, 39.215273072463447],
          [-122.001084121070221, 39.214488472464609],
          [-121.996796787743563, 39.214062272465299],
          [-121.994550121080351, 39.21361900579933],
          [-121.993502721081995, 39.213412405799659],
          [-121.992476987750251, 39.212894672467087],
          [-121.989865921087642, 39.210782005803708],
          [-121.98965258775462, 39.210609405804007],
          [-121.988234187756859, 39.209246805806117],
          [-121.988159521090267, 39.209175072472874],
          [-121.986845187759002, 39.208635672473747],
          [-121.984808187762155, 39.207799872474993],
          [-121.984580921095812, 39.20763947247525],
          [-121.983534321097466, 39.20690167247642],
          [-121.983257721097914, 39.206706672476741],
          [-121.983298121097846, 39.206407272477179],
          [-121.983489121097534, 39.204987805812721],
          [-121.983558787764082, 39.204469805813517],
          [-121.986058721093571, 39.200685805819376],
          [-121.986191587760004, 39.200470472486415],
          [-121.98764598775773, 39.19811360582338],
          [-121.988090521090385, 39.196623272492388],
          [-121.988052521090424, 39.196355872492802],
          [-121.987871121090734, 39.195082472494732],
          [-121.987776521090893, 39.194418472495784],
          [-121.987582321091168, 39.194158472496213],
          [-121.986767521092418, 39.193067872497863],
          [-121.986389987759708, 39.192562672498696],
          [-121.986328121093152, 39.192521672498742],
          [-121.984736787762245, 39.191466672500383],
          [-121.984526587762616, 39.191327405833931],
          [-121.984125321096542, 39.191214272500758],
          [-121.982196987766201, 39.19067020583492],
          [-121.98082532110169, 39.190337072502132],
          [-121.980190921102633, 39.190183005835706],
          [-121.977233521107223, 39.188384605838507],
          [-121.974461321111562, 39.186805605840959],
          [-121.971892987782212, 39.186777405840985],
          [-121.967984121121617, 39.18693627250741],
          [-121.966160921124413, 39.187037472507257],
          [-121.96500832112622, 39.187101472507152],
          [-121.964965787792949, 39.187103872507123],
          [-121.963510987795189, 39.187833672506031],
          [-121.961803521131174, 39.188657405838057],
          [-121.961492321131686, 39.188880672504411],
          [-121.960627987799683, 39.189500872503402],
          [-121.957679721137595, 39.191616672500118],
          [-121.957609321137681, 39.191667205833369],
          [-121.954736121142162, 39.192799872498313],
          [-121.952016187813058, 39.193993672496447],
          [-121.951813521146676, 39.194082605829635],
          [-121.949302187817239, 39.195775405827021],
          [-121.94893238781782, 39.196186872493058],
          [-121.948171387819002, 39.197033605825084],
          [-121.94742232115351, 39.19726087249137],
          [-121.946570721154842, 39.197519272490979],
          [-121.946503721154954, 39.197539605824261],
          [-121.946148387822177, 39.197367672491225],
          [-121.942790787827391, 39.195742605827093],
          [-121.937519787835527, 39.193611005830348],
          [-121.937406521169066, 39.193541072497169],
          [-121.934977187839479, 39.192043472499449],
          [-121.934687187839927, 39.191864805833063],
          [-121.93465152117335, 39.191755672499937],
          [-121.934451587840329, 39.191144472500866],
          [-121.934254721173943, 39.19054227250183],
          [-121.934337387840515, 39.190381672502042],
          [-121.93477278783979, 39.189534872503373],
          [-121.936043921171176, 39.188944272504273],
          [-121.937918187834953, 39.188503872504953],
          [-121.938739121166975, 39.188234272505383],
          [-121.938749721166971, 39.188230805838714],
          [-121.938873187833451, 39.188190205838794],
          [-121.940193721164746, 39.187449672506602],
          [-121.941824921162208, 39.186204072508531],
          [-121.942848187827281, 39.185008805843722],
          [-121.942977921160434, 39.184790672510758],
          [-121.943703921159283, 39.183570405845956],
          [-121.944792721157569, 39.182303072514571],
          [-121.945276921156847, 39.181739405848816],
          [-121.945311121156806, 39.18160400584901],
          [-121.945521787823111, 39.180770272516952],
          [-121.94551138782316, 39.180741472517013],
          [-121.945081387823791, 39.179569072518859],
          [-121.945066521157173, 39.179555072518838],
          [-121.943565587826185, 39.178139472521082],
          [-121.94314992116017, 39.177773605854952],
          [-121.940518121164246, 39.175457405858538],
          [-121.939867387831896, 39.174884805859449],
          [-121.938920921166698, 39.173512805861549],
          [-121.938779787833596, 39.173172872528767],
          [-121.938529721167299, 39.172571072529706],
          [-121.937590387835428, 39.170309805866566],
          [-121.937217987835993, 39.16883587253551],
          [-121.936663587836904, 39.166641872538889],
          [-121.936302721170762, 39.165684405873719],
          [-121.935725187838329, 39.164152272542765],
          [-121.935699721171716, 39.164087872542893],
          [-121.935040187839377, 39.162425472545465],
          [-121.934870587839669, 39.162095272545969],
          [-121.93457532117344, 39.161520605880185],
          [-121.934403721173737, 39.161186605880687],
          [-121.933901121174529, 39.160807805881291],
          [-121.933115321175706, 39.160215405882241],
          [-121.932529387843317, 39.159773805882878],
          [-121.932054787844038, 39.159575672549863],
          [-121.927571521184348, 39.1577050058861],
          [-121.927268721184817, 39.157513872553068],
          [-121.924379921189256, 39.155691072555896],
          [-121.924009187856541, 39.155457272556248],
          [-121.922351921192444, 39.154494672557746],
          [-121.922262321192591, 39.154442605891177],
          [-121.920397721195457, 39.153359605892831],
          [-121.91998412119608, 39.152979205893473],
          [-121.919008521197611, 39.152081872561496],
          [-121.918903321197774, 39.151985072561672],
          [-121.918570721198307, 39.151504872562384],
          [-121.917796987866154, 39.150388205897457],
          [-121.917479121200017, 39.149021405899589],
          [-121.917454721200045, 39.147173472569136],
          [-121.918050721199108, 39.144455605906671],
          [-121.918352987865319, 39.143697805907834],
          [-121.918989121197626, 39.142103005910315],
          [-121.919234587863912, 39.141999872577173],
          [-121.920617721195129, 39.141419272578048],
          [-121.920729721194959, 39.14137227257811],
          [-121.921312521194068, 39.141517472577902],
          [-121.921590787860282, 39.141586805911118],
          [-121.925150587854773, 39.142619272576212],
          [-121.925225187854664, 39.142616005909531],
          [-121.930565587846331, 39.142378405909881],
          [-121.931310921178522, 39.142523605909673],
          [-121.932639921176474, 39.142782605909247],
          [-121.933149587842308, 39.142881872575799],
          [-121.93467292117333, 39.143588472574663],
          [-121.935443321172102, 39.143945872574136],
          [-121.935816921171522, 39.144042005907295],
          [-121.936708787836835, 39.144271472573621],
          [-121.936796721170026, 39.144294072573587],
          [-121.937134987836146, 39.14420760590707],
          [-121.93771418783524, 39.144059605907273],
          [-121.937750721168527, 39.144050272573963],
          [-121.937828321168411, 39.14398200590739],
          [-121.938677587833752, 39.143234272575228],
          [-121.939469787832536, 39.141394072578066],
          [-121.939480787832508, 39.141368605911453],
          [-121.93947658783253, 39.141317205911548],
          [-121.939293321166133, 39.139077072581699],
          [-121.939254387832875, 39.138738272582202],
          [-121.939078587833137, 39.137209872584606],
          [-121.939203587832935, 39.135628805920362],
          [-121.938947321166665, 39.134786872588336],
          [-121.938215121167786, 39.133429005923801],
          [-121.937885387834967, 39.133107872590983],
          [-121.936821921169951, 39.132072072592564],
          [-121.936269121170824, 39.131533605926734],
          [-121.935798721171579, 39.131278872593782],
          [-121.933990987841014, 39.130300072595332],
          [-121.933894521174523, 39.130248005928706],
          [-121.930876721179175, 39.129199472597008],
          [-121.925721321187211, 39.128508405931427],
          [-121.924728987855417, 39.127863672599119],
          [-121.923911902440011, 39.127237350725068],
          [-121.922839178483343, 39.126271898643211],
          [-121.92208827119282, 39.124850540312082],
          [-121.921436600360494, 39.123796693438749],
          [-121.920840033694788, 39.122510334065737],
          [-121.918704328489753, 39.121484369483994],
          [-121.914990423287179, 39.121838954900113],
          [-121.912103477458345, 39.121851975733421],
          [-121.910591123294012, 39.121694734066978],
          [-121.90994106392003, 39.12124339969273],
          [-121.909430129545797, 39.120023281986278],
          [-121.909672969128792, 39.119371562195624],
          [-121.90955409517062, 39.117477290323563],
          [-121.910204800377926, 39.114019428870563],
          [-121.909877353503475, 39.112963178872235],
          [-121.909672676420428, 39.112302931998272],
          [-121.908379945172442, 39.111212642416604],
          [-121.907106995174445, 39.110874604917115],
          [-121.904696128511489, 39.110218450751461],
          [-121.903674720179765, 39.110350625751266],
          [-121.903664238929764, 39.110315132001347],
          [-121.903420426430159, 39.110145522626624],
          [-121.903047423305736, 39.10988604241868],
          [-121.90280605976443, 39.109027863253345],
          [-121.902875630597634, 39.108806033045369],
          [-121.902582121223134, 39.108278712212837],
          [-121.90344511497176, 39.104702377843353],
          [-121.90415196705402, 39.102794354929699],
          [-121.904123638929036, 39.101804329931213],
          [-121.904015210804232, 39.101732486181334],
          [-121.904145654554043, 39.101380361181896],
          [-121.903237156638738, 39.099768724726061],
          [-121.901048282683803, 39.098845527852461],
          [-121.899783857685804, 39.098530050769625],
          [-121.898911763937122, 39.098059013270358],
          [-121.898899744145524, 39.098037479937034],
          [-121.898319571229706, 39.097842430979028],
          [-121.89715615664818, 39.097017312230321],
          [-121.896545895190798, 39.096507858064456],
          [-121.895726082692079, 39.096530629939423],
          [-121.894422987902431, 39.096178472648262],
          [-121.893860770194976, 39.095556429940928],
          [-121.893139152487777, 39.093214862236209],
          [-121.89352699832051, 39.091435191405651],
          [-121.894365735819179, 39.089841710158112],
          [-121.895096995193057, 39.08780512891127],
          [-121.895154289984646, 39.086493738288311],
          [-121.89277381394669, 39.084506619541401],
          [-121.889997046242627, 39.08253576954445],
          [-121.889510428535061, 39.081203848713187],
          [-121.892350187905663, 39.080789472672166],
          [-121.89432957227757, 39.079832345590319],
          [-121.894422869152436, 39.079231214341235],
          [-121.894052987903024, 39.078078472676395],
          [-121.891006097282741, 39.074325246640512],
          [-121.888879521244405, 39.072366806018579],
          [-121.886168921248611, 39.071277672686904],
          [-121.881256721256193, 39.070675872687843],
          [-121.879211587926079, 39.070633206021284],
          [-121.876080187930938, 39.070251872688516],
          [-121.871962921270665, 39.067735672692436],
          [-121.870345121273147, 39.066627206027476],
          [-121.869487187941161, 39.066709872693991],
          [-121.867414387944393, 39.067266472693177],
          [-121.865266321281013, 39.067670606025843],
          [-121.864097321282827, 39.067719872692464],
          [-121.862890787951414, 39.067677672692525],
          [-121.860812521287926, 39.067976206025378],
          [-121.858387587958362, 39.068635406024384],
          [-121.854072387965061, 39.07059647268801],
          [-121.851643387968863, 39.071498472686585],
          [-121.851038921303143, 39.071553206019814],
          [-121.849551921305419, 39.071401872686749],
          [-121.848353921307307, 39.070828472687651],
          [-121.842934721315714, 39.066449006027767],
          [-121.84202712131713, 39.065984606028451],
          [-121.839351387987904, 39.064713406030478],
          [-121.838545587989188, 39.063991872698239],
          [-121.838364787989462, 39.063140072699582],
          [-121.838904521321979, 39.061096406036086],
          [-121.840194321319927, 39.05544780604481],
          [-121.840935521318784, 39.052374006049604],
          [-121.840823587985653, 39.050885472718562],
          [-121.840543987986052, 39.05012380605308],
          [-121.839953987986974, 39.047522406057112],
          [-121.838674921322308, 39.044807872728029],
          [-121.837077521324773, 39.043107206064008],
          [-121.834156521329305, 39.040831606067513],
          [-121.832185921332382, 39.039946672735539],
          [-121.831083988000785, 39.039495406069591],
          [-121.829807588002723, 39.038404872737942],
          [-121.829281121336919, 39.037291672739684],
          [-121.829858388002663, 39.035324272742741],
          [-121.830656794251411, 39.033787252953459],
          [-121.830752403626263, 39.032611410246943],
          [-121.829702089044588, 39.031927542539677],
          [-121.828780468212699, 39.031935434206332],
          [-121.827275721340015, 39.032050206081124],
          [-121.825250388009806, 39.032135872747688],
          [-121.824367121344494, 39.03141360608214],
          [-121.823123921346451, 39.030110872750811],
          [-121.82262418801389, 39.028557672753266],
          [-121.822482188014135, 39.027144672755412],
          [-121.822571521347299, 39.025278606091661],
          [-121.821731788015256, 39.023114806095009],
          [-121.821092921349589, 39.021165472764721],
          [-121.821115121349578, 39.020888406098493],
          [-121.821042788016371, 39.019727606100275],
          [-121.821313321349237, 39.019283072767621],
          [-121.823579188012388, 39.016648806105081],
          [-121.826446521341268, 39.0131518061105],
          [-121.826610188007692, 39.012347006111725],
          [-121.826633388007679, 39.012083272778796],
          [-121.82656978800776, 39.011379006113259],
          [-121.826422921341305, 39.011172272780243],
          [-121.824635588010779, 39.009600206115977],
          [-121.822736388013709, 39.008540006117641],
          [-121.820958121349804, 39.006997272786691],
          [-121.819469988018795, 39.0060878727881],
          [-121.817651321354958, 39.005849472788498],
          [-121.816580988023247, 39.005809272788554],
          [-121.814108121360448, 39.005930672788338],
          [-121.811690188030866, 39.005568872788899],
          [-121.8073389880376, 39.003970272791378],
          [-121.805670921373519, 39.003161472792669],
          [-121.804128988042578, 39.002119406127633],
          [-121.801710321379687, 38.999894806131067],
          [-121.801013788047442, 38.999364606131905],
          [-121.797174388053406, 38.997994472800656],
          [-121.7959027213887, 38.997058072802133],
          [-121.795468321389365, 38.995994606137117],
          [-121.795518321389295, 38.995099006138503],
          [-121.796478788054458, 38.993859806140449],
          [-121.80001058804902, 38.99077360614524],
          [-121.802466388045161, 38.989576872813757],
          [-121.805357521374049, 38.989389406147382],
          [-121.80810572136977, 38.989417472814011],
          [-121.810406721366178, 38.989142406147778],
          [-121.813403788028211, 38.988847072814906],
          [-121.816986121355967, 38.988937872814745],
          [-121.819081988019377, 38.988443206148816],
          [-121.820034321351272, 38.987665406150029],
          [-121.820507321350533, 38.986421072818644],
          [-121.820866321349968, 38.983655006156255],
          [-121.820805321350065, 38.983138472823725],
          [-121.820746321350157, 38.976213472834502],
          [-121.821258521349364, 38.974698072836816],
          [-121.82210312134805, 38.974109206171079],
          [-121.823225921346307, 38.973523072838645],
          [-121.827130321340235, 38.973019472839439],
          [-121.829993988002457, 38.972342272840478],
          [-121.83365212133009, 38.96988067284434],
          [-121.834517921328768, 38.967988606180597],
          [-121.834687321328488, 38.966143806183425],
          [-121.834436721328871, 38.964457672852745],
          [-121.833487787997058, 38.96292760618843],
          [-121.832018521332657, 38.961337872857598],
          [-121.831968521332726, 38.96014260619279],
          [-121.833232921330762, 38.959394872860571],
          [-121.836124321326281, 38.956980006197682],
          [-121.838365721322816, 38.956024806199139],
          [-121.840114121320084, 38.955444672866747],
          [-121.840540187986107, 38.954906006200872],
          [-121.840479387986193, 38.954362272868423],
          [-121.838217387989687, 38.95233020620492],
          [-121.837267787991152, 38.950854406207156],
          [-121.836804121325201, 38.949437806209403],
          [-121.836555321325591, 38.947643072878861],
          [-121.836941121325026, 38.94531167288244],
          [-121.836616587992182, 38.943896272884672],
          [-121.835355121327439, 38.942363072887019],
          [-121.833425987997146, 38.941257606222052],
          [-121.83156298800003, 38.940370006223475],
          [-121.830398921335131, 38.939272206225155],
          [-121.830285721335315, 38.937696072894255],
          [-121.831347321333681, 38.936566206229372],
          [-121.834170187995994, 38.934042006233256],
          [-121.835450787993977, 38.932262606236065],
          [-121.83604172132641, 38.930150472906007],
          [-121.83697378799161, 38.928421872908643],
          [-121.837964787990074, 38.927345472910361],
          [-121.837769587990408, 38.926528872911604],
          [-121.836469187992407, 38.925266806246896],
          [-121.833642321330103, 38.923826606249122],
          [-121.8320987213325, 38.922562006251098],
          [-121.83060332133482, 38.92048327292099],
          [-121.829860988002679, 38.91911800625644],
          [-121.82855018800467, 38.918507472924034],
          [-121.826192321341694, 38.91815787292461],
          [-121.82292458801345, 38.91817927292459],
          [-121.820285121350878, 38.918043872924784],
          [-121.818487921353665, 38.917428272925747],
          [-121.814898921359202, 38.9158712062615],
          [-121.812124988030178, 38.915462872928799],
          [-121.807464588037419, 38.915632472928507],
          [-121.80545532137387, 38.915231672929167],
          [-121.804355121375579, 38.914514406263606],
          [-121.804027721376087, 38.913316272932093],
          [-121.804467388042099, 38.911963072934213],
          [-121.806015588039656, 38.910838406269306],
          [-121.807625988037159, 38.910149006270387],
          [-121.80956638803417, 38.910494606269822],
          [-121.811015921365254, 38.91110680626889],
          [-121.813282266153408, 38.911790371892835],
          [-121.814764722401094, 38.911638893768043],
          [-121.81470219219284, 38.910874490644233],
          [-121.813195788028509, 38.909608406271218],
          [-121.809610921367437, 38.907833872940614],
          [-121.807192188037845, 38.906994472941903],
          [-121.803590188043415, 38.906251606276442],
          [-121.800469388048271, 38.905839272943695],
          [-121.797310988053198, 38.905589606277431],
          [-121.795430988056125, 38.905787406277113],
          [-121.792221321394436, 38.906514606276005],
          [-121.79160138806202, 38.906182206276526],
          [-121.790999121396339, 38.904818272945306],
          [-121.790882121396521, 38.903513606280683],
          [-121.79124438806258, 38.902648406282026],
          [-121.792091121394606, 38.901896872949862],
          [-121.793078721393101, 38.901038206284511],
          [-121.794962321390187, 38.900623206285161],
          [-121.803345921377172, 38.902175872949385],
          [-121.80397858804281, 38.901747872950068],
          [-121.803645788043355, 38.900875606284785],
          [-121.803059588044277, 38.898534206288389],
          [-121.803433388043686, 38.896963072957476],
          [-121.804993121374594, 38.895132606293657],
          [-121.805502188040464, 38.893780072962443],
          [-121.805955521373107, 38.891612406299146],
          [-121.807171188037898, 38.889561072969002],
          [-121.808794588035369, 38.888057006304678],
          [-121.812230721363335, 38.886191206307558],
          [-121.815506921358292, 38.885572806308517],
          [-121.816248988023801, 38.884820006309667],
          [-121.817116121355753, 38.882819406312763],
          [-121.817014964064242, 38.881783975064423],
          [-121.816691608856445, 38.881147254232076],
          [-121.815881683857697, 38.880438006316467],
          [-121.8154440421917, 38.878831344860657],
          [-121.815419309900051, 38.878278258403157],
          [-121.814862952609246, 38.877126679238302],
          [-121.814326100526785, 38.876535557364207],
          [-121.813684924486097, 38.876037292781632],
          [-121.812415878654747, 38.874782549033569],
          [-121.810933721365359, 38.873032206327991],
          [-121.808731388035483, 38.871943072996316],
          [-121.807176853662895, 38.871675038621731],
          [-121.805176233874306, 38.871361153205555],
          [-121.804012998459427, 38.870692021956586],
          [-121.803248205752311, 38.86972609487475],
          [-121.802685067211485, 38.868681827168075],
          [-121.802579796378325, 38.867504521961564],
          [-121.802768130753066, 38.865488203214682],
          [-121.801134243255603, 38.864598954257758],
          [-121.79956618804971, 38.864926806340577],
          [-121.79672338805409, 38.866947073004098],
          [-121.79564404222242, 38.867047681337283],
          [-121.795104902639935, 38.866559463629699],
          [-121.794371091182768, 38.86555161675625],
          [-121.793423397434196, 38.863954257383739],
          [-121.792639988060444, 38.86322407300986],
          [-121.791091988062817, 38.86301987301016],
          [-121.790416588063863, 38.863410206342905],
          [-121.788501921400211, 38.864462914674618],
          [-121.78722367765215, 38.864112821966842],
          [-121.785149497447037, 38.863015055301844],
          [-121.784420709948165, 38.862257116761384],
          [-121.783944568282266, 38.860634349055545],
          [-121.784002871407154, 38.85916705634952],
          [-121.784520608906348, 38.858055824059534],
          [-121.784736049531034, 38.85712771156102],
          [-121.784358508906621, 38.85646726677038],
          [-121.782612634951022, 38.856980910519553],
          [-121.780329780787895, 38.85916705634952],
          [-121.778532121415651, 38.860735006347056],
          [-121.776055921419527, 38.861629206345697],
          [-121.772096988092301, 38.861629406345685],
          [-121.769952788095623, 38.861878606345272],
          [-121.766199347476459, 38.86411571363351],
          [-121.764692756853833, 38.864401608424714],
          [-121.76218713810772, 38.864088911550198],
          [-121.760981706859582, 38.863428480301195],
          [-121.758120197489006, 38.862768171968924],
          [-121.758193903738913, 38.86398736988366],
          [-121.758737397488062, 38.865106448006941],
          [-121.759966668319464, 38.866467486546526],
          [-121.760026205819372, 38.867901410502611],
          [-121.759416499570364, 38.86863116675147],
          [-121.7574637141567, 38.869082604250764],
          [-121.7557813860343, 38.869264679250477],
          [-121.754132289161873, 38.869467257375163],
          [-121.752664996455792, 38.870098872999222],
          [-121.751076601666625, 38.870712782373232],
          [-121.748882988128344, 38.871560606330263],
          [-121.748072521462973, 38.871192672997495],
          [-121.746186988132536, 38.865186006340139],
          [-121.744062988135852, 38.864045673008604],
          [-121.74091632147406, 38.86301407301022],
          [-121.738696721477481, 38.861513406345864],
          [-121.737838321478819, 38.860985406346686],
          [-121.733464121485611, 38.860099873014747],
          [-121.730110788157504, 38.859225406349424],
          [-121.729056788159141, 38.85821620635096],
          [-121.728674188159744, 38.853901673024325],
          [-121.727873988160979, 38.852975073025789],
          [-121.725990921497214, 38.85267520635955],
          [-121.724310588166475, 38.852457206359929],
          [-121.723455121501161, 38.851769473027673],
          [-121.723572921500988, 38.850892673029023],
          [-121.727601388161361, 38.848222806366493],
          [-121.728954388159309, 38.846760873035407],
          [-121.72912032149236, 38.846044273036512],
          [-121.728990588159206, 38.844725806371912],
          [-121.726369521496622, 38.841464606376974],
          [-121.726739521496086, 38.840750206378061],
          [-121.729764588158048, 38.83994507304601],
          [-121.731409988155463, 38.836371073051566],
          [-121.731229321489081, 38.835052006386945],
          [-121.73018072149074, 38.833763606388914],
          [-121.727364988161753, 38.83141807305924],
          [-121.726015988163851, 38.829807006395072],
          [-121.724400121499684, 38.827434673065397],
          [-121.72377552150067, 38.825272673068753],
          [-121.723624121500904, 38.822317673073371],
          [-121.724183388166693, 38.81957000641097],
          [-121.724629788165998, 38.817419673080963],
          [-121.724108588166814, 38.815179073084437],
          [-121.72342112150119, 38.812258073088969],
          [-121.723828788167225, 38.809428873093395],
          [-121.7234791215011, 38.806152406431806],
          [-121.723243388168157, 38.805072273100109],
          [-121.722971521501904, 38.803153673103111],
          [-121.722222388169712, 38.802267406437807],
          [-121.72125712150455, 38.802057273104822],
          [-121.720892388171819, 38.802105406438045],
          [-121.720736321505399, 38.802113673104714],
          [-121.720458721505793, 38.802134606438017],
          [-121.720320988172716, 38.802150473104689],
          [-121.719910321506632, 38.802211473104592],
          [-121.719820921506823, 38.80223087310452],
          [-121.719510588173932, 38.802287673104445],
          [-121.71945952150736, 38.802297073104455],
          [-121.719231521507709, 38.802331806437735],
          [-121.719096121507903, 38.802357073104361],
          [-121.718731988175136, 38.802414873104283],
          [-121.718415721508961, 38.802473473104158],
          [-121.718006188176275, 38.802537673104041],
          [-121.717638321510208, 38.802579006437327],
          [-121.717406921510531, 38.802595006437286],
          [-121.717128521510972, 38.802607406437289],
          [-121.716570921511845, 38.802607273103945],
          [-121.716277988178945, 38.802601406437304],
          [-121.716140188179168, 38.802585073104012],
          [-121.715874521512944, 38.802521206437405],
          [-121.715750388179799, 38.802472006437483],
          [-121.715535321513471, 38.802404673104263],
          [-121.715245721513895, 38.802291206437758],
          [-121.715074921514145, 38.802234806437866],
          [-121.714955321514367, 38.802180006437936],
          [-121.714749721514693, 38.802096873104745],
          [-121.714578321514921, 38.802042073104815],
          [-121.714494721515052, 38.80201067310486],
          [-121.714324521515323, 38.801953473104959],
          [-121.714157588182275, 38.801891073105082],
          [-121.714114321515638, 38.801878206438403],
          [-121.713830521516115, 38.801756273105298],
          [-121.713619321516433, 38.80168307310538],
          [-121.713373721516803, 38.801581673105545],
          [-121.713287788183607, 38.801554473105568],
          [-121.713162321517132, 38.801507873105663],
          [-121.713148988183832, 38.801502073105667],
          [-121.713121988183843, 38.801490206439041],
          [-121.712993788184065, 38.80144820643909],
          [-121.712734588184446, 38.801369806439197],
          [-121.712469721518232, 38.801303806439307],
          [-121.712297388185164, 38.801250606439396],
          [-121.71212092151876, 38.801206006439486],
          [-121.711868921519169, 38.801160273106177],
          [-121.711849721519172, 38.801156806439565],
          [-121.711712121519383, 38.801139606439563],
          [-121.711669588186112, 38.801125206439565],
          [-121.711581721519565, 38.801102273106324],
          [-121.711536588186334, 38.801094006439655],
          [-121.711399121519889, 38.801076206439689],
          [-121.711264588186737, 38.801048673106379],
          [-121.710991921520531, 38.801006206439752],
          [-121.710808388187445, 38.800983873106475],
          [-121.710717988187582, 38.800967806439814],
          [-121.710625988187758, 38.800957606439852],
          [-121.710535121521218, 38.800943606439887],
          [-121.710512921521229, 38.800938206439866],
          [-121.710446321521374, 38.800922273106551],
          [-121.710400988188098, 38.800914806439891],
          [-121.710171788188461, 38.800885406439988],
          [-121.70998758818871, 38.800867206439989],
          [-121.709618121522624, 38.800838073106718],
          [-121.709154788190006, 38.800812673106748],
          [-121.708713521524032, 38.800809873106743],
          [-121.708690588190734, 38.8008098064401],
          [-121.708497921524383, 38.800817406440046],
          [-121.708365788191259, 38.800822606440079],
          [-121.707902321525296, 38.800848673106714],
          [-121.707768121525532, 38.800876406439954],
          [-121.707032121526652, 38.800955473106512],
          [-121.706624921527293, 38.801027273106399],
          [-121.706266921527856, 38.80110400643963],
          [-121.706003188194927, 38.801172873106168],
          [-121.705875721528457, 38.801215406439439],
          [-121.705701388195394, 38.801264406439373],
          [-121.705490721529031, 38.801339273105953],
          [-121.705326521529287, 38.801405873105807],
          [-121.705241988196121, 38.801435073105779],
          [-121.705167721529563, 38.801478206439072],
          [-121.705042188196387, 38.801524273105656],
          [-121.70496318819653, 38.801561873105584],
          [-121.704666721530316, 38.801718073105349],
          [-121.704656721530341, 38.80172320643868],
          [-121.70451078819724, 38.801814473105196],
          [-121.704471721530638, 38.801833806438481],
          [-121.704286721530934, 38.801941606438334],
          [-121.704105788197865, 38.802053606438164],
          [-121.70403112153133, 38.802096073104735],
          [-121.703952588198092, 38.802134206438041],
          [-121.703878588198222, 38.802177273104633],
          [-121.70379938819832, 38.802214406437884],
          [-121.703686188198503, 38.802276873104461],
          [-121.70352658819877, 38.802349673104345],
          [-121.703372921532321, 38.802429673104257],
          [-121.703249388199197, 38.802479073104166],
          [-121.703205721532584, 38.802491073104136],
          [-121.703125121532707, 38.802526673104069],
          [-121.702867588199751, 38.802607873103966],
          [-121.702649921533464, 38.802669873103866],
          [-121.70247158820041, 38.802709606437134],
          [-121.702339321533941, 38.802743206437071],
          [-121.702293921534022, 38.802751073103764],
          [-121.702248121534069, 38.802756873103704],
          [-121.702067321534344, 38.802789806437033],
          [-121.701792588201442, 38.802825673103598],
          [-121.701654588201677, 38.802840406436928],
          [-121.701423388202045, 38.802856806436921],
          [-121.701237921535665, 38.802863673103559],
          [-121.700959388202762, 38.802851806436934],
          [-121.700872921536188, 38.802841673103615],
          [-121.700821721536272, 38.802835806436917],
          [-121.700730988203077, 38.802820473103623],
          [-121.70064318820323, 38.802797206436992],
          [-121.700508121536757, 38.802771473103689],
          [-121.700419988203578, 38.802748873103724],
          [-121.700208721537251, 38.802688006437165],
          [-121.70011592153736, 38.802661273103865],
          [-121.700030788204174, 38.802632606437271],
          [-121.699583721538204, 38.802443206437545],
          [-121.699426588205142, 38.802367073104335],
          [-121.699387121538507, 38.802343806437705],
          [-121.699242521538736, 38.802258406437829],
          [-121.699207521538767, 38.80223487310451],
          [-121.698997521539127, 38.802087606438079],
          [-121.698967588205846, 38.802066673104775],
          [-121.698834988206045, 38.801966673104971],
          [-121.698680788206275, 38.801833473105148],
          [-121.69860078820642, 38.801746006438634],
          [-121.698514788206523, 38.801662006438733],
          [-121.698489521539898, 38.801632006438808],
          [-121.698415921540004, 38.801541273105613],
          [-121.698383988206729, 38.801498473105653],
          [-121.69830038820686, 38.801386673105867],
          [-121.698256321540271, 38.801324006439302],
          [-121.698195388207012, 38.801227673106098],
          [-121.698170721540407, 38.801197473106129],
          [-121.698062721540566, 38.801039606439701],
          [-121.698038121540606, 38.801009206439801],
          [-121.697976388207394, 38.800913473106561],
          [-121.697957921540706, 38.800880806439977],
          [-121.697929321540755, 38.800812873106736],
          [-121.69785732154088, 38.800681673106965],
          [-121.697755721541057, 38.800444606440635],
          [-121.697659921541174, 38.800282273107541],
          [-121.697535788208029, 38.800013673107969],
          [-121.697476588208133, 38.799841273108257],
          [-121.697393588208286, 38.799563206442031],
          [-121.697347388208357, 38.799388473108934],
          [-121.697237721541853, 38.798896606443066],
          [-121.697173721541958, 38.798579406443537],
          [-121.697153921541997, 38.798509673110345],
          [-121.697125721542022, 38.798368673110531],
          [-121.697090388208721, 38.798228673110771],
          [-121.697012188208873, 38.798023406444429],
          [-121.69697872154228, 38.797956873111161],
          [-121.696965988208945, 38.797922606444558],
          [-121.696894188209058, 38.797791006444754],
          [-121.696829521542497, 38.797657273111668],
          [-121.696809521542491, 38.797625073111703],
          [-121.696696521542719, 38.797469406445259],
          [-121.696611988209497, 38.797342606445454],
          [-121.696433121543123, 38.797134006445788],
          [-121.696351521543249, 38.797047406445927],
          [-121.6962245882101, 38.796934006446122],
          [-121.696200254876771, 38.79691227311281],
          [-121.696136588210209, 38.79686020644624],
          [-121.696079388210308, 38.79680407311298],
          [-121.69600572154377, 38.79671347311313],
          [-121.695819788210713, 38.796554073113327],
          [-121.695624321544358, 38.796397873113619],
          [-121.695594521544422, 38.796374206446956],
          [-121.695360521544785, 38.796200806447246],
          [-121.695288188211521, 38.796156073113991],
          [-121.695226921544986, 38.79612207311402],
          [-121.695210721544981, 38.796113073114043],
          [-121.695127921545122, 38.796081006447423],
          [-121.695041388211905, 38.796054673114156],
          [-121.694926721545414, 38.79599407311423],
          [-121.69472112154574, 38.795911006447682],
          [-121.694016388213527, 38.795636873114802],
          [-121.69390052154705, 38.795589006448211],
          [-121.693893721547056, 38.795586206448206],
          [-121.693765188213888, 38.795544606448232],
          [-121.693629988214127, 38.795518673114941],
          [-121.693586188214169, 38.795506673114971],
          [-121.69337538821452, 38.795432006448436],
          [-121.693330921547897, 38.795422273115094],
          [-121.693101321548284, 38.795395006448473],
          [-121.692777521548749, 38.795370873115189],
          [-121.692510788215884, 38.7953086064486],
          [-121.692420188215976, 38.795292473115296],
          [-121.692330921549456, 38.795272873115323],
          [-121.692244521549583, 38.795246406448712],
          [-121.692077988216511, 38.795183073115481],
          [-121.691735321550368, 38.79507240644898],
          [-121.691528788217397, 38.794990473115774],
          [-121.691441921550847, 38.794965673115826],
          [-121.69130092155109, 38.794933006449185],
          [-121.691187521551228, 38.79469880644956],
          [-121.691175521551258, 38.794664473116313],
          [-121.691170588217915, 38.794629073116369],
          [-121.691164788217918, 38.794522073116525],
          [-121.69117392155124, 38.794450873116602],
          [-121.691205921551216, 38.794274206450211],
          [-121.691211588217868, 38.794203073116989],
          [-121.691194121551234, 38.794133006450465],
          [-121.691182921551274, 38.794062206450576],
          [-121.691179188217916, 38.794002073117326],
          [-121.691178521551251, 38.793990806450665],
          [-121.691181588217944, 38.7939196064508],
          [-121.691192921551249, 38.793848606450865],
          [-121.691219988217881, 38.793743873117705],
          [-121.691278121551079, 38.793608273117911],
          [-121.691332988217709, 38.793510006451413],
          [-121.691454588217482, 38.793317406451706],
          [-121.691605721550616, 38.793137473118634],
          [-121.691748121550347, 38.79299660645222],
          [-121.691900588216811, 38.792862206452412],
          [-121.692004988216638, 38.792744073119252],
          [-121.692223121549659, 38.792559006452905],
          [-121.692387521549392, 38.792386073119815],
          [-121.692437388215978, 38.792326006453266],
          [-121.692688388215572, 38.791999406453783],
          [-121.692720721548881, 38.791957273120488],
          [-121.692845188215358, 38.791807006454064],
          [-121.69293152154853, 38.791680473120948],
          [-121.692989188215108, 38.791583073121046],
          [-121.693071788214979, 38.791455806454621],
          [-121.693103921548243, 38.791388806454734],
          [-121.693131588214897, 38.791320673121504],
          [-121.69319978821477, 38.791187873121658],
          [-121.69322838821472, 38.791135473121756],
          [-121.693343788214577, 38.79092480645545],
          [-121.693429521547785, 38.790798206455634],
          [-121.693463588214399, 38.79073180645571],
          [-121.693489188214357, 38.790663273122505],
          [-121.693503321547666, 38.790592806455948],
          [-121.693557988214252, 38.789702006457333],
          [-121.693557588214219, 38.789697873123998],
          [-121.693551121547557, 38.789630873124111],
          [-121.693511921547611, 38.789383006457797],
          [-121.693493788214312, 38.789241006458042],
          [-121.69347078821437, 38.789135406458229],
          [-121.693372521547872, 38.788860206458651],
          [-121.693345121547907, 38.788792006458721],
          [-121.693316388214612, 38.788687273125561],
          [-121.693302588214635, 38.788616673125659],
          [-121.693257521548048, 38.788478273125918],
          [-121.693182121548148, 38.788309606459507],
          [-121.693117921548264, 38.788138206459735],
          [-121.693098521548279, 38.788105873126483],
          [-121.693028054881722, 38.78801360645997],
          [-121.69297478821511, 38.78791467312675],
          [-121.692952721548522, 38.787883406460139],
          [-121.692904188215266, 38.787822606460225],
          [-121.692838121548675, 38.787728273127072],
          [-121.692710388215573, 38.787579273127278],
          [-121.692687921548895, 38.787548073127311],
          [-121.692630721548994, 38.787450606460823],
          [-121.692604788215704, 38.787421073127518],
          [-121.692151188216428, 38.786968606461585],
          [-121.691643321550544, 38.786504206462268],
          [-121.691506121550731, 38.786360273129162],
          [-121.691295321551081, 38.786125206462884],
          [-121.691157521551304, 38.785981673129754],
          [-121.691109988218045, 38.785920406463219],
          [-121.691068321551427, 38.785856673129956],
          [-121.690828921551827, 38.785430806463978],
          [-121.690806921551825, 38.785361406464062],
          [-121.69077498821855, 38.785220806464281],
          [-121.690707121552009, 38.784976606464681],
          [-121.690676521552064, 38.784835806464855],
          [-121.690642321552104, 38.784337073132292],
          [-121.69057938821885, 38.783696673133306],
          [-121.690542321552243, 38.783520606466936],
          [-121.690511721552298, 38.783416206467109],
          [-121.690479321552345, 38.783326606467199],
          [-121.690329988219219, 38.78318987313412],
          [-121.690167388219493, 38.783062606467638],
          [-121.690052721553002, 38.782950273134475],
          [-121.690021121553059, 38.782924073134495],
          [-121.689948921553139, 38.782879206467896],
          [-121.68983272155333, 38.782820206467989],
          [-121.689580788220383, 38.782662073134929],
          [-121.689503388220544, 38.782622606468294],
          [-121.689420988220661, 38.782589473135033],
          [-121.689382121554047, 38.782570606468369],
          [-121.68907758822121, 38.78240447313533],
          [-121.689041321554555, 38.782384606468668],
          [-121.688903788221467, 38.782288873135485],
          [-121.688772521554995, 38.782187806468983],
          [-121.688655521555177, 38.782077073135838],
          [-121.688600388221914, 38.782019673135892],
          [-121.688500588222098, 38.781899206469461],
          [-121.688477388222111, 38.781868406469471],
          [-121.68842552155553, 38.781769073136331],
          [-121.688385721555619, 38.781704673136403],
          [-121.688339721555678, 38.781642806469847],
          [-121.688284121555739, 38.781544606469993],
          [-121.688241188222491, 38.781481473136751],
          [-121.688210988222522, 38.78141407313683],
          [-121.688152988222612, 38.78131687313703],
          [-121.688033721556167, 38.781084673137343],
          [-121.687926521556278, 38.780849006471044],
          [-121.687857921556429, 38.780716473137943],
          [-121.687810788223146, 38.780615673138072],
          [-121.687752721556592, 38.780480206471623],
          [-121.687695921556667, 38.780382673138433],
          [-121.687665988223387, 38.780315073138581],
          [-121.687625321556766, 38.780251006471985],
          [-121.687577388223531, 38.780150473138804],
          [-121.687445988223715, 38.779922406472508],
          [-121.68741592155709, 38.7798548731393],
          [-121.687319321557254, 38.779692806472838],
          [-121.687204188224086, 38.779459473139866],
          [-121.687065521557656, 38.77919480647364],
          [-121.686945121557812, 38.779001806473957],
          [-121.686853121557988, 38.778878006474145],
          [-121.686835721557998, 38.778844873140827],
          [-121.686734388224806, 38.778684473141084],
          [-121.686664188224938, 38.778552273141315],
          [-121.686516921558507, 38.778214406475172],
          [-121.686480121558532, 38.77811120647533],
          [-121.686295321558816, 38.777632206476085],
          [-121.686223388225642, 38.777425606476356],
          [-121.686194788225635, 38.777320873143196],
          [-121.686137388225745, 38.777039006476969],
          [-121.686115121559112, 38.776825806477291],
          [-121.686098388225787, 38.776277006478153],
          [-121.686094521559141, 38.776148406478342],
          [-121.686104788225805, 38.775863073145445],
          [-121.686129121559077, 38.775650006479111],
          [-121.686178521559043, 38.775367206479586],
          [-121.686244321558888, 38.775050273146746],
          [-121.686263121558909, 38.774980406480154],
          [-121.686299588225495, 38.774877273147013],
          [-121.686468921558571, 38.774469473147633],
          [-121.686529188225165, 38.774334606481204],
          [-121.686613521558343, 38.774168273148121],
          [-121.686656721558279, 38.774069806481577],
          [-121.686698521558185, 38.774006073148371],
          [-121.686711388224865, 38.773981873148387],
          [-121.686751521558108, 38.773907073148507],
          [-121.686839321558011, 38.773781473148688],
          [-121.686910921557853, 38.773689673148851],
          [-121.68695418822449, 38.773626606482253],
          [-121.687185988224144, 38.773317606482749],
          [-121.68726572155731, 38.773229806482902],
          [-121.687286321557281, 38.773202473149581],
          [-121.687312321557272, 38.77316800648299],
          [-121.687463188223717, 38.772988206483262],
          [-121.687545721556887, 38.77290187315009],
          [-121.687620321556778, 38.772811606483515],
          [-121.687844388223084, 38.772584206483884],
          [-121.688174121555903, 38.772284473151046],
          [-121.688359721555628, 38.7721250064846],
          [-121.688553921555354, 38.771971406484852],
          [-121.688981921554671, 38.771644273151992],
          [-121.689674321553582, 38.771168673152772],
          [-121.689992988219785, 38.770960873153058],
          [-121.690400521552476, 38.770724206486761],
          [-121.690715188218633, 38.770572473153663],
          [-121.690985921551544, 38.770434206487209],
          [-121.691093188218076, 38.770366006487336],
          [-121.691207721551223, 38.770305073154077],
          [-121.691403788217599, 38.770209473154239],
          [-121.691526521550713, 38.770158673154299],
          [-121.691682188217158, 38.770086206487747],
          [-121.691804521550296, 38.770029206487834],
          [-121.6919579882167, 38.769949206487979],
          [-121.692099321549847, 38.769856606488133],
          [-121.692158721549731, 38.769808873154886],
          [-121.692291588216221, 38.769702206488375],
          [-121.692428121549312, 38.769558206488568],
          [-121.692488321549206, 38.769479873155376],
          [-121.692498921549202, 38.769466073155399],
          [-121.692512588215834, 38.769444673155419],
          [-121.692826721548727, 38.768954206489525],
          [-121.692886721548632, 38.768819473156384],
          [-121.692956721548512, 38.76865000649002],
          [-121.692979988215143, 38.768569073156812],
          [-121.692996721548411, 38.768510606490224],
          [-121.693040721548357, 38.768335606490496],
          [-121.693055188214998, 38.768157673157418],
          [-121.693048988215025, 38.768086473157553],
          [-121.693024321548364, 38.767987806491021],
          [-121.693013988215057, 38.767946473157735],
          [-121.692990388215094, 38.767877606491197],
          [-121.692949521548485, 38.767807806491305],
          [-121.692887988215261, 38.767712206491467],
          [-121.692861188215318, 38.767683073158196],
          [-121.692817988215381, 38.767620006491597],
          [-121.692615321548999, 38.767381073158617],
          [-121.692384121549367, 38.76715320649231],
          [-121.69235832154942, 38.767127873159041],
          [-121.692247388216288, 38.767013473159182],
          [-121.692092321549865, 38.766880873159437],
          [-121.692005521549959, 38.766797273159568],
          [-121.691594521550599, 38.766457473160074],
          [-121.690872588218383, 38.765902806494239],
          [-121.690127721552869, 38.765315073161844],
          [-121.689865588219959, 38.765113073162183],
          [-121.689522121553807, 38.764872806495873],
          [-121.689485521553877, 38.764850806495872],
          [-121.689046121554554, 38.764533006496379],
          [-121.688975921554686, 38.764486206496485],
          [-121.688544788222032, 38.764215206496885],
          [-121.688433188222177, 38.764151006497002],
          [-121.688352321555669, 38.764107873163709],
          [-121.688089788222726, 38.763968273163925],
          [-121.688050321556091, 38.763949406497318],
          [-121.687853388223061, 38.763855273164097],
          [-121.687691388223357, 38.763785673164193],
          [-121.68761292155682, 38.763747606497589],
          [-121.687405121557106, 38.763668806497719],
          [-121.686929788224518, 38.76352587316461],
          [-121.686797521558049, 38.763492673164649],
          [-121.686706788224853, 38.763477073164722],
          [-121.686619988225004, 38.763451606498052],
          [-121.686575721558427, 38.763441873164766],
          [-121.686439388225267, 38.763420206498097],
          [-121.686393188225338, 38.763415873164774],
          [-121.686254121558875, 38.763411606498153],
          [-121.685743321559698, 38.763406206498132],
          [-121.685511721560033, 38.763418406498147],
          [-121.685002788227507, 38.763452273164717],
          [-121.684544321561532, 38.76350667316467],
          [-121.683996321562404, 38.763582273164559],
          [-121.683407521563311, 38.763684606497691],
          [-121.683363188230032, 38.763695206497687],
          [-121.683226188230265, 38.76371480649766],
          [-121.682841921564204, 38.763765673164244],
          [-121.682814588230883, 38.763769206497557],
          [-121.682791121564264, 38.763770806497575],
          [-121.682745388231012, 38.763773873164212],
          [-121.682583321564607, 38.76378480649754],
          [-121.682397921564871, 38.763792606497532],
          [-121.681794188232516, 38.763794806497515],
          [-121.681747988232587, 38.76379147316419],
          [-121.681610588232786, 38.763773673164224],
          [-121.681430121566393, 38.763740006497642],
          [-121.681297988233268, 38.763706006497671],
          [-121.680983321567055, 38.763596873164488],
          [-121.680959321567116, 38.763588606497876],
          [-121.680720188234147, 38.763478673164684],
          [-121.680306721568115, 38.763248473165049],
          [-121.680233588234898, 38.763204473165104],
          [-121.680061988235195, 38.763084206498661],
          [-121.680049321568504, 38.763074806498651],
          [-121.679894321568781, 38.76296067316548],
          [-121.679862921568827, 38.762934406498857],
          [-121.679808721568918, 38.762876473165647],
          [-121.67973098823569, 38.762803606499062],
          [-121.679680988235759, 38.762743273165825],
          [-121.679636521569194, 38.76268067316596],
          [-121.67956212156929, 38.762590273166097],
          [-121.679522921569344, 38.762537006499485],
          [-121.679493588236085, 38.762497206499575],
          [-121.679453721569473, 38.76243287316629],
          [-121.679407521569544, 38.76237087316639],
          [-121.679367188236256, 38.762306673166506],
          [-121.679249921569749, 38.762152873166769],
          [-121.679215988236479, 38.762086473166846],
          [-121.679195588236496, 38.762054473166927],
          [-121.679144721569912, 38.761994806500354],
          [-121.679086321570026, 38.761897873167129],
          [-121.679019521570126, 38.761804073167298],
          [-121.678937988236896, 38.761676073167507],
          [-121.678871721570374, 38.761581873167643],
          [-121.678757121570527, 38.76142680650122],
          [-121.67863052157071, 38.761277406501449],
          [-121.678548988237537, 38.7611906065016],
          [-121.678274721571313, 38.760948406501939],
          [-121.677978188238399, 38.760722006502306],
          [-121.677910388238502, 38.760673273169061],
          [-121.677803521572002, 38.760604673169155],
          [-121.677650588238919, 38.76052380650259],
          [-121.677528788239101, 38.760471806502721],
          [-121.677442321572585, 38.760446006502718],
          [-121.677362588239362, 38.760409273169444],
          [-121.677188188239654, 38.76036027316951],
          [-121.677098988239777, 38.760340873169582],
          [-121.676917188240054, 38.760312273169632],
          [-121.676594121573885, 38.760285006503011],
          [-121.675946121574896, 38.76024700650305],
          [-121.675482121575612, 38.760230473169713],
          [-121.674879988243219, 38.760199806503124],
          [-121.67446418824386, 38.760168873169846],
          [-121.674187588244308, 38.760143406503232],
          [-121.674142321577676, 38.760135206503207],
          [-121.674053921577865, 38.760113406503251],
          [-121.673917988244739, 38.760089873169932],
          [-121.673504988245384, 38.760040406503379],
          [-121.673369988245554, 38.760014406503387],
          [-121.67304898824608, 38.759974873170108],
          [-121.672959721579559, 38.759955206503491],
          [-121.672372521580428, 38.759848606503681],
          [-121.67228412158056, 38.759826473170392],
          [-121.672103388247535, 38.759793606503763],
          [-121.672059588247578, 38.759781606503793],
          [-121.671791721581371, 38.759723473170538],
          [-121.671655921581532, 38.759699273170554],
          [-121.671523988248452, 38.759664873170607],
          [-121.671298321582128, 38.759622406504036],
          [-121.670902121582742, 38.759520673170812],
          [-121.670812988249509, 38.759500673170862],
          [-121.670677721583104, 38.75947547317088],
          [-121.670500988250012, 38.759431273171003],
          [-121.670322321583626, 38.759392273171045],
          [-121.670235988250454, 38.759366273171054],
          [-121.670009321584132, 38.759327073171164],
          [-121.669827921584385, 38.759296673171207],
          [-121.66968992158462, 38.759281673171188],
          [-121.669505188251549, 38.759266473171238],
          [-121.669412521585059, 38.759263006504568],
          [-121.669040921585633, 38.759266873171214],
          [-121.668901921585814, 38.759273073171244],
          [-121.668624321586265, 38.759291073171198],
          [-121.668532121586395, 38.75930020650452],
          [-121.668441721586532, 38.759316473171168],
          [-121.668308121586733, 38.759346673171081],
          [-121.668223788253556, 38.759376606504418],
          [-121.668136721587018, 38.759401006504334],
          [-121.668095321587089, 38.759417273170982],
          [-121.667977188253928, 38.759474006504263],
          [-121.667712321587658, 38.75961847317069],
          [-121.667306588254974, 38.759857006503637],
          [-121.667019121588737, 38.76003747317003],
          [-121.666742188255853, 38.760227606503065],
          [-121.666676988255972, 38.760278273169661],
          [-121.666520121589542, 38.760409673169477],
          [-121.66643692158965, 38.760495606502673],
          [-121.666363388256457, 38.760586273169167],
          [-121.666309588256524, 38.760662073169044],
          [-121.666287388256535, 38.760693406502355],
          [-121.666235788256643, 38.760752673168952],
          [-121.666122121590149, 38.760908273168695],
          [-121.666042988256947, 38.761075473168432],
          [-121.665999788257011, 38.761138606501675],
          [-121.665948388257107, 38.761238006501515],
          [-121.665891721590526, 38.761335606501348],
          [-121.665759988257378, 38.761640073167541],
          [-121.665709388257483, 38.761739473167381],
          [-121.665666921590855, 38.761841273167249],
          [-121.665380921591293, 38.762594206499386],
          [-121.66533858825801, 38.76269587316591],
          [-121.66530338825811, 38.7627618731658],
          [-121.665237588258208, 38.762932806498895],
          [-121.665116721591687, 38.763276806498368],
          [-121.665041988258508, 38.763519673164637],
          [-121.665023721591865, 38.763589673164518],
          [-121.66501152159185, 38.763624006497821],
          [-121.664962721591962, 38.763724273164314],
          [-121.664928721591991, 38.763864606497407],
          [-121.664881188258732, 38.764039073163815],
          [-121.664838988258794, 38.764178006496934],
          [-121.664813988258857, 38.764283273163471],
          [-121.664793588258874, 38.764425206496583],
          [-121.664760988258934, 38.764601673162929],
          [-121.664758788258951, 38.764708673162772],
          [-121.664732121592294, 38.764921806495806],
          [-121.6647253215923, 38.765100006495516],
          [-121.664745921592271, 38.765277673161904],
          [-121.664809921592166, 38.765738673161195],
          [-121.664802121592174, 38.765845606494338],
          [-121.664807121592219, 38.765952473160837],
          [-121.664779388258921, 38.766201273160448],
          [-121.664748588258931, 38.766843206492808],
          [-121.664684921592368, 38.767232473158856],
          [-121.664653588259114, 38.767516873158399],
          [-121.664600121592514, 38.767763073158051],
          [-121.664578121592569, 38.767904806491174],
          [-121.664556988259221, 38.767974273157733],
          [-121.664525321592635, 38.768041273157621],
          [-121.664484321592681, 38.768105406490861],
          [-121.66438652159286, 38.768226673157301],
          [-121.664270188259707, 38.768337873157179],
          [-121.664188388259845, 38.76842440649034],
          [-121.664095788259942, 38.768504473156895],
          [-121.66399472159344, 38.768578006490088],
          [-121.663834921593718, 38.768707406489909],
          [-121.663658188260627, 38.768823273156386],
          [-121.66362032159401, 38.768843806489713],
          [-121.663539788260834, 38.768879206489657],
          [-121.663496921594231, 38.768893073156278],
          [-121.663408721594351, 38.7689156064896],
          [-121.663274188261255, 38.768943473156185],
          [-121.662922188261803, 38.76903507315609],
          [-121.662786721595353, 38.769060206489371],
          [-121.662374321595962, 38.769112606489273],
          [-121.662055188263139, 38.769160873155897],
          [-121.662009788263219, 38.769168873155877],
          [-121.66188098826342, 38.769209473155797],
          [-121.661836321596809, 38.769217673155765],
          [-121.661516921597297, 38.76926380648905],
          [-121.661238521597738, 38.769273006489016],
          [-121.661055321598042, 38.769296673155679],
          [-121.660405388265701, 38.769296806489024],
          [-121.660312588265811, 38.769293273155654],
          [-121.659988521599644, 38.769272273155707],
          [-121.65980432159995, 38.76925447315574],
          [-121.659758588266698, 38.769247873155734],
          [-121.659487321600466, 38.769199473155822],
          [-121.659398521600565, 38.769178806489208],
          [-121.659261988267474, 38.769157273155884],
          [-121.658999188267899, 38.769087073156015],
          [-121.65895618826795, 38.769073606489371],
          [-121.658831788268117, 38.769025406489391],
          [-121.658658988268428, 38.768972873156144],
          [-121.658580321601846, 38.768935006489585],
          [-121.658419188268795, 38.768863806489662],
          [-121.658274521602323, 38.768774206489809],
          [-121.658207788269124, 38.76871680648992],
          [-121.658202188269115, 38.768681406489975],
          [-121.658196388269118, 38.768538806490199],
          [-121.65820098826913, 38.768324806490511],
          [-121.658187588269129, 38.768111006490813],
          [-121.658190988269155, 38.767861273157905],
          [-121.658178721602496, 38.767683073158196],
          [-121.658161988269171, 38.767541073158384],
          [-121.658082721602625, 38.767153473158999],
          [-121.658028921602693, 38.766980073159232],
          [-121.657987321602775, 38.766877873159444],
          [-121.657922388269526, 38.766744273159645],
          [-121.657903588269562, 38.766711606493004],
          [-121.657813388269687, 38.766587006493182],
          [-121.657664588269938, 38.766406073160169],
          [-121.657637788269994, 38.766376873160198],
          [-121.657577188270068, 38.766322806493633],
          [-121.657380388270383, 38.766124073160597],
          [-121.657164588270746, 38.765937406494231],
          [-121.656926188271086, 38.765718473161201],
          [-121.656630988271559, 38.765491406494903],
          [-121.656493588271758, 38.765395473161732],
          [-121.656385921605249, 38.765327473161847],
          [-121.656163321605618, 38.765198806495334],
          [-121.656005321605846, 38.765123873162167],
          [-121.655928121605996, 38.765084206495544],
          [-121.655853988272781, 38.765041073162251],
          [-121.655697921606304, 38.764963873162401],
          [-121.655583321606514, 38.764903073162486],
          [-121.655544188273211, 38.764884006495834],
          [-121.655460521606699, 38.764852873162567],
          [-121.655299988273612, 38.764781273162669],
          [-121.655217988273762, 38.764747873162719],
          [-121.655133921607217, 38.76471767316275],
          [-121.654920121607518, 38.764648406496235],
          [-121.654569121608063, 38.764554806496335],
          [-121.654478388274867, 38.76453947316304],
          [-121.654339921608425, 38.764527273163083],
          [-121.654019188275583, 38.764486206496485],
          [-121.653833788275904, 38.764478073163161],
          [-121.653508788276383, 38.764482673163116],
          [-121.653091121610373, 38.764492473163102],
          [-121.652813788277456, 38.764514006496427],
          [-121.652491388277952, 38.764545406496381],
          [-121.652036321612002, 38.764615473162905],
          [-121.651761721612445, 38.764652273162881],
          [-121.65162372161268, 38.764666473162833],
          [-121.651165521613393, 38.764724673162789],
          [-121.650848588280496, 38.764780806495992],
          [-121.65026292161474, 38.764893673162476],
          [-121.649861788282067, 38.764984073162339],
          [-121.649684721615643, 38.765027273162275],
          [-121.649517988282582, 38.765090073162185],
          [-121.649395921616133, 38.765141806495421],
          [-121.649310588282901, 38.765170006495396],
          [-121.649179121616442, 38.76520540649534],
          [-121.649043988283324, 38.765231806495308],
          [-121.648736988283815, 38.765313873161858],
          [-121.648695721617173, 38.765330073161806],
          [-121.648418721617645, 38.765460806494957],
          [-121.648296988284471, 38.765512873161526],
          [-121.648058921618201, 38.765623673161372],
          [-121.647972721618316, 38.765650073161339],
          [-121.647840321618503, 38.765683606494633],
          [-121.647657388285495, 38.765708806494558],
          [-121.647521788285701, 38.765733206494531],
          [-121.647388788285866, 38.765765073161162],
          [-121.647263321619448, 38.765811473161079],
          [-121.647140921619609, 38.765862673160996],
          [-121.646641521620381, 38.766053206494007],
          [-121.64651832162059, 38.766102873160605],
          [-121.646392321620795, 38.766148806493902],
          [-121.646187321621085, 38.766232606493759],
          [-121.646144521621181, 38.766246606493723],
          [-121.64596778828809, 38.766290673160313],
          [-121.645844521621598, 38.766340406493612],
          [-121.645759588288399, 38.766369406493538],
          [-121.645623921621961, 38.766393873160155],
          [-121.645532321622113, 38.766405806493481],
          [-121.64543118828891, 38.766411206493501],
          [-121.645246721622527, 38.76642847316009],
          [-121.645017788289579, 38.766458473160071],
          [-121.644879588289768, 38.766472273160048],
          [-121.644508588290364, 38.766486206493369],
          [-121.644230121624105, 38.766475473160028],
          [-121.643858521624679, 38.766473073160057],
          [-121.643163788292441, 38.766431006493463],
          [-121.642978121626072, 38.766424073160124],
          [-121.642885188292894, 38.766424073160124],
          [-121.642797521626335, 38.766431006493463],
          [-121.642754988293063, 38.766445273160116],
          [-121.642485388293494, 38.766499806493357],
          [-121.642394188293622, 38.766513406493345],
          [-121.642256121627213, 38.766528006493274],
          [-121.642120188294086, 38.766551406493249],
          [-121.642031188294197, 38.766571806493232],
          [-121.641943921627671, 38.766596473159836],
          [-121.641647321628113, 38.766698606493037],
          [-121.641255388295406, 38.766810606492868],
          [-121.640945921629225, 38.766886673159377],
          [-121.640764988296155, 38.766918806492697],
          [-121.640630921629736, 38.766947873159324],
          [-121.64054678829649, 38.766978006492593],
          [-121.640460321629973, 38.767004073159228],
          [-121.640415788296707, 38.767014406492535],
          [-121.640235721630347, 38.767049406492504],
          [-121.640052388297306, 38.767072673159134],
          [-121.639913321630843, 38.767080673159114],
          [-121.639868121630911, 38.767086673159099],
          [-121.639823788297633, 38.767097606492428],
          [-121.639506521631461, 38.767152206492312],
          [-121.639373388298338, 38.767183873158956],
          [-121.639288321631795, 38.767212606492251],
          [-121.639205988298613, 38.767245673158868],
          [-121.639116588298748, 38.767265206492141],
          [-121.638889321632405, 38.767300473158741],
          [-121.638758388299266, 38.767337273158716],
          [-121.638669188299446, 38.767357073158678],
          [-121.638449521633106, 38.767415006491944],
          [-121.638269788300022, 38.767451406491887],
          [-121.637994921633833, 38.767486806491831],
          [-121.637856521634035, 38.767499806491799],
          [-121.637484988301253, 38.767501473158461],
          [-121.637253588301633, 38.767486873158475],
          [-121.636520788302789, 38.767391273158637],
          [-121.636151588303335, 38.767357673158699],
          [-121.636013721636857, 38.76734267315868],
          [-121.635828521637166, 38.767330873158699],
          [-121.635526054970967, 38.767335873158686],
          [-121.635410521637823, 38.767337673158693],
          [-121.635364121637906, 38.767339673158688],
          [-121.635226321638129, 38.76735607315868],
          [-121.635182388304827, 38.767367673158674],
          [-121.634840521638694, 38.767479406491816],
          [-121.634764388305484, 38.767520073158437],
          [-121.634693588305595, 38.767566273158366],
          [-121.634627588305705, 38.767616473158284],
          [-121.634502588305907, 38.767722006491454],
          [-121.634362188306113, 38.767864073157909],
          [-121.634312121639539, 38.767924206491102],
          [-121.634268321639581, 38.767987073157713],
          [-121.634150721639799, 38.768140606490817],
          [-121.634129788306495, 38.768172406490748],
          [-121.634113988306524, 38.768206006490686],
          [-121.634038921639956, 38.768336473157149],
          [-121.634014188306651, 38.768405073157055],
          [-121.633936721640112, 38.768534806490152],
          [-121.633711521640464, 38.768846673156361],
          [-121.633506188307422, 38.769166473155849],
          [-121.633389788307625, 38.769361006488907],
          [-121.633270588307823, 38.769592873155204],
          [-121.633145788308013, 38.769823473154872],
          [-121.633131121641384, 38.769857273154798],
          [-121.633099521641384, 38.769961473154638],
          [-121.633069988308137, 38.770029206487834],
          [-121.632955521641634, 38.770374806487325],
          [-121.632926988308327, 38.770442673153866],
          [-121.632834321641838, 38.770719006486786],
          [-121.632820588308505, 38.770789473153343],
          [-121.632792988308552, 38.771038406486298],
          [-121.632790388308536, 38.771145406486141],
          [-121.632791988308554, 38.771430673152338],
          [-121.632774988308597, 38.771787006485113],
          [-121.632769721641921, 38.772000873151455],
          [-121.632764588308589, 38.772714006483682],
          [-121.63276778830857, 38.773005673149896],
          [-121.632753721641961, 38.773076206483154],
          [-121.632751921641955, 38.77311187314973],
          [-121.632751921641955, 38.77329007314944],
          [-121.632748121641953, 38.773396873149295],
          [-121.632765588308587, 38.773753473148759],
          [-121.632763121641915, 38.774074406481589],
          [-121.632759588308602, 38.774145673148155],
          [-121.632749988308603, 38.774216606481389],
          [-121.632667988308754, 38.774495006480947],
          [-121.632595921642178, 38.774664406480667],
          [-121.632555388308901, 38.774728673147251],
          [-121.632526121642286, 38.774796273147103],
          [-121.632473788309028, 38.774895473146955],
          [-121.632444721642401, 38.774963206480209],
          [-121.632401588309165, 38.775026406480094],
          [-121.632368588309191, 38.775093006480006],
          [-121.632329188309257, 38.775157606479922],
          [-121.632114788309593, 38.775473806479397],
          [-121.632040988309711, 38.775564473145948],
          [-121.63197258830985, 38.775657873145803],
          [-121.631893321643304, 38.775786606478903],
          [-121.631813588310081, 38.77587447314545],
          [-121.631749188310152, 38.775969206478635],
          [-121.631657721643649, 38.7760500731452],
          [-121.631549588310463, 38.776165606478344],
          [-121.63119972164435, 38.776400273144645],
          [-121.631135121644434, 38.776451606477906],
          [-121.631075588311205, 38.77650647314448],
          [-121.630950988311383, 38.776612206477637],
          [-121.630851988311576, 38.776732673144124],
          [-121.630685121645172, 38.776856873143913],
          [-121.630522321645401, 38.776984073143751],
          [-121.630351721645695, 38.777105073143559],
          [-121.63016958831264, 38.777215873143348],
          [-121.629942321646297, 38.777339806476505],
          [-121.629634588313479, 38.777499873142915],
          [-121.629408388313777, 38.777625073142758],
          [-121.629330521647262, 38.777664006476016],
          [-121.629127521647547, 38.777750606475877],
          [-121.628932588314569, 38.777847673142389],
          [-121.628751788314844, 38.777959473142232],
          [-121.628662921648299, 38.778041873142115],
          [-121.628531121648507, 38.778142473141941],
          [-121.628502521648556, 38.778170606475214],
          [-121.628428388315342, 38.778261206475065],
          [-121.628342188315457, 38.778345406474955],
          [-121.628254921648931, 38.778471206474762],
          [-121.628196788315677, 38.778568473141263],
          [-121.628117188315798, 38.778736073141033],
          [-121.628105588315805, 38.778770606474268],
          [-121.628099721649164, 38.778806006474213],
          [-121.628087988315826, 38.778948273140657],
          [-121.628094921649165, 38.779019473140579],
          [-121.628118521649128, 38.779088473140462],
          [-121.628145788315749, 38.77919347314031],
          [-121.628160388315735, 38.779227206473593],
          [-121.628230788315648, 38.779359273140017],
          [-121.62825698831557, 38.779427673139935],
          [-121.62826718831559, 38.779462606473203],
          [-121.628284921648856, 38.779568673139693],
          [-121.628305721648871, 38.779638273139597],
          [-121.628335321648819, 38.779705806472862],
          [-121.628396721648699, 38.779801873139377],
          [-121.628420121648674, 38.77983267313931],
          [-121.628510788315168, 38.779914006472495],
          [-121.628577521648424, 38.779963673139093],
          [-121.628672188314965, 38.780042206472331],
          [-121.628843788314668, 38.78016240647213],
          [-121.628976588314458, 38.780262406471991],
          [-121.629011988314403, 38.780285206471945],
          [-121.629161388314174, 38.780370206471787],
          [-121.629231588314099, 38.780416873138392],
          [-121.629352921647239, 38.780469473138339],
          [-121.62943898831378, 38.780496273138283],
          [-121.629521388313606, 38.780529406471544],
          [-121.629598921646846, 38.780568673138191],
          [-121.62971178831333, 38.780631273138056],
          [-121.629906721646364, 38.780728273137925],
          [-121.630029321646191, 38.780779206471152],
          [-121.630119588312709, 38.780795806471133],
          [-121.630250521645848, 38.780832806471096],
          [-121.6304565883122, 38.780915073137635],
          [-121.630533588312062, 38.78095500647089],
          [-121.63067458831182, 38.781047873137425],
          [-121.630996721644692, 38.781304873137003],
          [-121.63111852164451, 38.781412673136856],
          [-121.631200121644383, 38.781499406470061],
          [-121.631250121644257, 38.781559406469967],
          [-121.631316988310857, 38.781653273136499],
          [-121.63134992164413, 38.781720073136398],
          [-121.631377321644095, 38.781788006469583],
          [-121.631411521644054, 38.781854406469506],
          [-121.631435388310649, 38.781923273136044],
          [-121.631448588310661, 38.78199400646929],
          [-121.631430988310683, 38.782529006468451],
          [-121.631411988310674, 38.782598806468343],
          [-121.631395521644038, 38.782705073134878],
          [-121.631376121644109, 38.782774806468069],
          [-121.631299188310891, 38.782943073134504],
          [-121.631272321644246, 38.783017673134339],
          [-121.631140188311122, 38.783079073134274],
          [-121.630988121644691, 38.783161073134124],
          [-121.630908721644801, 38.783198206467432],
          [-121.630872521644847, 38.783220406467365],
          [-121.6307713883117, 38.783294073133959],
          [-121.630314121645711, 38.783649073133404],
          [-121.630208721645886, 38.783719206466628],
          [-121.630132921646009, 38.783760473133214],
          [-121.630054188312783, 38.783798206466486],
          [-121.629731721646635, 38.784002606466174],
          [-121.62917198831417, 38.784321673132354],
          [-121.629096121647649, 38.784362806465595],
          [-121.628861921647967, 38.784479006465403],
          [-121.628741588314824, 38.784532873132036],
          [-121.628656588314982, 38.784561673131975],
          [-121.628395121648737, 38.784635606465201],
          [-121.628186388315726, 38.784714006465094],
          [-121.628055588315931, 38.784751006465001],
          [-121.627973121649347, 38.784783806464986],
          [-121.627888121649505, 38.784812673131569],
          [-121.627757121649722, 38.784849406464843],
          [-121.627397121650233, 38.784919606464769],
          [-121.627175188317267, 38.784972673131335],
          [-121.62699412165091, 38.785005006464587],
          [-121.626591121651529, 38.78509007313113],
          [-121.626283721651987, 38.785171406464372],
          [-121.625992321652461, 38.785241806464228],
          [-121.625884988319285, 38.785267673130875],
          [-121.625750988319453, 38.785297073130835],
          [-121.625473521653248, 38.785317406464117],
          [-121.625334188320153, 38.785322006464128],
          [-121.624962388320682, 38.785325273130809],
          [-121.624590988321302, 38.785313073130794],
          [-121.624266988321779, 38.785292273130835],
          [-121.624175121655242, 38.785281273130863],
          [-121.62403938832216, 38.785256806464247],
          [-121.623818721655823, 38.785201206464308],
          [-121.623595988322847, 38.78515027313108],
          [-121.623246988323388, 38.785052406464558],
          [-121.623189721656786, 38.785034073131214],
          [-121.622989788323764, 38.784969806464687],
          [-121.62290232165725, 38.784945606464703],
          [-121.622813121657373, 38.784925606464753],
          [-121.622722521657522, 38.784909473131449],
          [-121.622630988324318, 38.784897206464791],
          [-121.622621521657663, 38.784896273131437],
          [-121.622538721657804, 38.784888473131446],
          [-121.622445988324614, 38.784883006464781],
          [-121.622306588324818, 38.784880406464822],
          [-121.622167321658367, 38.784884006464779],
          [-121.622074588325177, 38.784889606464787],
          [-121.621889588325473, 38.784903673131453],
          [-121.621751321659019, 38.784917473131429],
          [-121.621568188325966, 38.78494207313139],
          [-121.620980588326859, 38.784695073131786],
          [-121.619208388329639, 38.783769206466559],
          [-121.616188788334341, 38.782741006468143],
          [-121.613890121671204, 38.782042273135858],
          [-121.60924672167846, 38.781096806470657],
          [-121.606282188349724, 38.780127273138874],
          [-121.604325988352741, 38.779082273140489],
          [-121.602049321689606, 38.777274473143279],
          [-121.600001988359452, 38.775177406479884],
          [-121.598121721695691, 38.772177473151203],
          [-121.596776121697815, 38.770439073153909],
          [-121.594868988367409, 38.766913406492677],
          [-121.592995921703675, 38.763563073164562],
          [-121.592540588371037, 38.76017160650315],
          [-121.592980988370357, 38.756732473175191],
          [-121.59387998836894, 38.752715073181378],
          [-121.595653988366223, 38.749902406519084],
          [-121.597179588363815, 38.747331606523119],
          [-121.600448788358733, 38.743234873196116],
          [-121.601172188357623, 38.741465273198855],
          [-121.603020188354776, 38.736971873205846],
          [-121.604359721686023, 38.730854473215345],
          [-121.60436418835269, 38.730834006548719],
          [-121.60505552168496, 38.726766273221699],
          [-121.605219921684693, 38.722252673228695],
          [-121.605685388350651, 38.719301073233282],
          [-121.607265721681529, 38.716722473237269],
          [-121.609150321678555, 38.71422740657448],
          [-121.610710321676152, 38.712687473243534],
          [-121.618450521664158, 38.706401473253266],
          [-121.618663721663836, 38.706228273253544],
          [-121.623013388323727, 38.702803073258849],
          [-121.626070721652297, 38.700880273261873],
          [-121.629689321646708, 38.698878673264971],
          [-121.632625588308827, 38.695800006603065],
          [-121.634340788306133, 38.691309873276737],
          [-121.634375721639401, 38.688137273281654],
          [-121.632231921642756, 38.680369006627018],
          [-121.630409988312238, 38.677114673298775],
          [-121.627788588316321, 38.674409806636277],
          [-121.626070521652309, 38.673100273304954],
          [-121.622367921658054, 38.670007273309807],
          [-121.61758872166547, 38.666713873314905],
          [-121.613230121672245, 38.664104673318946],
          [-121.609602521677857, 38.661264273323354],
          [-121.606249388349738, 38.658087406661593],
          [-121.604723921685434, 38.656590473330596],
          [-121.60080358835819, 38.65180827333802],
          [-121.599644921693312, 38.649816273341116],
          [-121.597203921697144, 38.646290273346608],
          [-121.594221921701774, 38.643736873350576],
          [-121.591924788372012, 38.642650273352217],
          [-121.588961721709893, 38.642394806685957],
          [-121.587172121712683, 38.642712806685495],
          [-121.584317321717151, 38.644076873350002],
          [-121.581764388387739, 38.645624406680952],
          [-121.578925388392179, 38.647468006678082],
          [-121.576160588396476, 38.648773073342738],
          [-121.574274521732718, 38.648810073342702],
          [-121.571812321736559, 38.648340406676766],
          [-121.568406521741849, 38.646640273346065],
          [-121.566319521745072, 38.644610006682512],
          [-121.564335921748125, 38.64059620668877],
          [-121.56377412174902, 38.638111673359276],
          [-121.563146521750014, 38.634486873364892],
          [-121.562529388417602, 38.630923273370456],
          [-121.562204521751426, 38.624899806713131],
          [-121.561912121751902, 38.621494406718398],
          [-121.56174158841884, 38.617336473391561],
          [-121.561424188419323, 38.61546347339447],
          [-121.560114921754689, 38.611232006734326],
          [-121.558104188424466, 38.607866673406249],
          [-121.554237388430465, 38.603563806746251],
          [-121.551255721768428, 38.600623806750832],
          [-121.549594388437697, 38.598813673420295],
          [-121.546930121775176, 38.597746673421966],
          [-121.544752388445204, 38.597679873422067],
          [-121.543429588447282, 38.597941673421644],
          [-121.542345521782295, 38.598922473420146],
          [-121.538632521788031, 38.602097273415211],
          [-121.535101721793524, 38.603763273412596],
          [-121.532458988464271, 38.604127806745396],
          [-121.528651588470211, 38.604437873411541],
          [-121.52576438847467, 38.604361806745032],
          [-121.524499321809969, 38.604266273411838],
          [-121.522644721812867, 38.604227406745224],
          [-121.519033188485139, 38.603644873412804],
          [-121.516994588488274, 38.602962873413844],
          [-121.515910588489987, 38.602690673414259],
          [-121.513066921827715, 38.601739873415738],
          [-121.511222321830587, 38.600264873418041],
          [-121.509787988499454, 38.598556473420672],
          [-121.509049521833958, 38.597513073422306],
          [-121.508461321834886, 38.596551206757113],
          [-121.507812388502543, 38.593215606762328],
          [-121.506491388504571, 38.589719073434424],
          [-121.506244188504979, 38.588204673436735],
          [-121.506528388504535, 38.585484273440954],
          [-121.508192521835269, 38.580972006781337],
          [-121.510047388499061, 38.57701867345412],
          [-121.512024521829346, 38.574498673458038],
          [-121.517040121821537, 38.570784473463789],
          [-121.519628588484181, 38.56807320680133],
          [-121.521085588481924, 38.566182673470962],
          [-121.521115788481893, 38.564711606806554],
          [-121.520383988483047, 38.563350273475351],
          [-121.519445521817829, 38.562185206810454],
          [-121.51860272181915, 38.561299606811872],
          [-121.517257588487894, 38.559996673480555],
          [-121.516036588489783, 38.558674406815953],
          [-121.515415121824049, 38.557558006817658],
          [-121.514510588492158, 38.55453440682237],
          [-121.513145388494252, 38.550794006828141],
          [-121.512249388495661, 38.54810780683232],
          [-121.511458388496862, 38.546290473501813],
          [-121.511356721830396, 38.543783006839021],
          [-121.512315721828884, 38.54191560684194],
          [-121.514333321825745, 38.539290606846009],
          [-121.518018121820035, 38.53615627351752],
          [-121.522110188480326, 38.534087473520742],
          [-121.528166921804257, 38.531946806857434],
          [-121.530214788467788, 38.530815873525853],
          [-121.530915988466688, 38.529523473527831],
          [-121.530856188466771, 38.527932206863625],
          [-121.529057388469596, 38.525885473533492],
          [-121.526757121806497, 38.524362606869204],
          [-121.524892121809387, 38.522555806871992],
          [-121.524181721810464, 38.521293806873928],
          [-121.524580188476534, 38.519804806876266],
          [-121.52576712180803, 38.518759406877905],
          [-121.529412988469005, 38.517455806879923],
          [-121.534821588460602, 38.516945273547378],
          [-121.539117588453962, 38.516854406880839],
          [-121.545216188444499, 38.515580873549482],
          [-121.550766721769207, 38.514107473551746],
          [-121.553369388431804, 38.512790206887132],
          [-121.554664188429797, 38.510926606890052],
          [-121.557267788425804, 38.506476473563623],
          [-121.558431188423981, 38.503502673568221],
          [-121.559091388422928, 38.501149273571855],
          [-121.559158921756193, 38.499906673573832],
          [-121.559423388422431, 38.498269473576329],
          [-121.558284966549195, 38.496102599621395],
          [-121.557824321758233, 38.495225806914391],
          [-121.552977521765797, 38.488584273591414],
          [-121.549175668646683, 38.483793474640493],
          [-121.548273321773081, 38.482656406933927],
          [-121.545552988443944, 38.478886673606439],
          [-121.543008391572926, 38.476569803818393],
          [-121.542515921782012, 38.47612140694406],
          [-121.53847852178825, 38.474351606946811],
          [-121.532307188464529, 38.473681406947833],
          [-121.522037321813798, 38.474263673613621],
          [-121.513372921827226, 38.473798206947663],
          [-121.507373388503254, 38.472120873616916],
          [-121.504939921840332, 38.469443073621107],
          [-121.50359032184241, 38.461755406966347],
          [-121.501795321845236, 38.455565873642627],
          [-121.501473721845741, 38.452893606980126],
          [-121.501511121845681, 38.447439073655232],
          [-121.50197498851162, 38.443235073661754],
          [-121.502882121843527, 38.441002806998597],
          [-121.505985121838705, 38.437979607003285],
          [-121.510474388498437, 38.435961473673046],
          [-121.51433878849241, 38.435002473674558],
          [-121.519769921817328, 38.434834207008123],
          [-121.525419988475221, 38.435024007007883],
          [-121.527560815555205, 38.434824718466473],
          [-121.529347388469091, 38.434658407008442],
          [-121.530347272842562, 38.434020572634438],
          [-121.532173188464753, 38.432855807011208],
          [-121.53273798846385, 38.431024673680724],
          [-121.532622321797362, 38.430222807015298],
          [-121.532588788464068, 38.430014807015652],
          [-121.532363121797744, 38.429293073683425],
          [-121.530997588466562, 38.426933807020418],
          [-121.526859188472997, 38.421471207028901],
          [-121.522330731188333, 38.41538139974665],
          [-121.518159388486481, 38.410140007046493],
          [-121.514766388491751, 38.403782073722994],
          [-121.513827788493188, 38.399945807062295],
          [-121.513762588493307, 38.391169407075949],
          [-121.513843988493193, 38.390873873743033],
          [-121.51462632182529, 38.387622607081425],
          [-121.516860121821821, 38.385219873751851],
          [-121.520527121816144, 38.382716473755693],
          [-121.523051121812216, 38.380851007091962],
          [-121.524187988477138, 38.379638473760508],
          [-121.5247801884762, 38.377315073764123],
          [-121.524355988476884, 38.375946007099571],
          [-121.523763721811122, 38.374910473767841],
          [-121.522614121812921, 38.372642273771362],
          [-121.521195388481772, 38.367529407112613],
          [-121.521081388481946, 38.363152207119413],
          [-121.522068521813765, 38.360787007123065],
          [-121.525615121808244, 38.35859380712651],
          [-121.529908721801576, 38.354571673799398],
          [-121.534516121794411, 38.350073807139722],
          [-121.536778921790926, 38.348583607142018],
          [-121.540693521784817, 38.346954073811219],
          [-121.547098388441555, 38.346394273812109],
          [-121.558366921757397, 38.34365620714965],
          [-121.560221721754544, 38.342240407151849],
          [-121.562195188418116, 38.339946807155457],
          [-121.563792921748984, 38.33868767382404],
          [-121.572024788402871, 38.331595207168391],
          [-121.575438642564222, 38.326990755092197],
          [-121.575881221730242, 38.326248363426714],
          [-121.57618738839642, 38.325600673844349],
          [-121.577280988394705, 38.321799873850296],
          [-121.57735432172791, 38.31805367385607],
          [-121.577117121728293, 38.317147607190805],
          [-121.577136721728266, 38.31614407385905],
          [-121.577515721727707, 38.314141273862163],
          [-121.576937121728577, 38.311156673866776],
          [-121.575498388397477, 38.308730273870538],
          [-121.573877521733323, 38.306937407206647],
          [-121.573063921734615, 38.305120873876149],
          [-121.57157312173689, 38.302917273879586],
          [-121.567239921743635, 38.297629407221109],
          [-121.565054388413671, 38.295304807224738],
          [-121.559368921755834, 38.289860273899819],
          [-121.557696321758442, 38.288540873901866],
          [-121.552075921767198, 38.28369620724277],
          [-121.547288188441257, 38.280979607246991],
          [-121.540322321785425, 38.275038673922836],
          [-121.531294321799407, 38.268352273933203],
          [-121.521398121814798, 38.260815007278268],
          [-121.51774378848711, 38.257951607282735],
          [-121.514746388491801, 38.255815607286024],
          [-121.513483321827096, 38.254381007288259],
          [-121.511370321830327, 38.251756673958994],
          [-121.510963788497634, 38.250572607294146],
          [-121.51087632183112, 38.24991480729517],
          [-121.510771788497948, 38.248953407296653],
          [-121.510747988497997, 38.247634473965377],
          [-121.510885321831097, 38.247116807299506],
          [-121.512218588495728, 38.245095807302675],
          [-121.514134721826053, 38.243062207305798],
          [-121.515326588490893, 38.241758607307816],
          [-121.517249188487881, 38.240024673977189],
          [-121.518155121819802, 38.239696607311032],
          [-121.52234118847997, 38.239389673978167],
          [-121.526766121806475, 38.238546273979523],
          [-121.529585721802107, 38.238162073980106],
          [-121.533230188463108, 38.238327673979825],
          [-121.539811388452904, 38.239848273977486],
          [-121.546472521775854, 38.241189673975384],
          [-121.551554788434657, 38.241672073974655],
          [-121.554529988430033, 38.241109407308841],
          [-121.556688321760021, 38.239577673977919],
          [-121.558093788424515, 38.237676873980831],
          [-121.558413588424003, 38.237376607314616],
          [-121.559015521756407, 38.236219673983101],
          [-121.558834321756706, 38.233849873986799],
          [-121.556776388426556, 38.230318207325581],
          [-121.556249321760674, 38.228153873995609],
          [-121.556296721760646, 38.22575687399933],
          [-121.557183121759238, 38.220313407341109],
          [-121.557811321758265, 38.215436007348728],
          [-121.557889588424814, 38.204737874031991],
          [-121.558097588424516, 38.200934274037877],
          [-121.56019032175459, 38.196884074044135],
          [-121.562778788417233, 38.19463820738099],
          [-121.56435718841476, 38.193548607382695],
          [-121.572204788402587, 38.191306674052839],
          [-121.581549721721444, 38.187224274059133],
          [-121.583486121718408, 38.18526967406217],
          [-121.588352121710841, 38.180053607403636],
          [-121.592335321704695, 38.174317274079215],
          [-121.595242521700186, 38.170216274085533],
          [-121.59818318836227, 38.167314407423419],
          [-121.604581921685678, 38.164213874094855],
          [-121.611144988342176, 38.163422607429425],
          [-121.616913588333205, 38.16349060742931],
          [-121.620425988327725, 38.164431074094523],
          [-121.623824188322487, 38.165400074093043],
          [-121.62606572165231, 38.166095674091935],
          [-121.62788692164952, 38.167234874090184],
          [-121.629825721646512, 38.168995207420778],
          [-121.632590921642191, 38.170692607418175],
          [-121.636091321636741, 38.172326074082264],
          [-121.638786921632573, 38.172864274081462],
          [-121.640758188296161, 38.172887074081416],
          [-121.64341872162538, 38.172845474081498],
          [-121.646948788286579, 38.172886207414763],
          [-121.652205788278422, 38.173779274080005],
          [-121.656313521605398, 38.174840007411717],
          [-121.658908188268015, 38.175883274076739],
          [-121.66384538826037, 38.176736007408749],
          [-121.667175921588523, 38.17767887407399],
          [-121.674321788244072, 38.169512607419961],
          [-121.679633121569168, 38.161517607432415],
          [-121.685096588227339, 38.155899074107765],
          [-121.688329388222371, 38.147002607454908],
          [-121.692845721548679, 38.13148900747899],
          [-121.698131121540484, 38.124916807489228],
          [-121.69877018820614, 38.12378000749095],
          [-121.699902921537728, 38.122185474160119],
          [-121.700497388203473, 38.121439007494587],
          [-121.702684388200055, 38.118726474165499],
          [-121.705593788195529, 38.115911674169865],
          [-121.707389721526113, 38.114260074172421],
          [-121.71007632152191, 38.112195674175609],
          [-121.717092588177707, 38.107129807516799],
          [-121.724482921499543, 38.101883807524928],
          [-121.731096388155947, 38.09714327419897],
          [-121.736886321480313, 38.092944474205524],
          [-121.742613321471424, 38.089663074210591],
          [-121.747937921463176, 38.08678127421507],
          [-121.749519121460708, 38.086045007549558],
          [-121.751067921458286, 38.08520327421752],
          [-121.760113588110926, 38.080486074224837],
          [-121.770022921428847, 38.075176407566403],
          [-121.771048388093959, 38.074708674233818],
          [-121.778927721415073, 38.070638074240094],
          [-121.790344988064021, 38.064603074249476],
          [-121.796221188054858, 38.061815207587131],
          [-121.79812872138524, 38.061204074254761],
          [-121.800801388047773, 38.060638607588999],
          [-121.805461721373888, 38.060425407589321],
          [-121.811383388031345, 38.061202407588098],
          [-121.820140521351107, 38.062496207586094],
          [-121.827088521340272, 38.063543274251117],
          [-121.833380587997169, 38.064387874249803],
          [-121.836597086950519, 38.064819346124182]
        ]
      }
    }
  ]
}
