{
  "type": "FeatureCollection",
  "name": "san_joaquin_river_mainstem",
  "crs": {
    "type": "name",
    "properties": { "name": "urn:ogc:def:crs:OGC:1.3:CRS84" }
  },
  "features": [
    {
      "type": "Feature",
      "properties": { "gnisidlabel": "San Joaquin River" },
      "geometry": {
        "type": "MultiLineString",
        "coordinates": [
          [
            [-119.18302, 37.53236],
            [-119.18356, 37.53218],
            [-119.1841, 37.5319],
            [-119.18428, 37.53181],
            [-119.1846, 37.53179],
            [-119.18485, 37.53171],
            [-119.18493, 37.53167],
            [-119.18583, 37.5312],
            [-119.18613, 37.53101],
            [-119.18615, 37.531],
            [-119.18628, 37.53083],
            [-119.18645, 37.53062],
            [-119.18716, 37.52974],
            [-119.18733, 37.52953],
            [-119.18768, 37.52854],
            [-119.18778, 37.52838],
            [-119.18845, 37.5278],
            [-119.18938, 37.52721],
            [-119.18944, 37.52717],
            [-119.18968, 37.52674],
            [-119.18987, 37.52636],
            [-119.19, 37.52611],
            [-119.19013, 37.5257],
            [-119.19014, 37.52558],
            [-119.19018, 37.52521],
            [-119.19007, 37.52501],
            [-119.18987, 37.52475],
            [-119.18954, 37.52433],
            [-119.18902, 37.52368],
            [-119.18896, 37.52359],
            [-119.18831, 37.52264],
            [-119.18828, 37.52261],
            [-119.18823, 37.52252],
            [-119.18798, 37.52227],
            [-119.18746, 37.52173],
            [-119.18729, 37.52156],
            [-119.18699, 37.52132],
            [-119.18665, 37.52106],
            [-119.18657, 37.52103],
            [-119.18629, 37.52089],
            [-119.18544, 37.5205],
            [-119.18519, 37.52035],
            [-119.18475, 37.52009],
            [-119.1846, 37.51995],
            [-119.18446, 37.51969],
            [-119.18432, 37.51944],
            [-119.18429, 37.51888],
            [-119.18425, 37.51809],
            [-119.18446, 37.51794],
            [-119.18544, 37.51651],
            [-119.18562, 37.51625],
            [-119.18586, 37.51571],
            [-119.18594, 37.51529],
            [-119.18588, 37.51508],
            [-119.18592, 37.51499],
            [-119.1861, 37.51463],
            [-119.18623, 37.51435],
            [-119.18663, 37.51396],
            [-119.1869, 37.51398],
            [-119.18721, 37.51394],
            [-119.18814, 37.5135],
            [-119.18875, 37.5134],
            [-119.18901, 37.51355],
            [-119.18953, 37.51395],
            [-119.19032, 37.51429],
            [-119.19053, 37.51432],
            [-119.19103, 37.5144],
            [-119.19189, 37.51432],
            [-119.19228, 37.51398],
            [-119.1923, 37.51391],
            [-119.19237, 37.51363],
            [-119.19249, 37.51344],
            [-119.19298, 37.51307],
            [-119.19322, 37.5128],
            [-119.1934, 37.5126],
            [-119.19383, 37.51234],
            [-119.19422, 37.5118],
            [-119.19443, 37.51151],
            [-119.19469, 37.51137],
            [-119.19528, 37.51096],
            [-119.1957, 37.51066],
            [-119.19651, 37.51032],
            [-119.19749, 37.51027],
            [-119.19766, 37.51026],
            [-119.19839, 37.51023],
            [-119.19906, 37.51028],
            [-119.20036, 37.51069],
            [-119.20045, 37.51071],
            [-119.20136, 37.51093],
            [-119.20207, 37.51126],
            [-119.2022, 37.51132],
            [-119.20241, 37.51142],
            [-119.20292, 37.51124],
            [-119.20338, 37.51054],
            [-119.20349, 37.51016],
            [-119.20352, 37.50977],
            [-119.20399, 37.50944],
            [-119.20441, 37.50935],
            [-119.20447, 37.50934],
            [-119.2049, 37.50903],
            [-119.20517, 37.50893],
            [-119.20522, 37.50891],
            [-119.20558, 37.50889],
            [-119.2058, 37.50893],
            [-119.20666, 37.50939],
            [-119.20713, 37.50953],
            [-119.20719, 37.50953],
            [-119.20763, 37.50955],
            [-119.20788, 37.5094],
            [-119.208, 37.50921],
            [-119.20803, 37.5089],
            [-119.20795, 37.50864],
            [-119.2079, 37.50849],
            [-119.20809, 37.50834],
            [-119.20832, 37.5083],
            [-119.20919, 37.50814],
            [-119.20972, 37.50765],
            [-119.2098, 37.50761],
            [-119.20982, 37.5076],
            [-119.20987, 37.50757],
            [-119.21116, 37.50744],
            [-119.21181, 37.50728],
            [-119.21182, 37.50728],
            [-119.21226, 37.50722],
            [-119.21253, 37.50704],
            [-119.21257, 37.50701],
            [-119.2128, 37.5067],
            [-119.21281, 37.50668],
            [-119.2137, 37.50503],
            [-119.21372, 37.505],
            [-119.2138, 37.50475],
            [-119.21394, 37.50432],
            [-119.21398, 37.50417],
            [-119.21386, 37.50374],
            [-119.21384, 37.50365],
            [-119.21378, 37.50262],
            [-119.21378, 37.50255],
            [-119.21367, 37.50228],
            [-119.21332, 37.50171],
            [-119.21312, 37.50139],
            [-119.21274, 37.50083],
            [-119.21234, 37.50043],
            [-119.2121, 37.49999],
            [-119.2121, 37.49998],
            [-119.21212, 37.49973],
            [-119.21222, 37.49961],
            [-119.21239, 37.49963],
            [-119.21275, 37.49983],
            [-119.21287, 37.49979],
            [-119.21291, 37.49977],
            [-119.21299, 37.49958],
            [-119.21292, 37.49945],
            [-119.21259, 37.49908],
            [-119.2125, 37.49884],
            [-119.21251, 37.4986],
            [-119.21243, 37.49848],
            [-119.21241, 37.49844],
            [-119.21211, 37.49818],
            [-119.21159, 37.49757],
            [-119.21145, 37.49745],
            [-119.21117, 37.49722],
            [-119.21116, 37.49695],
            [-119.21145, 37.49664],
            [-119.21146, 37.4965],
            [-119.21146, 37.49647],
            [-119.21118, 37.49605],
            [-119.21091, 37.49592],
            [-119.21089, 37.49575],
            [-119.21096, 37.49551],
            [-119.2109, 37.49543],
            [-119.21081, 37.4953],
            [-119.2106, 37.49512],
            [-119.21022, 37.49496],
            [-119.20974, 37.49489],
            [-119.20928, 37.49491],
            [-119.20867, 37.49494],
            [-119.2085, 37.49489],
            [-119.20835, 37.49472],
            [-119.20826, 37.49457],
            [-119.2081, 37.49427],
            [-119.20791, 37.49374],
            [-119.20786, 37.49362],
            [-119.20786, 37.49359],
            [-119.20779, 37.493],
            [-119.20789, 37.49252],
            [-119.20813, 37.49223],
            [-119.20844, 37.49203],
            [-119.20844, 37.49175],
            [-119.20839, 37.49166],
            [-119.20814, 37.49158],
            [-119.2081, 37.49155],
            [-119.20794, 37.49144],
            [-119.2077, 37.49119],
            [-119.20744, 37.49101],
            [-119.20743, 37.49099],
            [-119.20715, 37.49062],
            [-119.2058, 37.48956],
            [-119.20575, 37.48943],
            [-119.20584, 37.48912],
            [-119.20564, 37.4885],
            [-119.20574, 37.48824],
            [-119.20574, 37.48798],
            [-119.20574, 37.48778],
            [-119.20577, 37.48763],
            [-119.20588, 37.48713],
            [-119.20596, 37.487],
            [-119.20635, 37.48669],
            [-119.20639, 37.48666],
            [-119.20633, 37.48622],
            [-119.20649, 37.4859],
            [-119.20651, 37.48577],
            [-119.20653, 37.48562],
            [-119.20649, 37.48541],
            [-119.20633, 37.48522],
            [-119.20604, 37.48489],
            [-119.20594, 37.48469],
            [-119.20592, 37.48438],
            [-119.20602, 37.48408],
            [-119.20643, 37.48381],
            [-119.20651, 37.48376],
            [-119.20661, 37.48372],
            [-119.20663, 37.48371],
            [-119.20725, 37.48328],
            [-119.2073, 37.48322],
            [-119.20756, 37.48286],
            [-119.20765, 37.48274],
            [-119.2078, 37.48258],
            [-119.20783, 37.48252],
            [-119.20808, 37.48224],
            [-119.20811, 37.4822],
            [-119.20851, 37.48186],
            [-119.20861, 37.48181],
            [-119.20874, 37.4818],
            [-119.20891, 37.48184],
            [-119.20902, 37.48184],
            [-119.20924, 37.48175],
            [-119.20944, 37.4817],
            [-119.20963, 37.48173],
            [-119.20969, 37.48174],
            [-119.20982, 37.48178],
            [-119.20989, 37.48179],
            [-119.21017, 37.48183],
            [-119.21041, 37.48191],
            [-119.21071, 37.48196],
            [-119.21106, 37.48197],
            [-119.21161, 37.48184],
            [-119.21185, 37.48183],
            [-119.21193, 37.48181],
            [-119.21197, 37.48181],
            [-119.21264, 37.48172],
            [-119.21281, 37.48175],
            [-119.21292, 37.48179],
            [-119.21306, 37.48182],
            [-119.21331, 37.4818],
            [-119.21356, 37.48177],
            [-119.21362, 37.48175],
            [-119.21441, 37.4816],
            [-119.21553, 37.48146],
            [-119.21603, 37.48144],
            [-119.21644, 37.48148],
            [-119.21666, 37.4815],
            [-119.21673, 37.48148],
            [-119.21685, 37.48134],
            [-119.21696, 37.48126],
            [-119.21724, 37.4812],
            [-119.2174, 37.48112],
            [-119.2175, 37.48106],
            [-119.21751, 37.48105],
            [-119.21774, 37.48067],
            [-119.21783, 37.48054],
            [-119.21811, 37.48013],
            [-119.21841, 37.47988],
            [-119.2186, 37.47977],
            [-119.21881, 37.47967],
            [-119.219, 37.47956],
            [-119.21907, 37.47945],
            [-119.21938, 37.47894],
            [-119.21943, 37.47886],
            [-119.21951, 37.47866],
            [-119.21957, 37.47859],
            [-119.21964, 37.47856],
            [-119.21972, 37.47857],
            [-119.21984, 37.47865],
            [-119.21993, 37.47867],
            [-119.2201, 37.47852],
            [-119.22028, 37.47839],
            [-119.2208, 37.47817],
            [-119.22139, 37.47794],
            [-119.22147, 37.47791],
            [-119.22161, 37.47783],
            [-119.22164, 37.47775],
            [-119.22165, 37.47774],
            [-119.22159, 37.477],
            [-119.22155, 37.47659],
            [-119.22159, 37.47651],
            [-119.22171, 37.47642],
            [-119.22194, 37.47633],
            [-119.22209, 37.47624],
            [-119.2222, 37.47615],
            [-119.22223, 37.47612],
            [-119.2223, 37.47595],
            [-119.22236, 37.47576],
            [-119.22244, 37.47565],
            [-119.2227, 37.47545],
            [-119.22307, 37.47527],
            [-119.22334, 37.47519],
            [-119.22379, 37.4751],
            [-119.22418, 37.47503],
            [-119.22459, 37.4749],
            [-119.22468, 37.47489],
            [-119.22482, 37.47497],
            [-119.22491, 37.475],
            [-119.225, 37.47501],
            [-119.22513, 37.47501],
            [-119.22537, 37.475],
            [-119.22542, 37.47501],
            [-119.22625, 37.47523],
            [-119.2263, 37.47524],
            [-119.22666, 37.47532],
            [-119.22673, 37.47536],
            [-119.22717, 37.47585],
            [-119.22722, 37.4759],
            [-119.22733, 37.47591],
            [-119.22742, 37.47595],
            [-119.22761, 37.47603],
            [-119.22782, 37.47603],
            [-119.22798, 37.47601],
            [-119.22839, 37.47604],
            [-119.22859, 37.4762],
            [-119.22867, 37.47625],
            [-119.22898, 37.47637],
            [-119.22918, 37.47636],
            [-119.22931, 37.47625],
            [-119.22974, 37.47621],
            [-119.2299, 37.47624],
            [-119.22997, 37.47628],
            [-119.22999, 37.47632],
            [-119.23004, 37.4764],
            [-119.23013, 37.47644],
            [-119.23063, 37.4764],
            [-119.23093, 37.47641],
            [-119.23154, 37.47634],
            [-119.23216, 37.47637],
            [-119.2325, 37.47641],
            [-119.23271, 37.47641],
            [-119.23295, 37.47633],
            [-119.23317, 37.4763],
            [-119.23331, 37.47632],
            [-119.23344, 37.47638],
            [-119.23351, 37.47638],
            [-119.23354, 37.47633],
            [-119.23357, 37.47614],
            [-119.23359, 37.47597],
            [-119.23358, 37.4756],
            [-119.23362, 37.47544],
            [-119.23359, 37.47521],
            [-119.23366, 37.47512],
            [-119.234, 37.47496],
            [-119.23412, 37.47485],
            [-119.23414, 37.47483],
            [-119.23418, 37.47469],
            [-119.23453, 37.4743],
            [-119.23475, 37.47408],
            [-119.23482, 37.47399],
            [-119.23499, 37.47377],
            [-119.23503, 37.47362],
            [-119.23502, 37.47354],
            [-119.235, 37.47352],
            [-119.23478, 37.47325],
            [-119.23474, 37.4731],
            [-119.23472, 37.47273],
            [-119.2349, 37.47255],
            [-119.23511, 37.4719],
            [-119.23511, 37.47189],
            [-119.23501, 37.4717],
            [-119.23501, 37.47159],
            [-119.23502, 37.47157],
            [-119.2351, 37.47137],
            [-119.23526, 37.47076],
            [-119.23529, 37.4707],
            [-119.2354, 37.47048],
            [-119.2354, 37.47045],
            [-119.23542, 37.47031],
            [-119.23541, 37.47017],
            [-119.23538, 37.47008],
            [-119.23529, 37.46997],
            [-119.23525, 37.46989],
            [-119.23525, 37.4698],
            [-119.23527, 37.46917],
            [-119.23527, 37.46915],
            [-119.23528, 37.46901],
            [-119.23536, 37.46882],
            [-119.23535, 37.46855],
            [-119.23534, 37.46827],
            [-119.23519, 37.46779],
            [-119.23491, 37.46748],
            [-119.23489, 37.46745],
            [-119.23471, 37.46718],
            [-119.23469, 37.46702],
            [-119.23471, 37.46698],
            [-119.23475, 37.46688],
            [-119.23478, 37.46681],
            [-119.23484, 37.46669],
            [-119.23498, 37.46658],
            [-119.23503, 37.46649],
            [-119.23506, 37.46618],
            [-119.23494, 37.46604],
            [-119.23489, 37.46589],
            [-119.23488, 37.4657],
            [-119.23488, 37.46562],
            [-119.23481, 37.4654],
            [-119.23478, 37.46499],
            [-119.23473, 37.46476],
            [-119.23473, 37.4643],
            [-119.23468, 37.46415],
            [-119.23456, 37.46396],
            [-119.23445, 37.46377],
            [-119.23429, 37.46325],
            [-119.2343, 37.46288],
            [-119.23423, 37.46266],
            [-119.23423, 37.46265],
            [-119.23421, 37.46251],
            [-119.23406, 37.46191],
            [-119.23404, 37.46154],
            [-119.23397, 37.46122],
            [-119.23398, 37.46098],
            [-119.23393, 37.46072],
            [-119.2339, 37.46053],
            [-119.23386, 37.45985],
            [-119.23385, 37.4598],
            [-119.23383, 37.45973],
            [-119.23371, 37.45945],
            [-119.23371, 37.45918],
            [-119.23374, 37.45902],
            [-119.23377, 37.45896],
            [-119.2338, 37.4589],
            [-119.23407, 37.45844],
            [-119.23418, 37.45826],
            [-119.23421, 37.45784],
            [-119.23421, 37.45772],
            [-119.23415, 37.45733],
            [-119.23409, 37.45719],
            [-119.23402, 37.45679],
            [-119.23386, 37.45605],
            [-119.23386, 37.45596],
            [-119.23379, 37.45563],
            [-119.23375, 37.45557],
            [-119.23371, 37.45538],
            [-119.23371, 37.45516],
            [-119.23369, 37.45513],
            [-119.23351, 37.45457],
            [-119.23343, 37.45415],
            [-119.23343, 37.45411],
            [-119.23342, 37.45368],
            [-119.23342, 37.45365],
            [-119.23342, 37.45342],
            [-119.23341, 37.45328],
            [-119.23348, 37.45256],
            [-119.23354, 37.45225],
            [-119.23353, 37.45179],
            [-119.2336, 37.45159],
            [-119.23367, 37.45115],
            [-119.23374, 37.45082],
            [-119.23399, 37.45019],
            [-119.23405, 37.44994],
            [-119.23424, 37.44948],
            [-119.23445, 37.4492],
            [-119.23526, 37.44849],
            [-119.23561, 37.44824],
            [-119.23564, 37.44823],
            [-119.23601, 37.44809],
            [-119.23695, 37.44795],
            [-119.23697, 37.44795],
            [-119.23709, 37.44791],
            [-119.2372, 37.44781],
            [-119.23757, 37.4472],
            [-119.23763, 37.44713],
            [-119.23772, 37.44702],
            [-119.2378, 37.44696],
            [-119.23842, 37.44682],
            [-119.23858, 37.44676],
            [-119.23872, 37.44665],
            [-119.23893, 37.4465],
            [-119.23918, 37.4464],
            [-119.23946, 37.44634],
            [-119.23971, 37.44629],
            [-119.2398, 37.44628],
            [-119.24053, 37.44615],
            [-119.24106, 37.44605],
            [-119.24151, 37.44598],
            [-119.24178, 37.44589],
            [-119.24195, 37.44581],
            [-119.24214, 37.44567],
            [-119.2423, 37.4455],
            [-119.24248, 37.44531],
            [-119.24281, 37.44496],
            [-119.24295, 37.44474],
            [-119.24327, 37.44407],
            [-119.24334, 37.44387],
            [-119.2434, 37.44338],
            [-119.24333, 37.44301],
            [-119.24317, 37.44256],
            [-119.24317, 37.44238],
            [-119.24346, 37.44182],
            [-119.24349, 37.44172],
            [-119.24346, 37.44147],
            [-119.24341, 37.44109],
            [-119.24331, 37.44087],
            [-119.24326, 37.44066],
            [-119.24322, 37.43983],
            [-119.24324, 37.43975],
            [-119.24321, 37.43941],
            [-119.24316, 37.43925],
            [-119.24315, 37.43922],
            [-119.24275, 37.43836],
            [-119.2427, 37.43821],
            [-119.24268, 37.43814],
            [-119.24261, 37.438],
            [-119.24258, 37.43784],
            [-119.24257, 37.43776],
            [-119.24256, 37.43762],
            [-119.24266, 37.43732],
            [-119.24267, 37.4373],
            [-119.24282, 37.43697],
            [-119.24292, 37.43688],
            [-119.24303, 37.43681],
            [-119.24316, 37.4368],
            [-119.24363, 37.43687],
            [-119.24376, 37.4369],
            [-119.24384, 37.4369],
            [-119.24396, 37.43688],
            [-119.24427, 37.43672],
            [-119.2446, 37.43647],
            [-119.24473, 37.43643],
            [-119.24478, 37.43643],
            [-119.24484, 37.43643],
            [-119.24501, 37.43646],
            [-119.24523, 37.43646],
            [-119.24538, 37.43643],
            [-119.24551, 37.43637],
            [-119.24593, 37.43605],
            [-119.24622, 37.43588],
            [-119.24655, 37.43574],
            [-119.24684, 37.43568],
            [-119.24717, 37.43568],
            [-119.248, 37.43564],
            [-119.24844, 37.43565],
            [-119.24926, 37.43578],
            [-119.24953, 37.4358],
            [-119.24986, 37.43577],
            [-119.25029, 37.43571],
            [-119.25031, 37.4357],
            [-119.25067, 37.43562],
            [-119.25079, 37.43555],
            [-119.25091, 37.43543],
            [-119.25096, 37.43539],
            [-119.25122, 37.43526],
            [-119.25145, 37.43515],
            [-119.25212, 37.43493],
            [-119.2524, 37.43484],
            [-119.2525, 37.43481],
            [-119.253, 37.43468],
            [-119.25341, 37.43469],
            [-119.25371, 37.43466],
            [-119.25407, 37.43461],
            [-119.2542, 37.43453],
            [-119.25461, 37.43405],
            [-119.25464, 37.43398],
            [-119.25456, 37.43382],
            [-119.25455, 37.43368],
            [-119.25459, 37.43342],
            [-119.25466, 37.43322],
            [-119.25499, 37.43305],
            [-119.25506, 37.43299],
            [-119.2551, 37.43283],
            [-119.25517, 37.43268],
            [-119.25545, 37.4325],
            [-119.25555, 37.43243],
            [-119.25573, 37.43217],
            [-119.25586, 37.43208],
            [-119.25606, 37.43197],
            [-119.25624, 37.43174],
            [-119.25641, 37.43152],
            [-119.25642, 37.43152],
            [-119.25658, 37.43143],
            [-119.25708, 37.43119],
            [-119.25716, 37.43115],
            [-119.25734, 37.43103],
            [-119.25754, 37.43082],
            [-119.25761, 37.4307],
            [-119.25772, 37.43036],
            [-119.25779, 37.4303],
            [-119.25796, 37.43003],
            [-119.25797, 37.43001],
            [-119.25798, 37.42988],
            [-119.25792, 37.42954],
            [-119.25788, 37.42937],
            [-119.2579, 37.42925],
            [-119.25788, 37.42919],
            [-119.25782, 37.42903],
            [-119.25776, 37.42887],
            [-119.25784, 37.42837],
            [-119.258, 37.42794],
            [-119.25802, 37.42788],
            [-119.25806, 37.42773],
            [-119.2581, 37.42761],
            [-119.25848, 37.42715],
            [-119.25886, 37.42655],
            [-119.25889, 37.42651],
            [-119.25903, 37.42633],
            [-119.25934, 37.42595],
            [-119.25935, 37.42594],
            [-119.2594, 37.42583],
            [-119.25946, 37.42542],
            [-119.2595, 37.42525],
            [-119.25991, 37.42455],
            [-119.26002, 37.42419],
            [-119.26012, 37.42386],
            [-119.26012, 37.42385],
            [-119.26012, 37.42345],
            [-119.26012, 37.42319],
            [-119.26009, 37.42315],
            [-119.26006, 37.42298],
            [-119.26006, 37.42295],
            [-119.26009, 37.4227],
            [-119.25999, 37.42246],
            [-119.26002, 37.42234],
            [-119.26003, 37.42229],
            [-119.26008, 37.42224],
            [-119.26019, 37.42212],
            [-119.26035, 37.42184],
            [-119.26043, 37.42177],
            [-119.26061, 37.4217],
            [-119.26064, 37.42166],
            [-119.26075, 37.42146],
            [-119.26086, 37.42129],
            [-119.2609, 37.42124],
            [-119.26107, 37.42099],
            [-119.2611, 37.42093],
            [-119.26166, 37.42037],
            [-119.26175, 37.42013],
            [-119.26178, 37.42006],
            [-119.26181, 37.41995],
            [-119.26182, 37.41992],
            [-119.26179, 37.41984],
            [-119.26178, 37.41982],
            [-119.26165, 37.41959],
            [-119.26169, 37.41955],
            [-119.2616, 37.41933],
            [-119.26156, 37.41921],
            [-119.26155, 37.41897],
            [-119.26163, 37.41871],
            [-119.26177, 37.41828],
            [-119.26184, 37.41814],
            [-119.26207, 37.41783],
            [-119.26211, 37.41778],
            [-119.26213, 37.41772],
            [-119.26233, 37.41721],
            [-119.26234, 37.41703],
            [-119.2624, 37.41689],
            [-119.26254, 37.4166],
            [-119.26261, 37.41647],
            [-119.26265, 37.41618],
            [-119.26283, 37.41594],
            [-119.26302, 37.41551],
            [-119.2631, 37.41534],
            [-119.26331, 37.41505],
            [-119.26341, 37.4149],
            [-119.26353, 37.41458],
            [-119.26356, 37.41449],
            [-119.26381, 37.41425],
            [-119.26381, 37.41423],
            [-119.26386, 37.41411],
            [-119.26387, 37.4141],
            [-119.26399, 37.41385],
            [-119.26411, 37.4137],
            [-119.26417, 37.41361],
            [-119.26425, 37.41351],
            [-119.26439, 37.41325],
            [-119.26451, 37.41286],
            [-119.26462, 37.41249],
            [-119.26474, 37.41234],
            [-119.26498, 37.41204],
            [-119.2651, 37.41181],
            [-119.2652, 37.41164],
            [-119.26571, 37.41077],
            [-119.26581, 37.41059],
            [-119.26582, 37.41058],
            [-119.26598, 37.41035],
            [-119.26602, 37.41031],
            [-119.26619, 37.41013],
            [-119.26631, 37.41008],
            [-119.26639, 37.41002],
            [-119.26644, 37.40993],
            [-119.26644, 37.40988],
            [-119.26643, 37.40979],
            [-119.26658, 37.40931],
            [-119.26662, 37.40926],
            [-119.2667, 37.40918],
            [-119.26698, 37.40886],
            [-119.26751, 37.40858],
            [-119.26755, 37.40855],
            [-119.26778, 37.40848],
            [-119.26819, 37.40824],
            [-119.2685, 37.40799],
            [-119.26853, 37.40798],
            [-119.26883, 37.40784],
            [-119.26898, 37.40779],
            [-119.26904, 37.40779],
            [-119.26932, 37.40776],
            [-119.26969, 37.40767],
            [-119.27006, 37.40765],
            [-119.27035, 37.40758],
            [-119.27052, 37.40753],
            [-119.27088, 37.40735],
            [-119.27108, 37.40718],
            [-119.27137, 37.40699],
            [-119.27139, 37.40698],
            [-119.27157, 37.40684],
            [-119.27162, 37.40678],
            [-119.27182, 37.40656],
            [-119.27201, 37.40625],
            [-119.27206, 37.40617],
            [-119.27211, 37.40614],
            [-119.27226, 37.40592],
            [-119.2723, 37.40581],
            [-119.2724, 37.40555],
            [-119.27255, 37.40534],
            [-119.27275, 37.40518],
            [-119.27282, 37.40508],
            [-119.27295, 37.40489],
            [-119.27297, 37.4048],
            [-119.27301, 37.40462],
            [-119.27316, 37.40439],
            [-119.27317, 37.40437],
            [-119.27363, 37.40385],
            [-119.27365, 37.40383],
            [-119.27411, 37.40349],
            [-119.27418, 37.40341],
            [-119.2743, 37.40329],
            [-119.27435, 37.40321],
            [-119.27488, 37.4024],
            [-119.27489, 37.40237],
            [-119.27508, 37.40191],
            [-119.27541, 37.40112],
            [-119.27541, 37.40105],
            [-119.27546, 37.4007],
            [-119.2755, 37.40037],
            [-119.2755, 37.40037],
            [-119.27545, 37.39998],
            [-119.2754, 37.39991],
            [-119.27531, 37.3998],
            [-119.2749, 37.39953],
            [-119.27466, 37.39927],
            [-119.27439, 37.39878],
            [-119.27435, 37.39871],
            [-119.27421, 37.3983],
            [-119.27412, 37.39788],
            [-119.27408, 37.39724],
            [-119.27406, 37.39699],
            [-119.27412, 37.39675],
            [-119.2742, 37.39639],
            [-119.27437, 37.39606],
            [-119.2744, 37.396],
            [-119.27465, 37.39567],
            [-119.27492, 37.39533],
            [-119.27499, 37.39518],
            [-119.27509, 37.39507],
            [-119.27518, 37.39498],
            [-119.27552, 37.39475],
            [-119.27594, 37.39447],
            [-119.27611, 37.39437],
            [-119.27616, 37.39432],
            [-119.27662, 37.39408],
            [-119.27695, 37.39391],
            [-119.2772, 37.39385],
            [-119.27772, 37.3937],
            [-119.27824, 37.39348],
            [-119.27862, 37.39323],
            [-119.27884, 37.39309],
            [-119.27896, 37.39298],
            [-119.27919, 37.39276],
            [-119.27923, 37.3927],
            [-119.27937, 37.39249],
            [-119.27949, 37.39231],
            [-119.27989, 37.3917],
            [-119.27994, 37.39162],
            [-119.27999, 37.39091],
            [-119.27999, 37.3909],
            [-119.27991, 37.39008],
            [-119.27988, 37.38971],
            [-119.28008, 37.3892],
            [-119.28124, 37.38825],
            [-119.28235, 37.38745],
            [-119.28257, 37.3872],
            [-119.28288, 37.38686],
            [-119.2829, 37.38685],
            [-119.28375, 37.38622],
            [-119.28379, 37.38618],
            [-119.28419, 37.38595],
            [-119.28435, 37.38577],
            [-119.28437, 37.38573],
            [-119.28463, 37.38513],
            [-119.28463, 37.3851],
            [-119.28468, 37.38478],
            [-119.28473, 37.38463],
            [-119.28478, 37.38447],
            [-119.28483, 37.38433],
            [-119.28488, 37.38388],
            [-119.285, 37.38287],
            [-119.28507, 37.38273],
            [-119.28513, 37.38261],
            [-119.28531, 37.38224],
            [-119.28561, 37.3818],
            [-119.28568, 37.38132],
            [-119.28569, 37.38123],
            [-119.28589, 37.38057],
            [-119.28585, 37.38026],
            [-119.28577, 37.38004],
            [-119.28576, 37.38003],
            [-119.2857, 37.37985],
            [-119.28582, 37.37951],
            [-119.28606, 37.37882],
            [-119.28607, 37.3786],
            [-119.28595, 37.37806],
            [-119.28588, 37.37769],
            [-119.28577, 37.3775],
            [-119.28575, 37.37746],
            [-119.28568, 37.37677],
            [-119.28577, 37.37635],
            [-119.28586, 37.37616],
            [-119.28624, 37.37535],
            [-119.28656, 37.37484],
            [-119.28679, 37.37462],
            [-119.28746, 37.37437],
            [-119.28766, 37.3743],
            [-119.28794, 37.37427],
            [-119.28802, 37.37426],
            [-119.28847, 37.37402],
            [-119.28893, 37.37374],
            [-119.28925, 37.37348],
            [-119.29022, 37.37267],
            [-119.29028, 37.37262],
            [-119.2908, 37.37234],
            [-119.29125, 37.37219],
            [-119.29227, 37.37185],
            [-119.2928, 37.37152],
            [-119.29299, 37.37141],
            [-119.29383, 37.37098],
            [-119.29424, 37.37082],
            [-119.29485, 37.37051],
            [-119.29613, 37.37005],
            [-119.29624, 37.36999],
            [-119.29662, 37.36973],
            [-119.2969, 37.36948],
            [-119.29729, 37.36911],
            [-119.29811, 37.36833],
            [-119.29937, 37.36741],
            [-119.29908, 37.36655],
            [-119.29885, 37.36588],
            [-119.2987, 37.36559],
            [-119.29862, 37.36554],
            [-119.29784, 37.36508],
            [-119.29757, 37.36493],
            [-119.29707, 37.36456],
            [-119.2967, 37.36429],
            [-119.29648, 37.36349],
            [-119.29643, 37.36338],
            [-119.29617, 37.36278],
            [-119.29612, 37.3625],
            [-119.29592, 37.36222],
            [-119.29603, 37.362],
            [-119.29716, 37.3596],
            [-119.29727, 37.35937],
            [-119.29846, 37.35886],
            [-119.29852, 37.35877],
            [-119.29855, 37.35873],
            [-119.2987, 37.35803],
            [-119.29865, 37.3576],
            [-119.29881, 37.35729],
            [-119.29895, 37.357],
            [-119.29904, 37.3564],
            [-119.29917, 37.35505],
            [-119.29909, 37.35432],
            [-119.29934, 37.35424],
            [-119.30032, 37.35393],
            [-119.30178, 37.3536],
            [-119.30204, 37.35354],
            [-119.30229, 37.35348],
            [-119.30246, 37.35344],
            [-119.30326, 37.35331],
            [-119.30385, 37.35312],
            [-119.3039, 37.35312],
            [-119.30394, 37.35311],
            [-119.3047, 37.35301],
            [-119.30516, 37.35301],
            [-119.30571, 37.353],
            [-119.30717, 37.3534],
            [-119.30766, 37.35412],
            [-119.30781, 37.35426],
            [-119.30795, 37.3544],
            [-119.3081, 37.35447],
            [-119.30933, 37.35446],
            [-119.31001, 37.35439],
            [-119.31096, 37.3543],
            [-119.3118, 37.35408],
            [-119.31192, 37.35405],
            [-119.31225, 37.35396],
            [-119.3124, 37.35387],
            [-119.31264, 37.35363],
            [-119.31307, 37.3532],
            [-119.31378, 37.35232],
            [-119.31424, 37.35192],
            [-119.31425, 37.35174],
            [-119.31437, 37.35161],
            [-119.31477, 37.35111],
            [-119.31489, 37.35083],
            [-119.31496, 37.35068],
            [-119.31511, 37.3499],
            [-119.3151, 37.34912],
            [-119.31515, 37.34902],
            [-119.31549, 37.34836],
            [-119.3159, 37.34693],
            [-119.31593, 37.34682],
            [-119.31595, 37.34677],
            [-119.31581, 37.34584],
            [-119.31565, 37.34547],
            [-119.31549, 37.3453],
            [-119.31502, 37.34502],
            [-119.31469, 37.3449],
            [-119.31442, 37.34486],
            [-119.314, 37.34467],
            [-119.31391, 37.34463],
            [-119.31348, 37.34422],
            [-119.31274, 37.34379],
            [-119.3126, 37.34371],
            [-119.31202, 37.34312],
            [-119.31199, 37.34308],
            [-119.31173, 37.34256],
            [-119.31172, 37.34253],
            [-119.31165, 37.34203],
            [-119.31159, 37.34161],
            [-119.31164, 37.3415],
            [-119.31194, 37.34087],
            [-119.31209, 37.34013],
            [-119.31214, 37.34002],
            [-119.31222, 37.33986],
            [-119.31284, 37.33935],
            [-119.31328, 37.33899],
            [-119.31344, 37.33886],
            [-119.31431, 37.33854],
            [-119.31479, 37.33842],
            [-119.31553, 37.33833],
            [-119.31609, 37.33826],
            [-119.31642, 37.33815],
            [-119.31667, 37.33806],
            [-119.31704, 37.33787],
            [-119.31724, 37.33777],
            [-119.31738, 37.33774],
            [-119.31744, 37.33772],
            [-119.31841, 37.33746],
            [-119.31861, 37.33741],
            [-119.31893, 37.33734],
            [-119.31925, 37.33742],
            [-119.31971, 37.33754],
            [-119.31998, 37.33753],
            [-119.32007, 37.33753],
            [-119.32095, 37.3377],
            [-119.3214, 37.33778],
            [-119.32148, 37.33775],
            [-119.32212, 37.33756],
            [-119.32292, 37.33722],
            [-119.32357, 37.33696],
            [-119.32516, 37.3365],
            [-119.32548, 37.3364],
            [-119.32575, 37.33633],
            [-119.32648, 37.33558],
            [-119.3264, 37.33523],
            [-119.32612, 37.33467],
            [-119.32598, 37.33424],
            [-119.32565, 37.33319],
            [-119.32557, 37.33294],
            [-119.32532, 37.33246],
            [-119.32517, 37.33217],
            [-119.3248, 37.332],
            [-119.32419, 37.33182],
            [-119.32346, 37.3316],
            [-119.32277, 37.33119],
            [-119.32276, 37.33118],
            [-119.32132, 37.32954],
            [-119.32124, 37.32946],
            [-119.32085, 37.32922],
            [-119.3181, 37.32869],
            [-119.3176, 37.32844],
            [-119.31756, 37.3284],
            [-119.31745, 37.32826],
            [-119.31701, 37.32772],
            [-119.31665, 37.32671],
            [-119.31636, 37.32592],
            [-119.31636, 37.32498],
            [-119.31647, 37.32431],
            [-119.31635, 37.32404],
            [-119.31689, 37.32317],
            [-119.31693, 37.32309],
            [-119.31719, 37.3228],
            [-119.31757, 37.32233],
            [-119.31787, 37.32198],
            [-119.31792, 37.32192],
            [-119.31809, 37.32171],
            [-119.31834, 37.32143],
            [-119.31856, 37.32116],
            [-119.31863, 37.32113],
            [-119.31903, 37.32096],
            [-119.31951, 37.3208],
            [-119.31978, 37.32067],
            [-119.32007, 37.32057],
            [-119.32039, 37.32057],
            [-119.32043, 37.32057],
            [-119.32068, 37.32062],
            [-119.32097, 37.32068],
            [-119.32119, 37.32075],
            [-119.3213, 37.32077],
            [-119.32158, 37.32078],
            [-119.32178, 37.32082],
            [-119.32197, 37.32085],
            [-119.32221, 37.32086],
            [-119.32238, 37.32089],
            [-119.32252, 37.32091],
            [-119.32281, 37.32093],
            [-119.32286, 37.32094],
            [-119.32312, 37.32097],
            [-119.32326, 37.32097],
            [-119.32338, 37.32096],
            [-119.32366, 37.32084],
            [-119.32377, 37.3208],
            [-119.32397, 37.32087],
            [-119.32429, 37.32084],
            [-119.3244, 37.32079],
            [-119.32452, 37.32071],
            [-119.32467, 37.32058],
            [-119.32483, 37.32043],
            [-119.32492, 37.32031],
            [-119.32494, 37.32029],
            [-119.32506, 37.32013],
            [-119.3253, 37.31988],
            [-119.32535, 37.31984],
            [-119.32575, 37.31953],
            [-119.3261, 37.3193],
            [-119.32633, 37.31922],
            [-119.32664, 37.31916],
            [-119.32668, 37.31917],
            [-119.32683, 37.31917],
            [-119.32691, 37.31917],
            [-119.32718, 37.31904],
            [-119.32722, 37.31892],
            [-119.32724, 37.31887],
            [-119.32726, 37.31878],
            [-119.32735, 37.31847],
            [-119.32751, 37.31826],
            [-119.32747, 37.31817],
            [-119.32748, 37.31813],
            [-119.32749, 37.31811],
            [-119.32751, 37.31806],
            [-119.32765, 37.31799],
            [-119.32789, 37.3177],
            [-119.32824, 37.31727],
            [-119.3285, 37.31703],
            [-119.32884, 37.31675],
            [-119.32908, 37.31668],
            [-119.32913, 37.31666],
            [-119.32914, 37.31665],
            [-119.32924, 37.31657],
            [-119.32934, 37.31642],
            [-119.33044, 37.31575],
            [-119.33062, 37.31565],
            [-119.331, 37.31551],
            [-119.33108, 37.31549],
            [-119.3315, 37.31539],
            [-119.33195, 37.31529],
            [-119.3323, 37.31513],
            [-119.33289, 37.3145],
            [-119.33291, 37.31447],
            [-119.33313, 37.31425],
            [-119.33354, 37.31391],
            [-119.33372, 37.31376],
            [-119.33401, 37.31358],
            [-119.33423, 37.31335],
            [-119.33466, 37.3129],
            [-119.33485, 37.31254],
            [-119.33495, 37.31235],
            [-119.33518, 37.31192],
            [-119.33527, 37.31176],
            [-119.33542, 37.31121],
            [-119.33539, 37.31108],
            [-119.33536, 37.31095],
            [-119.33533, 37.31088],
            [-119.33527, 37.31084],
            [-119.33523, 37.31081],
            [-119.33519, 37.31077],
            [-119.33514, 37.31052],
            [-119.33501, 37.30989],
            [-119.33483, 37.30899],
            [-119.33475, 37.30859],
            [-119.33467, 37.30818],
            [-119.33446, 37.30716],
            [-119.33444, 37.30702],
            [-119.3344, 37.30683],
            [-119.33437, 37.30662],
            [-119.33431, 37.3063],
            [-119.33416, 37.30576],
            [-119.33408, 37.30537],
            [-119.33408, 37.30535],
            [-119.33404, 37.30513],
            [-119.33404, 37.30445],
            [-119.33404, 37.30435],
            [-119.33404, 37.30409],
            [-119.33404, 37.30393],
            [-119.33399, 37.30383],
            [-119.33392, 37.30373],
            [-119.33391, 37.30371],
            [-119.33387, 37.30368],
            [-119.33369, 37.30354],
            [-119.33361, 37.30347],
            [-119.33327, 37.30341],
            [-119.3331, 37.30338],
            [-119.33297, 37.3033],
            [-119.33276, 37.30321],
            [-119.33258, 37.30314],
            [-119.3324, 37.30301],
            [-119.33227, 37.30294],
            [-119.33214, 37.30287],
            [-119.33192, 37.30283],
            [-119.33184, 37.30275],
            [-119.33178, 37.30268],
            [-119.33171, 37.30265],
            [-119.33169, 37.30264],
            [-119.33161, 37.30258],
            [-119.33152, 37.3025],
            [-119.33144, 37.30245],
            [-119.33126, 37.30237],
            [-119.33112, 37.30231],
            [-119.33097, 37.30224],
            [-119.33096, 37.30222],
            [-119.33088, 37.30216],
            [-119.33065, 37.30189],
            [-119.33053, 37.30171],
            [-119.33039, 37.30141],
            [-119.33038, 37.30139],
            [-119.33024, 37.30115],
            [-119.33022, 37.30111],
            [-119.33007, 37.3008],
            [-119.33006, 37.30079],
            [-119.33003, 37.30067],
            [-119.33, 37.30057],
            [-119.32965, 37.29943],
            [-119.32961, 37.29928],
            [-119.32945, 37.29877],
            [-119.32945, 37.29859],
            [-119.32946, 37.29852],
            [-119.32947, 37.29834],
            [-119.32947, 37.29801],
            [-119.32949, 37.29782],
            [-119.32948, 37.29762],
            [-119.32949, 37.29752],
            [-119.32947, 37.29743],
            [-119.32943, 37.29732],
            [-119.32938, 37.29723],
            [-119.32927, 37.29709],
            [-119.32923, 37.29704],
            [-119.32898, 37.29675],
            [-119.32875, 37.29637],
            [-119.32855, 37.29579],
            [-119.3285, 37.29562],
            [-119.32837, 37.29539],
            [-119.32797, 37.29461],
            [-119.32784, 37.29437],
            [-119.3276, 37.29383],
            [-119.32752, 37.29366],
            [-119.32737, 37.29332],
            [-119.32735, 37.29321],
            [-119.32734, 37.29311],
            [-119.32729, 37.29302],
            [-119.32723, 37.29293],
            [-119.32713, 37.29277],
            [-119.32705, 37.29269],
            [-119.32701, 37.29244],
            [-119.32699, 37.29228],
            [-119.32694, 37.2919],
            [-119.32702, 37.29127],
            [-119.32693, 37.29119],
            [-119.32701, 37.2911],
            [-119.32697, 37.29099],
            [-119.3269, 37.29085],
            [-119.32687, 37.29075],
            [-119.32687, 37.29066],
            [-119.32693, 37.29054],
            [-119.32697, 37.29048],
            [-119.32716, 37.29011],
            [-119.32729, 37.28986],
            [-119.32737, 37.2897],
            [-119.32746, 37.28954],
            [-119.32753, 37.2894],
            [-119.32779, 37.28894],
            [-119.32787, 37.28881],
            [-119.32792, 37.28873],
            [-119.32793, 37.28861],
            [-119.32792, 37.28829],
            [-119.32792, 37.28821],
            [-119.32792, 37.28807],
            [-119.32804, 37.28788],
            [-119.32807, 37.28779],
            [-119.32806, 37.28762],
            [-119.32808, 37.2874],
            [-119.32816, 37.28718],
            [-119.3283, 37.28694],
            [-119.32839, 37.28682],
            [-119.32847, 37.28671],
            [-119.32855, 37.28661],
            [-119.32867, 37.28646],
            [-119.32897, 37.2861],
            [-119.32911, 37.28596],
            [-119.3292, 37.28583],
            [-119.3293, 37.28566],
            [-119.32939, 37.28543],
            [-119.32941, 37.28535],
            [-119.32945, 37.28512],
            [-119.32948, 37.28503],
            [-119.32957, 37.28476],
            [-119.32963, 37.28464],
            [-119.32968, 37.28454],
            [-119.32972, 37.28446],
            [-119.32986, 37.28428],
            [-119.33001, 37.28407],
            [-119.33018, 37.28389],
            [-119.33031, 37.28375],
            [-119.33041, 37.28362],
            [-119.33054, 37.28346],
            [-119.3307, 37.28324],
            [-119.33086, 37.28302],
            [-119.33102, 37.28258],
            [-119.33102, 37.28243],
            [-119.33113, 37.28227],
            [-119.33117, 37.2822],
            [-119.3312, 37.28213],
            [-119.3312, 37.28205],
            [-119.33121, 37.28199],
            [-119.33125, 37.2818],
            [-119.33125, 37.28161],
            [-119.33125, 37.28117],
            [-119.33124, 37.28111],
            [-119.33113, 37.2806],
            [-119.33113, 37.28055],
            [-119.33113, 37.28041],
            [-119.33112, 37.28023],
            [-119.33115, 37.28009],
            [-119.33115, 37.27986],
            [-119.33109, 37.27958],
            [-119.33107, 37.27948],
            [-119.33104, 37.27928],
            [-119.33106, 37.27923],
            [-119.3311, 37.27911],
            [-119.33111, 37.27886],
            [-119.33111, 37.27847],
            [-119.33116, 37.27816],
            [-119.33117, 37.27813],
            [-119.33123, 37.27773],
            [-119.33129, 37.27738],
            [-119.33137, 37.27717],
            [-119.33142, 37.27705],
            [-119.33174, 37.27618],
            [-119.33182, 37.27597],
            [-119.33193, 37.27567],
            [-119.33201, 37.27553],
            [-119.33207, 37.27548],
            [-119.3321, 37.27542],
            [-119.33214, 37.2753],
            [-119.3322, 37.27514],
            [-119.3322, 37.27501],
            [-119.33224, 37.2748],
            [-119.3323, 37.27465],
            [-119.33231, 37.27444],
            [-119.33222, 37.27432],
            [-119.33218, 37.27426],
            [-119.33211, 37.27409],
            [-119.33209, 37.27404],
            [-119.33203, 37.27359],
            [-119.33199, 37.27354],
            [-119.33196, 37.2735],
            [-119.33187, 37.27343],
            [-119.33179, 37.27337],
            [-119.33168, 37.27329],
            [-119.33161, 37.27319],
            [-119.33151, 37.27309],
            [-119.33142, 37.27301],
            [-119.33131, 37.27293],
            [-119.33116, 37.27288],
            [-119.33085, 37.27282],
            [-119.33056, 37.27277],
            [-119.33014, 37.27261],
            [-119.32989, 37.27247],
            [-119.32965, 37.2723],
            [-119.32925, 37.27199],
            [-119.32901, 37.27179],
            [-119.32893, 37.27172],
            [-119.32875, 37.2716],
            [-119.32826, 37.27126],
            [-119.32815, 37.27121],
            [-119.32814, 37.27121],
            [-119.32802, 37.27112],
            [-119.3278, 37.27103],
            [-119.32753, 37.27089],
            [-119.32744, 37.27084],
            [-119.32712, 37.2706],
            [-119.32701, 37.27051],
            [-119.32671, 37.27029],
            [-119.32652, 37.27006],
            [-119.3264, 37.26986],
            [-119.32638, 37.26966],
            [-119.32629, 37.26951],
            [-119.32623, 37.26941],
            [-119.32617, 37.26925],
            [-119.32607, 37.26899],
            [-119.32604, 37.26881],
            [-119.32607, 37.26861],
            [-119.32611, 37.26836],
            [-119.32604, 37.26824],
            [-119.32599, 37.26812],
            [-119.32591, 37.26793],
            [-119.32572, 37.26751],
            [-119.32569, 37.26745],
            [-119.32554, 37.26721],
            [-119.32546, 37.26705],
            [-119.32541, 37.26696],
            [-119.32538, 37.2669],
            [-119.3253, 37.26681],
            [-119.32524, 37.26673],
            [-119.32513, 37.26645],
            [-119.32512, 37.26637],
            [-119.32511, 37.26632],
            [-119.32504, 37.26619],
            [-119.3249, 37.26602],
            [-119.32483, 37.26592],
            [-119.3247, 37.26576],
            [-119.32461, 37.26558],
            [-119.32459, 37.26547],
            [-119.32462, 37.26536],
            [-119.32465, 37.26525],
            [-119.32469, 37.26515],
            [-119.32468, 37.26504],
            [-119.3246, 37.26478],
            [-119.32459, 37.26474],
            [-119.32457, 37.26465],
            [-119.32454, 37.26427],
            [-119.32453, 37.26408],
            [-119.32453, 37.26403],
            [-119.32453, 37.26391],
            [-119.32458, 37.26358],
            [-119.32457, 37.26337],
            [-119.32457, 37.26304],
            [-119.3245, 37.26276],
            [-119.32444, 37.26243],
            [-119.32444, 37.26221],
            [-119.32438, 37.26196],
            [-119.32437, 37.26176],
            [-119.32441, 37.26165],
            [-119.32444, 37.26156],
            [-119.32448, 37.26131],
            [-119.3245, 37.26125],
            [-119.32452, 37.26114],
            [-119.32459, 37.2608],
            [-119.3246, 37.26053],
            [-119.32459, 37.26014],
            [-119.32464, 37.2597],
            [-119.32464, 37.25968],
            [-119.32462, 37.2593],
            [-119.32455, 37.25895],
            [-119.3245, 37.25864],
            [-119.32441, 37.25836],
            [-119.32434, 37.25812],
            [-119.32433, 37.25809],
            [-119.3242, 37.2577],
            [-119.32417, 37.25762],
            [-119.32413, 37.25748],
            [-119.32399, 37.25717],
            [-119.32382, 37.25667],
            [-119.32381, 37.25664],
            [-119.32378, 37.25645],
            [-119.32371, 37.25619],
            [-119.32366, 37.256],
            [-119.3236, 37.25584],
            [-119.32358, 37.25583],
            [-119.32352, 37.25575],
            [-119.32339, 37.25562],
            [-119.32317, 37.25536],
            [-119.32312, 37.2553],
            [-119.32302, 37.25517],
            [-119.32292, 37.25504],
            [-119.32287, 37.25496],
            [-119.32272, 37.2547],
            [-119.32262, 37.25453],
            [-119.3226, 37.25447],
            [-119.32249, 37.25419],
            [-119.32223, 37.25379],
            [-119.32221, 37.2537],
            [-119.3222, 37.25367],
            [-119.32219, 37.25353],
            [-119.32218, 37.25341],
            [-119.32222, 37.25328],
            [-119.32224, 37.25298],
            [-119.32225, 37.25288],
            [-119.32225, 37.25282],
            [-119.32231, 37.25243],
            [-119.32234, 37.25219],
            [-119.3224, 37.25168],
            [-119.32241, 37.25149],
            [-119.32244, 37.25103],
            [-119.32242, 37.25084],
            [-119.32241, 37.2506],
            [-119.3224, 37.25035],
            [-119.32241, 37.25018],
            [-119.32241, 37.25009],
            [-119.32241, 37.24995],
            [-119.3224, 37.24985],
            [-119.32239, 37.24977],
            [-119.32232, 37.24936],
            [-119.3223, 37.24926],
            [-119.32224, 37.249],
            [-119.32218, 37.24881],
            [-119.32216, 37.24865],
            [-119.32213, 37.24849],
            [-119.32212, 37.24844],
            [-119.32209, 37.24833],
            [-119.32206, 37.24818],
            [-119.32208, 37.24777],
            [-119.32209, 37.2476],
            [-119.3221, 37.24743],
            [-119.3221, 37.24738],
            [-119.32213, 37.24727],
            [-119.32223, 37.24688],
            [-119.32234, 37.24662],
            [-119.32237, 37.24651],
            [-119.32239, 37.24648],
            [-119.32252, 37.24624],
            [-119.32263, 37.24602],
            [-119.32275, 37.24575],
            [-119.32293, 37.24545],
            [-119.32304, 37.24529],
            [-119.32324, 37.24501],
            [-119.32342, 37.24483],
            [-119.32355, 37.24472],
            [-119.32386, 37.24452],
            [-119.32435, 37.24426],
            [-119.32457, 37.24415],
            [-119.3247, 37.24409],
            [-119.32493, 37.24396],
            [-119.32514, 37.2439],
            [-119.32566, 37.24369],
            [-119.32588, 37.2436],
            [-119.32611, 37.24351],
            [-119.32627, 37.24345],
            [-119.32674, 37.24325],
            [-119.32692, 37.24318],
            [-119.32715, 37.2431],
            [-119.32741, 37.243],
            [-119.32769, 37.24291],
            [-119.32802, 37.24281],
            [-119.32805, 37.24279],
            [-119.3287, 37.24252],
            [-119.32883, 37.24245],
            [-119.32915, 37.24216],
            [-119.32919, 37.24212],
            [-119.3294, 37.24196],
            [-119.32958, 37.24179],
            [-119.32994, 37.24141],
            [-119.33006, 37.24127],
            [-119.33013, 37.24118],
            [-119.33015, 37.24114],
            [-119.33052, 37.24079],
            [-119.33058, 37.24073],
            [-119.33084, 37.24049],
            [-119.33087, 37.24046],
            [-119.33102, 37.24031],
            [-119.33129, 37.24006],
            [-119.33152, 37.23981],
            [-119.33162, 37.23964],
            [-119.33173, 37.23935],
            [-119.3318, 37.23902],
            [-119.33183, 37.23895],
            [-119.33195, 37.23866],
            [-119.33199, 37.23826],
            [-119.33202, 37.23795],
            [-119.33205, 37.23765],
            [-119.33204, 37.23739],
            [-119.33193, 37.23706],
            [-119.33192, 37.23697],
            [-119.33191, 37.23677],
            [-119.33185, 37.23647],
            [-119.33185, 37.23646],
            [-119.33186, 37.23616],
            [-119.33186, 37.23609],
            [-119.33186, 37.23605],
            [-119.33183, 37.23587],
            [-119.33181, 37.23581],
            [-119.33179, 37.23571],
            [-119.3318, 37.23542],
            [-119.33183, 37.23517],
            [-119.33179, 37.235],
            [-119.33177, 37.23474],
            [-119.33177, 37.23457],
            [-119.33177, 37.23451],
            [-119.33183, 37.23437],
            [-119.33183, 37.23436],
            [-119.33195, 37.23427],
            [-119.33209, 37.23417],
            [-119.33212, 37.23402],
            [-119.33215, 37.23392],
            [-119.33217, 37.23388],
            [-119.3323, 37.23368],
            [-119.33243, 37.23353],
            [-119.33257, 37.23341],
            [-119.33259, 37.23335],
            [-119.3326, 37.23328],
            [-119.33262, 37.23316],
            [-119.33263, 37.23285],
            [-119.33259, 37.23268],
            [-119.3326, 37.23259],
            [-119.33263, 37.23237],
            [-119.33267, 37.23218],
            [-119.33269, 37.23207],
            [-119.33276, 37.23172],
            [-119.33278, 37.23162],
            [-119.33281, 37.23146],
            [-119.33281, 37.23144],
            [-119.33289, 37.231],
            [-119.33296, 37.23065],
            [-119.33296, 37.23064],
            [-119.33297, 37.23057],
            [-119.33299, 37.23034],
            [-119.33298, 37.23014],
            [-119.33293, 37.2298],
            [-119.33292, 37.2297],
            [-119.3329, 37.22956],
            [-119.3329, 37.22951],
            [-119.33292, 37.22926],
            [-119.33298, 37.22892],
            [-119.33299, 37.22887],
            [-119.33302, 37.22877],
            [-119.33304, 37.2287],
            [-119.33316, 37.22841],
            [-119.33321, 37.22833],
            [-119.33334, 37.22811],
            [-119.33351, 37.22788],
            [-119.33355, 37.22769],
            [-119.33359, 37.2275],
            [-119.33363, 37.22727],
            [-119.33364, 37.2272],
            [-119.33371, 37.22681],
            [-119.3338, 37.22644],
            [-119.33385, 37.22621],
            [-119.33383, 37.22613],
            [-119.33375, 37.22572],
            [-119.33377, 37.22543],
            [-119.3337, 37.22505],
            [-119.33366, 37.22479],
            [-119.33373, 37.22449],
            [-119.33373, 37.22445],
            [-119.33375, 37.22406],
            [-119.33375, 37.22403],
            [-119.33386, 37.22374],
            [-119.33396, 37.22354],
            [-119.334, 37.22346],
            [-119.33426, 37.22318],
            [-119.33437, 37.22308],
            [-119.33442, 37.22302],
            [-119.33459, 37.22287],
            [-119.33464, 37.22282],
            [-119.3348, 37.22273],
            [-119.33505, 37.22255],
            [-119.33528, 37.2224],
            [-119.3353, 37.22238],
            [-119.3355, 37.22221],
            [-119.33557, 37.22213],
            [-119.33567, 37.22201],
            [-119.33589, 37.22176],
            [-119.33615, 37.22144],
            [-119.33625, 37.22134],
            [-119.33632, 37.22127],
            [-119.33659, 37.22105],
            [-119.3366, 37.22103],
            [-119.33675, 37.22086],
            [-119.33686, 37.2207],
            [-119.33689, 37.22065],
            [-119.33699, 37.22048],
            [-119.33712, 37.22029],
            [-119.33716, 37.22016],
            [-119.33757, 37.2199],
            [-119.33763, 37.21979],
            [-119.33779, 37.21916],
            [-119.33777, 37.21898],
            [-119.33774, 37.21874],
            [-119.33764, 37.2185],
            [-119.33721, 37.21792],
            [-119.33709, 37.21781],
            [-119.3368, 37.21753],
            [-119.33666, 37.2174],
            [-119.33601, 37.2169],
            [-119.33589, 37.21683],
            [-119.33537, 37.21656],
            [-119.3347, 37.21634],
            [-119.33429, 37.21619],
            [-119.3339, 37.21605],
            [-119.33317, 37.21586],
            [-119.3324, 37.21584],
            [-119.33178, 37.21573],
            [-119.3317, 37.21571],
            [-119.33099, 37.21547],
            [-119.33095, 37.21543],
            [-119.33074, 37.21521],
            [-119.33051, 37.21479],
            [-119.33047, 37.21472],
            [-119.3304, 37.21444],
            [-119.3304, 37.21439],
            [-119.33037, 37.21361],
            [-119.33035, 37.21288],
            [-119.33033, 37.21282],
            [-119.33021, 37.21239],
            [-119.33004, 37.21203],
            [-119.32995, 37.21184],
            [-119.32964, 37.21119],
            [-119.32961, 37.21106],
            [-119.32959, 37.21095],
            [-119.32951, 37.21056],
            [-119.32952, 37.21024],
            [-119.32944, 37.21003],
            [-119.32943, 37.21],
            [-119.32955, 37.2096],
            [-119.32994, 37.20926],
            [-119.33003, 37.20894],
            [-119.33013, 37.20856],
            [-119.33019, 37.20848],
            [-119.33025, 37.20839],
            [-119.33036, 37.20822],
            [-119.3304, 37.20797],
            [-119.33041, 37.2079],
            [-119.33033, 37.20773],
            [-119.33008, 37.20743],
            [-119.33028, 37.20737],
            [-119.33031, 37.20718],
            [-119.33034, 37.20704],
            [-119.33036, 37.20691],
            [-119.33041, 37.20659],
            [-119.33047, 37.20617],
            [-119.33057, 37.20579],
            [-119.33072, 37.20564],
            [-119.33084, 37.20548],
            [-119.33089, 37.20546],
            [-119.33104, 37.2054],
            [-119.33119, 37.20534],
            [-119.33145, 37.20517],
            [-119.33158, 37.20505],
            [-119.33166, 37.20497],
            [-119.3318, 37.2048],
            [-119.33189, 37.20471],
            [-119.33207, 37.20456],
            [-119.33213, 37.20454],
            [-119.33221, 37.20451],
            [-119.33232, 37.20447],
            [-119.33251, 37.20431],
            [-119.33271, 37.20414],
            [-119.33287, 37.20398],
            [-119.33316, 37.20366],
            [-119.33334, 37.20346],
            [-119.33353, 37.20324],
            [-119.33363, 37.20312],
            [-119.33392, 37.20298],
            [-119.33401, 37.20295],
            [-119.33414, 37.2029],
            [-119.33432, 37.20278],
            [-119.33435, 37.20273],
            [-119.33445, 37.20264],
            [-119.33456, 37.20254],
            [-119.33481, 37.20234],
            [-119.33484, 37.20231],
            [-119.33495, 37.20219],
            [-119.33501, 37.20213],
            [-119.33515, 37.20199],
            [-119.33525, 37.2019],
            [-119.33537, 37.20178],
            [-119.33556, 37.20166],
            [-119.33603, 37.20133],
            [-119.33608, 37.2013],
            [-119.33635, 37.20112],
            [-119.33643, 37.20107],
            [-119.3366, 37.20095],
            [-119.33679, 37.20082],
            [-119.33705, 37.20059],
            [-119.33715, 37.20052],
            [-119.3372, 37.20046],
            [-119.33724, 37.20033],
            [-119.33726, 37.20028],
            [-119.33728, 37.20025],
            [-119.33736, 37.2001],
            [-119.33747, 37.19991],
            [-119.33753, 37.19977],
            [-119.33754, 37.19975],
            [-119.33758, 37.19965],
            [-119.3377, 37.19944],
            [-119.33778, 37.19928],
            [-119.33789, 37.19912],
            [-119.33791, 37.19904],
            [-119.33793, 37.19887],
            [-119.33813, 37.19835],
            [-119.33815, 37.19823],
            [-119.33815, 37.19821],
            [-119.33825, 37.19801],
            [-119.33841, 37.1977],
            [-119.33848, 37.19754],
            [-119.33851, 37.19745],
            [-119.33854, 37.19733],
            [-119.33856, 37.19727],
            [-119.33862, 37.19709],
            [-119.33864, 37.19703],
            [-119.33871, 37.19685],
            [-119.33878, 37.19666],
            [-119.33878, 37.19658],
            [-119.33882, 37.19631],
            [-119.33889, 37.19609],
            [-119.33893, 37.19576],
            [-119.33894, 37.19562],
            [-119.33895, 37.19538],
            [-119.33897, 37.19515],
            [-119.339, 37.19502],
            [-119.33902, 37.19491],
            [-119.33905, 37.19484],
            [-119.33913, 37.19475],
            [-119.33924, 37.19465],
            [-119.33928, 37.1946],
            [-119.33934, 37.19448],
            [-119.33939, 37.19442],
            [-119.33943, 37.19427],
            [-119.33945, 37.19409],
            [-119.33948, 37.19394],
            [-119.3395, 37.1939],
            [-119.33958, 37.19373],
            [-119.33965, 37.1936],
            [-119.33969, 37.1935],
            [-119.33976, 37.19338],
            [-119.33981, 37.1932],
            [-119.34006, 37.19272],
            [-119.34006, 37.19271],
            [-119.34022, 37.19248],
            [-119.34023, 37.19246],
            [-119.34032, 37.19224],
            [-119.34037, 37.19214],
            [-119.34048, 37.19202],
            [-119.34057, 37.19193],
            [-119.34068, 37.1918],
            [-119.34082, 37.19157],
            [-119.34086, 37.1915],
            [-119.34092, 37.19138],
            [-119.34095, 37.19129],
            [-119.34102, 37.19111],
            [-119.34119, 37.19086],
            [-119.34125, 37.19081],
            [-119.34132, 37.19077],
            [-119.34134, 37.19074],
            [-119.34138, 37.19068],
            [-119.34149, 37.19059],
            [-119.34162, 37.19047],
            [-119.34194, 37.19021],
            [-119.34224, 37.19001],
            [-119.34244, 37.18985],
            [-119.34256, 37.18971],
            [-119.34269, 37.18957],
            [-119.34278, 37.18945],
            [-119.3428, 37.18943],
            [-119.34282, 37.18941],
            [-119.34291, 37.18929],
            [-119.34311, 37.18907],
            [-119.34327, 37.18895],
            [-119.34341, 37.18884],
            [-119.34364, 37.18873],
            [-119.34387, 37.18861],
            [-119.34422, 37.18844],
            [-119.34434, 37.18838],
            [-119.34437, 37.18837],
            [-119.34455, 37.18831],
            [-119.34488, 37.18815],
            [-119.34499, 37.1881],
            [-119.34512, 37.18804],
            [-119.34567, 37.18782],
            [-119.346, 37.18767],
            [-119.3461, 37.18759],
            [-119.34619, 37.1875],
            [-119.34633, 37.18745],
            [-119.34651, 37.18738],
            [-119.34664, 37.18732],
            [-119.34681, 37.18727],
            [-119.34698, 37.18721],
            [-119.34712, 37.18716],
            [-119.34728, 37.18705],
            [-119.34759, 37.18689],
            [-119.34771, 37.18684],
            [-119.3478, 37.1868],
            [-119.34783, 37.18678],
            [-119.34803, 37.18673],
            [-119.34814, 37.18671],
            [-119.34838, 37.18665],
            [-119.3484, 37.18664],
            [-119.34884, 37.18656],
            [-119.34932, 37.18651],
            [-119.34976, 37.18645],
            [-119.34986, 37.18645],
            [-119.35027, 37.18639],
            [-119.35081, 37.18636],
            [-119.35104, 37.18636],
            [-119.35115, 37.18633],
            [-119.35134, 37.18628],
            [-119.35159, 37.18624],
            [-119.35179, 37.1862],
            [-119.35196, 37.18619],
            [-119.35208, 37.1862],
            [-119.35233, 37.18623],
            [-119.35249, 37.18626],
            [-119.35267, 37.18625],
            [-119.35279, 37.18623],
            [-119.35304, 37.18615],
            [-119.35331, 37.18606],
            [-119.35362, 37.18593],
            [-119.35388, 37.18581],
            [-119.35411, 37.18571],
            [-119.35427, 37.1856],
            [-119.35459, 37.1853],
            [-119.35473, 37.18505],
            [-119.35479, 37.18496],
            [-119.35481, 37.18486],
            [-119.35485, 37.18479],
            [-119.35492, 37.18468],
            [-119.35501, 37.18461],
            [-119.35508, 37.18455],
            [-119.35524, 37.18445],
            [-119.3555, 37.18437],
            [-119.35557, 37.18434],
            [-119.35568, 37.18425],
            [-119.35584, 37.18412],
            [-119.35603, 37.18403],
            [-119.35625, 37.18395],
            [-119.35631, 37.18393],
            [-119.35662, 37.18382],
            [-119.35688, 37.18369],
            [-119.35713, 37.18347],
            [-119.3573, 37.18329],
            [-119.35736, 37.18319],
            [-119.35743, 37.18306],
            [-119.35745, 37.183],
            [-119.35749, 37.1829],
            [-119.35761, 37.1828],
            [-119.35765, 37.18278],
            [-119.35788, 37.18263],
            [-119.35792, 37.18261],
            [-119.35798, 37.18259],
            [-119.35814, 37.18251],
            [-119.35822, 37.18245],
            [-119.35845, 37.18223],
            [-119.35855, 37.18216],
            [-119.35882, 37.18197],
            [-119.35916, 37.18174],
            [-119.35946, 37.18154],
            [-119.35957, 37.18145],
            [-119.35987, 37.18125],
            [-119.36007, 37.18108],
            [-119.36017, 37.18096],
            [-119.36036, 37.18075],
            [-119.36053, 37.18058],
            [-119.36056, 37.18054],
            [-119.36062, 37.18031],
            [-119.36065, 37.1802],
            [-119.36073, 37.1799],
            [-119.36072, 37.17972],
            [-119.36068, 37.17946],
            [-119.36069, 37.17931],
            [-119.3607, 37.1791],
            [-119.3608, 37.17886],
            [-119.36078, 37.1786],
            [-119.36072, 37.1783],
            [-119.3607, 37.17806],
            [-119.36069, 37.17797],
            [-119.36069, 37.17796],
            [-119.36067, 37.17779],
            [-119.36065, 37.17746],
            [-119.36062, 37.17727],
            [-119.36062, 37.17721],
            [-119.36061, 37.177],
            [-119.36059, 37.17671],
            [-119.36056, 37.17659],
            [-119.36058, 37.17634],
            [-119.36059, 37.1763],
            [-119.3606, 37.17617],
            [-119.36063, 37.176],
            [-119.36068, 37.17558],
            [-119.36076, 37.1753],
            [-119.36084, 37.17498],
            [-119.36084, 37.17492],
            [-119.36084, 37.17479],
            [-119.36084, 37.17477],
            [-119.3608, 37.17452],
            [-119.36076, 37.17424],
            [-119.3607, 37.17396],
            [-119.36069, 37.17384],
            [-119.36068, 37.17374],
            [-119.36063, 37.17336],
            [-119.36062, 37.17328],
            [-119.36057, 37.17311],
            [-119.36053, 37.17295],
            [-119.36052, 37.17272],
            [-119.3605, 37.17229],
            [-119.36052, 37.17203],
            [-119.36053, 37.17197],
            [-119.36053, 37.1718],
            [-119.36053, 37.17156],
            [-119.36052, 37.17137],
            [-119.36051, 37.17123],
            [-119.36049, 37.17075],
            [-119.36045, 37.17049],
            [-119.36042, 37.17029],
            [-119.36042, 37.17008],
            [-119.36045, 37.16997],
            [-119.36057, 37.16978],
            [-119.36068, 37.16961],
            [-119.36079, 37.16938],
            [-119.36088, 37.1692],
            [-119.36093, 37.16914],
            [-119.36118, 37.16878],
            [-119.36131, 37.16858],
            [-119.36136, 37.1685],
            [-119.36149, 37.16833],
            [-119.3616, 37.16819],
            [-119.36176, 37.168],
            [-119.36192, 37.16785],
            [-119.36204, 37.16774],
            [-119.36237, 37.16746],
            [-119.36251, 37.16737],
            [-119.36256, 37.16734],
            [-119.36275, 37.1672],
            [-119.36317, 37.16692],
            [-119.3635, 37.16672],
            [-119.36354, 37.16669],
            [-119.36369, 37.16658],
            [-119.36398, 37.16646],
            [-119.36417, 37.16636],
            [-119.36437, 37.16624],
            [-119.36462, 37.16602],
            [-119.36479, 37.16589],
            [-119.36494, 37.16578],
            [-119.36499, 37.16574],
            [-119.36511, 37.1657],
            [-119.36535, 37.16567],
            [-119.3657, 37.16559],
            [-119.36594, 37.16554],
            [-119.36635, 37.16539],
            [-119.36679, 37.16529],
            [-119.36714, 37.1652],
            [-119.36737, 37.16517],
            [-119.36758, 37.16514],
            [-119.36776, 37.16511],
            [-119.36796, 37.16507],
            [-119.36825, 37.16507],
            [-119.3684, 37.16508],
            [-119.36856, 37.1651],
            [-119.36861, 37.1651],
            [-119.36888, 37.16511],
            [-119.36897, 37.16511],
            [-119.36925, 37.16511],
            [-119.36953, 37.16509],
            [-119.36979, 37.1651],
            [-119.37012, 37.16509],
            [-119.37043, 37.1651],
            [-119.37071, 37.16511],
            [-119.37091, 37.1651],
            [-119.37094, 37.16509],
            [-119.37127, 37.16506],
            [-119.37163, 37.165],
            [-119.37168, 37.16499],
            [-119.3719, 37.16496],
            [-119.37206, 37.16492],
            [-119.37231, 37.16487],
            [-119.37253, 37.1648],
            [-119.37262, 37.16479],
            [-119.37279, 37.16478],
            [-119.37289, 37.16476],
            [-119.37319, 37.16469],
            [-119.37351, 37.16463],
            [-119.37352, 37.16463],
            [-119.37365, 37.16461],
            [-119.37378, 37.16457],
            [-119.37385, 37.16455],
            [-119.37422, 37.16446],
            [-119.37442, 37.16441],
            [-119.37464, 37.16435],
            [-119.37501, 37.16419],
            [-119.37521, 37.16408],
            [-119.37544, 37.16388],
            [-119.37556, 37.16372],
            [-119.37562, 37.16353],
            [-119.37567, 37.16344],
            [-119.37572, 37.16335],
            [-119.37574, 37.16315],
            [-119.37574, 37.16287],
            [-119.37577, 37.16273],
            [-119.37577, 37.16258],
            [-119.37577, 37.16255],
            [-119.37579, 37.16232],
            [-119.37578, 37.16218],
            [-119.37581, 37.16199],
            [-119.37581, 37.16195],
            [-119.37577, 37.16176],
            [-119.37578, 37.16156],
            [-119.37574, 37.16136],
            [-119.37574, 37.16101],
            [-119.37574, 37.161],
            [-119.37574, 37.16092],
            [-119.37573, 37.16067],
            [-119.3757, 37.16051],
            [-119.3757, 37.16048],
            [-119.37562, 37.16032],
            [-119.3755, 37.16011],
            [-119.37536, 37.15996],
            [-119.37525, 37.15978],
            [-119.37512, 37.15954],
            [-119.37501, 37.15936],
            [-119.37498, 37.15926],
            [-119.37493, 37.15912],
            [-119.37491, 37.15891],
            [-119.37492, 37.15866],
            [-119.37495, 37.1584],
            [-119.37496, 37.15828],
            [-119.37495, 37.15809],
            [-119.37503, 37.15787],
            [-119.37514, 37.15777],
            [-119.37522, 37.15769],
            [-119.37531, 37.1576],
            [-119.37552, 37.15739],
            [-119.37564, 37.15732],
            [-119.37574, 37.15725],
            [-119.37596, 37.1571],
            [-119.37611, 37.15701],
            [-119.37622, 37.15693],
            [-119.37642, 37.15676],
            [-119.37741, 37.15626],
            [-119.3777, 37.15618],
            [-119.37812, 37.15586],
            [-119.37827, 37.15574],
            [-119.37857, 37.15548],
            [-119.37881, 37.15532],
            [-119.37908, 37.15515],
            [-119.37949, 37.15502],
            [-119.38003, 37.15489],
            [-119.38007, 37.15487],
            [-119.38032, 37.15473],
            [-119.38073, 37.15453],
            [-119.38107, 37.15451],
            [-119.38125, 37.15447],
            [-119.38135, 37.15443],
            [-119.38144, 37.15438],
            [-119.38151, 37.15434],
            [-119.3817, 37.15435],
            [-119.3819, 37.15439],
            [-119.38205, 37.15444],
            [-119.38262, 37.15444],
            [-119.38312, 37.15428],
            [-119.38331, 37.15421],
            [-119.38366, 37.15408],
            [-119.38421, 37.15375],
            [-119.38444, 37.15361],
            [-119.38497, 37.15331],
            [-119.38508, 37.15319],
            [-119.38526, 37.153],
            [-119.38525, 37.15264],
            [-119.38537, 37.15207],
            [-119.38542, 37.15178],
            [-119.38546, 37.15155],
            [-119.38551, 37.15125],
            [-119.38557, 37.1509],
            [-119.38573, 37.15067],
            [-119.38596, 37.15005],
            [-119.3861, 37.14986],
            [-119.38652, 37.14953],
            [-119.38695, 37.14941],
            [-119.38771, 37.14932],
            [-119.3878, 37.1493],
            [-119.38802, 37.14927],
            [-119.38825, 37.14927],
            [-119.38893, 37.14924],
            [-119.38905, 37.14923],
            [-119.39002, 37.14937],
            [-119.39027, 37.14948],
            [-119.39038, 37.14952],
            [-119.39085, 37.14972],
            [-119.39101, 37.14979],
            [-119.39166, 37.14984],
            [-119.39208, 37.14987],
            [-119.39374, 37.14962],
            [-119.3947, 37.14947],
            [-119.39551, 37.14961],
            [-119.39598, 37.14964],
            [-119.39649, 37.14966],
            [-119.39746, 37.14972],
            [-119.39819, 37.14972],
            [-119.39839, 37.14973],
            [-119.39925, 37.14973],
            [-119.39942, 37.14973],
            [-119.40047, 37.15011],
            [-119.40094, 37.15028],
            [-119.40133, 37.15139],
            [-119.40169, 37.15184],
            [-119.4017, 37.15187],
            [-119.40195, 37.15243],
            [-119.40212, 37.15281],
            [-119.40224, 37.15308],
            [-119.40315, 37.15403],
            [-119.40342, 37.15471],
            [-119.40358, 37.15511],
            [-119.40366, 37.1553],
            [-119.40371, 37.15544],
            [-119.4042, 37.15656],
            [-119.40432, 37.15683],
            [-119.4048, 37.15767],
            [-119.40497, 37.15797],
            [-119.40602, 37.15907],
            [-119.40634, 37.15931],
            [-119.40696, 37.15975],
            [-119.40704, 37.15981],
            [-119.40751, 37.16015],
            [-119.40758, 37.1602],
            [-119.40809, 37.16059],
            [-119.40884, 37.16114],
            [-119.40887, 37.16117],
            [-119.40892, 37.16119],
            [-119.41035, 37.16182],
            [-119.41171, 37.16184],
            [-119.4118, 37.16184],
            [-119.41206, 37.16184],
            [-119.41213, 37.16184],
            [-119.41244, 37.16184],
            [-119.41354, 37.16234],
            [-119.41371, 37.16242],
            [-119.41421, 37.16265],
            [-119.41467, 37.16278],
            [-119.41521, 37.16294],
            [-119.41526, 37.16295],
            [-119.41539, 37.16299],
            [-119.41621, 37.16323],
            [-119.41687, 37.16339],
            [-119.41733, 37.1635],
            [-119.41836, 37.16375],
            [-119.4188, 37.16376],
            [-119.42024, 37.16378],
            [-119.42037, 37.16379],
            [-119.42099, 37.16381],
            [-119.42327, 37.16388],
            [-119.42359, 37.16389],
            [-119.42453, 37.16393],
            [-119.42491, 37.16395],
            [-119.42592, 37.16401],
            [-119.42604, 37.16401],
            [-119.42608, 37.16401],
            [-119.42673, 37.16405],
            [-119.42768, 37.16395],
            [-119.42821, 37.16389],
            [-119.42865, 37.16384],
            [-119.42868, 37.16383],
            [-119.4294, 37.1637],
            [-119.43037, 37.16351],
            [-119.4308, 37.16343],
            [-119.43111, 37.16328],
            [-119.43244, 37.16263],
            [-119.43336, 37.16197],
            [-119.43386, 37.16161],
            [-119.43366, 37.16037],
            [-119.43362, 37.15999],
            [-119.43355, 37.15934],
            [-119.4335, 37.15902],
            [-119.43346, 37.15868],
            [-119.43338, 37.15814],
            [-119.43326, 37.15748],
            [-119.4331, 37.15659],
            [-119.43307, 37.15644],
            [-119.43303, 37.15626],
            [-119.433, 37.15608],
            [-119.43283, 37.15513],
            [-119.43274, 37.15466],
            [-119.43247, 37.1532],
            [-119.43236, 37.15262],
            [-119.4324, 37.15243],
            [-119.43252, 37.1517],
            [-119.43259, 37.15127],
            [-119.4328, 37.15002],
            [-119.43281, 37.15001],
            [-119.4341, 37.14883],
            [-119.43422, 37.14872],
            [-119.4343, 37.14864],
            [-119.43459, 37.14837],
            [-119.4347, 37.14827],
            [-119.43507, 37.14793],
            [-119.43514, 37.14786],
            [-119.43554, 37.1475],
            [-119.43578, 37.14737],
            [-119.43686, 37.14677],
            [-119.43766, 37.14633],
            [-119.43827, 37.14599],
            [-119.43905, 37.14556],
            [-119.43983, 37.14536],
            [-119.44099, 37.14507],
            [-119.4413, 37.14499],
            [-119.44184, 37.14485],
            [-119.44233, 37.14473],
            [-119.44337, 37.14446],
            [-119.4437, 37.14438],
            [-119.44529, 37.14442],
            [-119.44641, 37.14446],
            [-119.44673, 37.14447],
            [-119.44714, 37.14449],
            [-119.44835, 37.14457],
            [-119.44985, 37.14467],
            [-119.45093, 37.14474],
            [-119.45141, 37.14477],
            [-119.45204, 37.14467],
            [-119.45234, 37.14462],
            [-119.45237, 37.14461],
            [-119.45266, 37.14455],
            [-119.45277, 37.14453],
            [-119.45297, 37.14453],
            [-119.45303, 37.14453],
            [-119.45327, 37.1444],
            [-119.45339, 37.14435],
            [-119.45347, 37.14432],
            [-119.45363, 37.14424],
            [-119.45379, 37.14404],
            [-119.45399, 37.14403],
            [-119.4543, 37.14403],
            [-119.45456, 37.14405],
            [-119.45507, 37.14419],
            [-119.45518, 37.14422],
            [-119.45551, 37.14437],
            [-119.4556, 37.14439],
            [-119.45577, 37.14446],
            [-119.45614, 37.14465],
            [-119.45642, 37.14473],
            [-119.45665, 37.14474],
            [-119.45689, 37.1448],
            [-119.45734, 37.14489],
            [-119.45764, 37.14492],
            [-119.45789, 37.14494],
            [-119.45794, 37.14496],
            [-119.45807, 37.145],
            [-119.45824, 37.14506],
            [-119.45839, 37.1451],
            [-119.45894, 37.14524],
            [-119.45917, 37.14525],
            [-119.45932, 37.14526],
            [-119.45968, 37.14526],
            [-119.45998, 37.14522],
            [-119.4604, 37.14524],
            [-119.4609, 37.14528],
            [-119.46108, 37.14529],
            [-119.4611, 37.14529],
            [-119.46166, 37.14517],
            [-119.46193, 37.14504],
            [-119.46222, 37.1447],
            [-119.46263, 37.14421],
            [-119.46269, 37.14322],
            [-119.46293, 37.14259],
            [-119.46297, 37.14247],
            [-119.46303, 37.14208],
            [-119.46305, 37.14191],
            [-119.46312, 37.14138],
            [-119.46315, 37.14127],
            [-119.46325, 37.14085],
            [-119.46345, 37.14035],
            [-119.46379, 37.1395],
            [-119.46383, 37.13918],
            [-119.46387, 37.13887],
            [-119.4639, 37.13868],
            [-119.46394, 37.13841],
            [-119.46411, 37.13816],
            [-119.46413, 37.13807],
            [-119.4642, 37.13775],
            [-119.46447, 37.1373],
            [-119.46467, 37.13674],
            [-119.46482, 37.13631],
            [-119.46494, 37.13608],
            [-119.46525, 37.13549],
            [-119.46566, 37.13494],
            [-119.46572, 37.13483],
            [-119.46595, 37.13442],
            [-119.46601, 37.13424],
            [-119.46648, 37.13277],
            [-119.46653, 37.13264],
            [-119.46653, 37.13222],
            [-119.46665, 37.13202],
            [-119.46684, 37.13141],
            [-119.46699, 37.13119],
            [-119.46712, 37.13111],
            [-119.46733, 37.13096],
            [-119.4676, 37.1307],
            [-119.46771, 37.13039],
            [-119.46797, 37.13002],
            [-119.46821, 37.12924],
            [-119.46865, 37.12838],
            [-119.4687, 37.12787],
            [-119.46873, 37.12764],
            [-119.46898, 37.1267],
            [-119.46898, 37.12669],
            [-119.46897, 37.12621],
            [-119.46914, 37.12589],
            [-119.46914, 37.12585],
            [-119.46913, 37.12581],
            [-119.46907, 37.1255],
            [-119.46895, 37.12518],
            [-119.46889, 37.12475],
            [-119.46889, 37.12469],
            [-119.46881, 37.12449],
            [-119.46853, 37.12413],
            [-119.46839, 37.12392],
            [-119.46789, 37.12313],
            [-119.46786, 37.12308],
            [-119.46778, 37.12291],
            [-119.46753, 37.1226],
            [-119.46747, 37.12252],
            [-119.46739, 37.12242],
            [-119.46723, 37.12219],
            [-119.4672, 37.12215],
            [-119.46717, 37.12211],
            [-119.46705, 37.12202],
            [-119.46697, 37.12193],
            [-119.4669, 37.12185],
            [-119.46681, 37.12176],
            [-119.46673, 37.12166],
            [-119.46667, 37.12159],
            [-119.46659, 37.12149],
            [-119.46652, 37.12139],
            [-119.46648, 37.1213],
            [-119.46645, 37.1212],
            [-119.46639, 37.12109],
            [-119.46635, 37.12096],
            [-119.46629, 37.12082],
            [-119.46626, 37.12063],
            [-119.46624, 37.12046],
            [-119.46622, 37.12029],
            [-119.46624, 37.12012],
            [-119.46624, 37.11981],
            [-119.46623, 37.11973],
            [-119.46625, 37.1196],
            [-119.4663, 37.1195],
            [-119.46632, 37.11948],
            [-119.4664, 37.11933],
            [-119.46647, 37.11921],
            [-119.46654, 37.11905],
            [-119.46658, 37.119],
            [-119.46663, 37.11894],
            [-119.46676, 37.11879],
            [-119.46681, 37.11866],
            [-119.4669, 37.11848],
            [-119.46709, 37.11827],
            [-119.46715, 37.11816],
            [-119.46761, 37.11737],
            [-119.46776, 37.1172],
            [-119.46777, 37.11719],
            [-119.46819, 37.11636],
            [-119.46835, 37.11602],
            [-119.46871, 37.11556],
            [-119.46875, 37.11551],
            [-119.4688, 37.11523],
            [-119.46891, 37.11504],
            [-119.46908, 37.11461],
            [-119.46911, 37.11454],
            [-119.46926, 37.11362],
            [-119.46939, 37.11318],
            [-119.46961, 37.11243],
            [-119.46971, 37.11209],
            [-119.46983, 37.1117],
            [-119.47018, 37.11099],
            [-119.47025, 37.11085],
            [-119.47045, 37.11072],
            [-119.47055, 37.11064],
            [-119.47084, 37.11055],
            [-119.4722, 37.11044],
            [-119.47227, 37.11044],
            [-119.47249, 37.11044],
            [-119.47296, 37.11032],
            [-119.47301, 37.11031],
            [-119.47386, 37.11019],
            [-119.47481, 37.10996],
            [-119.47513, 37.10996],
            [-119.47592, 37.10994],
            [-119.47614, 37.10994],
            [-119.47674, 37.11008],
            [-119.47678, 37.11009],
            [-119.47766, 37.11023],
            [-119.47784, 37.11023],
            [-119.47798, 37.11023],
            [-119.47814, 37.11026],
            [-119.47833, 37.11029],
            [-119.47876, 37.11027],
            [-119.47913, 37.11025],
            [-119.47914, 37.11025],
            [-119.48035, 37.10969],
            [-119.48038, 37.10968],
            [-119.48124, 37.10949],
            [-119.48155, 37.10952],
            [-119.48186, 37.10963],
            [-119.48192, 37.10965],
            [-119.48219, 37.10969],
            [-119.48265, 37.11003],
            [-119.48323, 37.11028],
            [-119.48328, 37.11031],
            [-119.48345, 37.11042],
            [-119.48386, 37.11067],
            [-119.48409, 37.11082],
            [-119.48418, 37.11096],
            [-119.48443, 37.11132],
            [-119.48468, 37.11189],
            [-119.485, 37.11234],
            [-119.4851, 37.11272],
            [-119.48514, 37.11277],
            [-119.48545, 37.11322],
            [-119.48549, 37.11328],
            [-119.48605, 37.11426],
            [-119.48635, 37.11479],
            [-119.48638, 37.11485],
            [-119.48648, 37.11497],
            [-119.48724, 37.11589],
            [-119.48786, 37.1165],
            [-119.4879, 37.11656],
            [-119.48818, 37.11689],
            [-119.48831, 37.117],
            [-119.48839, 37.11707],
            [-119.4886, 37.11746],
            [-119.48942, 37.11839],
            [-119.48964, 37.11861],
            [-119.48966, 37.11863],
            [-119.49026, 37.11905],
            [-119.49088, 37.11935],
            [-119.49131, 37.11971],
            [-119.49145, 37.11992],
            [-119.49154, 37.12006],
            [-119.49166, 37.12025],
            [-119.49173, 37.12045],
            [-119.49186, 37.12079],
            [-119.4919, 37.12108],
            [-119.49196, 37.12156],
            [-119.49211, 37.12188],
            [-119.49216, 37.12198],
            [-119.49229, 37.12235],
            [-119.49259, 37.12283],
            [-119.49288, 37.12335],
            [-119.49291, 37.12347],
            [-119.49307, 37.12379],
            [-119.49317, 37.12426],
            [-119.49321, 37.12444],
            [-119.49321, 37.1246],
            [-119.49318, 37.1247],
            [-119.4931, 37.12495],
            [-119.49303, 37.12507],
            [-119.49258, 37.12578],
            [-119.4925, 37.12597],
            [-119.49241, 37.12618],
            [-119.49232, 37.1264],
            [-119.49215, 37.12667],
            [-119.49209, 37.12674],
            [-119.49198, 37.12688],
            [-119.49197, 37.12723],
            [-119.49176, 37.1277],
            [-119.49176, 37.12771],
            [-119.49174, 37.12843],
            [-119.49174, 37.12858],
            [-119.49167, 37.12887],
            [-119.49168, 37.12912],
            [-119.49177, 37.12947],
            [-119.49183, 37.12959],
            [-119.4918, 37.12978],
            [-119.49172, 37.13032],
            [-119.49172, 37.13041],
            [-119.49174, 37.1306],
            [-119.4914, 37.13134],
            [-119.49142, 37.13152],
            [-119.49142, 37.13153],
            [-119.49132, 37.13183],
            [-119.49122, 37.13201],
            [-119.4911, 37.13212],
            [-119.49082, 37.13242],
            [-119.49076, 37.1325],
            [-119.49067, 37.13261],
            [-119.49057, 37.13274],
            [-119.49041, 37.13289],
            [-119.49023, 37.13296],
            [-119.48996, 37.13323],
            [-119.48986, 37.13333],
            [-119.48973, 37.13345],
            [-119.48949, 37.13391],
            [-119.48912, 37.1346],
            [-119.48898, 37.13508],
            [-119.48897, 37.13522],
            [-119.48893, 37.13552],
            [-119.48891, 37.1357],
            [-119.48891, 37.13603],
            [-119.48894, 37.13609],
            [-119.48892, 37.13626],
            [-119.48892, 37.13639],
            [-119.48896, 37.13653],
            [-119.4891, 37.13679],
            [-119.48911, 37.13692],
            [-119.48912, 37.13694],
            [-119.48918, 37.13726],
            [-119.48934, 37.13753],
            [-119.48938, 37.13759],
            [-119.48959, 37.13787],
            [-119.48969, 37.13795],
            [-119.48988, 37.13841],
            [-119.49, 37.13853],
            [-119.49002, 37.13855],
            [-119.49011, 37.13858],
            [-119.49018, 37.13861],
            [-119.49026, 37.1387],
            [-119.49062, 37.13891],
            [-119.49133, 37.1396],
            [-119.49156, 37.13977],
            [-119.49177, 37.14007],
            [-119.49228, 37.14081],
            [-119.4924, 37.14098],
            [-119.49273, 37.14122],
            [-119.49293, 37.14145],
            [-119.49312, 37.14167],
            [-119.49338, 37.14181],
            [-119.49376, 37.14194],
            [-119.49426, 37.14224],
            [-119.49466, 37.14247],
            [-119.49526, 37.14264],
            [-119.49538, 37.14267],
            [-119.49557, 37.14277],
            [-119.4959, 37.14311],
            [-119.496, 37.1436],
            [-119.49626, 37.14397],
            [-119.49695, 37.14438],
            [-119.497, 37.1444],
            [-119.49707, 37.14442],
            [-119.49726, 37.14432],
            [-119.49757, 37.14427],
            [-119.4984, 37.14438],
            [-119.49847, 37.1444],
            [-119.49892, 37.14449],
            [-119.49928, 37.14451],
            [-119.49934, 37.14455],
            [-119.49973, 37.14482],
            [-119.49986, 37.14491],
            [-119.50038, 37.14538],
            [-119.50043, 37.14542],
            [-119.50089, 37.14573],
            [-119.50118, 37.14593],
            [-119.50177, 37.14627],
            [-119.5022, 37.14648],
            [-119.50229, 37.14653],
            [-119.50272, 37.14674],
            [-119.50364, 37.14738],
            [-119.50389, 37.14795],
            [-119.50388, 37.14806],
            [-119.50387, 37.14823],
            [-119.50408, 37.14845],
            [-119.50428, 37.14841],
            [-119.50481, 37.1488],
            [-119.50516, 37.14882],
            [-119.50588, 37.14911],
            [-119.5063, 37.14939],
            [-119.50648, 37.14963],
            [-119.50783, 37.15074],
            [-119.50873, 37.15052],
            [-119.5098, 37.15022],
            [-119.5106, 37.14964],
            [-119.51082, 37.14943],
            [-119.51139, 37.14886],
            [-119.51144, 37.14884],
            [-119.51221, 37.14843],
            [-119.51262, 37.14796],
            [-119.5128, 37.14781],
            [-119.51309, 37.14758],
            [-119.5131, 37.14757],
            [-119.51336, 37.14744],
            [-119.51402, 37.1472],
            [-119.5142, 37.14724],
            [-119.51471, 37.14736],
            [-119.51578, 37.14718],
            [-119.51628, 37.14716],
            [-119.51657, 37.14709],
            [-119.5175, 37.14687],
            [-119.51788, 37.14576],
            [-119.51839, 37.1452],
            [-119.51841, 37.14518],
            [-119.5185, 37.14483],
            [-119.51819, 37.14418],
            [-119.51802, 37.1438],
            [-119.51814, 37.14357],
            [-119.51833, 37.1434],
            [-119.51844, 37.1433],
            [-119.51864, 37.14232],
            [-119.51875, 37.14224],
            [-119.51897, 37.14208],
            [-119.519, 37.14202],
            [-119.51914, 37.14171],
            [-119.51917, 37.14143],
            [-119.5192, 37.14118],
            [-119.51924, 37.1411],
            [-119.51939, 37.14082],
            [-119.51941, 37.14075],
            [-119.5195, 37.14033],
            [-119.51953, 37.14018],
            [-119.51978, 37.13969],
            [-119.51984, 37.13955],
            [-119.51988, 37.13909],
            [-119.51992, 37.1387],
            [-119.51994, 37.13849],
            [-119.52006, 37.13832],
            [-119.52014, 37.13821],
            [-119.52061, 37.13756],
            [-119.52144, 37.13678],
            [-119.52157, 37.13666],
            [-119.52213, 37.1358],
            [-119.52215, 37.13577],
            [-119.5222, 37.13561],
            [-119.52224, 37.13549],
            [-119.52233, 37.13534],
            [-119.52249, 37.13508],
            [-119.52251, 37.13504],
            [-119.52278, 37.13416],
            [-119.52281, 37.13407],
            [-119.52275, 37.13323],
            [-119.52274, 37.13315],
            [-119.52274, 37.13308],
            [-119.52266, 37.13277],
            [-119.52264, 37.13273],
            [-119.5227, 37.13194],
            [-119.52292, 37.13147],
            [-119.52298, 37.13134],
            [-119.52303, 37.13124],
            [-119.52306, 37.13116],
            [-119.52309, 37.13105],
            [-119.52334, 37.13035],
            [-119.52337, 37.13017],
            [-119.52335, 37.13006],
            [-119.52331, 37.12989],
            [-119.52332, 37.12985],
            [-119.52338, 37.12965],
            [-119.52352, 37.12936],
            [-119.52356, 37.12928],
            [-119.52402, 37.12871],
            [-119.52416, 37.12854],
            [-119.52419, 37.1285],
            [-119.52442, 37.12841],
            [-119.52484, 37.12824],
            [-119.52525, 37.12826],
            [-119.52547, 37.12821],
            [-119.52552, 37.12822],
            [-119.52597, 37.12832],
            [-119.52625, 37.12839],
            [-119.52709, 37.12865],
            [-119.52769, 37.12891],
            [-119.52815, 37.12935],
            [-119.52849, 37.12953],
            [-119.52902, 37.12973],
            [-119.52925, 37.12989],
            [-119.52961, 37.13026],
            [-119.53048, 37.13093],
            [-119.53076, 37.13129],
            [-119.5318, 37.13198],
            [-119.53207, 37.1323],
            [-119.5323, 37.13247],
            [-119.53312, 37.13298],
            [-119.53345, 37.1331],
            [-119.53372, 37.13309],
            [-119.53402, 37.13316],
            [-119.53454, 37.13339],
            [-119.53493, 37.13362],
            [-119.53548, 37.13376],
            [-119.53603, 37.1339],
            [-119.53618, 37.13403],
            [-119.53635, 37.13409],
            [-119.53702, 37.13414],
            [-119.53729, 37.13411],
            [-119.53849, 37.13434],
            [-119.53878, 37.1344],
            [-119.53998, 37.13482],
            [-119.54042, 37.13522],
            [-119.54076, 37.13538],
            [-119.5408, 37.13541],
            [-119.54092, 37.13563],
            [-119.54117, 37.13584],
            [-119.54134, 37.13609],
            [-119.54158, 37.13673],
            [-119.54152, 37.13693],
            [-119.54129, 37.13712],
            [-119.54148, 37.13751],
            [-119.5418, 37.13771],
            [-119.54202, 37.1381],
            [-119.54223, 37.13836],
            [-119.54238, 37.13855],
            [-119.54323, 37.13952],
            [-119.54355, 37.13982],
            [-119.5437, 37.13996],
            [-119.54436, 37.14049],
            [-119.54504, 37.14096],
            [-119.54554, 37.14151],
            [-119.54645, 37.14249],
            [-119.54704, 37.14286],
            [-119.54719, 37.14296],
            [-119.54789, 37.14361],
            [-119.54807, 37.14372],
            [-119.54892, 37.14406],
            [-119.54914, 37.14409],
            [-119.54949, 37.14416],
            [-119.54969, 37.14425],
            [-119.54988, 37.14453],
            [-119.55, 37.14459],
            [-119.55089, 37.14484],
            [-119.55146, 37.14506],
            [-119.55216, 37.14522],
            [-119.55225, 37.14523],
            [-119.55252, 37.14525],
            [-119.55294, 37.14522],
            [-119.55378, 37.14517],
            [-119.55424, 37.14501],
            [-119.5545, 37.14452],
            [-119.55498, 37.1443],
            [-119.55528, 37.14423],
            [-119.55596, 37.14419],
            [-119.55615, 37.1441],
            [-119.55629, 37.14391],
            [-119.55644, 37.14384],
            [-119.55682, 37.1438],
            [-119.55716, 37.14376],
            [-119.55743, 37.14372],
            [-119.55851, 37.14366],
            [-119.55896, 37.14364],
            [-119.55941, 37.14362],
            [-119.55976, 37.14353],
            [-119.56021, 37.1433],
            [-119.56049, 37.14307],
            [-119.56084, 37.1429],
            [-119.56103, 37.14275],
            [-119.56159, 37.14219],
            [-119.56171, 37.14203],
            [-119.56208, 37.14153],
            [-119.56232, 37.14118],
            [-119.56249, 37.14107],
            [-119.56265, 37.14085],
            [-119.56285, 37.14046],
            [-119.56319, 37.13999],
            [-119.56323, 37.13984],
            [-119.5633, 37.13963],
            [-119.56345, 37.1395],
            [-119.56358, 37.13883],
            [-119.56378, 37.13832],
            [-119.56375, 37.138],
            [-119.56369, 37.1379],
            [-119.56357, 37.13771],
            [-119.56358, 37.13711],
            [-119.56338, 37.13634],
            [-119.56334, 37.13581],
            [-119.56339, 37.13485],
            [-119.5633, 37.13439],
            [-119.56327, 37.13364],
            [-119.5634, 37.13323],
            [-119.56344, 37.13266],
            [-119.56359, 37.1324],
            [-119.56355, 37.13223],
            [-119.5635, 37.13206],
            [-119.5636, 37.13157],
            [-119.5635, 37.13108],
            [-119.56353, 37.13061],
            [-119.56346, 37.13019],
            [-119.56343, 37.12995],
            [-119.56336, 37.12949],
            [-119.56343, 37.12878],
            [-119.5634, 37.12828],
            [-119.56346, 37.12811],
            [-119.56369, 37.12777],
            [-119.56371, 37.12723],
            [-119.56376, 37.12709],
            [-119.56394, 37.12658],
            [-119.56414, 37.12622],
            [-119.56427, 37.12613],
            [-119.56435, 37.12594],
            [-119.56448, 37.1258],
            [-119.56457, 37.12549],
            [-119.56467, 37.12536],
            [-119.56494, 37.125],
            [-119.56517, 37.1245],
            [-119.56529, 37.12426],
            [-119.56546, 37.1237],
            [-119.56564, 37.12336],
            [-119.56583, 37.12291],
            [-119.56604, 37.12248],
            [-119.56628, 37.12196],
            [-119.56654, 37.1216],
            [-119.56669, 37.12131],
            [-119.567, 37.12105],
            [-119.5673, 37.1207],
            [-119.56788, 37.1202],
            [-119.56826, 37.11965],
            [-119.56851, 37.11927],
            [-119.5686, 37.11914],
            [-119.56863, 37.11907],
            [-119.56897, 37.11834],
            [-119.56894, 37.11763],
            [-119.56888, 37.11737],
            [-119.56882, 37.11713],
            [-119.56881, 37.11711],
            [-119.56873, 37.11697],
            [-119.56857, 37.11669],
            [-119.56794, 37.11618],
            [-119.56758, 37.11603],
            [-119.5675, 37.11601],
            [-119.56723, 37.11595],
            [-119.56686, 37.11592],
            [-119.56654, 37.1159],
            [-119.56525, 37.11583],
            [-119.56481, 37.11574],
            [-119.5641, 37.11584],
            [-119.56403, 37.11584],
            [-119.56359, 37.11581],
            [-119.56279, 37.11576],
            [-119.56131, 37.11587],
            [-119.56098, 37.11589],
            [-119.56086, 37.11588],
            [-119.56067, 37.11585],
            [-119.56058, 37.11584],
            [-119.55986, 37.11588],
            [-119.55971, 37.11586],
            [-119.55785, 37.11561],
            [-119.55735, 37.11561],
            [-119.55649, 37.11552],
            [-119.55633, 37.1155],
            [-119.55619, 37.11548],
            [-119.55616, 37.11548],
            [-119.55552, 37.11555],
            [-119.55482, 37.11569],
            [-119.55459, 37.1157],
            [-119.55437, 37.11572],
            [-119.55392, 37.11596],
            [-119.55356, 37.11607],
            [-119.55333, 37.11613],
            [-119.55284, 37.1165],
            [-119.55255, 37.1166],
            [-119.55213, 37.11682],
            [-119.55203, 37.11685],
            [-119.55171, 37.11693],
            [-119.55123, 37.11706],
            [-119.55106, 37.11708],
            [-119.55092, 37.1171],
            [-119.55047, 37.11706],
            [-119.54956, 37.11693],
            [-119.54923, 37.11688],
            [-119.54918, 37.11687],
            [-119.54875, 37.11676],
            [-119.54805, 37.11644],
            [-119.5477, 37.11618],
            [-119.5475, 37.11604],
            [-119.5466, 37.11537],
            [-119.54618, 37.11495],
            [-119.54561, 37.11422],
            [-119.54475, 37.11313],
            [-119.54413, 37.11244],
            [-119.54408, 37.11238],
            [-119.54373, 37.11194],
            [-119.54356, 37.11174],
            [-119.54317, 37.11139],
            [-119.5431, 37.11134],
            [-119.54242, 37.11096],
            [-119.54222, 37.11084],
            [-119.54191, 37.11058],
            [-119.54129, 37.1103],
            [-119.54087, 37.10993],
            [-119.54072, 37.10983],
            [-119.54038, 37.10961],
            [-119.54035, 37.10957],
            [-119.54028, 37.1095],
            [-119.54014, 37.10935],
            [-119.53976, 37.10905],
            [-119.53967, 37.10886],
            [-119.53958, 37.10868],
            [-119.53924, 37.10834],
            [-119.53912, 37.10821],
            [-119.53808, 37.10679],
            [-119.53781, 37.10618],
            [-119.53777, 37.10558],
            [-119.53763, 37.1051],
            [-119.53759, 37.10507],
            [-119.53761, 37.10495],
            [-119.53764, 37.10472],
            [-119.53766, 37.10441],
            [-119.53768, 37.10402],
            [-119.53784, 37.10348],
            [-119.53807, 37.10313],
            [-119.53811, 37.10304],
            [-119.5382, 37.10283],
            [-119.53832, 37.10238],
            [-119.53833, 37.10235],
            [-119.53844, 37.10197],
            [-119.53846, 37.10187],
            [-119.53863, 37.10117],
            [-119.53864, 37.10115],
            [-119.53874, 37.10083],
            [-119.53877, 37.10066],
            [-119.53883, 37.10053],
            [-119.53891, 37.10029],
            [-119.53897, 37.10016],
            [-119.53904, 37.09994],
            [-119.53905, 37.09991],
            [-119.5392, 37.09955],
            [-119.53938, 37.09935],
            [-119.53941, 37.09922],
            [-119.53947, 37.0989],
            [-119.53974, 37.0986],
            [-119.53989, 37.09849],
            [-119.5401, 37.09833],
            [-119.54027, 37.09806],
            [-119.54036, 37.09792],
            [-119.54043, 37.0978],
            [-119.54063, 37.09741],
            [-119.54084, 37.097],
            [-119.54091, 37.09687],
            [-119.54104, 37.09667],
            [-119.54108, 37.09662],
            [-119.54109, 37.09659],
            [-119.54134, 37.09618],
            [-119.5414, 37.09612],
            [-119.54156, 37.09596],
            [-119.54164, 37.0959],
            [-119.54181, 37.09577],
            [-119.54229, 37.09542],
            [-119.54235, 37.0954],
            [-119.54299, 37.09522],
            [-119.54342, 37.09519],
            [-119.54387, 37.09517],
            [-119.54453, 37.09518],
            [-119.54507, 37.09517],
            [-119.54554, 37.09517],
            [-119.54597, 37.0951],
            [-119.54642, 37.09503],
            [-119.5468, 37.09494],
            [-119.54718, 37.09485],
            [-119.54744, 37.09475],
            [-119.54752, 37.09472],
            [-119.54774, 37.09464],
            [-119.54803, 37.09455],
            [-119.54828, 37.09447],
            [-119.54842, 37.09442],
            [-119.54847, 37.0944],
            [-119.54863, 37.09431],
            [-119.54869, 37.09428],
            [-119.54885, 37.09422],
            [-119.54911, 37.09412],
            [-119.54941, 37.09402],
            [-119.54943, 37.09402],
            [-119.54989, 37.09386],
            [-119.55021, 37.09377],
            [-119.55069, 37.09356],
            [-119.55125, 37.0933],
            [-119.55164, 37.09318],
            [-119.55188, 37.09312],
            [-119.552, 37.09309],
            [-119.55246, 37.09292],
            [-119.55279, 37.09276],
            [-119.55293, 37.0927],
            [-119.55324, 37.09258],
            [-119.55375, 37.09236],
            [-119.55431, 37.092],
            [-119.55476, 37.09176],
            [-119.555, 37.09149],
            [-119.55541, 37.09119],
            [-119.55591, 37.09078],
            [-119.55654, 37.0902],
            [-119.55664, 37.09012],
            [-119.55705, 37.08978],
            [-119.55713, 37.08972],
            [-119.55726, 37.08956],
            [-119.55739, 37.08942],
            [-119.55768, 37.0892],
            [-119.5581, 37.08899],
            [-119.55846, 37.08867],
            [-119.55872, 37.0884],
            [-119.559, 37.08806],
            [-119.55904, 37.08796],
            [-119.55917, 37.0876],
            [-119.55924, 37.08742],
            [-119.55934, 37.08716],
            [-119.55938, 37.08695],
            [-119.55944, 37.08668],
            [-119.55957, 37.08627],
            [-119.55962, 37.08578],
            [-119.55962, 37.08529],
            [-119.55962, 37.08514],
            [-119.55957, 37.08465],
            [-119.55955, 37.08445],
            [-119.55954, 37.08435],
            [-119.55963, 37.08402],
            [-119.55971, 37.08373],
            [-119.55978, 37.08349],
            [-119.55993, 37.08307],
            [-119.56, 37.0829],
            [-119.56024, 37.08234],
            [-119.56025, 37.08232],
            [-119.5606, 37.08161],
            [-119.56071, 37.08101],
            [-119.56077, 37.08075],
            [-119.56081, 37.08057],
            [-119.56091, 37.0803],
            [-119.56098, 37.08012],
            [-119.56099, 37.08005],
            [-119.56111, 37.07929],
            [-119.5612, 37.07904],
            [-119.56134, 37.07862],
            [-119.56148, 37.07806],
            [-119.56197, 37.07741],
            [-119.56247, 37.07675],
            [-119.56275, 37.07628],
            [-119.56296, 37.07577],
            [-119.56313, 37.07525],
            [-119.5632, 37.07476],
            [-119.56329, 37.07437],
            [-119.56324, 37.07402],
            [-119.56321, 37.07375],
            [-119.56313, 37.07354],
            [-119.563, 37.07334],
            [-119.56274, 37.07313],
            [-119.56242, 37.07295],
            [-119.56211, 37.07279],
            [-119.56182, 37.07263],
            [-119.56166, 37.07252],
            [-119.56138, 37.07226],
            [-119.56114, 37.07198],
            [-119.56087, 37.07153],
            [-119.56066, 37.07126],
            [-119.56038, 37.07063],
            [-119.56038, 37.07035],
            [-119.56039, 37.07021],
            [-119.5606, 37.06997],
            [-119.56077, 37.06981],
            [-119.56094, 37.06974],
            [-119.56101, 37.06971],
            [-119.56105, 37.06967],
            [-119.5613, 37.06945],
            [-119.5614, 37.06894],
            [-119.56137, 37.06848],
            [-119.56109, 37.06806],
            [-119.5608, 37.06746],
            [-119.56049, 37.06706],
            [-119.56057, 37.06663],
            [-119.56105, 37.06619],
            [-119.56123, 37.06533],
            [-119.56189, 37.06482],
            [-119.5627, 37.06419],
            [-119.5642, 37.06399],
            [-119.56532, 37.06409],
            [-119.56616, 37.06416],
            [-119.56703, 37.0641],
            [-119.56731, 37.06404],
            [-119.5679, 37.06386],
            [-119.56892, 37.06376],
            [-119.57027, 37.06374],
            [-119.57113, 37.06396],
            [-119.57222, 37.06433],
            [-119.5727, 37.06446],
            [-119.5729, 37.06452],
            [-119.57429, 37.06491],
            [-119.57651, 37.06516],
            [-119.57832, 37.06553],
            [-119.57921, 37.06609],
            [-119.57959, 37.06611],
            [-119.58047, 37.06638],
            [-119.58136, 37.06616],
            [-119.58306, 37.06578],
            [-119.58348, 37.06568],
            [-119.58428, 37.06531],
            [-119.58494, 37.0653],
            [-119.58577, 37.06553],
            [-119.58602, 37.06567],
            [-119.58702, 37.06584],
            [-119.5872, 37.06587],
            [-119.58913, 37.06697],
            [-119.58954, 37.0672],
            [-119.59099, 37.06801],
            [-119.59106, 37.06809],
            [-119.59173, 37.06836],
            [-119.59258, 37.06871],
            [-119.59321, 37.06908],
            [-119.59448, 37.06984],
            [-119.59522, 37.07027],
            [-119.59581, 37.07063],
            [-119.59716, 37.0714],
            [-119.59751, 37.07161],
            [-119.5982, 37.07161],
            [-119.60032, 37.07147],
            [-119.60154, 37.07135],
            [-119.6029, 37.0712],
            [-119.60398, 37.07108],
            [-119.60537, 37.07045],
            [-119.60628, 37.06911],
            [-119.60705, 37.06804],
            [-119.60735, 37.06761],
            [-119.60796, 37.06677],
            [-119.6091, 37.06519],
            [-119.60952, 37.06429],
            [-119.60958, 37.06416],
            [-119.61066, 37.06184],
            [-119.61061, 37.06068],
            [-119.61045, 37.05923],
            [-119.61037, 37.05846],
            [-119.61057, 37.05793],
            [-119.61144, 37.05568],
            [-119.61264, 37.0543],
            [-119.61295, 37.05294],
            [-119.61305, 37.05251],
            [-119.61317, 37.05201],
            [-119.61282, 37.05081],
            [-119.61265, 37.0503],
            [-119.61251, 37.04984],
            [-119.61207, 37.04849],
            [-119.61178, 37.04759],
            [-119.61106, 37.04631],
            [-119.61099, 37.04619],
            [-119.61026, 37.04487],
            [-119.61041, 37.04379],
            [-119.61045, 37.04348],
            [-119.61094, 37.04294],
            [-119.61159, 37.04223],
            [-119.61262, 37.0411],
            [-119.61402, 37.0384],
            [-119.61424, 37.03795],
            [-119.6143, 37.03785],
            [-119.61502, 37.03708],
            [-119.61561, 37.03518],
            [-119.61607, 37.03372],
            [-119.61684, 37.03316],
            [-119.61855, 37.03136],
            [-119.61898, 37.02926],
            [-119.61925, 37.02797],
            [-119.62086, 37.0263],
            [-119.62299, 37.02542],
            [-119.62411, 37.02514],
            [-119.62598, 37.02468],
            [-119.62815, 37.02377],
            [-119.62938, 37.02327],
            [-119.63047, 37.02178],
            [-119.63055, 37.02174],
            [-119.63117, 37.02136],
            [-119.63334, 37.02006],
            [-119.63535, 37.02102],
            [-119.63551, 37.02193],
            [-119.63589, 37.02402],
            [-119.63569, 37.02555],
            [-119.63562, 37.02611],
            [-119.63552, 37.02685],
            [-119.63442, 37.02787],
            [-119.63308, 37.02912],
            [-119.63064, 37.0315],
            [-119.62941, 37.03271],
            [-119.62925, 37.03411],
            [-119.62941, 37.03532],
            [-119.62949, 37.03591],
            [-119.62992, 37.03623],
            [-119.63081, 37.0369],
            [-119.63433, 37.03944],
            [-119.635, 37.03998],
            [-119.63715, 37.04174],
            [-119.63852, 37.04236],
            [-119.64071, 37.04334],
            [-119.64162, 37.04359],
            [-119.64255, 37.04385],
            [-119.64667, 37.04395],
            [-119.64986, 37.04298],
            [-119.6514, 37.04252],
            [-119.65404, 37.04173],
            [-119.65433, 37.04152],
            [-119.65542, 37.04074],
            [-119.65638, 37.04006],
            [-119.65732, 37.03892],
            [-119.65957, 37.03619],
            [-119.65917, 37.03337],
            [-119.65886, 37.03042],
            [-119.65872, 37.02903],
            [-119.65834, 37.02689],
            [-119.65826, 37.0264],
            [-119.65779, 37.0226],
            [-119.65744, 37.02056],
            [-119.6572, 37.01912],
            [-119.65688, 37.01726],
            [-119.65956, 37.01497],
            [-119.66377, 37.01052],
            [-119.66429, 37.00997],
            [-119.66881, 37.00877],
            [-119.66939, 37.00856],
            [-119.67411, 37.0068],
            [-119.68008, 37.00482],
            [-119.68385, 37.00357],
            [-119.68857, 37.0026],
            [-119.6895, 37.0024],
            [-119.6959, 37.00108],
            [-119.69935, 37.00036],
            [-119.70057, 37.00085],
            [-119.70454, 37.00028],
            [-119.70467, 37.0002],
            [-119.70494, 37.00004],
            [-119.70543, 36.99941],
            [-119.70599, 36.99915],
            [-119.70688, 36.99871],
            [-119.7072, 36.99853],
            [-119.70738, 36.99839],
            [-119.70749, 36.99784],
            [-119.70767, 36.99725],
            [-119.70813, 36.99671],
            [-119.70881, 36.99608],
            [-119.70956, 36.99538],
            [-119.71003, 36.99498],
            [-119.71038, 36.99466],
            [-119.71077, 36.99445],
            [-119.71114, 36.99424],
            [-119.71127, 36.99415],
            [-119.71136, 36.99401],
            [-119.7114, 36.99392],
            [-119.7114, 36.99384],
            [-119.71133, 36.99365],
            [-119.71127, 36.99344],
            [-119.71123, 36.99325],
            [-119.71125, 36.99314],
            [-119.71129, 36.993],
            [-119.71135, 36.99291],
            [-119.71148, 36.99268],
            [-119.71184, 36.99221],
            [-119.71201, 36.99203],
            [-119.71214, 36.99192],
            [-119.71232, 36.99179],
            [-119.71245, 36.99173],
            [-119.71254, 36.99169],
            [-119.71266, 36.99169],
            [-119.71285, 36.99171],
            [-119.71291, 36.99174],
            [-119.71297, 36.99175],
            [-119.71304, 36.99177],
            [-119.71315, 36.9918],
            [-119.71325, 36.9918],
            [-119.71334, 36.99179],
            [-119.71346, 36.99171],
            [-119.71353, 36.99161],
            [-119.71357, 36.99148],
            [-119.71357, 36.99127],
            [-119.71357, 36.9911],
            [-119.71353, 36.99097],
            [-119.71353, 36.99081],
            [-119.71357, 36.99074],
            [-119.71365, 36.99062],
            [-119.71376, 36.99047],
            [-119.71407, 36.99016],
            [-119.71452, 36.99011],
            [-119.71492, 36.98998],
            [-119.71586, 36.98967],
            [-119.7165, 36.98942],
            [-119.71715, 36.98916],
            [-119.71761, 36.98899],
            [-119.71806, 36.9888],
            [-119.7186, 36.98847],
            [-119.71919, 36.98811],
            [-119.71959, 36.98784],
            [-119.71989, 36.98762],
            [-119.7201, 36.98745],
            [-119.72031, 36.98725],
            [-119.72063, 36.98691],
            [-119.72116, 36.98627],
            [-119.72166, 36.98594],
            [-119.72443, 36.98412],
            [-119.72473, 36.98398],
            [-119.72646, 36.98324],
            [-119.72964, 36.98094],
            [-119.73215, 36.97875],
            [-119.73306, 36.97819],
            [-119.73409, 36.97725],
            [-119.73467, 36.97672],
            [-119.73558, 36.97575],
            [-119.73633, 36.97496],
            [-119.73692, 36.97462],
            [-119.73814, 36.97319],
            [-119.73863, 36.97248],
            [-119.7388, 36.97231],
            [-119.73924, 36.97181],
            [-119.73965, 36.97131],
            [-119.74047, 36.9702],
            [-119.74055, 36.97008],
            [-119.7406, 36.97003],
            [-119.74064, 36.96995],
            [-119.74066, 36.96976],
            [-119.74066, 36.96949],
            [-119.74066, 36.96938],
            [-119.74064, 36.96927],
            [-119.7406, 36.96913],
            [-119.74056, 36.96896],
            [-119.74055, 36.96871],
            [-119.74055, 36.96826],
            [-119.74066, 36.96753],
            [-119.74079, 36.96683],
            [-119.74104, 36.96573],
            [-119.74127, 36.96481],
            [-119.74148, 36.96405],
            [-119.74159, 36.96359],
            [-119.74167, 36.96325],
            [-119.74173, 36.96293],
            [-119.74176, 36.96272],
            [-119.74176, 36.96249],
            [-119.74176, 36.96218],
            [-119.74173, 36.96169],
            [-119.74167, 36.9611],
            [-119.74165, 36.96062],
            [-119.74165, 36.9604],
            [-119.74171, 36.96017],
            [-119.7418, 36.95981],
            [-119.74194, 36.95939],
            [-119.74213, 36.95878],
            [-119.74226, 36.95842],
            [-119.7426, 36.95777],
            [-119.7432, 36.95654],
            [-119.74333, 36.95587],
            [-119.7434, 36.95478],
            [-119.74338, 36.95461],
            [-119.74333, 36.95436],
            [-119.74323, 36.95417],
            [-119.74302, 36.95404],
            [-119.74275, 36.95392],
            [-119.74247, 36.95383],
            [-119.74199, 36.95373],
            [-119.74155, 36.95366],
            [-119.74133, 36.95364],
            [-119.74077, 36.95366],
            [-119.74032, 36.95373],
            [-119.7398, 36.95385],
            [-119.73902, 36.954],
            [-119.73843, 36.95406],
            [-119.73811, 36.95406],
            [-119.7379, 36.95404],
            [-119.73765, 36.95398],
            [-119.73737, 36.9539],
            [-119.73716, 36.95379],
            [-119.73681, 36.95362],
            [-119.73655, 36.95337],
            [-119.73634, 36.95309],
            [-119.73607, 36.95269],
            [-119.73552, 36.95154],
            [-119.7351, 36.95073],
            [-119.73442, 36.94964],
            [-119.734, 36.94913],
            [-119.73386, 36.9489],
            [-119.73375, 36.94861],
            [-119.73367, 36.94829],
            [-119.73356, 36.94772],
            [-119.73358, 36.94736],
            [-119.73377, 36.9468],
            [-119.73392, 36.94642],
            [-119.73407, 36.94621],
            [-119.73453, 36.94568],
            [-119.73485, 36.94541],
            [-119.73504, 36.94528],
            [-119.73611, 36.94464],
            [-119.73656, 36.94447],
            [-119.73751, 36.94407],
            [-119.73791, 36.94401],
            [-119.73826, 36.94395],
            [-119.73864, 36.94399],
            [-119.73892, 36.94402],
            [-119.73919, 36.94412],
            [-119.73938, 36.9442],
            [-119.73953, 36.94433],
            [-119.73978, 36.9445],
            [-119.73991, 36.94458],
            [-119.74006, 36.94458],
            [-119.74022, 36.94458],
            [-119.7405, 36.94448],
            [-119.74083, 36.94435],
            [-119.74117, 36.94418],
            [-119.74161, 36.94389],
            [-119.74189, 36.94372],
            [-119.7421, 36.94355],
            [-119.74225, 36.94343],
            [-119.74239, 36.94319],
            [-119.74249, 36.94292],
            [-119.74348, 36.94161],
            [-119.7437, 36.9412],
            [-119.74374, 36.94109],
            [-119.7449, 36.93961],
            [-119.74565, 36.939],
            [-119.74591, 36.93886],
            [-119.74641, 36.93873],
            [-119.74702, 36.93849],
            [-119.7477, 36.93823],
            [-119.74818, 36.93798],
            [-119.74858, 36.93777],
            [-119.74892, 36.93751],
            [-119.7494, 36.93726],
            [-119.74995, 36.93697],
            [-119.75075, 36.93654],
            [-119.75121, 36.93625],
            [-119.75153, 36.93604],
            [-119.75168, 36.93596],
            [-119.75183, 36.93595],
            [-119.75197, 36.93596],
            [-119.75214, 36.93596],
            [-119.75237, 36.93593],
            [-119.75251, 36.93582],
            [-119.75272, 36.93553],
            [-119.75332, 36.93334],
            [-119.75336, 36.93303],
            [-119.75334, 36.9328],
            [-119.75328, 36.93263],
            [-119.75317, 36.93248],
            [-119.75294, 36.93237],
            [-119.75265, 36.93231],
            [-119.75242, 36.93223],
            [-119.75225, 36.93214],
            [-119.75206, 36.93197],
            [-119.75187, 36.93185],
            [-119.75142, 36.93143],
            [-119.75126, 36.93122],
            [-119.75117, 36.931],
            [-119.75107, 36.93054],
            [-119.75105, 36.92997],
            [-119.75105, 36.92972],
            [-119.75115, 36.92951],
            [-119.75117, 36.9293],
            [-119.75115, 36.929],
            [-119.75105, 36.92879],
            [-119.75081, 36.92858],
            [-119.75069, 36.92841],
            [-119.75067, 36.92822],
            [-119.75063, 36.92783],
            [-119.75061, 36.92759],
            [-119.75063, 36.9274],
            [-119.7508, 36.92701],
            [-119.75088, 36.92681],
            [-119.75093, 36.92662],
            [-119.75101, 36.92647],
            [-119.75119, 36.92623],
            [-119.75151, 36.92584],
            [-119.75167, 36.92552],
            [-119.75177, 36.92514],
            [-119.7518, 36.92498],
            [-119.75182, 36.92477],
            [-119.7518, 36.92455],
            [-119.75172, 36.92442],
            [-119.75167, 36.9243],
            [-119.75157, 36.92422],
            [-119.75154, 36.92415],
            [-119.75151, 36.92392],
            [-119.75151, 36.92235],
            [-119.7516, 36.92196],
            [-119.75184, 36.92152],
            [-119.75243, 36.92046],
            [-119.75436, 36.91848],
            [-119.75636, 36.91672],
            [-119.75768, 36.91619],
            [-119.75806, 36.9161],
            [-119.75841, 36.91593],
            [-119.75888, 36.91577],
            [-119.75935, 36.9156],
            [-119.75948, 36.91552],
            [-119.75958, 36.91537],
            [-119.75963, 36.91524],
            [-119.75966, 36.91513],
            [-119.75968, 36.91511],
            [-119.75973, 36.91504],
            [-119.75986, 36.91494],
            [-119.76005, 36.91486],
            [-119.76007, 36.91485],
            [-119.76041, 36.91472],
            [-119.76084, 36.91457],
            [-119.7617, 36.91428],
            [-119.76282, 36.91414],
            [-119.76365, 36.91397],
            [-119.76514, 36.91377],
            [-119.76627, 36.91375],
            [-119.76708, 36.91371],
            [-119.76799, 36.91355],
            [-119.7686, 36.91329],
            [-119.76887, 36.91313],
            [-119.76904, 36.91296],
            [-119.76913, 36.91286],
            [-119.76913, 36.91279],
            [-119.76907, 36.91267],
            [-119.76896, 36.91252],
            [-119.76886, 36.91235],
            [-119.76883, 36.91215],
            [-119.76876, 36.91175],
            [-119.76877, 36.91146],
            [-119.7689, 36.9109],
            [-119.76902, 36.91046],
            [-119.76919, 36.9098],
            [-119.76926, 36.90966],
            [-119.76937, 36.90956],
            [-119.76954, 36.90946],
            [-119.76976, 36.90935],
            [-119.76993, 36.90928],
            [-119.77, 36.90926],
            [-119.77008, 36.90935],
            [-119.77011, 36.90943],
            [-119.77018, 36.90949],
            [-119.77023, 36.90953],
            [-119.77034, 36.90959],
            [-119.77043, 36.9096],
            [-119.77048, 36.9096],
            [-119.77064, 36.90962],
            [-119.77103, 36.90972],
            [-119.77131, 36.90978],
            [-119.77161, 36.90986],
            [-119.77181, 36.90992],
            [-119.77203, 36.90996],
            [-119.77215, 36.91],
            [-119.77237, 36.90999],
            [-119.77258, 36.90999],
            [-119.77275, 36.90998],
            [-119.77304, 36.90995],
            [-119.77358, 36.90996],
            [-119.77407, 36.91002],
            [-119.77451, 36.91],
            [-119.77471, 36.90998],
            [-119.7749, 36.9099],
            [-119.77528, 36.90969],
            [-119.77564, 36.90944],
            [-119.77597, 36.90912],
            [-119.77628, 36.90872],
            [-119.77659, 36.90834],
            [-119.77688, 36.90807],
            [-119.77722, 36.90783],
            [-119.77766, 36.90757],
            [-119.77793, 36.90736],
            [-119.77815, 36.90707],
            [-119.77828, 36.9069],
            [-119.77845, 36.90653],
            [-119.77861, 36.90616],
            [-119.77885, 36.90579],
            [-119.77912, 36.90543],
            [-119.77975, 36.90488],
            [-119.78005, 36.90466],
            [-119.7802, 36.90455],
            [-119.78036, 36.90442],
            [-119.78056, 36.90423],
            [-119.78079, 36.90402],
            [-119.78113, 36.90375],
            [-119.78135, 36.90359],
            [-119.7821, 36.90304],
            [-119.78336, 36.9018],
            [-119.78432, 36.90097],
            [-119.78466, 36.90063],
            [-119.78492, 36.90043],
            [-119.78573, 36.89984],
            [-119.78661, 36.89917],
            [-119.78762, 36.89853],
            [-119.78794, 36.89842],
            [-119.78806, 36.89838],
            [-119.78816, 36.89838],
            [-119.78823, 36.89841],
            [-119.78832, 36.89846],
            [-119.78839, 36.89846],
            [-119.7885, 36.89844],
            [-119.78855, 36.89835],
            [-119.78864, 36.89822],
            [-119.78874, 36.89803],
            [-119.7888, 36.89785],
            [-119.78892, 36.8975],
            [-119.78915, 36.89689],
            [-119.78931, 36.89654],
            [-119.78942, 36.89626],
            [-119.78948, 36.89602],
            [-119.78951, 36.8956],
            [-119.78952, 36.89535],
            [-119.78955, 36.8951],
            [-119.78962, 36.89491],
            [-119.78971, 36.8946],
            [-119.78976, 36.89425],
            [-119.78974, 36.89401],
            [-119.7897, 36.89386],
            [-119.78963, 36.89364],
            [-119.78955, 36.89342],
            [-119.78942, 36.89319],
            [-119.78929, 36.89305],
            [-119.78918, 36.89292],
            [-119.7891, 36.89277],
            [-119.78902, 36.89264],
            [-119.7888, 36.89228],
            [-119.78866, 36.89198],
            [-119.78857, 36.89181],
            [-119.78854, 36.89164],
            [-119.78856, 36.89101],
            [-119.78861, 36.89043],
            [-119.78863, 36.89026],
            [-119.7886, 36.8901],
            [-119.78829, 36.88943],
            [-119.78793, 36.8888],
            [-119.78759, 36.88819],
            [-119.78746, 36.8879],
            [-119.78653, 36.88653],
            [-119.78616, 36.88616],
            [-119.7857, 36.88572],
            [-119.78553, 36.88545],
            [-119.78534, 36.88505],
            [-119.7852, 36.88467],
            [-119.78516, 36.8845],
            [-119.78519, 36.88352],
            [-119.78524, 36.88205],
            [-119.78543, 36.88082],
            [-119.78563, 36.88005],
            [-119.78576, 36.87971],
            [-119.78611, 36.87897],
            [-119.78625, 36.87881],
            [-119.78623, 36.87851],
            [-119.78623, 36.87833],
            [-119.78627, 36.87812],
            [-119.78635, 36.8779],
            [-119.78644, 36.87771],
            [-119.78663, 36.87746],
            [-119.78686, 36.87723],
            [-119.78711, 36.87698],
            [-119.7873, 36.87685],
            [-119.78749, 36.87672],
            [-119.78764, 36.87664],
            [-119.78789, 36.87647],
            [-119.78806, 36.87639],
            [-119.78823, 36.87632],
            [-119.78842, 36.87626],
            [-119.78851, 36.87621],
            [-119.78859, 36.87616],
            [-119.78882, 36.87605],
            [-119.78907, 36.87592],
            [-119.78935, 36.87582],
            [-119.78966, 36.87582],
            [-119.78994, 36.87588],
            [-119.79019, 36.87599],
            [-119.7904, 36.87601],
            [-119.79069, 36.87603],
            [-119.79091, 36.87611],
            [-119.79116, 36.87613],
            [-119.79137, 36.87618],
            [-119.79154, 36.87626],
            [-119.79173, 36.8763],
            [-119.79198, 36.87633],
            [-119.79254, 36.87616],
            [-119.79332, 36.87602],
            [-119.79381, 36.8759],
            [-119.79408, 36.87586],
            [-119.79433, 36.87588],
            [-119.79452, 36.87598],
            [-119.79465, 36.87607],
            [-119.79486, 36.87613],
            [-119.79501, 36.87619],
            [-119.79511, 36.87632],
            [-119.79524, 36.87657],
            [-119.79532, 36.8768],
            [-119.79541, 36.87682],
            [-119.79547, 36.8768],
            [-119.7956, 36.87671],
            [-119.79598, 36.87629],
            [-119.79652, 36.87589],
            [-119.79699, 36.87545],
            [-119.79732, 36.87508],
            [-119.79745, 36.87487],
            [-119.79753, 36.87463],
            [-119.79766, 36.87436],
            [-119.79783, 36.87413],
            [-119.79798, 36.8739],
            [-119.79819, 36.87363],
            [-119.79924, 36.87208],
            [-119.79983, 36.87145],
            [-119.79997, 36.87126],
            [-119.80006, 36.87101],
            [-119.80012, 36.87073],
            [-119.80025, 36.8704],
            [-119.80026, 36.87035],
            [-119.80044, 36.87012],
            [-119.80065, 36.86996],
            [-119.8009, 36.86977],
            [-119.80105, 36.86968],
            [-119.80108, 36.86963],
            [-119.80113, 36.86951],
            [-119.80122, 36.86932],
            [-119.80132, 36.8689],
            [-119.80141, 36.86865],
            [-119.80159, 36.86823],
            [-119.8017, 36.86789],
            [-119.80185, 36.86758],
            [-119.80206, 36.86734],
            [-119.80218, 36.86713],
            [-119.80221, 36.86696],
            [-119.80227, 36.86687],
            [-119.80233, 36.86677],
            [-119.80256, 36.86661],
            [-119.80292, 36.86639],
            [-119.80357, 36.86601],
            [-119.80465, 36.86545],
            [-119.80568, 36.86482],
            [-119.80615, 36.86444],
            [-119.8063, 36.86439],
            [-119.80638, 36.86437],
            [-119.80714, 36.86419],
            [-119.80796, 36.86388],
            [-119.80889, 36.8632],
            [-119.80945, 36.86158],
            [-119.80986, 36.8612],
            [-119.81025, 36.86081],
            [-119.81091, 36.85943],
            [-119.81136, 36.8588],
            [-119.81179, 36.85775],
            [-119.81178, 36.85741],
            [-119.81173, 36.85722],
            [-119.81168, 36.857],
            [-119.81157, 36.85683],
            [-119.81136, 36.85649],
            [-119.81166, 36.85593],
            [-119.81174, 36.85559],
            [-119.81185, 36.85528],
            [-119.81193, 36.85484],
            [-119.81193, 36.85453],
            [-119.81197, 36.85408],
            [-119.81203, 36.85376],
            [-119.8121, 36.85334],
            [-119.8121, 36.85317],
            [-119.81252, 36.85283],
            [-119.81291, 36.85275],
            [-119.81311, 36.85266],
            [-119.81336, 36.85243],
            [-119.81336, 36.85243],
            [-119.81343, 36.8523],
            [-119.81419, 36.85193],
            [-119.81437, 36.85183],
            [-119.81446, 36.85165],
            [-119.81446, 36.85143],
            [-119.8144, 36.8513],
            [-119.8144, 36.85117],
            [-119.81443, 36.85102],
            [-119.81506, 36.85057],
            [-119.81579, 36.85011],
            [-119.81639, 36.84973],
            [-119.81858, 36.84922],
            [-119.81928, 36.84899],
            [-119.8195, 36.84892],
            [-119.81952, 36.8489],
            [-119.81954, 36.84887],
            [-119.81958, 36.8488],
            [-119.81958, 36.84873],
            [-119.81956, 36.84869],
            [-119.81965, 36.84868],
            [-119.81995, 36.84858],
            [-119.82001, 36.84855],
            [-119.82005, 36.84853],
            [-119.82037, 36.84837],
            [-119.82091, 36.84826],
            [-119.82136, 36.84824],
            [-119.82302, 36.84834],
            [-119.82342, 36.84833],
            [-119.82374, 36.8486],
            [-119.82429, 36.84878],
            [-119.82539, 36.8488],
            [-119.82601, 36.84897],
            [-119.82638, 36.84955],
            [-119.82649, 36.84974],
            [-119.82704, 36.85006],
            [-119.82755, 36.8502],
            [-119.8286, 36.85069],
            [-119.8289, 36.85081],
            [-119.82931, 36.8508],
            [-119.82977, 36.85091],
            [-119.83241, 36.85189],
            [-119.83404, 36.85224],
            [-119.83455, 36.85227],
            [-119.83478, 36.85252],
            [-119.83556, 36.85298],
            [-119.8361, 36.85335],
            [-119.83614, 36.85339],
            [-119.83646, 36.85363],
            [-119.83653, 36.85368],
            [-119.8368, 36.85372],
            [-119.83688, 36.85375],
            [-119.83729, 36.85411],
            [-119.83783, 36.85445],
            [-119.83828, 36.85462],
            [-119.83854, 36.85506],
            [-119.83862, 36.85531],
            [-119.83874, 36.85573],
            [-119.839, 36.85604],
            [-119.83901, 36.85605],
            [-119.83895, 36.8564],
            [-119.83871, 36.85702],
            [-119.83845, 36.85716],
            [-119.83832, 36.8576],
            [-119.83834, 36.85794],
            [-119.83853, 36.85821],
            [-119.83903, 36.85876],
            [-119.83917, 36.85911],
            [-119.83925, 36.85941],
            [-119.83988, 36.86029],
            [-119.84062, 36.86093],
            [-119.84106, 36.86105],
            [-119.84155, 36.86118],
            [-119.84229, 36.86117],
            [-119.84292, 36.86103],
            [-119.84365, 36.86066],
            [-119.84461, 36.86056],
            [-119.84554, 36.8605],
            [-119.84584, 36.86076],
            [-119.84613, 36.86071],
            [-119.84659, 36.86056],
            [-119.84746, 36.86039],
            [-119.84776, 36.86016],
            [-119.84821, 36.85954],
            [-119.84864, 36.85914],
            [-119.84882, 36.85885],
            [-119.849, 36.85836],
            [-119.84894, 36.85819],
            [-119.84858, 36.85788],
            [-119.84841, 36.85757],
            [-119.84809, 36.85735],
            [-119.84808, 36.85719],
            [-119.8488, 36.85679],
            [-119.84911, 36.8566],
            [-119.84934, 36.85593],
            [-119.8495, 36.85514],
            [-119.84978, 36.85492],
            [-119.85028, 36.85454],
            [-119.85052, 36.8544],
            [-119.85067, 36.85352],
            [-119.85106, 36.85288],
            [-119.85256, 36.85183],
            [-119.85378, 36.85135],
            [-119.85499, 36.85118],
            [-119.85637, 36.85182],
            [-119.85683, 36.85217],
            [-119.85746, 36.85314],
            [-119.85786, 36.85366],
            [-119.85797, 36.85422],
            [-119.85776, 36.85442],
            [-119.85771, 36.85478],
            [-119.85792, 36.85502],
            [-119.85905, 36.85611],
            [-119.85929, 36.85621],
            [-119.85968, 36.85637],
            [-119.85991, 36.85636],
            [-119.86, 36.85633],
            [-119.86149, 36.85578],
            [-119.86176, 36.85558],
            [-119.86207, 36.85548],
            [-119.86268, 36.85517],
            [-119.8639, 36.85403],
            [-119.86443, 36.85361],
            [-119.86477, 36.85326],
            [-119.86478, 36.85324],
            [-119.86493, 36.85293],
            [-119.86534, 36.85248],
            [-119.8656, 36.85238],
            [-119.86586, 36.85246],
            [-119.86609, 36.85253],
            [-119.86634, 36.8526],
            [-119.86671, 36.85253],
            [-119.86674, 36.85253],
            [-119.867, 36.85239],
            [-119.86734, 36.8524],
            [-119.86759, 36.85248],
            [-119.86774, 36.85253],
            [-119.86835, 36.8528],
            [-119.86856, 36.85282],
            [-119.86948, 36.85286],
            [-119.8701, 36.85282],
            [-119.87081, 36.85294],
            [-119.87152, 36.8532],
            [-119.87207, 36.85343],
            [-119.87301, 36.85378],
            [-119.87304, 36.8538],
            [-119.87319, 36.85394],
            [-119.87363, 36.85412],
            [-119.87386, 36.85419],
            [-119.87494, 36.85454],
            [-119.87572, 36.8549],
            [-119.87621, 36.855],
            [-119.87725, 36.8555],
            [-119.8777, 36.85578],
            [-119.87798, 36.85603],
            [-119.87894, 36.85651],
            [-119.88028, 36.85713],
            [-119.88118, 36.85753],
            [-119.88223, 36.85787],
            [-119.88289, 36.85823],
            [-119.88335, 36.85851],
            [-119.88455, 36.85886],
            [-119.88485, 36.85903],
            [-119.8854, 36.85916],
            [-119.88636, 36.85916],
            [-119.88726, 36.85893],
            [-119.88841, 36.8583],
            [-119.88873, 36.85789],
            [-119.88892, 36.85737],
            [-119.8891, 36.85697],
            [-119.88899, 36.85658],
            [-119.88892, 36.85635],
            [-119.88847, 36.85525],
            [-119.88816, 36.8547],
            [-119.88814, 36.85468],
            [-119.88801, 36.85349],
            [-119.88827, 36.85262],
            [-119.88855, 36.85214],
            [-119.88872, 36.85198],
            [-119.88927, 36.85193],
            [-119.88959, 36.85191],
            [-119.88981, 36.8519],
            [-119.89023, 36.85181],
            [-119.89057, 36.85167],
            [-119.89071, 36.85161],
            [-119.89138, 36.85159],
            [-119.89335, 36.85183],
            [-119.89368, 36.85205],
            [-119.89471, 36.85215],
            [-119.89608, 36.85209],
            [-119.89627, 36.85206],
            [-119.89728, 36.85207],
            [-119.8985, 36.852],
            [-119.89935, 36.85197],
            [-119.89969, 36.85186],
            [-119.90074, 36.85178],
            [-119.90187, 36.85194],
            [-119.90277, 36.8519],
            [-119.90469, 36.8513],
            [-119.90548, 36.85058],
            [-119.90727, 36.8488],
            [-119.9081, 36.84767],
            [-119.90841, 36.84696],
            [-119.90904, 36.84622],
            [-119.91051, 36.84571],
            [-119.91139, 36.8454],
            [-119.91272, 36.84519],
            [-119.91454, 36.84501],
            [-119.91711, 36.84487],
            [-119.91952, 36.84507],
            [-119.92022, 36.84577],
            [-119.9214, 36.84685],
            [-119.92325, 36.84745],
            [-119.92376, 36.84771],
            [-119.92594, 36.84789],
            [-119.92704, 36.84843],
            [-119.92778, 36.84846],
            [-119.92911, 36.8479],
            [-119.93128, 36.84601],
            [-119.93217, 36.84481],
            [-119.93259, 36.84446],
            [-119.93262, 36.84421],
            [-119.93237, 36.84373],
            [-119.93234, 36.84332],
            [-119.93273, 36.8427],
            [-119.93279, 36.84239],
            [-119.93284, 36.84211],
            [-119.93308, 36.84152],
            [-119.93336, 36.84124],
            [-119.93368, 36.84101],
            [-119.93436, 36.83958],
            [-119.93483, 36.8386],
            [-119.93483, 36.83821],
            [-119.93466, 36.83792],
            [-119.93462, 36.83773],
            [-119.93467, 36.83748],
            [-119.93549, 36.8368],
            [-119.93672, 36.83617],
            [-119.93782, 36.83533],
            [-119.93846, 36.83486],
            [-119.93956, 36.83447],
            [-119.94159, 36.83394],
            [-119.94249, 36.83388],
            [-119.94398, 36.8341],
            [-119.94522, 36.8341],
            [-119.94618, 36.83434],
            [-119.94713, 36.83447],
            [-119.94754, 36.83477],
            [-119.9487, 36.83489],
            [-119.94908, 36.83487],
            [-119.95007, 36.83481],
            [-119.95195, 36.83444],
            [-119.9534, 36.83467],
            [-119.95452, 36.8348],
            [-119.95485, 36.83494],
            [-119.95502, 36.83529],
            [-119.95517, 36.83546],
            [-119.95557, 36.83551],
            [-119.95659, 36.83568],
            [-119.95768, 36.83616],
            [-119.95781, 36.83622],
            [-119.95903, 36.83614],
            [-119.9605, 36.83606],
            [-119.96152, 36.83583],
            [-119.96187, 36.83569],
            [-119.9622, 36.83533],
            [-119.96335, 36.83471],
            [-119.96537, 36.83388],
            [-119.96633, 36.83316],
            [-119.96711, 36.83244],
            [-119.96767, 36.83231],
            [-119.96888, 36.83226],
            [-119.97108, 36.83306],
            [-119.97223, 36.83329],
            [-119.9725, 36.83334],
            [-119.9731, 36.83374],
            [-119.97411, 36.83408],
            [-119.9745, 36.83417],
            [-119.97647, 36.83488],
            [-119.97702, 36.83505],
            [-119.97713, 36.83529],
            [-119.97723, 36.83605],
            [-119.97833, 36.83748],
            [-119.97851, 36.83793],
            [-119.97898, 36.83899],
            [-119.97943, 36.83934],
            [-119.97958, 36.83948],
            [-119.97972, 36.83973],
            [-119.98088, 36.83988],
            [-119.98233, 36.84022],
            [-119.98253, 36.84025],
            [-119.98289, 36.84057],
            [-119.98403, 36.84089],
            [-119.98465, 36.84084],
            [-119.98583, 36.84047],
            [-119.98738, 36.83984],
            [-119.98993, 36.83823],
            [-119.99028, 36.83781],
            [-119.99068, 36.83655],
            [-119.99105, 36.83602],
            [-119.9914, 36.8355],
            [-119.9915, 36.83446],
            [-119.99129, 36.83344],
            [-119.99128, 36.83287],
            [-119.9913, 36.83238],
            [-119.99123, 36.83216],
            [-119.99088, 36.83152],
            [-119.99069, 36.83084],
            [-119.99075, 36.83056],
            [-119.99137, 36.82972],
            [-119.99239, 36.82895],
            [-119.99404, 36.82844],
            [-119.99567, 36.82817],
            [-119.99662, 36.82805],
            [-119.99805, 36.82749],
            [-119.99976, 36.8273],
            [-120.00135, 36.8273],
            [-120.00244, 36.82767],
            [-120.00292, 36.82778],
            [-120.00528, 36.82755],
            [-120.00657, 36.8275],
            [-120.00683, 36.82754],
            [-120.00803, 36.8277],
            [-120.0082, 36.82784],
            [-120.00845, 36.82806],
            [-120.00866, 36.82809],
            [-120.00943, 36.828],
            [-120.01, 36.82808],
            [-120.01125, 36.82785],
            [-120.01193, 36.82796],
            [-120.01333, 36.82823],
            [-120.01368, 36.82814],
            [-120.01478, 36.82735],
            [-120.01573, 36.82677],
            [-120.01609, 36.82632],
            [-120.01626, 36.8262],
            [-120.01838, 36.82548],
            [-120.01888, 36.82536],
            [-120.01983, 36.82519],
            [-120.02017, 36.82495],
            [-120.02089, 36.82363],
            [-120.02128, 36.82196],
            [-120.02155, 36.82014],
            [-120.02165, 36.81951],
            [-120.02235, 36.81837],
            [-120.02265, 36.81783],
            [-120.02348, 36.81716],
            [-120.02442, 36.81673],
            [-120.02481, 36.81628],
            [-120.02498, 36.81573],
            [-120.02535, 36.81545],
            [-120.02563, 36.81536],
            [-120.02618, 36.81512],
            [-120.02777, 36.8145],
            [-120.02814, 36.81449],
            [-120.03112, 36.81478],
            [-120.0317, 36.81496],
            [-120.03222, 36.81531],
            [-120.03264, 36.8154],
            [-120.03357, 36.8153],
            [-120.03418, 36.81549],
            [-120.03471, 36.81576],
            [-120.0355, 36.8159],
            [-120.03607, 36.81585],
            [-120.03643, 36.81575],
            [-120.03695, 36.81559],
            [-120.03758, 36.81553],
            [-120.03795, 36.8157],
            [-120.03895, 36.81565],
            [-120.03974, 36.81547],
            [-120.04076, 36.81526],
            [-120.04229, 36.8155],
            [-120.04445, 36.81672],
            [-120.0461, 36.81759],
            [-120.04686, 36.8181],
            [-120.04781, 36.8189],
            [-120.04861, 36.81989],
            [-120.04965, 36.82082],
            [-120.0501, 36.82141],
            [-120.05086, 36.82186],
            [-120.05222, 36.82203],
            [-120.05325, 36.82243],
            [-120.05469, 36.82248],
            [-120.05598, 36.82286],
            [-120.05678, 36.82287],
            [-120.0574, 36.82296],
            [-120.05789, 36.82283],
            [-120.06107, 36.82215],
            [-120.06352, 36.82158],
            [-120.06461, 36.82127],
            [-120.065, 36.82104],
            [-120.06626, 36.82027],
            [-120.06717, 36.81961],
            [-120.06746, 36.81932],
            [-120.0678, 36.81914],
            [-120.06859, 36.81894],
            [-120.07073, 36.81862],
            [-120.07139, 36.81867],
            [-120.0727, 36.81922],
            [-120.07366, 36.82022],
            [-120.07393, 36.82082],
            [-120.07406, 36.82129],
            [-120.07444, 36.82182],
            [-120.07527, 36.82305],
            [-120.07534, 36.82348],
            [-120.07578, 36.82436],
            [-120.07605, 36.82454],
            [-120.07704, 36.8249],
            [-120.07829, 36.82506],
            [-120.07946, 36.82535],
            [-120.08108, 36.82498],
            [-120.08207, 36.82479],
            [-120.08293, 36.82425],
            [-120.08363, 36.82392],
            [-120.08496, 36.82356],
            [-120.08828, 36.82256],
            [-120.08869, 36.82244],
            [-120.09047, 36.82182],
            [-120.09164, 36.82119],
            [-120.09211, 36.82074],
            [-120.09257, 36.82043],
            [-120.09334, 36.81991],
            [-120.09355, 36.81963],
            [-120.09359, 36.81934],
            [-120.09473, 36.81831],
            [-120.09505, 36.81791],
            [-120.09564, 36.81757],
            [-120.09712, 36.81686],
            [-120.09748, 36.81651],
            [-120.09756, 36.81626],
            [-120.09761, 36.81579],
            [-120.09768, 36.81563],
            [-120.09774, 36.81551],
            [-120.09822, 36.81508],
            [-120.09863, 36.81493],
            [-120.09902, 36.81491],
            [-120.09954, 36.81507],
            [-120.09988, 36.81507],
            [-120.10031, 36.8149],
            [-120.10116, 36.81456],
            [-120.10187, 36.81413],
            [-120.10283, 36.81388],
            [-120.10348, 36.81365],
            [-120.10426, 36.81335],
            [-120.10639, 36.81318],
            [-120.10721, 36.81297],
            [-120.10796, 36.8127],
            [-120.10856, 36.81266],
            [-120.10961, 36.81258],
            [-120.11032, 36.81274],
            [-120.111, 36.81277],
            [-120.11131, 36.81292],
            [-120.11218, 36.81382],
            [-120.11236, 36.81387],
            [-120.11319, 36.81382],
            [-120.11395, 36.81404],
            [-120.11456, 36.81404],
            [-120.11529, 36.81388],
            [-120.11683, 36.81385],
            [-120.11783, 36.81359],
            [-120.12142, 36.81292],
            [-120.12372, 36.81255],
            [-120.12472, 36.81212],
            [-120.12529, 36.81182],
            [-120.12607, 36.81161],
            [-120.12645, 36.8115],
            [-120.1269, 36.81162],
            [-120.12718, 36.81185],
            [-120.12752, 36.81204],
            [-120.1282, 36.81202],
            [-120.12911, 36.81177],
            [-120.12976, 36.8115],
            [-120.13009, 36.81114],
            [-120.1304, 36.81076],
            [-120.13076, 36.81036],
            [-120.13138, 36.80998],
            [-120.13204, 36.80981],
            [-120.13254, 36.80986],
            [-120.13442, 36.80977],
            [-120.13501, 36.80967],
            [-120.13504, 36.80966],
            [-120.13657, 36.8093],
            [-120.13721, 36.80898],
            [-120.13853, 36.80814],
            [-120.13952, 36.80756],
            [-120.14, 36.80702],
            [-120.14021, 36.80657],
            [-120.14055, 36.80634],
            [-120.14222, 36.80579],
            [-120.14254, 36.80544],
            [-120.14349, 36.80466],
            [-120.14529, 36.80391],
            [-120.1474, 36.80305],
            [-120.14773, 36.80313],
            [-120.14838, 36.80331],
            [-120.14891, 36.80315],
            [-120.14951, 36.80284],
            [-120.15005, 36.80199],
            [-120.15321, 36.80018],
            [-120.15534, 36.79882],
            [-120.15694, 36.79819],
            [-120.15878, 36.7979],
            [-120.15936, 36.79794],
            [-120.16003, 36.79799],
            [-120.1616, 36.79839],
            [-120.1629, 36.79872],
            [-120.16341, 36.79906],
            [-120.16371, 36.79953],
            [-120.16422, 36.80059],
            [-120.16441, 36.80126],
            [-120.16484, 36.80171],
            [-120.16517, 36.80206],
            [-120.16582, 36.80247],
            [-120.16661, 36.80321],
            [-120.16754, 36.80333],
            [-120.16848, 36.80344],
            [-120.16953, 36.80355],
            [-120.17062, 36.80302],
            [-120.17147, 36.80274],
            [-120.17218, 36.80254],
            [-120.17262, 36.80226],
            [-120.17306, 36.8018],
            [-120.17354, 36.80161],
            [-120.17385, 36.80094],
            [-120.17407, 36.79989],
            [-120.17421, 36.7984],
            [-120.17445, 36.79608],
            [-120.17596, 36.79411],
            [-120.1765, 36.79317],
            [-120.17732, 36.79269],
            [-120.17979, 36.79142],
            [-120.18126, 36.78962],
            [-120.18197, 36.78807],
            [-120.18247, 36.78483],
            [-120.18316, 36.78345],
            [-120.18435, 36.78238],
            [-120.18481, 36.78162],
            [-120.18522, 36.78044],
            [-120.1859, 36.77975],
            [-120.18629, 36.77928],
            [-120.18635, 36.77884],
            [-120.1863, 36.77845],
            [-120.18624, 36.77807],
            [-120.1869, 36.77729],
            [-120.18721, 36.77711],
            [-120.18798, 36.77666],
            [-120.18883, 36.77641],
            [-120.18971, 36.77614],
            [-120.19123, 36.776],
            [-120.1926, 36.77646],
            [-120.19318, 36.77686],
            [-120.19369, 36.77743],
            [-120.19494, 36.77956],
            [-120.19605, 36.78009],
            [-120.19886, 36.78039],
            [-120.19968, 36.78074],
            [-120.20149, 36.78266],
            [-120.20262, 36.78368],
            [-120.20345, 36.78476],
            [-120.2038, 36.78717],
            [-120.20416, 36.78833],
            [-120.20426, 36.78948],
            [-120.20468, 36.79021],
            [-120.20517, 36.79068],
            [-120.20568, 36.79082],
            [-120.20822, 36.79098],
            [-120.20967, 36.79098],
            [-120.21151, 36.79058],
            [-120.21243, 36.79032],
            [-120.21347, 36.78992],
            [-120.21407, 36.78937],
            [-120.21439, 36.78886],
            [-120.21505, 36.78858],
            [-120.21595, 36.78848],
            [-120.21749, 36.78867],
            [-120.21797, 36.78857],
            [-120.21845, 36.7883],
            [-120.21896, 36.78759],
            [-120.22007, 36.78739],
            [-120.22071, 36.78733],
            [-120.22102, 36.78715],
            [-120.22126, 36.7866],
            [-120.22122, 36.78454],
            [-120.22172, 36.78344],
            [-120.22204, 36.78306],
            [-120.22271, 36.78275],
            [-120.22573, 36.78215],
            [-120.2293, 36.78227],
            [-120.22987, 36.78257],
            [-120.2304, 36.78268],
            [-120.23071, 36.78264],
            [-120.23173, 36.78224],
            [-120.23326, 36.78106],
            [-120.23352, 36.78013],
            [-120.2335, 36.77867],
            [-120.23347, 36.77652],
            [-120.23358, 36.77527],
            [-120.23341, 36.77462],
            [-120.23347, 36.77438],
            [-120.23408, 36.77331],
            [-120.23421, 36.77293],
            [-120.23392, 36.77142],
            [-120.23407, 36.77109],
            [-120.23427, 36.77063],
            [-120.23483, 36.76962],
            [-120.23543, 36.76924],
            [-120.23571, 36.76919],
            [-120.23583, 36.76916],
            [-120.23652, 36.76941],
            [-120.23696, 36.76956],
            [-120.23792, 36.76967],
            [-120.23991, 36.7701],
            [-120.24131, 36.77064],
            [-120.24278, 36.77099],
            [-120.24419, 36.77099],
            [-120.24569, 36.77133],
            [-120.24626, 36.77229],
            [-120.24663, 36.77257],
            [-120.2474, 36.77262],
            [-120.24815, 36.77235],
            [-120.24844, 36.77236],
            [-120.25029, 36.77363],
            [-120.25112, 36.77437],
            [-120.25175, 36.77435],
            [-120.25243, 36.774],
            [-120.25277, 36.77369],
            [-120.25319, 36.77283],
            [-120.25428, 36.77075],
            [-120.2548, 36.77004],
            [-120.25519, 36.76981],
            [-120.25597, 36.76961],
            [-120.25692, 36.76958],
            [-120.25753, 36.76964],
            [-120.25812, 36.76995],
            [-120.25962, 36.77109],
            [-120.26054, 36.77131],
            [-120.26181, 36.7716],
            [-120.26348, 36.77192],
            [-120.26451, 36.7719],
            [-120.26691, 36.77208],
            [-120.26778, 36.77194],
            [-120.26877, 36.77153],
            [-120.26945, 36.77138],
            [-120.27032, 36.77162],
            [-120.27194, 36.77325],
            [-120.27268, 36.77406],
            [-120.27335, 36.77424],
            [-120.27457, 36.77398],
            [-120.27575, 36.77294],
            [-120.27606, 36.77145],
            [-120.27627, 36.77018],
            [-120.2775, 36.76878],
            [-120.2789, 36.7675],
            [-120.27966, 36.7671],
            [-120.28111, 36.76647],
            [-120.28163, 36.76632],
            [-120.28226, 36.76647],
            [-120.28261, 36.76708],
            [-120.28252, 36.76902],
            [-120.28184, 36.77066],
            [-120.28151, 36.77136],
            [-120.28145, 36.77202],
            [-120.28165, 36.77233],
            [-120.28254, 36.77291],
            [-120.28375, 36.77338],
            [-120.2844, 36.7735],
            [-120.28526, 36.77334],
            [-120.28593, 36.7733],
            [-120.28701, 36.7733],
            [-120.28811, 36.77278],
            [-120.28913, 36.77183],
            [-120.2897, 36.77057],
            [-120.2898, 36.76938],
            [-120.28959, 36.7682],
            [-120.28925, 36.76745],
            [-120.28835, 36.7663],
            [-120.28804, 36.76572],
            [-120.28787, 36.76513],
            [-120.28814, 36.76409],
            [-120.28861, 36.76346],
            [-120.28916, 36.76314],
            [-120.29015, 36.76294],
            [-120.29093, 36.76298],
            [-120.29234, 36.76332],
            [-120.29313, 36.76415],
            [-120.29372, 36.76509],
            [-120.29396, 36.76631],
            [-120.29407, 36.76786],
            [-120.29387, 36.76881],
            [-120.29279, 36.77001],
            [-120.292, 36.77094],
            [-120.29209, 36.77177],
            [-120.29307, 36.7722],
            [-120.2941, 36.77239],
            [-120.29606, 36.77236],
            [-120.29752, 36.77233],
            [-120.29841, 36.77209],
            [-120.29928, 36.77175],
            [-120.30005, 36.77131],
            [-120.30101, 36.77061],
            [-120.30169, 36.7702],
            [-120.30255, 36.76987],
            [-120.30362, 36.76963],
            [-120.30518, 36.76953],
            [-120.30611, 36.77001],
            [-120.30654, 36.77068],
            [-120.30679, 36.77137],
            [-120.30672, 36.77213],
            [-120.30628, 36.77285],
            [-120.30573, 36.77348],
            [-120.30529, 36.77368],
            [-120.30513, 36.7737],
            [-120.30247, 36.77369],
            [-120.30186, 36.77376],
            [-120.30053, 36.77411],
            [-120.29964, 36.77468],
            [-120.2994, 36.77517],
            [-120.29929, 36.7756],
            [-120.29954, 36.77666],
            [-120.30013, 36.77736],
            [-120.301, 36.77803],
            [-120.30201, 36.77845],
            [-120.30418, 36.77898],
            [-120.30699, 36.77969],
            [-120.30895, 36.77987],
            [-120.31074, 36.78065],
            [-120.31143, 36.78132],
            [-120.31207, 36.78178],
            [-120.3125, 36.78195],
            [-120.31334, 36.782],
            [-120.31393, 36.78172],
            [-120.31444, 36.781],
            [-120.31471, 36.78054],
            [-120.31472, 36.78022],
            [-120.31455, 36.7799],
            [-120.31434, 36.77965],
            [-120.31422, 36.77942],
            [-120.3143, 36.77908],
            [-120.31472, 36.77872],
            [-120.31696, 36.77792],
            [-120.31854, 36.77758],
            [-120.32134, 36.77757],
            [-120.32197, 36.77762],
            [-120.3229, 36.778],
            [-120.3237, 36.77858],
            [-120.32416, 36.77913],
            [-120.32459, 36.77971],
            [-120.32476, 36.78038],
            [-120.3248, 36.78098],
            [-120.32477, 36.78132],
            [-120.32458, 36.78165],
            [-120.32429, 36.78193],
            [-120.32412, 36.78225],
            [-120.324, 36.78274],
            [-120.32393, 36.78288],
            [-120.32365, 36.78318],
            [-120.3234, 36.78328],
            [-120.32293, 36.7834],
            [-120.32235, 36.78365],
            [-120.32214, 36.78385],
            [-120.32197, 36.78448],
            [-120.32195, 36.78504],
            [-120.32203, 36.7853],
            [-120.32253, 36.78576],
            [-120.3235, 36.78652],
            [-120.32418, 36.78683],
            [-120.32461, 36.7869],
            [-120.32505, 36.78676],
            [-120.3262, 36.78624],
            [-120.32664, 36.78604],
            [-120.32691, 36.78574],
            [-120.32701, 36.78566],
            [-120.32748, 36.78547],
            [-120.3293, 36.78511],
            [-120.32968, 36.78519],
            [-120.32986, 36.78517],
            [-120.33003, 36.78506],
            [-120.33097, 36.78428],
            [-120.33143, 36.78368],
            [-120.33174, 36.78325],
            [-120.33204, 36.78292],
            [-120.33282, 36.7825],
            [-120.33344, 36.7824],
            [-120.33396, 36.78251],
            [-120.33467, 36.78276],
            [-120.33498, 36.78299],
            [-120.33523, 36.78346],
            [-120.33553, 36.78407],
            [-120.33566, 36.78464],
            [-120.33565, 36.7851],
            [-120.33545, 36.7858],
            [-120.33506, 36.78668],
            [-120.33426, 36.78795],
            [-120.33417, 36.7898],
            [-120.33396, 36.79103],
            [-120.33442, 36.79191],
            [-120.3357, 36.79261],
            [-120.3366, 36.79263],
            [-120.3376, 36.7924],
            [-120.33937, 36.79159],
            [-120.34051, 36.79128],
            [-120.34158, 36.7911],
            [-120.34254, 36.7911],
            [-120.34368, 36.79113],
            [-120.34406, 36.79123],
            [-120.34455, 36.79165],
            [-120.34501, 36.79217],
            [-120.34552, 36.79323],
            [-120.34605, 36.79482],
            [-120.34622, 36.79604],
            [-120.34629, 36.79731],
            [-120.34664, 36.79787],
            [-120.34727, 36.7982],
            [-120.3483, 36.79834],
            [-120.34928, 36.7982],
            [-120.34997, 36.79802],
            [-120.3505, 36.7977],
            [-120.35081, 36.79729],
            [-120.35133, 36.79666],
            [-120.35147, 36.79597],
            [-120.35133, 36.79539],
            [-120.35098, 36.79477],
            [-120.3502, 36.79395],
            [-120.34991, 36.79344],
            [-120.34911, 36.79159],
            [-120.34885, 36.79055],
            [-120.3486, 36.78979],
            [-120.34795, 36.78924],
            [-120.34638, 36.7886],
            [-120.34438, 36.78717],
            [-120.34407, 36.78637],
            [-120.34424, 36.78576],
            [-120.3449, 36.78499],
            [-120.34581, 36.78454],
            [-120.34607, 36.78443],
            [-120.34934, 36.78489],
            [-120.35192, 36.78578],
            [-120.35303, 36.78673],
            [-120.35425, 36.78724],
            [-120.35499, 36.78735],
            [-120.35557, 36.7873],
            [-120.36002, 36.78661],
            [-120.36314, 36.786],
            [-120.36641, 36.78516],
            [-120.3679, 36.78464],
            [-120.36943, 36.78448],
            [-120.36967, 36.78477],
            [-120.37037, 36.7852],
            [-120.37148, 36.78561],
            [-120.37213, 36.78686],
            [-120.37271, 36.78798],
            [-120.37274, 36.7881],
            [-120.37294, 36.789],
            [-120.37288, 36.78975],
            [-120.37129, 36.792],
            [-120.37117, 36.79253],
            [-120.37096, 36.79314],
            [-120.36996, 36.79491],
            [-120.36974, 36.79563],
            [-120.36982, 36.79597],
            [-120.3704, 36.79655],
            [-120.37141, 36.79725],
            [-120.37272, 36.79851],
            [-120.37413, 36.80027],
            [-120.37438, 36.80109],
            [-120.37429, 36.80174],
            [-120.37384, 36.8024],
            [-120.37279, 36.80369],
            [-120.37108, 36.80508],
            [-120.36828, 36.80665],
            [-120.36808, 36.80696],
            [-120.36809, 36.80751],
            [-120.36895, 36.80956],
            [-120.36923, 36.81007],
            [-120.36961, 36.81035],
            [-120.37088, 36.81054],
            [-120.37182, 36.81058],
            [-120.37253, 36.81026],
            [-120.37328, 36.80943],
            [-120.37467, 36.80851],
            [-120.3756, 36.80834],
            [-120.37639, 36.80844],
            [-120.37705, 36.80877],
            [-120.37751, 36.80915],
            [-120.37784, 36.80971],
            [-120.37813, 36.81084],
            [-120.37803, 36.81475],
            [-120.37815, 36.81557],
            [-120.3791, 36.81717],
            [-120.38006, 36.81795],
            [-120.38314, 36.8202],
            [-120.38432, 36.82107],
            [-120.38503, 36.82185],
            [-120.38681, 36.82298],
            [-120.38717, 36.82356],
            [-120.38756, 36.82388],
            [-120.38903, 36.82444],
            [-120.3902, 36.82451],
            [-120.39187, 36.82417],
            [-120.39269, 36.82378],
            [-120.3933, 36.82344],
            [-120.39379, 36.82332],
            [-120.39417, 36.82337],
            [-120.39443, 36.82375],
            [-120.39483, 36.82421],
            [-120.39522, 36.8245],
            [-120.39582, 36.82448],
            [-120.39625, 36.82432],
            [-120.39641, 36.82388],
            [-120.39651, 36.82327],
            [-120.39716, 36.82281],
            [-120.39746, 36.82245],
            [-120.39771, 36.82233],
            [-120.39835, 36.82228],
            [-120.39966, 36.82214],
            [-120.40027, 36.82225],
            [-120.40071, 36.82241],
            [-120.40098, 36.82267],
            [-120.40171, 36.82338],
            [-120.40322, 36.82468],
            [-120.40404, 36.82564],
            [-120.40417, 36.82594],
            [-120.4042, 36.82624],
            [-120.4042, 36.82678],
            [-120.4041, 36.82719],
            [-120.40426, 36.82791],
            [-120.40436, 36.82912],
            [-120.40431, 36.82956],
            [-120.40437, 36.82983],
            [-120.40467, 36.83043],
            [-120.40488, 36.83136],
            [-120.40507, 36.83177],
            [-120.40549, 36.83211],
            [-120.40599, 36.83249],
            [-120.40624, 36.83282],
            [-120.40639, 36.8332],
            [-120.40676, 36.83406],
            [-120.40733, 36.83452],
            [-120.40792, 36.83476],
            [-120.40846, 36.83508],
            [-120.40913, 36.83582],
            [-120.40925, 36.83638],
            [-120.40915, 36.8369],
            [-120.40907, 36.83795],
            [-120.40958, 36.83926],
            [-120.40972, 36.83957],
            [-120.40991, 36.83981],
            [-120.41044, 36.84001],
            [-120.41111, 36.84005],
            [-120.41175, 36.83993],
            [-120.41216, 36.83966],
            [-120.41239, 36.83884],
            [-120.41285, 36.83796],
            [-120.41334, 36.83667],
            [-120.41413, 36.83612],
            [-120.41568, 36.83575],
            [-120.41709, 36.83563],
            [-120.41795, 36.83607],
            [-120.41876, 36.83656],
            [-120.41923, 36.83748],
            [-120.41968, 36.83831],
            [-120.42049, 36.83905],
            [-120.42172, 36.83994],
            [-120.42238, 36.84022],
            [-120.4229, 36.84021],
            [-120.4235, 36.83997],
            [-120.42415, 36.83989],
            [-120.42483, 36.84003],
            [-120.42557, 36.84001],
            [-120.42598, 36.83993],
            [-120.42627, 36.8399],
            [-120.42663, 36.84011],
            [-120.42722, 36.84084],
            [-120.42761, 36.84125],
            [-120.428, 36.84149],
            [-120.42829, 36.84181],
            [-120.42872, 36.84256],
            [-120.42885, 36.84353],
            [-120.42888, 36.84378],
            [-120.42916, 36.84418],
            [-120.42939, 36.84445],
            [-120.42949, 36.8447],
            [-120.42984, 36.84507],
            [-120.43039, 36.84544],
            [-120.43088, 36.84579],
            [-120.43154, 36.84654],
            [-120.43224, 36.84756],
            [-120.43301, 36.84859],
            [-120.43359, 36.84949],
            [-120.43363, 36.85009],
            [-120.43389, 36.85058],
            [-120.43444, 36.85092],
            [-120.43497, 36.85108],
            [-120.43548, 36.85107],
            [-120.43587, 36.851],
            [-120.43663, 36.85058],
            [-120.43706, 36.85033],
            [-120.43748, 36.85007],
            [-120.43836, 36.84986],
            [-120.43884, 36.84983],
            [-120.43995, 36.84989],
            [-120.44034, 36.85001],
            [-120.4405, 36.8502],
            [-120.44042, 36.85041],
            [-120.44034, 36.85061],
            [-120.44016, 36.85092],
            [-120.43984, 36.85117],
            [-120.43946, 36.85195],
            [-120.43911, 36.85259],
            [-120.43885, 36.85367],
            [-120.43853, 36.85449],
            [-120.43859, 36.8549],
            [-120.43949, 36.85571],
            [-120.44077, 36.8561],
            [-120.44178, 36.85642],
            [-120.44278, 36.85645],
            [-120.44432, 36.85624],
            [-120.44499, 36.85615],
            [-120.44613, 36.85615],
            [-120.44737, 36.85657],
            [-120.44779, 36.8569],
            [-120.44886, 36.85807],
            [-120.44903, 36.85845],
            [-120.44894, 36.85888],
            [-120.44878, 36.85909],
            [-120.44853, 36.85952],
            [-120.44839, 36.85994],
            [-120.44855, 36.86022],
            [-120.44898, 36.86033],
            [-120.45028, 36.86021],
            [-120.45265, 36.85997],
            [-120.45342, 36.85997],
            [-120.45408, 36.86021],
            [-120.45451, 36.86071],
            [-120.45538, 36.86174],
            [-120.45599, 36.86251],
            [-120.45625, 36.86286],
            [-120.45611, 36.86328],
            [-120.45546, 36.86365],
            [-120.45481, 36.8644],
            [-120.45432, 36.86532],
            [-120.45261, 36.8663],
            [-120.45097, 36.8675],
            [-120.45019, 36.86853],
            [-120.45001, 36.86994],
            [-120.4503, 36.87122],
            [-120.45069, 36.8715],
            [-120.45122, 36.87167],
            [-120.45194, 36.87188],
            [-120.45461, 36.87241],
            [-120.45738, 36.87303],
            [-120.45895, 36.87454],
            [-120.45931, 36.87491],
            [-120.45932, 36.87495],
            [-120.45937, 36.87532],
            [-120.45912, 36.87648],
            [-120.45817, 36.87796],
            [-120.45774, 36.87828],
            [-120.45685, 36.87834],
            [-120.45559, 36.87863],
            [-120.45455, 36.87909],
            [-120.45399, 36.87953],
            [-120.45356, 36.8802],
            [-120.45367, 36.88079],
            [-120.45571, 36.88317],
            [-120.45654, 36.88384],
            [-120.45726, 36.88394],
            [-120.45813, 36.88385],
            [-120.45898, 36.88411],
            [-120.4598, 36.8844],
            [-120.46002, 36.88462],
            [-120.46035, 36.88524],
            [-120.46061, 36.8855],
            [-120.46204, 36.8859],
            [-120.46432, 36.88661],
            [-120.46527, 36.88733],
            [-120.46642, 36.88908],
            [-120.46669, 36.88974],
            [-120.46677, 36.89078],
            [-120.46675, 36.89219],
            [-120.46654, 36.89338],
            [-120.46603, 36.8941],
            [-120.4649, 36.89449],
            [-120.46446, 36.89501],
            [-120.46403, 36.89694],
            [-120.46375, 36.89777],
            [-120.4632, 36.89906],
            [-120.46273, 36.90029],
            [-120.46138, 36.9015],
            [-120.46097, 36.90234],
            [-120.46092, 36.90267],
            [-120.46135, 36.90311],
            [-120.46335, 36.90398],
            [-120.46377, 36.90446],
            [-120.46388, 36.90487],
            [-120.46378, 36.90536],
            [-120.46336, 36.90565],
            [-120.46243, 36.9058],
            [-120.46124, 36.90602],
            [-120.45968, 36.90613],
            [-120.45745, 36.90571],
            [-120.456, 36.90538],
            [-120.45558, 36.90545],
            [-120.45514, 36.90576],
            [-120.45445, 36.90662],
            [-120.45403, 36.90823],
            [-120.45346, 36.90884],
            [-120.4529, 36.90932],
            [-120.45093, 36.9106],
            [-120.45034, 36.91117],
            [-120.45018, 36.912],
            [-120.4504, 36.91283],
            [-120.45082, 36.91347],
            [-120.45168, 36.91411],
            [-120.45339, 36.91467],
            [-120.45727, 36.91492],
            [-120.45914, 36.91527],
            [-120.46038, 36.9158],
            [-120.46195, 36.91686],
            [-120.46221, 36.91717],
            [-120.46241, 36.91792],
            [-120.46237, 36.91866],
            [-120.46198, 36.91942],
            [-120.46133, 36.91988],
            [-120.45989, 36.92044],
            [-120.45887, 36.92085],
            [-120.45779, 36.92148],
            [-120.45696, 36.92226],
            [-120.45682, 36.92292],
            [-120.45706, 36.92357],
            [-120.45734, 36.9241],
            [-120.45787, 36.92444],
            [-120.45889, 36.92516],
            [-120.46067, 36.92672],
            [-120.46141, 36.92708],
            [-120.46208, 36.92738],
            [-120.46242, 36.9277],
            [-120.46282, 36.92819],
            [-120.46302, 36.92865],
            [-120.46311, 36.92923],
            [-120.46339, 36.93021],
            [-120.46388, 36.93098],
            [-120.46453, 36.93137],
            [-120.46488, 36.93165],
            [-120.46525, 36.93208],
            [-120.46562, 36.93327],
            [-120.46569, 36.93454],
            [-120.46582, 36.93477],
            [-120.46689, 36.93636],
            [-120.46801, 36.93747],
            [-120.4693, 36.93794],
            [-120.47005, 36.93809],
            [-120.47133, 36.93805],
            [-120.47275, 36.93822],
            [-120.47351, 36.93841],
            [-120.47426, 36.93872],
            [-120.47517, 36.93925],
            [-120.47562, 36.93999],
            [-120.47639, 36.94268],
            [-120.47662, 36.94375],
            [-120.47681, 36.94463],
            [-120.47741, 36.94574],
            [-120.4786, 36.94712],
            [-120.47887, 36.94792],
            [-120.47904, 36.94882],
            [-120.47881, 36.9503],
            [-120.47772, 36.95323],
            [-120.478, 36.95467],
            [-120.47832, 36.95523],
            [-120.47923, 36.95596],
            [-120.47988, 36.95666],
            [-120.48013, 36.95734],
            [-120.48046, 36.95855],
            [-120.48074, 36.95924],
            [-120.48337, 36.96168],
            [-120.48416, 36.96268],
            [-120.48471, 36.96323],
            [-120.48639, 36.96391],
            [-120.48783, 36.96448],
            [-120.48836, 36.96493],
            [-120.48895, 36.96569],
            [-120.48913, 36.96682],
            [-120.48905, 36.96734],
            [-120.48872, 36.96775],
            [-120.48677, 36.9689],
            [-120.48475, 36.96974],
            [-120.48415, 36.97016],
            [-120.48383, 36.97075],
            [-120.4838, 36.97099],
            [-120.48398, 36.97142],
            [-120.48399, 36.97169],
            [-120.484, 36.97201],
            [-120.48414, 36.9724],
            [-120.48472, 36.97285],
            [-120.48517, 36.97308],
            [-120.48697, 36.97326],
            [-120.48821, 36.97344],
            [-120.48892, 36.97379],
            [-120.49005, 36.97483],
            [-120.49045, 36.97541],
            [-120.4909, 36.97575],
            [-120.49123, 36.97578],
            [-120.49206, 36.9756],
            [-120.49282, 36.97549],
            [-120.49401, 36.9754],
            [-120.49476, 36.97579],
            [-120.49514, 36.97629],
            [-120.49528, 36.97725],
            [-120.49517, 36.97831],
            [-120.49543, 36.97893],
            [-120.49614, 36.97966],
            [-120.49815, 36.98081],
            [-120.49952, 36.98197],
            [-120.49996, 36.98312],
            [-120.5001, 36.98357],
            [-120.50008, 36.98366],
            [-120.50018, 36.98394],
            [-120.50018, 36.98425],
            [-120.50011, 36.98463],
            [-120.49997, 36.98497],
            [-120.49994, 36.98516],
            [-120.49997, 36.98528],
            [-120.50011, 36.98547],
            [-120.50023, 36.98563],
            [-120.50028, 36.98585],
            [-120.50023, 36.98616],
            [-120.50018, 36.9863],
            [-120.5002, 36.98654],
            [-120.50023, 36.98673],
            [-120.50023, 36.98689],
            [-120.50008, 36.98713],
            [-120.49997, 36.98732],
            [-120.49994, 36.98749],
            [-120.49999, 36.98768],
            [-120.50008, 36.98775],
            [-120.5002, 36.98794],
            [-120.50032, 36.9882],
            [-120.50037, 36.98854],
            [-120.50037, 36.98887],
            [-120.50035, 36.98915],
            [-120.50044, 36.98939],
            [-120.50058, 36.98961],
            [-120.50066, 36.98987],
            [-120.5007, 36.99015],
            [-120.5007, 36.99046],
            [-120.50077, 36.99077],
            [-120.50085, 36.99096],
            [-120.50101, 36.9911],
            [-120.50108, 36.9913],
            [-120.50125, 36.99158],
            [-120.50144, 36.99184],
            [-120.50161, 36.9921],
            [-120.50168, 36.99237],
            [-120.50166, 36.9927],
            [-120.50158, 36.99296],
            [-120.50132, 36.99365],
            [-120.50111, 36.99417],
            [-120.50099, 36.99441],
            [-120.50087, 36.99463],
            [-120.5008, 36.99489],
            [-120.50068, 36.99529],
            [-120.50061, 36.99574],
            [-120.50063, 36.99598],
            [-120.50073, 36.9962],
            [-120.50089, 36.99634],
            [-120.50123, 36.99653],
            [-120.50158, 36.99674],
            [-120.50192, 36.99686],
            [-120.50246, 36.99698],
            [-120.5032, 36.99724],
            [-120.50365, 36.99734],
            [-120.50401, 36.99746],
            [-120.50422, 36.99762],
            [-120.50437, 36.99779],
            [-120.50439, 36.99801],
            [-120.50432, 36.99822],
            [-120.50422, 36.99834],
            [-120.50403, 36.99851],
            [-120.50373, 36.99877],
            [-120.50344, 36.9991],
            [-120.50311, 36.99943],
            [-120.50287, 36.99981],
            [-120.50277, 37.00005],
            [-120.50277, 37.00024],
            [-120.50289, 37.00041],
            [-120.50315, 37.00058],
            [-120.50351, 37.00074],
            [-120.50375, 37.00086],
            [-120.50406, 37.00086],
            [-120.50427, 37.00077],
            [-120.50451, 37.00067],
            [-120.5047, 37.00053],
            [-120.50492, 37.00031],
            [-120.50508, 37.00008],
            [-120.50527, 36.99993],
            [-120.50558, 36.99986],
            [-120.50603, 36.99974],
            [-120.50637, 36.99972],
            [-120.50689, 36.99967],
            [-120.5072, 36.99965],
            [-120.50753, 36.99972],
            [-120.50791, 36.99991],
            [-120.50822, 37.0001],
            [-120.50837, 37.00029],
            [-120.50841, 37.00048],
            [-120.5086, 37.00069],
            [-120.50872, 37.00096],
            [-120.50875, 37.00129],
            [-120.5087, 37.00141],
            [-120.50856, 37.00157],
            [-120.50848, 37.00174],
            [-120.50844, 37.00191],
            [-120.50848, 37.00217],
            [-120.50863, 37.00234],
            [-120.50872, 37.0025],
            [-120.50882, 37.00269],
            [-120.50886, 37.00284],
            [-120.50879, 37.00307],
            [-120.50875, 37.00343],
            [-120.50865, 37.00372],
            [-120.50851, 37.00405],
            [-120.50846, 37.00433],
            [-120.50846, 37.00469],
            [-120.50839, 37.00491],
            [-120.50829, 37.00512],
            [-120.50829, 37.00536],
            [-120.50834, 37.00564],
            [-120.50841, 37.00583],
            [-120.50853, 37.00605],
            [-120.50867, 37.0064],
            [-120.50875, 37.00664],
            [-120.50872, 37.00688],
            [-120.50877, 37.00714],
            [-120.50898, 37.00755],
            [-120.50922, 37.00788],
            [-120.50939, 37.00814],
            [-120.50963, 37.00836],
            [-120.50982, 37.00845],
            [-120.51001, 37.00848],
            [-120.51017, 37.00859],
            [-120.51034, 37.00881],
            [-120.51048, 37.00902],
            [-120.51063, 37.00917],
            [-120.51079, 37.00931],
            [-120.51103, 37.00957],
            [-120.51124, 37.00971],
            [-120.51151, 37.00976],
            [-120.51165, 37.00988],
            [-120.51179, 37.01],
            [-120.51198, 37.01009],
            [-120.51227, 37.01016],
            [-120.51255, 37.01028],
            [-120.51277, 37.01038],
            [-120.51308, 37.01047],
            [-120.51329, 37.01062],
            [-120.5135, 37.01074],
            [-120.5137, 37.01088],
            [-120.51396, 37.01097],
            [-120.51436, 37.01104],
            [-120.51472, 37.01112],
            [-120.51512, 37.01114],
            [-120.51536, 37.01114],
            [-120.5156, 37.01119],
            [-120.51577, 37.01116],
            [-120.51603, 37.01107],
            [-120.51619, 37.011],
            [-120.51646, 37.011],
            [-120.51674, 37.01102],
            [-120.517, 37.01102],
            [-120.51729, 37.01109],
            [-120.51762, 37.01109],
            [-120.51798, 37.01107],
            [-120.51838, 37.01107],
            [-120.51881, 37.01107],
            [-120.51905, 37.01112],
            [-120.51922, 37.01121],
            [-120.51938, 37.01131],
            [-120.5196, 37.01133],
            [-120.51983, 37.01135],
            [-120.52014, 37.0115],
            [-120.52038, 37.01159],
            [-120.52069, 37.01183],
            [-120.5209, 37.012],
            [-120.52112, 37.01207],
            [-120.5214, 37.01223],
            [-120.52164, 37.0124],
            [-120.52183, 37.01262],
            [-120.522, 37.01292],
            [-120.52209, 37.01311],
            [-120.52224, 37.01345],
            [-120.5224, 37.01371],
            [-120.52255, 37.01381],
            [-120.52278, 37.0139],
            [-120.52312, 37.01397],
            [-120.52352, 37.01402],
            [-120.52378, 37.014],
            [-120.52407, 37.01407],
            [-120.52424, 37.01407],
            [-120.5244, 37.01402],
            [-120.52459, 37.01395],
            [-120.52488, 37.0139],
            [-120.52521, 37.01383],
            [-120.52554, 37.01376],
            [-120.52581, 37.01364],
            [-120.52621, 37.01345],
            [-120.52654, 37.01333],
            [-120.52678, 37.01319],
            [-120.52704, 37.01314],
            [-120.52723, 37.01314],
            [-120.5275, 37.01304],
            [-120.52773, 37.0129],
            [-120.52802, 37.01273],
            [-120.52823, 37.01264],
            [-120.52852, 37.01264],
            [-120.52878, 37.01262],
            [-120.52909, 37.01264],
            [-120.52938, 37.01271],
            [-120.52969, 37.0129],
            [-120.52992, 37.01311],
            [-120.53007, 37.01328],
            [-120.53021, 37.01347],
            [-120.53038, 37.01354],
            [-120.53061, 37.01354],
            [-120.5309, 37.01352],
            [-120.53111, 37.01361],
            [-120.53128, 37.01369],
            [-120.53133, 37.01378],
            [-120.53123, 37.01397],
            [-120.53116, 37.01419],
            [-120.53109, 37.01433],
            [-120.5309, 37.01454],
            [-120.53071, 37.01478],
            [-120.53057, 37.01497],
            [-120.53047, 37.01519],
            [-120.53035, 37.01552],
            [-120.53018, 37.0159],
            [-120.52999, 37.01626],
            [-120.52971, 37.0168],
            [-120.52964, 37.01721],
            [-120.52969, 37.01768],
            [-120.52973, 37.01837],
            [-120.52983, 37.01873],
            [-120.53007, 37.01925],
            [-120.53033, 37.01961],
            [-120.53049, 37.0199],
            [-120.53066, 37.02006],
            [-120.53087, 37.02013],
            [-120.53107, 37.02032],
            [-120.53128, 37.02037],
            [-120.53168, 37.02044],
            [-120.53199, 37.02049],
            [-120.53245, 37.02049],
            [-120.53266, 37.02042],
            [-120.53287, 37.02035],
            [-120.53306, 37.02037],
            [-120.53323, 37.02042],
            [-120.53342, 37.0203],
            [-120.53352, 37.02018],
            [-120.53373, 37.02009],
            [-120.53399, 37.01997],
            [-120.53433, 37.01987],
            [-120.53466, 37.01966],
            [-120.53499, 37.01952],
            [-120.5353, 37.01937],
            [-120.53571, 37.01925],
            [-120.53601, 37.01918],
            [-120.53642, 37.01923],
            [-120.53673, 37.0193],
            [-120.53713, 37.01942],
            [-120.53757, 37.01967],
            [-120.53766, 37.01978],
            [-120.5377, 37.02002],
            [-120.5377, 37.02013],
            [-120.53761, 37.02056],
            [-120.53751, 37.0208],
            [-120.53744, 37.02109],
            [-120.53737, 37.02144],
            [-120.53732, 37.0218],
            [-120.53725, 37.02223],
            [-120.5372, 37.02247],
            [-120.53711, 37.02273],
            [-120.53711, 37.02297],
            [-120.53723, 37.02318],
            [-120.53744, 37.0233],
            [-120.53759, 37.02347],
            [-120.53766, 37.02361],
            [-120.53775, 37.0238],
            [-120.53789, 37.02397],
            [-120.53811, 37.02404],
            [-120.53837, 37.02423],
            [-120.5387, 37.02449],
            [-120.53901, 37.02463],
            [-120.53939, 37.0247],
            [-120.53985, 37.02485],
            [-120.54023, 37.02494],
            [-120.54058, 37.02504],
            [-120.54087, 37.02513],
            [-120.54111, 37.02525],
            [-120.54139, 37.02532],
            [-120.54168, 37.02539],
            [-120.54192, 37.02542],
            [-120.54215, 37.02546],
            [-120.54244, 37.02549],
            [-120.54277, 37.02556],
            [-120.54303, 37.02561],
            [-120.54332, 37.02563],
            [-120.54356, 37.0257],
            [-120.5438, 37.02582],
            [-120.54403, 37.02594],
            [-120.54427, 37.02608],
            [-120.54444, 37.02618],
            [-120.54458, 37.02623],
            [-120.54479, 37.02632],
            [-120.54489, 37.02649],
            [-120.54508, 37.02668],
            [-120.5452, 37.02689],
            [-120.54537, 37.02703],
            [-120.54546, 37.02723],
            [-120.54551, 37.02744],
            [-120.54548, 37.02765],
            [-120.54534, 37.02792],
            [-120.54513, 37.02813],
            [-120.54496, 37.02834],
            [-120.54482, 37.02856],
            [-120.54468, 37.02875],
            [-120.54451, 37.02906],
            [-120.54437, 37.02927],
            [-120.5442, 37.02951],
            [-120.54401, 37.02972],
            [-120.54384, 37.0298],
            [-120.54356, 37.02991],
            [-120.5433, 37.03006],
            [-120.54315, 37.03018],
            [-120.54301, 37.03032],
            [-120.54287, 37.03041],
            [-120.54272, 37.03053],
            [-120.54253, 37.03063],
            [-120.54239, 37.03072],
            [-120.54222, 37.03079],
            [-120.54201, 37.03077],
            [-120.54177, 37.03075],
            [-120.54156, 37.03079],
            [-120.54139, 37.03091],
            [-120.54132, 37.03101],
            [-120.54125, 37.03113],
            [-120.54113, 37.03127],
            [-120.54104, 37.03125],
            [-120.54089, 37.03122],
            [-120.54084, 37.03132],
            [-120.5407, 37.03148],
            [-120.54049, 37.03165],
            [-120.54032, 37.03177],
            [-120.54023, 37.03196],
            [-120.54004, 37.03217],
            [-120.53987, 37.03225],
            [-120.53968, 37.03241],
            [-120.53939, 37.03251],
            [-120.5392, 37.0326],
            [-120.53908, 37.03277],
            [-120.53889, 37.03298],
            [-120.53868, 37.03322],
            [-120.53854, 37.03334],
            [-120.53837, 37.03351],
            [-120.53825, 37.03358],
            [-120.53813, 37.03377],
            [-120.53806, 37.03394],
            [-120.53801, 37.03417],
            [-120.53794, 37.03439],
            [-120.53799, 37.03455],
            [-120.53801, 37.03474],
            [-120.53801, 37.03496],
            [-120.53801, 37.0351],
            [-120.53804, 37.03524],
            [-120.53806, 37.03543],
            [-120.53808, 37.03555],
            [-120.53808, 37.03574],
            [-120.53808, 37.03593],
            [-120.53806, 37.0362],
            [-120.53804, 37.03648],
            [-120.53803, 37.03672],
            [-120.53797, 37.037],
            [-120.53794, 37.03747],
            [-120.53795, 37.03768],
            [-120.538, 37.0379],
            [-120.53819, 37.03834],
            [-120.53822, 37.03849],
            [-120.53822, 37.03852],
            [-120.53819, 37.03859],
            [-120.53793, 37.03882],
            [-120.53786, 37.03898],
            [-120.53744, 37.03941],
            [-120.53712, 37.03984],
            [-120.53713, 37.04026],
            [-120.53725, 37.04064],
            [-120.53782, 37.04113],
            [-120.5387, 37.04142],
            [-120.53972, 37.04187],
            [-120.54017, 37.0424],
            [-120.54042, 37.04282],
            [-120.54065, 37.04354],
            [-120.54086, 37.04389],
            [-120.54151, 37.04439],
            [-120.54258, 37.04504],
            [-120.54295, 37.0454],
            [-120.54303, 37.04556],
            [-120.54302, 37.04588],
            [-120.5429, 37.04626],
            [-120.54231, 37.04684],
            [-120.5419, 37.04698],
            [-120.54168, 37.04697],
            [-120.5413, 37.04686],
            [-120.54117, 37.04687],
            [-120.5409, 37.04699],
            [-120.54064, 37.04718],
            [-120.54054, 37.04752],
            [-120.54053, 37.0485],
            [-120.5407, 37.0493],
            [-120.54084, 37.04956],
            [-120.54119, 37.04998],
            [-120.54132, 37.05001],
            [-120.54181, 37.05001],
            [-120.54271, 37.0499],
            [-120.54366, 37.04995],
            [-120.54443, 37.05015],
            [-120.54468, 37.0503],
            [-120.54505, 37.05066],
            [-120.54525, 37.05113],
            [-120.54559, 37.05162],
            [-120.54657, 37.0522],
            [-120.54699, 37.05252],
            [-120.54725, 37.05281],
            [-120.54727, 37.05402],
            [-120.54736, 37.05451],
            [-120.54755, 37.05483],
            [-120.5478, 37.05503],
            [-120.54806, 37.05517],
            [-120.54904, 37.05547],
            [-120.54951, 37.05586],
            [-120.55015, 37.0566],
            [-120.55053, 37.0569],
            [-120.55112, 37.05753],
            [-120.55235, 37.05813],
            [-120.55272, 37.05814],
            [-120.55293, 37.05832],
            [-120.55311, 37.05861],
            [-120.55331, 37.05916],
            [-120.55312, 37.06036],
            [-120.5532, 37.06078],
            [-120.55346, 37.0612],
            [-120.55387, 37.06153],
            [-120.55446, 37.06192],
            [-120.55506, 37.06217],
            [-120.55585, 37.06234],
            [-120.55622, 37.06259],
            [-120.55654, 37.06273],
            [-120.55662, 37.06285],
            [-120.55681, 37.06333],
            [-120.55682, 37.06442],
            [-120.5566, 37.06484],
            [-120.55641, 37.06499],
            [-120.55611, 37.06547],
            [-120.55599, 37.06613],
            [-120.55624, 37.06654],
            [-120.55657, 37.06696],
            [-120.55661, 37.06719],
            [-120.55653, 37.06727],
            [-120.55636, 37.06731],
            [-120.5555, 37.06735],
            [-120.55488, 37.06744],
            [-120.55468, 37.06752],
            [-120.55427, 37.06785],
            [-120.55437, 37.06826],
            [-120.55477, 37.06869],
            [-120.55485, 37.06886],
            [-120.55487, 37.06942],
            [-120.5548, 37.06962],
            [-120.55455, 37.07004],
            [-120.5545, 37.07061],
            [-120.55474, 37.07114],
            [-120.55524, 37.07144],
            [-120.55538, 37.07162],
            [-120.55547, 37.07211],
            [-120.55545, 37.07303],
            [-120.55566, 37.07375],
            [-120.55607, 37.07418],
            [-120.55689, 37.07484],
            [-120.55786, 37.07539],
            [-120.55822, 37.07557],
            [-120.55873, 37.07569],
            [-120.55955, 37.07563],
            [-120.56028, 37.07545],
            [-120.5605, 37.07543],
            [-120.56125, 37.07555],
            [-120.56234, 37.0759],
            [-120.56315, 37.07636],
            [-120.56367, 37.07694],
            [-120.5638, 37.07749],
            [-120.56374, 37.07788],
            [-120.56371, 37.07808],
            [-120.5635, 37.07859],
            [-120.56294, 37.07963],
            [-120.56295, 37.08016],
            [-120.56302, 37.08044],
            [-120.56315, 37.08067],
            [-120.56342, 37.08091],
            [-120.56361, 37.081],
            [-120.56405, 37.08108],
            [-120.56564, 37.08115],
            [-120.56649, 37.08139],
            [-120.56688, 37.08163],
            [-120.56768, 37.08274],
            [-120.56778, 37.0832],
            [-120.56769, 37.08387],
            [-120.5677, 37.08429],
            [-120.56824, 37.08524],
            [-120.56845, 37.08547],
            [-120.56873, 37.08564],
            [-120.56967, 37.08572],
            [-120.56987, 37.0858],
            [-120.56998, 37.08595],
            [-120.57001, 37.0862],
            [-120.56989, 37.08639],
            [-120.5697, 37.08655],
            [-120.56911, 37.0868],
            [-120.56876, 37.08703],
            [-120.56749, 37.08838],
            [-120.56741, 37.08854],
            [-120.56738, 37.08882],
            [-120.56788, 37.08912],
            [-120.56855, 37.08915],
            [-120.56895, 37.08922],
            [-120.5699, 37.08976],
            [-120.57055, 37.08991],
            [-120.5717, 37.09009],
            [-120.57322, 37.0911],
            [-120.5734, 37.0913],
            [-120.57343, 37.09166],
            [-120.57286, 37.09274],
            [-120.57285, 37.09356],
            [-120.57293, 37.09368],
            [-120.5731, 37.0938],
            [-120.57416, 37.09428],
            [-120.57445, 37.0945],
            [-120.57456, 37.09466],
            [-120.57515, 37.09511],
            [-120.57561, 37.09533],
            [-120.5761, 37.09537],
            [-120.57681, 37.09523],
            [-120.5771, 37.09532],
            [-120.57728, 37.0958],
            [-120.57734, 37.09629],
            [-120.57728, 37.09718],
            [-120.57734, 37.09796],
            [-120.57748, 37.09845],
            [-120.57752, 37.09889],
            [-120.57782, 37.09928],
            [-120.57809, 37.09947],
            [-120.5786, 37.0997],
            [-120.57888, 37.09988],
            [-120.57946, 37.10008],
            [-120.5796, 37.10017],
            [-120.58, 37.10095],
            [-120.58035, 37.10123],
            [-120.58103, 37.10165],
            [-120.58116, 37.10191],
            [-120.58173, 37.10268],
            [-120.58198, 37.10289],
            [-120.58243, 37.10304],
            [-120.58387, 37.10319],
            [-120.58437, 37.10335],
            [-120.58472, 37.10385],
            [-120.58528, 37.10437],
            [-120.58583, 37.10518],
            [-120.58625, 37.1056],
            [-120.58656, 37.10581],
            [-120.58764, 37.10634],
            [-120.58779, 37.10649],
            [-120.58812, 37.10711],
            [-120.58863, 37.10881],
            [-120.58886, 37.1092],
            [-120.58917, 37.10955],
            [-120.58998, 37.10986],
            [-120.59024, 37.11],
            [-120.59059, 37.11062],
            [-120.59061, 37.11094],
            [-120.59033, 37.11126],
            [-120.58977, 37.11155],
            [-120.58938, 37.11189],
            [-120.58913, 37.11198],
            [-120.58931, 37.11217],
            [-120.58936, 37.11235],
            [-120.58947, 37.1125],
            [-120.58947, 37.11254],
            [-120.58951, 37.11268],
            [-120.58955, 37.11275],
            [-120.5896, 37.11281],
            [-120.58966, 37.11286],
            [-120.58977, 37.11292],
            [-120.58997, 37.11301],
            [-120.59018, 37.11307],
            [-120.59045, 37.11312],
            [-120.59098, 37.11316],
            [-120.59139, 37.11314],
            [-120.59175, 37.11311],
            [-120.59193, 37.1131],
            [-120.59215, 37.11313],
            [-120.59264, 37.11316],
            [-120.59318, 37.11323],
            [-120.5935, 37.11324],
            [-120.59368, 37.11323],
            [-120.5938, 37.11321],
            [-120.59388, 37.11318],
            [-120.59415, 37.11304],
            [-120.5945, 37.11287],
            [-120.59464, 37.11278],
            [-120.59481, 37.11261],
            [-120.59494, 37.11251],
            [-120.59503, 37.11249],
            [-120.59516, 37.11246],
            [-120.59525, 37.11247],
            [-120.59532, 37.11251],
            [-120.59538, 37.11257],
            [-120.59543, 37.11267],
            [-120.59547, 37.11269],
            [-120.59556, 37.11296],
            [-120.5955, 37.11321],
            [-120.59548, 37.11324],
            [-120.59541, 37.11329],
            [-120.5954, 37.11333],
            [-120.59538, 37.11354],
            [-120.59538, 37.11394],
            [-120.5954, 37.11401],
            [-120.59548, 37.11418],
            [-120.59567, 37.11443],
            [-120.59576, 37.1146],
            [-120.59581, 37.11466],
            [-120.59588, 37.1147],
            [-120.59596, 37.11472],
            [-120.59622, 37.11477],
            [-120.5965, 37.11479],
            [-120.59668, 37.11479],
            [-120.59758, 37.11473],
            [-120.59772, 37.11473],
            [-120.59781, 37.11473],
            [-120.59807, 37.1148],
            [-120.5985, 37.11486],
            [-120.59864, 37.11489],
            [-120.59898, 37.115],
            [-120.59911, 37.11501],
            [-120.59919, 37.115],
            [-120.59928, 37.11498],
            [-120.59936, 37.11495],
            [-120.59955, 37.11485],
            [-120.59962, 37.1148],
            [-120.5999, 37.11451],
            [-120.60002, 37.11441],
            [-120.60015, 37.11431],
            [-120.60029, 37.11421],
            [-120.60056, 37.11408],
            [-120.60072, 37.11402],
            [-120.60093, 37.11397],
            [-120.60186, 37.1138],
            [-120.60208, 37.11377],
            [-120.60235, 37.11377],
            [-120.60258, 37.11379],
            [-120.6028, 37.11381],
            [-120.60302, 37.11386],
            [-120.60318, 37.11392],
            [-120.6035, 37.11405],
            [-120.60409, 37.11433],
            [-120.60449, 37.11449],
            [-120.60488, 37.1146],
            [-120.60505, 37.11464],
            [-120.60523, 37.11465],
            [-120.60549, 37.11465],
            [-120.60582, 37.11464],
            [-120.60617, 37.1146],
            [-120.60657, 37.11455],
            [-120.6075, 37.11439],
            [-120.60841, 37.1142],
            [-120.60871, 37.11412],
            [-120.60876, 37.11414],
            [-120.60883, 37.11417],
            [-120.60894, 37.11424],
            [-120.60902, 37.11437],
            [-120.60908, 37.11446],
            [-120.60913, 37.11468],
            [-120.60922, 37.11525],
            [-120.60924, 37.11554],
            [-120.60925, 37.11565],
            [-120.6092, 37.11582],
            [-120.60918, 37.11593],
            [-120.60918, 37.11604],
            [-120.60921, 37.11622],
            [-120.60927, 37.11639],
            [-120.60934, 37.11652],
            [-120.60949, 37.11671],
            [-120.6096, 37.11682],
            [-120.6097, 37.11689],
            [-120.60981, 37.11695],
            [-120.61023, 37.11717],
            [-120.61048, 37.11724],
            [-120.61061, 37.11727],
            [-120.6107, 37.11727],
            [-120.61079, 37.11726],
            [-120.61096, 37.11722],
            [-120.61104, 37.11719],
            [-120.61116, 37.11713],
            [-120.61134, 37.11702],
            [-120.61169, 37.11669],
            [-120.6118, 37.11663],
            [-120.61191, 37.11657],
            [-120.61204, 37.11652],
            [-120.61221, 37.11647],
            [-120.61247, 37.11641],
            [-120.61269, 37.1164],
            [-120.61283, 37.1164],
            [-120.61291, 37.11641],
            [-120.61313, 37.11645],
            [-120.6136, 37.11659],
            [-120.61372, 37.11664],
            [-120.61383, 37.1167],
            [-120.61404, 37.11684],
            [-120.6144, 37.11712],
            [-120.61462, 37.11734],
            [-120.61473, 37.11746],
            [-120.61516, 37.11787],
            [-120.6153, 37.11801],
            [-120.61549, 37.11826],
            [-120.61563, 37.11841],
            [-120.61567, 37.11847],
            [-120.61568, 37.11854],
            [-120.61569, 37.11864],
            [-120.6157, 37.1189],
            [-120.61572, 37.11897],
            [-120.61567, 37.11926],
            [-120.61576, 37.11974],
            [-120.61595, 37.11986],
            [-120.61658, 37.11995],
            [-120.61672, 37.1199],
            [-120.61723, 37.11949],
            [-120.6174, 37.11934],
            [-120.6177, 37.11917],
            [-120.61831, 37.11888],
            [-120.61855, 37.11882],
            [-120.61918, 37.11876],
            [-120.61962, 37.11878],
            [-120.62045, 37.11886],
            [-120.62107, 37.11897],
            [-120.62167, 37.11907],
            [-120.62238, 37.11919],
            [-120.62283, 37.1193],
            [-120.62292, 37.11933],
            [-120.62301, 37.11956],
            [-120.62287, 37.12001],
            [-120.62274, 37.12024],
            [-120.62267, 37.12023],
            [-120.62228, 37.12051],
            [-120.62197, 37.12069],
            [-120.62176, 37.12092],
            [-120.62162, 37.12119],
            [-120.62165, 37.12131],
            [-120.62174, 37.12148],
            [-120.62197, 37.12173],
            [-120.6222, 37.12186],
            [-120.62266, 37.12201],
            [-120.62308, 37.12206],
            [-120.62336, 37.12203],
            [-120.6236, 37.12196],
            [-120.62383, 37.12187],
            [-120.62431, 37.12159],
            [-120.62465, 37.1213],
            [-120.62521, 37.12086],
            [-120.62562, 37.12036],
            [-120.62602, 37.11991],
            [-120.62611, 37.11981],
            [-120.62618, 37.11971],
            [-120.6262, 37.11844],
            [-120.62617, 37.11794],
            [-120.62611, 37.11783],
            [-120.6261, 37.11768],
            [-120.62615, 37.11702],
            [-120.62623, 37.11697],
            [-120.6266, 37.11685],
            [-120.6268, 37.11686],
            [-120.62697, 37.1169],
            [-120.6273, 37.11711],
            [-120.62749, 37.11727],
            [-120.62769, 37.1175],
            [-120.62789, 37.11781],
            [-120.62802, 37.11814],
            [-120.62818, 37.11832],
            [-120.62826, 37.11833],
            [-120.62884, 37.11859],
            [-120.62922, 37.11867],
            [-120.63, 37.11876],
            [-120.6307, 37.11837],
            [-120.63101, 37.11816],
            [-120.63121, 37.11808],
            [-120.63138, 37.11797],
            [-120.6318, 37.11785],
            [-120.63195, 37.1178],
            [-120.63209, 37.11779],
            [-120.63221, 37.11781],
            [-120.63262, 37.11781],
            [-120.63298, 37.11783],
            [-120.63346, 37.11794],
            [-120.63431, 37.11799],
            [-120.63453, 37.11801],
            [-120.63457, 37.11802],
            [-120.63465, 37.11806],
            [-120.63471, 37.11812],
            [-120.63491, 37.1184],
            [-120.63505, 37.11854],
            [-120.6352, 37.11867],
            [-120.63533, 37.11878],
            [-120.63544, 37.11884],
            [-120.63551, 37.11888],
            [-120.63568, 37.11894],
            [-120.63575, 37.11898],
            [-120.63584, 37.11906],
            [-120.63596, 37.11922],
            [-120.63605, 37.1193],
            [-120.63621, 37.11942],
            [-120.63646, 37.11958],
            [-120.63677, 37.11974],
            [-120.63692, 37.1198],
            [-120.63705, 37.11984],
            [-120.63749, 37.11993],
            [-120.63771, 37.11996],
            [-120.63793, 37.11998],
            [-120.63879, 37.12001],
            [-120.63906, 37.12001],
            [-120.63914, 37.12],
            [-120.63919, 37.11993],
            [-120.63954, 37.11971],
            [-120.63967, 37.11961],
            [-120.63974, 37.11955],
            [-120.63978, 37.11945],
            [-120.63976, 37.11935],
            [-120.63968, 37.11921],
            [-120.6396, 37.11913],
            [-120.63958, 37.1191],
            [-120.63957, 37.11906],
            [-120.63965, 37.11889],
            [-120.63976, 37.11873],
            [-120.63984, 37.11865],
            [-120.63997, 37.11855],
            [-120.64011, 37.11846],
            [-120.64031, 37.11837],
            [-120.64043, 37.11832],
            [-120.64061, 37.11833],
            [-120.64088, 37.11835],
            [-120.64101, 37.11839],
            [-120.64116, 37.11846],
            [-120.64132, 37.11859],
            [-120.64149, 37.1188],
            [-120.64161, 37.119],
            [-120.64168, 37.11917],
            [-120.64198, 37.12033],
            [-120.64207, 37.12054],
            [-120.64208, 37.12065],
            [-120.64207, 37.12079],
            [-120.64203, 37.12108],
            [-120.64195, 37.12125],
            [-120.64184, 37.1214],
            [-120.6417, 37.12186],
            [-120.64165, 37.122],
            [-120.64163, 37.12203],
            [-120.64146, 37.12209],
            [-120.64139, 37.12213],
            [-120.64132, 37.12218],
            [-120.64129, 37.12221],
            [-120.64126, 37.12232],
            [-120.64119, 37.1224],
            [-120.64113, 37.12256],
            [-120.64087, 37.12284],
            [-120.64056, 37.12305],
            [-120.6404, 37.1233],
            [-120.64027, 37.12362],
            [-120.64024, 37.12378],
            [-120.64018, 37.12391],
            [-120.64012, 37.12447],
            [-120.64016, 37.12465],
            [-120.64016, 37.12479],
            [-120.64011, 37.12494],
            [-120.64011, 37.12507],
            [-120.64023, 37.12552],
            [-120.64037, 37.12567],
            [-120.64084, 37.12601],
            [-120.64099, 37.12613],
            [-120.64107, 37.12634],
            [-120.64116, 37.12639],
            [-120.64145, 37.12642],
            [-120.64179, 37.12643],
            [-120.64198, 37.12649],
            [-120.64238, 37.1267],
            [-120.64271, 37.12689],
            [-120.64287, 37.12704],
            [-120.64306, 37.12718],
            [-120.6431, 37.12736],
            [-120.64308, 37.12761],
            [-120.64286, 37.12794],
            [-120.64277, 37.12804],
            [-120.64262, 37.12811],
            [-120.64249, 37.12823],
            [-120.64221, 37.12835],
            [-120.64214, 37.12841],
            [-120.64188, 37.12876],
            [-120.64181, 37.12905],
            [-120.64181, 37.12935],
            [-120.64186, 37.1295],
            [-120.64209, 37.12977],
            [-120.64234, 37.1299],
            [-120.64288, 37.13012],
            [-120.64321, 37.13022],
            [-120.64368, 37.13033],
            [-120.64388, 37.1304],
            [-120.64408, 37.13061],
            [-120.64415, 37.13091],
            [-120.64411, 37.13129],
            [-120.64394, 37.13167],
            [-120.64384, 37.13186],
            [-120.64373, 37.13194],
            [-120.64367, 37.13195],
            [-120.64363, 37.13202],
            [-120.64354, 37.13251],
            [-120.64371, 37.13299],
            [-120.64382, 37.13314],
            [-120.64458, 37.13385],
            [-120.64499, 37.13427],
            [-120.64545, 37.13487],
            [-120.64554, 37.13522],
            [-120.64545, 37.13565],
            [-120.64545, 37.1357],
            [-120.64551, 37.13606],
            [-120.6457, 37.13634],
            [-120.64684, 37.13736],
            [-120.6472, 37.13785],
            [-120.64726, 37.13834],
            [-120.64723, 37.13877],
            [-120.64703, 37.13946],
            [-120.64715, 37.13988],
            [-120.64726, 37.14003],
            [-120.64754, 37.14026],
            [-120.64832, 37.14054],
            [-120.64895, 37.14059],
            [-120.64967, 37.14052],
            [-120.65008, 37.14066],
            [-120.65038, 37.14092],
            [-120.65057, 37.14168],
            [-120.65076, 37.14212],
            [-120.65098, 37.1423],
            [-120.65108, 37.14252],
            [-120.65116, 37.14266],
            [-120.65131, 37.14281],
            [-120.65143, 37.14302],
            [-120.65162, 37.14316],
            [-120.65179, 37.14318],
            [-120.65184, 37.14321],
            [-120.65185, 37.14327],
            [-120.6519, 37.14331],
            [-120.65279, 37.14352],
            [-120.65376, 37.14368],
            [-120.65501, 37.14374],
            [-120.65522, 37.14365],
            [-120.65544, 37.1437],
            [-120.65579, 37.14387],
            [-120.65605, 37.14398],
            [-120.65695, 37.14455],
            [-120.65765, 37.14504],
            [-120.65783, 37.14523],
            [-120.65816, 37.14545],
            [-120.65833, 37.14566],
            [-120.6586, 37.14607],
            [-120.65887, 37.14624],
            [-120.65893, 37.14631],
            [-120.65897, 37.14648],
            [-120.65909, 37.14661],
            [-120.65939, 37.14688],
            [-120.65955, 37.14715],
            [-120.65963, 37.14731],
            [-120.65987, 37.14758],
            [-120.65991, 37.14765],
            [-120.66035, 37.14803],
            [-120.66063, 37.14815],
            [-120.66081, 37.14817],
            [-120.66103, 37.14814],
            [-120.66123, 37.14806],
            [-120.66144, 37.14792],
            [-120.66172, 37.14765],
            [-120.66194, 37.14753],
            [-120.66227, 37.14739],
            [-120.66241, 37.14731],
            [-120.6626, 37.14725],
            [-120.66293, 37.14725],
            [-120.6633, 37.14728],
            [-120.66361, 37.1472],
            [-120.66376, 37.14712],
            [-120.66408, 37.14711],
            [-120.66432, 37.14715],
            [-120.66439, 37.14717],
            [-120.66479, 37.14724],
            [-120.66514, 37.14719],
            [-120.66586, 37.14678],
            [-120.66652, 37.14656],
            [-120.66676, 37.14664],
            [-120.66693, 37.14681],
            [-120.66757, 37.1476],
            [-120.66785, 37.14794],
            [-120.66812, 37.1483],
            [-120.66862, 37.14867],
            [-120.66915, 37.1491],
            [-120.66969, 37.14934],
            [-120.6698, 37.14948],
            [-120.66983, 37.14964],
            [-120.66989, 37.14981],
            [-120.67027, 37.15012],
            [-120.67035, 37.15018],
            [-120.67078, 37.15062],
            [-120.67126, 37.1508],
            [-120.67183, 37.15092],
            [-120.67213, 37.1509],
            [-120.67248, 37.15081],
            [-120.67317, 37.15072],
            [-120.6733, 37.15063],
            [-120.67347, 37.15064],
            [-120.67357, 37.15066],
            [-120.67376, 37.15068],
            [-120.67421, 37.15061],
            [-120.67457, 37.15063],
            [-120.67509, 37.15084],
            [-120.67533, 37.15104],
            [-120.67558, 37.15134],
            [-120.67598, 37.15213],
            [-120.67645, 37.15246],
            [-120.67654, 37.15257],
            [-120.6767, 37.15266],
            [-120.67736, 37.15284],
            [-120.67795, 37.15313],
            [-120.67821, 37.15339],
            [-120.67843, 37.15358],
            [-120.6789, 37.15378],
            [-120.67992, 37.15389],
            [-120.68053, 37.15385],
            [-120.68118, 37.15371],
            [-120.68138, 37.15366],
            [-120.6818, 37.15344],
            [-120.68207, 37.15322],
            [-120.68247, 37.15281],
            [-120.68246, 37.15268],
            [-120.68242, 37.15247],
            [-120.68243, 37.15241],
            [-120.68246, 37.15237],
            [-120.68244, 37.15232],
            [-120.68228, 37.15203],
            [-120.68221, 37.15133],
            [-120.68226, 37.15108],
            [-120.68238, 37.15093],
            [-120.68255, 37.1509],
            [-120.68282, 37.15092],
            [-120.68374, 37.15108],
            [-120.68433, 37.15113],
            [-120.68472, 37.15106],
            [-120.68492, 37.15097],
            [-120.68523, 37.15067],
            [-120.68535, 37.15044],
            [-120.68536, 37.15023],
            [-120.68525, 37.14992],
            [-120.68481, 37.14958],
            [-120.68472, 37.14906],
            [-120.68475, 37.14871],
            [-120.68481, 37.14858],
            [-120.6853, 37.14816],
            [-120.68533, 37.14799],
            [-120.68526, 37.14779],
            [-120.68503, 37.14752],
            [-120.68477, 37.14733],
            [-120.68292, 37.14627],
            [-120.68237, 37.1458],
            [-120.68231, 37.14563],
            [-120.68229, 37.14531],
            [-120.68236, 37.14502],
            [-120.68256, 37.14471],
            [-120.68357, 37.14399],
            [-120.68403, 37.14355],
            [-120.68434, 37.14335],
            [-120.68473, 37.14325],
            [-120.685, 37.14323],
            [-120.6855, 37.14325],
            [-120.68602, 37.14337],
            [-120.68688, 37.14368],
            [-120.68721, 37.14392],
            [-120.68758, 37.14432],
            [-120.6878, 37.14471],
            [-120.68791, 37.14506],
            [-120.68875, 37.14663],
            [-120.68894, 37.14803],
            [-120.6892, 37.14885],
            [-120.68928, 37.14901],
            [-120.68943, 37.14917],
            [-120.68988, 37.1494],
            [-120.69055, 37.14945],
            [-120.69122, 37.14938],
            [-120.6914, 37.14927],
            [-120.69157, 37.14906],
            [-120.69202, 37.14906],
            [-120.69315, 37.14898],
            [-120.69372, 37.14886],
            [-120.69401, 37.14895],
            [-120.69485, 37.1487],
            [-120.69522, 37.14869],
            [-120.69588, 37.14878],
            [-120.69608, 37.14886],
            [-120.69637, 37.14908],
            [-120.69671, 37.14925],
            [-120.69747, 37.14946],
            [-120.69888, 37.14815],
            [-120.6996, 37.14765],
            [-120.70004, 37.14748],
            [-120.70055, 37.14719],
            [-120.7021, 37.14692],
            [-120.70263, 37.14673],
            [-120.70462, 37.14457],
            [-120.70516, 37.14409],
            [-120.70563, 37.14398],
            [-120.70603, 37.14403],
            [-120.70631, 37.14416],
            [-120.70673, 37.14452],
            [-120.70692, 37.14461],
            [-120.70719, 37.14494],
            [-120.70741, 37.14503],
            [-120.70743, 37.14504],
            [-120.70767, 37.14525],
            [-120.70831, 37.14602],
            [-120.70845, 37.1464],
            [-120.70843, 37.147],
            [-120.70811, 37.1475],
            [-120.70792, 37.14801],
            [-120.70787, 37.14911],
            [-120.70794, 37.14956],
            [-120.70848, 37.15022],
            [-120.70898, 37.15046],
            [-120.70964, 37.15058],
            [-120.71104, 37.15052],
            [-120.71185, 37.15055],
            [-120.71301, 37.15073],
            [-120.71376, 37.15098],
            [-120.71453, 37.15136],
            [-120.71494, 37.15169],
            [-120.71575, 37.15209],
            [-120.71609, 37.15219],
            [-120.71632, 37.15219],
            [-120.71691, 37.15199],
            [-120.71747, 37.15165],
            [-120.71915, 37.15088],
            [-120.71945, 37.15061],
            [-120.71997, 37.15039],
            [-120.72021, 37.15023],
            [-120.72053, 37.1501],
            [-120.72101, 37.14999],
            [-120.72137, 37.14995],
            [-120.72203, 37.15006],
            [-120.723, 37.15044],
            [-120.72324, 37.1506],
            [-120.7234, 37.15079],
            [-120.72377, 37.15128],
            [-120.72414, 37.15164],
            [-120.72448, 37.15218],
            [-120.725, 37.15285],
            [-120.72514, 37.15319],
            [-120.72514, 37.15365],
            [-120.72533, 37.15413],
            [-120.72558, 37.15439],
            [-120.72619, 37.15476],
            [-120.72664, 37.1549],
            [-120.72732, 37.15497],
            [-120.72898, 37.15504],
            [-120.7307, 37.15503],
            [-120.73122, 37.15491],
            [-120.73152, 37.15469],
            [-120.73198, 37.15447],
            [-120.73248, 37.15444],
            [-120.73382, 37.15459],
            [-120.73576, 37.15494],
            [-120.73628, 37.15466],
            [-120.73678, 37.15416],
            [-120.73693, 37.1539],
            [-120.73704, 37.15352],
            [-120.73722, 37.1532],
            [-120.73757, 37.15293],
            [-120.73797, 37.15287],
            [-120.73815, 37.15298],
            [-120.73853, 37.1535],
            [-120.73872, 37.15405],
            [-120.73868, 37.1544],
            [-120.73877, 37.15486],
            [-120.73903, 37.15505],
            [-120.7393, 37.15506],
            [-120.73999, 37.15489],
            [-120.74029, 37.15474],
            [-120.74095, 37.15426],
            [-120.74164, 37.154],
            [-120.74195, 37.15397],
            [-120.74289, 37.15403],
            [-120.74323, 37.15412],
            [-120.74339, 37.15428],
            [-120.74378, 37.15504],
            [-120.74384, 37.15539],
            [-120.74379, 37.15549],
            [-120.74355, 37.1557],
            [-120.74328, 37.15626],
            [-120.74207, 37.15717],
            [-120.74138, 37.15762],
            [-120.74109, 37.1579],
            [-120.74107, 37.15811],
            [-120.74113, 37.15824],
            [-120.7413, 37.15841],
            [-120.74169, 37.1586],
            [-120.74211, 37.15872],
            [-120.74264, 37.1588],
            [-120.74318, 37.15877],
            [-120.74349, 37.1587],
            [-120.74371, 37.15859],
            [-120.7441, 37.15829],
            [-120.74533, 37.1572],
            [-120.74598, 37.1567],
            [-120.74637, 37.1566],
            [-120.74677, 37.15659],
            [-120.74716, 37.15669],
            [-120.74734, 37.15674],
            [-120.74741, 37.15677],
            [-120.74762, 37.15689],
            [-120.74784, 37.15712],
            [-120.74801, 37.15738],
            [-120.7481, 37.15771],
            [-120.74806, 37.15804],
            [-120.74794, 37.15872],
            [-120.7479, 37.15885],
            [-120.74786, 37.15929],
            [-120.7478, 37.15953],
            [-120.74778, 37.15968],
            [-120.74778, 37.16007],
            [-120.74782, 37.1609],
            [-120.74788, 37.16133],
            [-120.74795, 37.16165],
            [-120.748, 37.16194],
            [-120.74806, 37.16203],
            [-120.7482, 37.1622],
            [-120.74865, 37.16241],
            [-120.74904, 37.16253],
            [-120.74951, 37.16253],
            [-120.75005, 37.1625],
            [-120.75038, 37.16226],
            [-120.75067, 37.16209],
            [-120.75082, 37.16188],
            [-120.751, 37.16164],
            [-120.75124, 37.16134],
            [-120.75142, 37.16116],
            [-120.75188, 37.16084],
            [-120.75195, 37.16082],
            [-120.75219, 37.16068],
            [-120.75226, 37.16066],
            [-120.75229, 37.16063],
            [-120.7525, 37.16051],
            [-120.75256, 37.16044],
            [-120.75282, 37.16027],
            [-120.7532, 37.16013],
            [-120.75324, 37.16009],
            [-120.75349, 37.15993],
            [-120.75352, 37.15989],
            [-120.75361, 37.15985],
            [-120.75374, 37.15976],
            [-120.75393, 37.15956],
            [-120.75403, 37.1595],
            [-120.75418, 37.15944],
            [-120.75436, 37.15934],
            [-120.75478, 37.1592],
            [-120.7551, 37.15918],
            [-120.75533, 37.15922],
            [-120.75553, 37.15929],
            [-120.75579, 37.15952],
            [-120.75617, 37.16006],
            [-120.75631, 37.1602],
            [-120.7564, 37.16025],
            [-120.75653, 37.16037],
            [-120.75666, 37.16061],
            [-120.7568, 37.161],
            [-120.75689, 37.16111],
            [-120.75707, 37.16124],
            [-120.75717, 37.1613],
            [-120.75731, 37.1614],
            [-120.75728, 37.16157],
            [-120.75727, 37.16178],
            [-120.75741, 37.16209],
            [-120.75743, 37.16223],
            [-120.75741, 37.16264],
            [-120.75737, 37.16281],
            [-120.75719, 37.16308],
            [-120.75673, 37.1633],
            [-120.75634, 37.16345],
            [-120.75601, 37.16377],
            [-120.75562, 37.16407],
            [-120.75491, 37.16428],
            [-120.75417, 37.16469],
            [-120.75372, 37.16485],
            [-120.75347, 37.16506],
            [-120.7534, 37.16509],
            [-120.75319, 37.16512],
            [-120.75128, 37.16515],
            [-120.75102, 37.16515],
            [-120.7507, 37.16516],
            [-120.75057, 37.16517],
            [-120.75044, 37.16521],
            [-120.75033, 37.16527],
            [-120.75015, 37.16543],
            [-120.75007, 37.16552],
            [-120.75, 37.16561],
            [-120.74994, 37.16571],
            [-120.74991, 37.16577],
            [-120.74989, 37.16592],
            [-120.74991, 37.1661],
            [-120.75004, 37.16637],
            [-120.75017, 37.16656],
            [-120.75042, 37.16687],
            [-120.75049, 37.16692],
            [-120.7506, 37.16696],
            [-120.75095, 37.16706],
            [-120.75103, 37.1671],
            [-120.75131, 37.16721],
            [-120.75157, 37.16727],
            [-120.75173, 37.16734],
            [-120.7518, 37.16738],
            [-120.75183, 37.16741],
            [-120.75189, 37.16751],
            [-120.75193, 37.16757],
            [-120.7521, 37.16769],
            [-120.7523, 37.16777],
            [-120.75246, 37.16785],
            [-120.75267, 37.16797],
            [-120.75281, 37.16807],
            [-120.75289, 37.16809],
            [-120.75315, 37.16815],
            [-120.75323, 37.16819],
            [-120.75333, 37.16826],
            [-120.75364, 37.16853],
            [-120.754, 37.16901],
            [-120.75439, 37.1694],
            [-120.75472, 37.16968],
            [-120.75525, 37.16993],
            [-120.75561, 37.17001],
            [-120.75607, 37.16986],
            [-120.75643, 37.16986],
            [-120.75686, 37.17001],
            [-120.75718, 37.17011],
            [-120.75757, 37.17029],
            [-120.75821, 37.17047],
            [-120.7585, 37.17065],
            [-120.75857, 37.17101],
            [-120.75857, 37.17133],
            [-120.7585, 37.17143],
            [-120.75861, 37.17172],
            [-120.75883, 37.17184],
            [-120.75936, 37.17217],
            [-120.75952, 37.17225],
            [-120.7596, 37.17234],
            [-120.75969, 37.1725],
            [-120.75988, 37.17274],
            [-120.7599, 37.17278],
            [-120.7599, 37.17292],
            [-120.75988, 37.17307],
            [-120.75985, 37.17309],
            [-120.75905, 37.1735],
            [-120.75883, 37.17362],
            [-120.75848, 37.17386],
            [-120.75818, 37.1741],
            [-120.75813, 37.1742],
            [-120.75784, 37.17441],
            [-120.75757, 37.17482],
            [-120.75757, 37.17507],
            [-120.75775, 37.17526],
            [-120.75809, 37.17543],
            [-120.75841, 37.17543],
            [-120.75886, 37.17521],
            [-120.75898, 37.17492],
            [-120.75923, 37.17484],
            [-120.75946, 37.17482],
            [-120.75977, 37.17486],
            [-120.75999, 37.17499],
            [-120.76006, 37.17511],
            [-120.76006, 37.1754],
            [-120.75995, 37.17563],
            [-120.75934, 37.17609],
            [-120.75907, 37.17638],
            [-120.75826, 37.17642],
            [-120.75805, 37.17648],
            [-120.75787, 37.17658],
            [-120.75772, 37.1768],
            [-120.75777, 37.17701],
            [-120.75792, 37.17723],
            [-120.75821, 37.17744],
            [-120.75943, 37.17798],
            [-120.75969, 37.17804],
            [-120.761, 37.17811],
            [-120.76177, 37.17766],
            [-120.76265, 37.17703],
            [-120.76292, 37.17704],
            [-120.7631, 37.17714],
            [-120.76308, 37.17777],
            [-120.76272, 37.17887],
            [-120.76269, 37.17908],
            [-120.7627, 37.17944],
            [-120.76289, 37.17995],
            [-120.76323, 37.1805],
            [-120.76338, 37.18063],
            [-120.76441, 37.18107],
            [-120.76521, 37.18133],
            [-120.76556, 37.18161],
            [-120.76587, 37.18279],
            [-120.76589, 37.18339],
            [-120.76575, 37.18373],
            [-120.76541, 37.18406],
            [-120.76513, 37.18447],
            [-120.76556, 37.18497],
            [-120.76615, 37.18555],
            [-120.76624, 37.18578],
            [-120.76646, 37.18591],
            [-120.76633, 37.18625],
            [-120.76613, 37.18645],
            [-120.76439, 37.18692],
            [-120.76415, 37.18718],
            [-120.76386, 37.1877],
            [-120.76373, 37.18833],
            [-120.76373, 37.18919],
            [-120.76377, 37.18983],
            [-120.76387, 37.19014],
            [-120.76394, 37.19084],
            [-120.76379, 37.19121],
            [-120.7638, 37.19164],
            [-120.76366, 37.1919],
            [-120.76362, 37.19229],
            [-120.7635, 37.19259],
            [-120.76332, 37.19275],
            [-120.76225, 37.19335],
            [-120.76214, 37.19358],
            [-120.76201, 37.19368],
            [-120.76158, 37.19381],
            [-120.76114, 37.19384],
            [-120.7609, 37.19395],
            [-120.76082, 37.19404],
            [-120.76088, 37.19417],
            [-120.76099, 37.19447],
            [-120.76107, 37.1946],
            [-120.76126, 37.19477],
            [-120.76138, 37.19485],
            [-120.76193, 37.19501],
            [-120.7623, 37.19502],
            [-120.76257, 37.19501],
            [-120.76286, 37.19503],
            [-120.7632, 37.19512],
            [-120.76364, 37.19535],
            [-120.76385, 37.19558],
            [-120.76386, 37.19575],
            [-120.76402, 37.19593],
            [-120.76434, 37.19634],
            [-120.76466, 37.19681],
            [-120.76479, 37.19692],
            [-120.76529, 37.19719],
            [-120.76601, 37.19744],
            [-120.76643, 37.19763],
            [-120.76678, 37.19775],
            [-120.76725, 37.19796],
            [-120.76728, 37.19798],
            [-120.76735, 37.19799],
            [-120.76754, 37.19807],
            [-120.76757, 37.19808],
            [-120.7676, 37.19811],
            [-120.76771, 37.19815],
            [-120.76793, 37.19838],
            [-120.76803, 37.19871],
            [-120.76803, 37.19896],
            [-120.76797, 37.19926],
            [-120.76792, 37.19933],
            [-120.76782, 37.19961],
            [-120.76772, 37.19979],
            [-120.7675, 37.19998],
            [-120.76733, 37.20003],
            [-120.76672, 37.19997],
            [-120.7665, 37.20003],
            [-120.76639, 37.20012],
            [-120.76625, 37.20034],
            [-120.76621, 37.20082],
            [-120.76621, 37.20105],
            [-120.76618, 37.20119],
            [-120.76624, 37.20142],
            [-120.76634, 37.20165],
            [-120.76696, 37.20259],
            [-120.76709, 37.2027],
            [-120.76718, 37.20282],
            [-120.76718, 37.20294],
            [-120.76709, 37.20308],
            [-120.76695, 37.20315],
            [-120.76646, 37.20317],
            [-120.76594, 37.20314],
            [-120.76587, 37.20312],
            [-120.76576, 37.20294],
            [-120.76567, 37.20272],
            [-120.76558, 37.20266],
            [-120.7654, 37.20262],
            [-120.76506, 37.2026],
            [-120.76448, 37.20266],
            [-120.7642, 37.20276],
            [-120.76393, 37.20295],
            [-120.76372, 37.20314],
            [-120.76363, 37.20318],
            [-120.76355, 37.20324],
            [-120.76339, 37.20333],
            [-120.7631, 37.2034],
            [-120.76301, 37.20347],
            [-120.76321, 37.20369],
            [-120.76324, 37.20382],
            [-120.76315, 37.20391],
            [-120.76338, 37.20402],
            [-120.76364, 37.20427],
            [-120.76391, 37.20442],
            [-120.76425, 37.20451],
            [-120.7652, 37.20442],
            [-120.76601, 37.20449],
            [-120.76642, 37.20445],
            [-120.76707, 37.20431],
            [-120.76778, 37.20443],
            [-120.76817, 37.20482],
            [-120.76855, 37.20543],
            [-120.76872, 37.2056],
            [-120.7691, 37.20578],
            [-120.76993, 37.20608],
            [-120.7702, 37.20626],
            [-120.77046, 37.20672],
            [-120.77077, 37.20749],
            [-120.7708, 37.20798],
            [-120.77068, 37.20804],
            [-120.77061, 37.20809],
            [-120.77061, 37.20815],
            [-120.77089, 37.20861],
            [-120.77122, 37.20885],
            [-120.7714, 37.20914],
            [-120.7714, 37.20953],
            [-120.77137, 37.20992],
            [-120.77115, 37.21039],
            [-120.77088, 37.21052],
            [-120.77072, 37.21066],
            [-120.77046, 37.21083],
            [-120.77024, 37.21097],
            [-120.77015, 37.21114],
            [-120.77019, 37.21135],
            [-120.77027, 37.21155],
            [-120.77034, 37.21176],
            [-120.77043, 37.2119],
            [-120.77036, 37.21219],
            [-120.77031, 37.21224],
            [-120.77016, 37.21234],
            [-120.77, 37.21239],
            [-120.7703, 37.21288],
            [-120.77054, 37.21303],
            [-120.7709, 37.21304],
            [-120.77124, 37.21294],
            [-120.77226, 37.21275],
            [-120.77239, 37.21278],
            [-120.77244, 37.21279],
            [-120.77293, 37.21254],
            [-120.77303, 37.21247],
            [-120.77318, 37.21233],
            [-120.77339, 37.21211],
            [-120.77353, 37.21197],
            [-120.7736, 37.21179],
            [-120.77375, 37.21158],
            [-120.77385, 37.2114],
            [-120.77396, 37.21122],
            [-120.77407, 37.2109],
            [-120.77425, 37.21061],
            [-120.77429, 37.21019],
            [-120.77425, 37.21017],
            [-120.77452, 37.20986],
            [-120.77441, 37.20972],
            [-120.7744, 37.20969],
            [-120.77428, 37.2092],
            [-120.77414, 37.2089],
            [-120.77375, 37.20851],
            [-120.77332, 37.20821],
            [-120.77325, 37.20808],
            [-120.77324, 37.2078],
            [-120.77354, 37.20713],
            [-120.77381, 37.2068],
            [-120.77399, 37.2067],
            [-120.77425, 37.20663],
            [-120.77492, 37.20657],
            [-120.77571, 37.20671],
            [-120.77595, 37.20687],
            [-120.77624, 37.20739],
            [-120.7763, 37.20774],
            [-120.77628, 37.2081],
            [-120.77606, 37.20875],
            [-120.77572, 37.20913],
            [-120.77524, 37.20955],
            [-120.77503, 37.20983],
            [-120.77496, 37.20992],
            [-120.77556, 37.2114],
            [-120.77571, 37.21261],
            [-120.77567, 37.21289],
            [-120.77554, 37.21326],
            [-120.77519, 37.21395],
            [-120.77475, 37.2143],
            [-120.77454, 37.21457],
            [-120.77453, 37.21468],
            [-120.77464, 37.21487],
            [-120.7751, 37.2152],
            [-120.77535, 37.21525],
            [-120.77576, 37.21525],
            [-120.77713, 37.21501],
            [-120.77746, 37.2149],
            [-120.77783, 37.2147],
            [-120.77808, 37.21462],
            [-120.77862, 37.21429],
            [-120.77928, 37.2142],
            [-120.77934, 37.21417],
            [-120.77938, 37.2142],
            [-120.7795, 37.2142],
            [-120.77956, 37.21414],
            [-120.77962, 37.21405],
            [-120.77964, 37.21397],
            [-120.77973, 37.21388],
            [-120.78006, 37.21367],
            [-120.78026, 37.21358],
            [-120.78045, 37.21352],
            [-120.78066, 37.2135],
            [-120.78103, 37.21352],
            [-120.78119, 37.21349],
            [-120.78144, 37.21348],
            [-120.78167, 37.21344],
            [-120.78173, 37.21346],
            [-120.78196, 37.21367],
            [-120.78212, 37.2137],
            [-120.78222, 37.21377],
            [-120.78249, 37.21414],
            [-120.78254, 37.21432],
            [-120.78233, 37.21497],
            [-120.78243, 37.21617],
            [-120.78239, 37.21663],
            [-120.78246, 37.21691],
            [-120.78267, 37.2173],
            [-120.78276, 37.21753],
            [-120.78283, 37.21775],
            [-120.78283, 37.21777],
            [-120.78279, 37.21801],
            [-120.78267, 37.21846],
            [-120.78264, 37.21862],
            [-120.78263, 37.21881],
            [-120.78266, 37.2189],
            [-120.78273, 37.21903],
            [-120.78286, 37.21923],
            [-120.78287, 37.21929],
            [-120.78285, 37.21934],
            [-120.78283, 37.21946],
            [-120.7827, 37.21966],
            [-120.78214, 37.22025],
            [-120.78207, 37.22029],
            [-120.78215, 37.22111],
            [-120.78229, 37.22141],
            [-120.78257, 37.22182],
            [-120.78288, 37.22202],
            [-120.7831, 37.22206],
            [-120.78337, 37.22204],
            [-120.78355, 37.22214],
            [-120.78392, 37.22258],
            [-120.78408, 37.22306],
            [-120.78442, 37.22329],
            [-120.78473, 37.22332],
            [-120.78531, 37.22322],
            [-120.7864, 37.22318],
            [-120.7877, 37.22302],
            [-120.78891, 37.22265],
            [-120.78906, 37.22266],
            [-120.78935, 37.22276],
            [-120.78964, 37.22292],
            [-120.7897, 37.22293],
            [-120.79, 37.22291],
            [-120.79029, 37.22279],
            [-120.79056, 37.22267],
            [-120.7908, 37.2225],
            [-120.79104, 37.22237],
            [-120.79125, 37.22237],
            [-120.79144, 37.22238],
            [-120.79157, 37.22242],
            [-120.79199, 37.22237],
            [-120.79225, 37.22241],
            [-120.79241, 37.22253],
            [-120.79247, 37.22253],
            [-120.79252, 37.22242],
            [-120.79265, 37.22231],
            [-120.79281, 37.22227],
            [-120.79295, 37.22234],
            [-120.79321, 37.22258],
            [-120.79345, 37.2227],
            [-120.79364, 37.2227],
            [-120.79394, 37.22259],
            [-120.79409, 37.22258],
            [-120.79426, 37.22253],
            [-120.79442, 37.22244],
            [-120.79469, 37.22213],
            [-120.7948, 37.22208],
            [-120.79486, 37.22207],
            [-120.79489, 37.22204],
            [-120.7951, 37.22198],
            [-120.79534, 37.22194],
            [-120.79545, 37.22194],
            [-120.79546, 37.22201],
            [-120.79572, 37.22198],
            [-120.79613, 37.22213],
            [-120.79639, 37.22233],
            [-120.79678, 37.22275],
            [-120.79731, 37.22283],
            [-120.79797, 37.22272],
            [-120.79833, 37.22271],
            [-120.79895, 37.22292],
            [-120.79923, 37.2231],
            [-120.79947, 37.2234],
            [-120.79958, 37.22378],
            [-120.79962, 37.22399],
            [-120.79952, 37.22426],
            [-120.79956, 37.22492],
            [-120.80009, 37.22575],
            [-120.80026, 37.22592],
            [-120.80053, 37.22605],
            [-120.80175, 37.2266],
            [-120.8021, 37.22667],
            [-120.80251, 37.22669],
            [-120.80301, 37.22655],
            [-120.80332, 37.2264],
            [-120.80379, 37.22592],
            [-120.80431, 37.22604],
            [-120.80452, 37.22653],
            [-120.80443, 37.22709],
            [-120.80448, 37.22759],
            [-120.80452, 37.22812],
            [-120.80457, 37.22827],
            [-120.80451, 37.22832],
            [-120.80445, 37.22853],
            [-120.80446, 37.22871],
            [-120.80448, 37.22878],
            [-120.80453, 37.22892],
            [-120.80463, 37.22904],
            [-120.80475, 37.22915],
            [-120.80507, 37.22935],
            [-120.80515, 37.22944],
            [-120.80524, 37.22956],
            [-120.80527, 37.22963],
            [-120.80527, 37.22971],
            [-120.80526, 37.22978],
            [-120.8052, 37.22992],
            [-120.80519, 37.22999],
            [-120.80522, 37.23005],
            [-120.80531, 37.23018],
            [-120.80544, 37.23033],
            [-120.80553, 37.23041],
            [-120.80563, 37.23048],
            [-120.80575, 37.23054],
            [-120.80579, 37.23055],
            [-120.80584, 37.23054],
            [-120.80592, 37.23051],
            [-120.80605, 37.23041],
            [-120.8061, 37.23035],
            [-120.80621, 37.23028],
            [-120.80625, 37.23027],
            [-120.80638, 37.23026],
            [-120.80645, 37.23023],
            [-120.80663, 37.23022],
            [-120.80688, 37.23007],
            [-120.80714, 37.22974],
            [-120.80785, 37.22914],
            [-120.80811, 37.22885],
            [-120.80837, 37.22889],
            [-120.80861, 37.229],
            [-120.80889, 37.22923],
            [-120.8093, 37.22987],
            [-120.80966, 37.23086],
            [-120.80968, 37.23107],
            [-120.80943, 37.23211],
            [-120.80939, 37.23235],
            [-120.80935, 37.23256],
            [-120.80933, 37.23284],
            [-120.80922, 37.23329],
            [-120.80911, 37.23354],
            [-120.80909, 37.23356],
            [-120.80907, 37.2336],
            [-120.80895, 37.23372],
            [-120.80871, 37.2338],
            [-120.80834, 37.23385],
            [-120.80818, 37.2339],
            [-120.80807, 37.23395],
            [-120.80795, 37.23404],
            [-120.80789, 37.23423],
            [-120.80786, 37.23425],
            [-120.80829, 37.23468],
            [-120.80891, 37.23509],
            [-120.80915, 37.23531],
            [-120.80982, 37.23561],
            [-120.81021, 37.23595],
            [-120.81059, 37.23606],
            [-120.8108, 37.23607],
            [-120.81093, 37.23609],
            [-120.81106, 37.2361],
            [-120.8113, 37.23609],
            [-120.81145, 37.23611],
            [-120.81197, 37.23629],
            [-120.81203, 37.23635],
            [-120.81209, 37.23648],
            [-120.81227, 37.2366],
            [-120.81253, 37.2367],
            [-120.81282, 37.23674],
            [-120.81308, 37.23673],
            [-120.81332, 37.23665],
            [-120.81361, 37.23644],
            [-120.81376, 37.23637],
            [-120.81415, 37.23635],
            [-120.81416, 37.23634],
            [-120.81433, 37.23636],
            [-120.81453, 37.23627],
            [-120.81468, 37.23615],
            [-120.81491, 37.23584],
            [-120.81514, 37.23573],
            [-120.81549, 37.23574],
            [-120.81575, 37.23581],
            [-120.81587, 37.23592],
            [-120.8163, 37.2367],
            [-120.81636, 37.23733],
            [-120.81643, 37.23758],
            [-120.81691, 37.23826],
            [-120.81693, 37.23829],
            [-120.81714, 37.23846],
            [-120.81729, 37.23859],
            [-120.8176, 37.23871],
            [-120.81775, 37.23889],
            [-120.81784, 37.23909],
            [-120.81789, 37.23927],
            [-120.81796, 37.23947],
            [-120.81793, 37.23981],
            [-120.81784, 37.23998],
            [-120.81773, 37.24013],
            [-120.81763, 37.24031],
            [-120.8176, 37.24046],
            [-120.81762, 37.24057],
            [-120.81776, 37.24067],
            [-120.81779, 37.24073],
            [-120.81779, 37.24076],
            [-120.81781, 37.2408],
            [-120.81859, 37.24121],
            [-120.81896, 37.24147],
            [-120.81942, 37.24199],
            [-120.81973, 37.24225],
            [-120.81987, 37.24263],
            [-120.81978, 37.24298],
            [-120.8198, 37.24347],
            [-120.81949, 37.24399],
            [-120.81913, 37.24434],
            [-120.81903, 37.24483],
            [-120.8191, 37.24546],
            [-120.81918, 37.24574],
            [-120.81937, 37.24607],
            [-120.81969, 37.24644],
            [-120.81973, 37.24651],
            [-120.81984, 37.24659],
            [-120.81992, 37.2467],
            [-120.82005, 37.24697],
            [-120.8201, 37.24714],
            [-120.8201, 37.24729],
            [-120.82, 37.24741],
            [-120.81988, 37.24749],
            [-120.8198, 37.24757],
            [-120.81982, 37.24767],
            [-120.81996, 37.24783],
            [-120.82008, 37.24809],
            [-120.82006, 37.24824],
            [-120.81988, 37.24837],
            [-120.81972, 37.24843],
            [-120.81951, 37.24846],
            [-120.81934, 37.24846],
            [-120.81926, 37.24846],
            [-120.81888, 37.24866],
            [-120.81872, 37.24871],
            [-120.81859, 37.24877],
            [-120.81852, 37.24883],
            [-120.81833, 37.24895],
            [-120.81818, 37.24904],
            [-120.81807, 37.24918],
            [-120.818, 37.24938],
            [-120.81799, 37.24956],
            [-120.81805, 37.2497],
            [-120.8181, 37.24979],
            [-120.81819, 37.24984],
            [-120.81828, 37.24988],
            [-120.81829, 37.24994],
            [-120.81834, 37.25009],
            [-120.81843, 37.25037],
            [-120.8183, 37.25075],
            [-120.81753, 37.25125],
            [-120.81734, 37.25144],
            [-120.81725, 37.2516],
            [-120.81716, 37.25178],
            [-120.81713, 37.25219],
            [-120.81715, 37.25239],
            [-120.81729, 37.25259],
            [-120.81758, 37.25287],
            [-120.81781, 37.25297],
            [-120.81805, 37.253],
            [-120.81827, 37.253],
            [-120.81872, 37.25286],
            [-120.8193, 37.25278],
            [-120.81961, 37.2528],
            [-120.81987, 37.25287],
            [-120.82016, 37.25301],
            [-120.82069, 37.25322],
            [-120.82092, 37.25333],
            [-120.82117, 37.25364],
            [-120.82127, 37.25387],
            [-120.82126, 37.25404],
            [-120.82128, 37.25417],
            [-120.82154, 37.25464],
            [-120.82192, 37.25476],
            [-120.82263, 37.25469],
            [-120.82292, 37.25468],
            [-120.82331, 37.25469],
            [-120.82349, 37.25466],
            [-120.8237, 37.25461],
            [-120.82384, 37.25455],
            [-120.82393, 37.25448],
            [-120.82406, 37.25444],
            [-120.82436, 37.25459],
            [-120.82476, 37.25556],
            [-120.82488, 37.25592],
            [-120.825, 37.25613],
            [-120.82509, 37.25636],
            [-120.82523, 37.25655],
            [-120.82541, 37.25664],
            [-120.82598, 37.25674],
            [-120.82675, 37.25682],
            [-120.82701, 37.2569],
            [-120.8274, 37.25698],
            [-120.82748, 37.25704],
            [-120.82778, 37.25727],
            [-120.82863, 37.25768],
            [-120.82911, 37.2581],
            [-120.82953, 37.25861],
            [-120.82979, 37.2588],
            [-120.82984, 37.25897],
            [-120.82979, 37.25922],
            [-120.82955, 37.25963],
            [-120.82938, 37.25996],
            [-120.82924, 37.26016],
            [-120.82915, 37.26038],
            [-120.82917, 37.26053],
            [-120.82933, 37.2608],
            [-120.82956, 37.26095],
            [-120.82982, 37.26107],
            [-120.82992, 37.26117],
            [-120.82999, 37.26145],
            [-120.83009, 37.26162],
            [-120.83066, 37.26179],
            [-120.8308, 37.26187],
            [-120.83093, 37.2621],
            [-120.83082, 37.26239],
            [-120.83076, 37.26261],
            [-120.82996, 37.2642],
            [-120.82979, 37.26437],
            [-120.82968, 37.26453],
            [-120.82912, 37.26497],
            [-120.82873, 37.26523],
            [-120.82856, 37.26535],
            [-120.82823, 37.2655],
            [-120.82804, 37.26564],
            [-120.8279, 37.26572],
            [-120.82757, 37.26604],
            [-120.82751, 37.26618],
            [-120.82744, 37.26634],
            [-120.82743, 37.26655],
            [-120.82746, 37.26665],
            [-120.82765, 37.26685],
            [-120.82793, 37.26696],
            [-120.82858, 37.26707],
            [-120.82885, 37.26708],
            [-120.82902, 37.26708],
            [-120.82962, 37.26694],
            [-120.82977, 37.26688],
            [-120.82984, 37.26681],
            [-120.83009, 37.2667],
            [-120.83034, 37.26666],
            [-120.83041, 37.26663],
            [-120.83043, 37.2666],
            [-120.83061, 37.26652],
            [-120.83091, 37.26647],
            [-120.83135, 37.26629],
            [-120.83164, 37.26615],
            [-120.83203, 37.26606],
            [-120.83223, 37.26606],
            [-120.83237, 37.2661],
            [-120.8325, 37.26619],
            [-120.83253, 37.26629],
            [-120.83265, 37.26639],
            [-120.83283, 37.26675],
            [-120.83289, 37.2672],
            [-120.83286, 37.26785],
            [-120.83256, 37.26836],
            [-120.83243, 37.26883],
            [-120.83226, 37.26925],
            [-120.83213, 37.2697],
            [-120.8321, 37.26993],
            [-120.83199, 37.27011],
            [-120.83186, 37.27048],
            [-120.83177, 37.27086],
            [-120.83158, 37.27123],
            [-120.83132, 37.27148],
            [-120.83111, 37.27154],
            [-120.83076, 37.27158],
            [-120.83044, 37.27156],
            [-120.83015, 37.27149],
            [-120.82999, 37.27141],
            [-120.82989, 37.27129],
            [-120.82973, 37.27083],
            [-120.82975, 37.27055],
            [-120.82974, 37.27001],
            [-120.82973, 37.2698],
            [-120.82973, 37.26934],
            [-120.82966, 37.26921],
            [-120.8294, 37.26917],
            [-120.82904, 37.26923],
            [-120.82841, 37.2695],
            [-120.82756, 37.27036],
            [-120.82729, 37.27056],
            [-120.82716, 37.27072],
            [-120.82709, 37.27079],
            [-120.82693, 37.27107],
            [-120.82683, 37.27125],
            [-120.82669, 37.27165],
            [-120.8266, 37.27247],
            [-120.82672, 37.2731],
            [-120.82687, 37.2735],
            [-120.82688, 37.27368],
            [-120.82696, 37.2738],
            [-120.82732, 37.27429],
            [-120.82743, 37.27437],
            [-120.82759, 37.27443],
            [-120.82857, 37.27505],
            [-120.8295, 37.27539],
            [-120.83064, 37.2762],
            [-120.83162, 37.27697],
            [-120.83186, 37.27735],
            [-120.83192, 37.27756],
            [-120.83191, 37.27767],
            [-120.83187, 37.27783],
            [-120.83183, 37.278],
            [-120.8317, 37.27815],
            [-120.83147, 37.27826],
            [-120.8312, 37.27832],
            [-120.82973, 37.27869],
            [-120.82883, 37.27883],
            [-120.82854, 37.27889],
            [-120.82837, 37.27893],
            [-120.82762, 37.27917],
            [-120.8273, 37.27925],
            [-120.82742, 37.27956],
            [-120.82746, 37.28006],
            [-120.82746, 37.28056],
            [-120.82751, 37.28092],
            [-120.82757, 37.28128],
            [-120.82787, 37.28144],
            [-120.82823, 37.28144],
            [-120.82865, 37.28127],
            [-120.82932, 37.28106],
            [-120.82956, 37.28085],
            [-120.82991, 37.28066],
            [-120.8301, 37.28046],
            [-120.8303, 37.28042],
            [-120.83065, 37.2803],
            [-120.83094, 37.28023],
            [-120.83134, 37.2802],
            [-120.83168, 37.28042],
            [-120.83198, 37.28087],
            [-120.83229, 37.2813],
            [-120.83241, 37.28175],
            [-120.8327, 37.28199],
            [-120.8332, 37.28223],
            [-120.83398, 37.28244],
            [-120.8346, 37.28244],
            [-120.83534, 37.2828],
            [-120.83608, 37.28313],
            [-120.83729, 37.2838],
            [-120.83798, 37.28401],
            [-120.83903, 37.28394],
            [-120.83991, 37.28361],
            [-120.84053, 37.28303],
            [-120.84112, 37.28261],
            [-120.84148, 37.28237],
            [-120.84186, 37.28218],
            [-120.84252, 37.28205],
            [-120.84302, 37.28207],
            [-120.84345, 37.28217],
            [-120.84365, 37.28236],
            [-120.84379, 37.28301],
            [-120.84373, 37.28343],
            [-120.84381, 37.28351],
            [-120.84369, 37.28377],
            [-120.84364, 37.28389],
            [-120.84357, 37.28399],
            [-120.84348, 37.28404],
            [-120.84318, 37.28405],
            [-120.8427, 37.28401],
            [-120.84241, 37.28404],
            [-120.84235, 37.28428],
            [-120.84238, 37.28496],
            [-120.8425, 37.28531],
            [-120.84308, 37.28688],
            [-120.84358, 37.28792],
            [-120.84391, 37.28821],
            [-120.84398, 37.28849],
            [-120.84398, 37.28878],
            [-120.84408, 37.28916],
            [-120.84415, 37.28957],
            [-120.84413, 37.28995],
            [-120.84377, 37.29037],
            [-120.84339, 37.29125],
            [-120.84301, 37.29168],
            [-120.84251, 37.29187],
            [-120.84213, 37.29189],
            [-120.8414, 37.29185],
            [-120.84105, 37.29183],
            [-120.84063, 37.29195],
            [-120.84055, 37.29205],
            [-120.84046, 37.29227],
            [-120.84036, 37.29245],
            [-120.84032, 37.29281],
            [-120.84034, 37.29306],
            [-120.84063, 37.2934],
            [-120.84105, 37.2937],
            [-120.84141, 37.29418],
            [-120.84163, 37.29432],
            [-120.84186, 37.29451],
            [-120.84198, 37.29475],
            [-120.84225, 37.29497],
            [-120.8426, 37.29499],
            [-120.84313, 37.29492],
            [-120.84377, 37.29482],
            [-120.84403, 37.29471],
            [-120.84441, 37.29461],
            [-120.8447, 37.29456],
            [-120.84498, 37.29463],
            [-120.84539, 37.29471],
            [-120.84568, 37.29477],
            [-120.84593, 37.29471],
            [-120.8462, 37.29444],
            [-120.8463, 37.2942],
            [-120.84639, 37.29399],
            [-120.8465, 37.29386],
            [-120.84671, 37.29383],
            [-120.84786, 37.29409],
            [-120.84869, 37.29443],
            [-120.849, 37.29464],
            [-120.85035, 37.29514],
            [-120.85125, 37.29548],
            [-120.85207, 37.29556],
            [-120.8529, 37.29561],
            [-120.8534, 37.29556],
            [-120.85361, 37.29548],
            [-120.85388, 37.29514],
            [-120.85418, 37.29487],
            [-120.85456, 37.29445],
            [-120.85484, 37.29405],
            [-120.855, 37.29367],
            [-120.85505, 37.29337],
            [-120.85505, 37.29316],
            [-120.85505, 37.29299],
            [-120.85521, 37.29268],
            [-120.85557, 37.29249],
            [-120.85593, 37.29243],
            [-120.85631, 37.29245],
            [-120.857, 37.29272],
            [-120.85757, 37.29285],
            [-120.8581, 37.29295],
            [-120.85861, 37.29299],
            [-120.85909, 37.29293],
            [-120.85943, 37.29274],
            [-120.85976, 37.29255],
            [-120.85995, 37.29238],
            [-120.8601, 37.29213],
            [-120.86031, 37.2919],
            [-120.86038, 37.29171],
            [-120.86059, 37.29148],
            [-120.86082, 37.29133],
            [-120.86115, 37.29122],
            [-120.86143, 37.29106],
            [-120.86179, 37.29083],
            [-120.86204, 37.29061],
            [-120.86234, 37.29032],
            [-120.86282, 37.28959],
            [-120.86343, 37.28888],
            [-120.86396, 37.28852],
            [-120.86453, 37.2884],
            [-120.86496, 37.28838],
            [-120.86536, 37.28838],
            [-120.86576, 37.28845],
            [-120.86589, 37.28859],
            [-120.86591, 37.28831],
            [-120.86601, 37.28803],
            [-120.86612, 37.28775],
            [-120.866, 37.28747],
            [-120.86601, 37.28729],
            [-120.86631, 37.28679],
            [-120.86676, 37.28681],
            [-120.86789, 37.28672],
            [-120.8682, 37.28675],
            [-120.86883, 37.28667],
            [-120.86902, 37.28653],
            [-120.86935, 37.28645],
            [-120.86967, 37.28645],
            [-120.87003, 37.28654],
            [-120.87023, 37.2866],
            [-120.87063, 37.28654],
            [-120.87093, 37.28633],
            [-120.87111, 37.28608],
            [-120.87124, 37.28584],
            [-120.87135, 37.28568],
            [-120.87156, 37.28546],
            [-120.87195, 37.28537],
            [-120.87234, 37.28545],
            [-120.87253, 37.28554],
            [-120.87328, 37.28634],
            [-120.87332, 37.28662],
            [-120.87355, 37.28685],
            [-120.87387, 37.28708],
            [-120.874, 37.28725],
            [-120.87394, 37.28767],
            [-120.87383, 37.28825],
            [-120.87389, 37.28863],
            [-120.87427, 37.28909],
            [-120.87449, 37.28929],
            [-120.87502, 37.28959],
            [-120.87534, 37.28966],
            [-120.87542, 37.28975],
            [-120.87557, 37.28986],
            [-120.87559, 37.29015],
            [-120.87551, 37.29044],
            [-120.87542, 37.29068],
            [-120.87526, 37.29102],
            [-120.87525, 37.29127],
            [-120.87537, 37.29175],
            [-120.87563, 37.29197],
            [-120.87593, 37.29216],
            [-120.87625, 37.29232],
            [-120.8764, 37.29263],
            [-120.87642, 37.29302],
            [-120.87665, 37.29329],
            [-120.87695, 37.29349],
            [-120.87711, 37.29355],
            [-120.87726, 37.29358],
            [-120.87747, 37.29367],
            [-120.87783, 37.29379],
            [-120.87819, 37.29379],
            [-120.87843, 37.29379],
            [-120.87857, 37.29386],
            [-120.87871, 37.29398],
            [-120.87885, 37.29417],
            [-120.87895, 37.29448],
            [-120.87902, 37.29498],
            [-120.87907, 37.29536],
            [-120.87912, 37.29584],
            [-120.87921, 37.2961],
            [-120.87926, 37.29641],
            [-120.87938, 37.29667],
            [-120.87955, 37.29705],
            [-120.87978, 37.29734],
            [-120.88002, 37.29755],
            [-120.88081, 37.29772],
            [-120.88103, 37.29773],
            [-120.8825, 37.2975],
            [-120.88366, 37.29711],
            [-120.88424, 37.29703],
            [-120.88453, 37.29694],
            [-120.88461, 37.2969],
            [-120.88538, 37.29673],
            [-120.88664, 37.29638],
            [-120.88708, 37.29621],
            [-120.88762, 37.29614],
            [-120.88811, 37.29609],
            [-120.88845, 37.29628],
            [-120.88851, 37.29661],
            [-120.8884, 37.29694],
            [-120.88837, 37.29718],
            [-120.88838, 37.29741],
            [-120.88855, 37.29759],
            [-120.88881, 37.29761],
            [-120.88918, 37.29755],
            [-120.88948, 37.29741],
            [-120.88988, 37.29715],
            [-120.88997, 37.29678],
            [-120.89005, 37.29611],
            [-120.89017, 37.29567],
            [-120.89028, 37.29542],
            [-120.89045, 37.29532],
            [-120.89088, 37.29517],
            [-120.89128, 37.29522],
            [-120.89217, 37.29531],
            [-120.89313, 37.2956],
            [-120.89339, 37.29563],
            [-120.89384, 37.29574],
            [-120.89412, 37.29569],
            [-120.89431, 37.29552],
            [-120.89457, 37.29496],
            [-120.89479, 37.29483],
            [-120.89504, 37.29486],
            [-120.8952, 37.29496],
            [-120.89532, 37.29511],
            [-120.89555, 37.29546],
            [-120.89563, 37.29569],
            [-120.89563, 37.29602],
            [-120.89558, 37.29624],
            [-120.89562, 37.29652],
            [-120.89576, 37.29665],
            [-120.89603, 37.29669],
            [-120.89635, 37.29667],
            [-120.89681, 37.29648],
            [-120.89719, 37.29634],
            [-120.89722, 37.29605],
            [-120.89705, 37.29577],
            [-120.89676, 37.29552],
            [-120.89649, 37.29531],
            [-120.89635, 37.29502],
            [-120.89646, 37.29475],
            [-120.89675, 37.29447],
            [-120.89702, 37.29445],
            [-120.8976, 37.29455],
            [-120.89787, 37.29465],
            [-120.89826, 37.29508],
            [-120.89845, 37.29537],
            [-120.89867, 37.29556],
            [-120.89907, 37.29559],
            [-120.89967, 37.29541],
            [-120.90001, 37.29521],
            [-120.90012, 37.29486],
            [-120.90003, 37.29452],
            [-120.8997, 37.29426],
            [-120.89935, 37.29421],
            [-120.89915, 37.29413],
            [-120.89909, 37.29402],
            [-120.89903, 37.29362],
            [-120.89905, 37.29309],
            [-120.89929, 37.29246],
            [-120.8994, 37.29236],
            [-120.89974, 37.2921],
            [-120.89984, 37.29201],
            [-120.90024, 37.29187],
            [-120.90062, 37.29172],
            [-120.90094, 37.2917],
            [-120.90125, 37.29171],
            [-120.90155, 37.29191],
            [-120.90205, 37.29244],
            [-120.90216, 37.29256],
            [-120.90234, 37.29275],
            [-120.90285, 37.29285],
            [-120.90329, 37.29278],
            [-120.90359, 37.29262],
            [-120.90353, 37.29235],
            [-120.90339, 37.29212],
            [-120.90331, 37.29194],
            [-120.90335, 37.29162],
            [-120.90352, 37.29154],
            [-120.90383, 37.29155],
            [-120.90424, 37.29167],
            [-120.90455, 37.29198],
            [-120.90478, 37.29245],
            [-120.90493, 37.29295],
            [-120.90492, 37.29352],
            [-120.90483, 37.2938],
            [-120.90488, 37.29427],
            [-120.90504, 37.29444],
            [-120.90538, 37.29468],
            [-120.90579, 37.29484],
            [-120.906, 37.29496],
            [-120.90622, 37.29512],
            [-120.90642, 37.2953],
            [-120.90666, 37.29572],
            [-120.90694, 37.29618],
            [-120.90715, 37.29653],
            [-120.90726, 37.29662],
            [-120.90755, 37.29683],
            [-120.90786, 37.29697],
            [-120.9082, 37.29708],
            [-120.90841, 37.29706],
            [-120.90856, 37.297],
            [-120.9088, 37.2968],
            [-120.90897, 37.2967],
            [-120.90922, 37.29676],
            [-120.90964, 37.29682],
            [-120.90992, 37.29686],
            [-120.91033, 37.29683],
            [-120.91057, 37.29685],
            [-120.91107, 37.29691],
            [-120.91176, 37.29702],
            [-120.91205, 37.29713],
            [-120.91221, 37.29725],
            [-120.91251, 37.29776],
            [-120.91271, 37.29792],
            [-120.91306, 37.29777],
            [-120.91388, 37.2967],
            [-120.91507, 37.29544],
            [-120.91527, 37.29531],
            [-120.91571, 37.29481],
            [-120.91658, 37.29461],
            [-120.91747, 37.29451],
            [-120.91785, 37.29468],
            [-120.91821, 37.29484],
            [-120.91872, 37.29533],
            [-120.91906, 37.29563],
            [-120.91953, 37.29592],
            [-120.91997, 37.29599],
            [-120.92035, 37.29592],
            [-120.92066, 37.29565],
            [-120.92136, 37.29548],
            [-120.92212, 37.29552],
            [-120.92257, 37.29565],
            [-120.92317, 37.29591],
            [-120.92361, 37.2963],
            [-120.9237, 37.29642],
            [-120.92382, 37.29678],
            [-120.92391, 37.29719],
            [-120.92388, 37.29746],
            [-120.92385, 37.29791],
            [-120.92358, 37.29814],
            [-120.92323, 37.29826],
            [-120.92278, 37.29826],
            [-120.9226, 37.29833],
            [-120.92229, 37.29833],
            [-120.92206, 37.2985],
            [-120.92194, 37.29876],
            [-120.92191, 37.29914],
            [-120.92191, 37.29945],
            [-120.92189, 37.2999],
            [-120.92172, 37.3005],
            [-120.92167, 37.30107],
            [-120.92201, 37.30209],
            [-120.9221, 37.30264],
            [-120.92236, 37.303],
            [-120.92272, 37.30338],
            [-120.92308, 37.30359],
            [-120.92363, 37.30373],
            [-120.9242, 37.30385],
            [-120.92441, 37.30404],
            [-120.92474, 37.3043],
            [-120.9248, 37.30463],
            [-120.92477, 37.30493],
            [-120.92476, 37.30547],
            [-120.92484, 37.30565],
            [-120.92507, 37.30579],
            [-120.92528, 37.30585],
            [-120.92555, 37.30582],
            [-120.92566, 37.30567],
            [-120.92578, 37.30552],
            [-120.92602, 37.30546],
            [-120.92617, 37.30543],
            [-120.92629, 37.30546],
            [-120.92641, 37.30567],
            [-120.92641, 37.30591],
            [-120.92641, 37.30615],
            [-120.92611, 37.3066],
            [-120.92584, 37.30713],
            [-120.92587, 37.30734],
            [-120.92602, 37.30756],
            [-120.92587, 37.30781],
            [-120.92584, 37.30803],
            [-120.92591, 37.30819],
            [-120.9261, 37.30836],
            [-120.92646, 37.30841],
            [-120.92684, 37.30843],
            [-120.92725, 37.30824],
            [-120.92756, 37.30814],
            [-120.9277, 37.30803],
            [-120.92784, 37.30791],
            [-120.92817, 37.30793],
            [-120.92848, 37.30814],
            [-120.92882, 37.30836],
            [-120.92901, 37.30867],
            [-120.92915, 37.30895],
            [-120.92944, 37.30924],
            [-120.92972, 37.3095],
            [-120.93013, 37.30969],
            [-120.93044, 37.30993],
            [-120.93089, 37.31019],
            [-120.93113, 37.31031],
            [-120.93141, 37.31071],
            [-120.93143, 37.31105],
            [-120.93132, 37.31131],
            [-120.93134, 37.31145],
            [-120.93147, 37.31165],
            [-120.9317, 37.31187],
            [-120.93199, 37.312],
            [-120.9328, 37.31206],
            [-120.93339, 37.31203],
            [-120.93496, 37.31181],
            [-120.93581, 37.31157],
            [-120.93692, 37.31113],
            [-120.93739, 37.31083],
            [-120.93761, 37.31073],
            [-120.93793, 37.3106],
            [-120.93814, 37.31054],
            [-120.93842, 37.3105],
            [-120.93868, 37.3105],
            [-120.93893, 37.31054],
            [-120.93917, 37.31065],
            [-120.93953, 37.31093],
            [-120.9397, 37.31113],
            [-120.93978, 37.31124],
            [-120.9399, 37.31148],
            [-120.93992, 37.31192],
            [-120.9399, 37.31241],
            [-120.93981, 37.31275],
            [-120.93969, 37.31292],
            [-120.93951, 37.31311],
            [-120.93908, 37.31346],
            [-120.93844, 37.31374],
            [-120.93826, 37.31385],
            [-120.93806, 37.31396],
            [-120.93785, 37.31415],
            [-120.93774, 37.31428],
            [-120.93767, 37.31446],
            [-120.93757, 37.31484],
            [-120.93757, 37.31515],
            [-120.93763, 37.31545],
            [-120.93787, 37.31584],
            [-120.93807, 37.31607],
            [-120.93827, 37.31621],
            [-120.93849, 37.31629],
            [-120.93866, 37.31631],
            [-120.93882, 37.31627],
            [-120.93929, 37.31612],
            [-120.93953, 37.3161],
            [-120.93971, 37.31617],
            [-120.93977, 37.31622],
            [-120.9398, 37.31628],
            [-120.93984, 37.31645],
            [-120.93984, 37.31654],
            [-120.93981, 37.31664],
            [-120.93976, 37.31673],
            [-120.9397, 37.31682],
            [-120.93963, 37.31688],
            [-120.93949, 37.31699],
            [-120.93917, 37.31726],
            [-120.93894, 37.31743],
            [-120.93872, 37.31755],
            [-120.93827, 37.31774],
            [-120.93808, 37.31779],
            [-120.93772, 37.31782],
            [-120.93752, 37.31781],
            [-120.93636, 37.31766],
            [-120.93603, 37.31754],
            [-120.93583, 37.31744],
            [-120.93561, 37.31727],
            [-120.93537, 37.3171],
            [-120.9352, 37.31701],
            [-120.93503, 37.31688],
            [-120.93493, 37.31682],
            [-120.9347, 37.31662],
            [-120.9346, 37.3166],
            [-120.93449, 37.31659],
            [-120.93441, 37.3166],
            [-120.93426, 37.31663],
            [-120.93409, 37.31669],
            [-120.93393, 37.31684],
            [-120.93385, 37.31698],
            [-120.93376, 37.31716],
            [-120.9337, 37.31729],
            [-120.93368, 37.31755],
            [-120.93369, 37.31769],
            [-120.93371, 37.3178],
            [-120.9338, 37.31795],
            [-120.93388, 37.31808],
            [-120.93399, 37.31818],
            [-120.93415, 37.31827],
            [-120.93447, 37.3184],
            [-120.93463, 37.31849],
            [-120.93476, 37.3186],
            [-120.93513, 37.3189],
            [-120.93533, 37.31918],
            [-120.93542, 37.31936],
            [-120.93554, 37.3197],
            [-120.93561, 37.32018],
            [-120.93559, 37.32053],
            [-120.93555, 37.32083],
            [-120.93549, 37.32104],
            [-120.93539, 37.32129],
            [-120.93527, 37.32152],
            [-120.93519, 37.32167],
            [-120.93514, 37.32179],
            [-120.93511, 37.32189],
            [-120.93511, 37.32199],
            [-120.9352, 37.32222],
            [-120.93537, 37.3224],
            [-120.93633, 37.32316],
            [-120.93667, 37.32339],
            [-120.93733, 37.32376],
            [-120.93771, 37.32386],
            [-120.93845, 37.32394],
            [-120.93875, 37.32394],
            [-120.93896, 37.32394],
            [-120.93905, 37.32393],
            [-120.93914, 37.32388],
            [-120.93927, 37.32378],
            [-120.93946, 37.32367],
            [-120.93967, 37.32357],
            [-120.93997, 37.32344],
            [-120.94025, 37.32337],
            [-120.94057, 37.32333],
            [-120.94078, 37.32332],
            [-120.94136, 37.32322],
            [-120.9419, 37.32305],
            [-120.94228, 37.32289],
            [-120.94258, 37.32272],
            [-120.94335, 37.32219],
            [-120.94365, 37.32198],
            [-120.94388, 37.32189],
            [-120.94436, 37.32181],
            [-120.94465, 37.32179],
            [-120.94486, 37.32182],
            [-120.94514, 37.32194],
            [-120.9453, 37.32211],
            [-120.94542, 37.32228],
            [-120.94549, 37.32251],
            [-120.94552, 37.32273],
            [-120.94549, 37.32293],
            [-120.94541, 37.32308],
            [-120.94528, 37.32318],
            [-120.9451, 37.32322],
            [-120.94473, 37.32331],
            [-120.94438, 37.32347],
            [-120.94406, 37.32361],
            [-120.94375, 37.32388],
            [-120.94351, 37.32422],
            [-120.94313, 37.32474],
            [-120.94272, 37.32524],
            [-120.94244, 37.32606],
            [-120.94241, 37.32627],
            [-120.94241, 37.32649],
            [-120.94245, 37.32679],
            [-120.94251, 37.32697],
            [-120.94256, 37.32706],
            [-120.94267, 37.32717],
            [-120.94284, 37.32729],
            [-120.94296, 37.32734],
            [-120.9432, 37.32732],
            [-120.94341, 37.32729],
            [-120.94356, 37.32733],
            [-120.9444, 37.32768],
            [-120.94451, 37.32772],
            [-120.9453, 37.32805],
            [-120.94571, 37.32828],
            [-120.94601, 37.32856],
            [-120.9462, 37.32884],
            [-120.94628, 37.32905],
            [-120.94628, 37.32919],
            [-120.94628, 37.32939],
            [-120.94632, 37.32994],
            [-120.94637, 37.33027],
            [-120.94638, 37.33052],
            [-120.94636, 37.33067],
            [-120.94634, 37.33084],
            [-120.94625, 37.33104],
            [-120.94615, 37.33121],
            [-120.94601, 37.33134],
            [-120.94585, 37.33141],
            [-120.94572, 37.33144],
            [-120.94553, 37.33146],
            [-120.94528, 37.33151],
            [-120.94515, 37.33159],
            [-120.94508, 37.33166],
            [-120.94508, 37.33175],
            [-120.94513, 37.33182],
            [-120.94551, 37.3319],
            [-120.94603, 37.33191],
            [-120.94635, 37.33191],
            [-120.94648, 37.33188],
            [-120.9466, 37.33181],
            [-120.94674, 37.33167],
            [-120.9468, 37.33154],
            [-120.94691, 37.33139],
            [-120.94705, 37.33125],
            [-120.94733, 37.33115],
            [-120.94756, 37.33109],
            [-120.94773, 37.33108],
            [-120.9479, 37.33108],
            [-120.94819, 37.33114],
            [-120.94832, 37.33119],
            [-120.94838, 37.33129],
            [-120.94841, 37.33139],
            [-120.94841, 37.33149],
            [-120.94835, 37.33156],
            [-120.94824, 37.33162],
            [-120.94822, 37.3317],
            [-120.94822, 37.33186],
            [-120.94825, 37.33194],
            [-120.94836, 37.33201],
            [-120.9486, 37.33209],
            [-120.94878, 37.33207],
            [-120.94893, 37.33205],
            [-120.94951, 37.3318],
            [-120.95007, 37.33154],
            [-120.95035, 37.33146],
            [-120.95059, 37.33146],
            [-120.95092, 37.33146],
            [-120.95152, 37.33145],
            [-120.9523, 37.33141],
            [-120.95242, 37.33141],
            [-120.95258, 37.33142],
            [-120.95263, 37.33147],
            [-120.95275, 37.33157],
            [-120.9529, 37.33168],
            [-120.95297, 37.33175],
            [-120.95307, 37.3319],
            [-120.95318, 37.33205],
            [-120.95322, 37.33217],
            [-120.95322, 37.33227],
            [-120.9532, 37.33232],
            [-120.95315, 37.33237],
            [-120.9531, 37.33242],
            [-120.95299, 37.3325],
            [-120.95291, 37.33258],
            [-120.95266, 37.33281],
            [-120.95263, 37.33283],
            [-120.95262, 37.33298],
            [-120.95243, 37.33311],
            [-120.95237, 37.33317],
            [-120.95233, 37.33328],
            [-120.95229, 37.33342],
            [-120.95227, 37.33357],
            [-120.95224, 37.3338],
            [-120.95225, 37.33389],
            [-120.95239, 37.33408],
            [-120.95236, 37.33428],
            [-120.95237, 37.33443],
            [-120.95243, 37.33467],
            [-120.95263, 37.3351],
            [-120.95272, 37.33526],
            [-120.95281, 37.33537],
            [-120.95292, 37.33545],
            [-120.95316, 37.33555],
            [-120.95327, 37.33557],
            [-120.95341, 37.33558],
            [-120.95365, 37.33555],
            [-120.95423, 37.33539],
            [-120.95461, 37.33529],
            [-120.95475, 37.33522],
            [-120.95501, 37.33503],
            [-120.95516, 37.33489],
            [-120.95528, 37.33479],
            [-120.95547, 37.33468],
            [-120.95568, 37.33463],
            [-120.95588, 37.3346],
            [-120.95618, 37.33465],
            [-120.95633, 37.33472],
            [-120.9565, 37.33487],
            [-120.95677, 37.3352],
            [-120.95707, 37.33558],
            [-120.9573, 37.33587],
            [-120.95752, 37.33609],
            [-120.9581, 37.33662],
            [-120.95859, 37.33706],
            [-120.95899, 37.33701],
            [-120.9596, 37.33631],
            [-120.96009, 37.33497],
            [-120.96037, 37.33444],
            [-120.96065, 37.33415],
            [-120.96095, 37.33393],
            [-120.96135, 37.33391],
            [-120.96161, 37.33407],
            [-120.96198, 37.33431],
            [-120.9624, 37.33451],
            [-120.96285, 37.33479],
            [-120.9634, 37.3352],
            [-120.96386, 37.33543],
            [-120.96388, 37.33544],
            [-120.96455, 37.33565],
            [-120.96481, 37.33571],
            [-120.96489, 37.33574],
            [-120.96498, 37.33589],
            [-120.96528, 37.3361],
            [-120.96538, 37.33622],
            [-120.96543, 37.33639],
            [-120.96559, 37.33658],
            [-120.96571, 37.33675],
            [-120.96586, 37.33691],
            [-120.96614, 37.33703],
            [-120.96628, 37.33701],
            [-120.96659, 37.33696],
            [-120.9669, 37.33682],
            [-120.96731, 37.33655],
            [-120.96787, 37.33626],
            [-120.96821, 37.3361],
            [-120.96857, 37.33607],
            [-120.96889, 37.33625],
            [-120.96922, 37.33627],
            [-120.96941, 37.33639],
            [-120.9695, 37.33649],
            [-120.96965, 37.33666],
            [-120.96973, 37.33697],
            [-120.96974, 37.33697],
            [-120.96993, 37.33706],
            [-120.96995, 37.33709],
            [-120.97005, 37.3373],
            [-120.97012, 37.33749],
            [-120.97032, 37.33783],
            [-120.97053, 37.3381],
            [-120.97061, 37.33822],
            [-120.97076, 37.33837],
            [-120.97096, 37.33856],
            [-120.97167, 37.33899],
            [-120.97203, 37.33897],
            [-120.97219, 37.3388],
            [-120.97222, 37.33849],
            [-120.97236, 37.33823],
            [-120.97261, 37.33813],
            [-120.97284, 37.33804],
            [-120.97327, 37.33804],
            [-120.97341, 37.33816],
            [-120.97353, 37.3383],
            [-120.97355, 37.33854],
            [-120.97346, 37.3389],
            [-120.97322, 37.33921],
            [-120.97305, 37.33936],
            [-120.97293, 37.33947],
            [-120.97286, 37.33963],
            [-120.97277, 37.33985],
            [-120.97279, 37.34028],
            [-120.97298, 37.34056],
            [-120.9736, 37.34082],
            [-120.974, 37.34094],
            [-120.9746, 37.34099],
            [-120.97529, 37.3409],
            [-120.97571, 37.34072],
            [-120.97574, 37.3407],
            [-120.97591, 37.3405],
            [-120.97614, 37.34016],
            [-120.9766, 37.34011],
            [-120.97672, 37.34028],
            [-120.97699, 37.34084],
            [-120.97711, 37.34092],
            [-120.97719, 37.34101],
            [-120.97733, 37.34118],
            [-120.97779, 37.34135],
            [-120.97815, 37.34131],
            [-120.97833, 37.3413],
            [-120.97845, 37.34144],
            [-120.97857, 37.34168],
            [-120.9786, 37.34197],
            [-120.97845, 37.3422],
            [-120.97822, 37.3423],
            [-120.97817, 37.34232],
            [-120.97798, 37.34235],
            [-120.97762, 37.34251],
            [-120.97714, 37.34285],
            [-120.97679, 37.34316],
            [-120.9766, 37.34351],
            [-120.97617, 37.34437],
            [-120.9761, 37.34464],
            [-120.97594, 37.34521],
            [-120.97585, 37.34555],
            [-120.97584, 37.34561],
            [-120.97595, 37.34625],
            [-120.97614, 37.34646],
            [-120.97639, 37.34662],
            [-120.97641, 37.34663],
            [-120.97655, 37.34673],
            [-120.97654, 37.34685],
            [-120.97653, 37.34694],
            [-120.97631, 37.347],
            [-120.97629, 37.34701],
            [-120.976, 37.34711],
            [-120.9756, 37.34718],
            [-120.97529, 37.34734],
            [-120.97469, 37.34761],
            [-120.97438, 37.34794],
            [-120.97424, 37.3483],
            [-120.97438, 37.34856],
            [-120.97457, 37.34872],
            [-120.97493, 37.34889],
            [-120.97504, 37.3489],
            [-120.97531, 37.34894],
            [-120.97557, 37.34905],
            [-120.97561, 37.34907],
            [-120.97601, 37.34924],
            [-120.97605, 37.34926],
            [-120.97622, 37.34939],
            [-120.97625, 37.34941],
            [-120.97633, 37.3495],
            [-120.97639, 37.34959],
            [-120.9764, 37.34963],
            [-120.97643, 37.34977],
            [-120.97665, 37.35023],
            [-120.97673, 37.35064],
            [-120.97702, 37.3517],
            [-120.9771, 37.35223],
            [-120.97716, 37.35268],
            [-120.97716, 37.35295],
            [-120.97713, 37.35324],
            [-120.97702, 37.35353],
            [-120.97687, 37.35381],
            [-120.97684, 37.35405],
            [-120.977, 37.35446],
            [-120.9771, 37.35476],
            [-120.97712, 37.35502],
            [-120.97713, 37.35537],
            [-120.97719, 37.35571],
            [-120.97738, 37.35602],
            [-120.97743, 37.3563],
            [-120.97742, 37.35655],
            [-120.97745, 37.35695],
            [-120.9776, 37.35713],
            [-120.9778, 37.35736],
            [-120.97793, 37.35779],
            [-120.97804, 37.35822],
            [-120.97832, 37.35859],
            [-120.97856, 37.35881],
            [-120.97876, 37.35924],
            [-120.97901, 37.35975],
            [-120.97903, 37.3603],
            [-120.97879, 37.36074],
            [-120.97858, 37.36099],
            [-120.97841, 37.36149],
            [-120.97846, 37.36182],
            [-120.97857, 37.3624],
            [-120.979, 37.36294],
            [-120.97957, 37.3635],
            [-120.97999, 37.36381],
            [-120.98086, 37.36438],
            [-120.98182, 37.36529],
            [-120.98194, 37.36561],
            [-120.98206, 37.36603],
            [-120.98205, 37.36627],
            [-120.98158, 37.36656],
            [-120.98053, 37.36707],
            [-120.97929, 37.36738],
            [-120.97794, 37.36767],
            [-120.97636, 37.36726],
            [-120.97586, 37.36705],
            [-120.97566, 37.36698],
            [-120.97528, 37.36692],
            [-120.97477, 37.36706],
            [-120.97435, 37.36737],
            [-120.97441, 37.36783],
            [-120.97384, 37.36828],
            [-120.97382, 37.36831],
            [-120.97381, 37.36835],
            [-120.97378, 37.36841],
            [-120.97372, 37.36859],
            [-120.97371, 37.36862],
            [-120.97371, 37.36866],
            [-120.97371, 37.36869],
            [-120.97334, 37.36892],
            [-120.97317, 37.36929],
            [-120.97316, 37.36973],
            [-120.97332, 37.37017],
            [-120.97362, 37.37049],
            [-120.97404, 37.3707],
            [-120.97453, 37.37078],
            [-120.97499, 37.37073],
            [-120.97624, 37.37036],
            [-120.97718, 37.37006],
            [-120.97757, 37.36994],
            [-120.97803, 37.37],
            [-120.97838, 37.37016],
            [-120.97871, 37.37049],
            [-120.97893, 37.37123],
            [-120.97882, 37.37234],
            [-120.97821, 37.37336],
            [-120.97806, 37.37434],
            [-120.97783, 37.37513],
            [-120.97738, 37.37565],
            [-120.97663, 37.3759],
            [-120.97584, 37.37606],
            [-120.97494, 37.37607],
            [-120.97436, 37.37601],
            [-120.97377, 37.3758],
            [-120.97313, 37.37558],
            [-120.97299, 37.37566],
            [-120.97306, 37.37601],
            [-120.97326, 37.3763],
            [-120.9734, 37.37648],
            [-120.97367, 37.37678],
            [-120.97391, 37.37686],
            [-120.97427, 37.37698],
            [-120.97452, 37.37708],
            [-120.9747, 37.37715],
            [-120.97489, 37.37722],
            [-120.97513, 37.3773],
            [-120.97536, 37.37737],
            [-120.97564, 37.37742],
            [-120.97584, 37.37747],
            [-120.97614, 37.37756],
            [-120.97748, 37.37767],
            [-120.97886, 37.37751],
            [-120.98062, 37.37686],
            [-120.98167, 37.3761],
            [-120.98189, 37.3756],
            [-120.98206, 37.3753],
            [-120.98264, 37.3748],
            [-120.98357, 37.37473],
            [-120.98409, 37.37497],
            [-120.9845, 37.37533],
            [-120.98489, 37.37581],
            [-120.98543, 37.37673],
            [-120.98566, 37.37782],
            [-120.98537, 37.37896],
            [-120.98474, 37.38037],
            [-120.98467, 37.38046],
            [-120.98449, 37.38063],
            [-120.98435, 37.38077],
            [-120.98408, 37.38105],
            [-120.984, 37.38114],
            [-120.98396, 37.3812],
            [-120.98387, 37.38133],
            [-120.98383, 37.38139],
            [-120.9838, 37.38146],
            [-120.98378, 37.38149],
            [-120.98377, 37.38156],
            [-120.98378, 37.3816],
            [-120.98377, 37.38167],
            [-120.98368, 37.38206],
            [-120.98367, 37.38209],
            [-120.98365, 37.38212],
            [-120.98355, 37.38236],
            [-120.98354, 37.3824],
            [-120.98352, 37.38261],
            [-120.98352, 37.38268],
            [-120.98353, 37.38275],
            [-120.98352, 37.38278],
            [-120.98349, 37.38281],
            [-120.98343, 37.38286],
            [-120.9834, 37.38289],
            [-120.98351, 37.38337],
            [-120.98343, 37.38375],
            [-120.98328, 37.38412],
            [-120.98319, 37.38438],
            [-120.98226, 37.38485],
            [-120.98196, 37.3852],
            [-120.98215, 37.38557],
            [-120.98236, 37.38578],
            [-120.98263, 37.38602],
            [-120.98271, 37.38614],
            [-120.98281, 37.38624],
            [-120.98293, 37.38636],
            [-120.98308, 37.38651],
            [-120.98324, 37.38663],
            [-120.98338, 37.38674],
            [-120.98353, 37.38681],
            [-120.98369, 37.38689],
            [-120.98382, 37.38694],
            [-120.98398, 37.38699],
            [-120.98416, 37.38706],
            [-120.98429, 37.38708],
            [-120.98438, 37.38708],
            [-120.98455, 37.38708],
            [-120.98477, 37.38704],
            [-120.98505, 37.38699],
            [-120.98532, 37.3869],
            [-120.98548, 37.38683],
            [-120.98567, 37.38675],
            [-120.98584, 37.38669],
            [-120.98608, 37.38663],
            [-120.98634, 37.38661],
            [-120.98656, 37.3866],
            [-120.98694, 37.3866],
            [-120.98721, 37.38662],
            [-120.98737, 37.38666],
            [-120.98746, 37.38669],
            [-120.98748, 37.3867],
            [-120.9875, 37.3867],
            [-120.98764, 37.38671],
            [-120.98783, 37.38672],
            [-120.98798, 37.38672],
            [-120.98816, 37.38668],
            [-120.98842, 37.38666],
            [-120.98865, 37.38657],
            [-120.9889, 37.38645],
            [-120.98908, 37.38632],
            [-120.98926, 37.38624],
            [-120.98955, 37.38616],
            [-120.98978, 37.38614],
            [-120.99012, 37.38611],
            [-120.99043, 37.38602],
            [-120.99064, 37.38596],
            [-120.99087, 37.38586],
            [-120.99109, 37.38575],
            [-120.99122, 37.38565],
            [-120.99127, 37.38555],
            [-120.99144, 37.38549],
            [-120.99168, 37.38544],
            [-120.99195, 37.38535],
            [-120.99225, 37.3852],
            [-120.99253, 37.38504],
            [-120.99283, 37.38487],
            [-120.993, 37.38475],
            [-120.99321, 37.38459],
            [-120.99329, 37.38441],
            [-120.99339, 37.38428],
            [-120.99349, 37.38427],
            [-120.99359, 37.38429],
            [-120.99371, 37.38437],
            [-120.99382, 37.38449],
            [-120.99389, 37.38458],
            [-120.99395, 37.38469],
            [-120.99408, 37.38487],
            [-120.99417, 37.38503],
            [-120.99425, 37.38518],
            [-120.99434, 37.38536],
            [-120.99438, 37.3856],
            [-120.9944, 37.38576],
            [-120.99445, 37.386],
            [-120.99445, 37.38627],
            [-120.99444, 37.38646],
            [-120.9944, 37.38673],
            [-120.99434, 37.38703],
            [-120.99433, 37.38714],
            [-120.9943, 37.38733],
            [-120.99427, 37.38753],
            [-120.99426, 37.38778],
            [-120.99427, 37.388],
            [-120.99426, 37.38814],
            [-120.99425, 37.38832],
            [-120.99417, 37.38849],
            [-120.99405, 37.38872],
            [-120.99398, 37.38881],
            [-120.99375, 37.38899],
            [-120.99359, 37.38908],
            [-120.9934, 37.38918],
            [-120.99314, 37.38932],
            [-120.99286, 37.38949],
            [-120.99259, 37.38964],
            [-120.99225, 37.38972],
            [-120.99204, 37.38973],
            [-120.99187, 37.38974],
            [-120.99169, 37.38971],
            [-120.99149, 37.38967],
            [-120.99129, 37.38958],
            [-120.99106, 37.38947],
            [-120.99093, 37.3894],
            [-120.99076, 37.38938],
            [-120.99049, 37.38943],
            [-120.99036, 37.3895],
            [-120.9902, 37.38959],
            [-120.9901, 37.38979],
            [-120.99007, 37.39],
            [-120.99, 37.39009],
            [-120.98994, 37.39021],
            [-120.98994, 37.39036],
            [-120.98996, 37.39047],
            [-120.99003, 37.39061],
            [-120.99016, 37.39077],
            [-120.99029, 37.39091],
            [-120.99055, 37.39106],
            [-120.99084, 37.39115],
            [-120.99098, 37.3913],
            [-120.99111, 37.39149],
            [-120.99117, 37.39163],
            [-120.99121, 37.39172],
            [-120.99124, 37.39187],
            [-120.99125, 37.39204],
            [-120.99122, 37.39226],
            [-120.99119, 37.39239],
            [-120.99114, 37.39252],
            [-120.99107, 37.39264],
            [-120.99095, 37.39277],
            [-120.99068, 37.39294],
            [-120.99046, 37.39312],
            [-120.99028, 37.39332],
            [-120.99017, 37.39351],
            [-120.99007, 37.39367],
            [-120.98999, 37.39385],
            [-120.98994, 37.39406],
            [-120.98991, 37.3943],
            [-120.98996, 37.39458],
            [-120.98998, 37.39481],
            [-120.99003, 37.39501],
            [-120.99005, 37.39524],
            [-120.99003, 37.39545],
            [-120.98995, 37.39564],
            [-120.98978, 37.39584],
            [-120.98956, 37.396],
            [-120.98927, 37.39615],
            [-120.98899, 37.39631],
            [-120.98867, 37.39648],
            [-120.98841, 37.39662],
            [-120.98803, 37.39676],
            [-120.98769, 37.39689],
            [-120.98756, 37.39695],
            [-120.98712, 37.39714],
            [-120.98673, 37.3973],
            [-120.98606, 37.3975],
            [-120.98572, 37.39764],
            [-120.98545, 37.39778],
            [-120.98506, 37.39797],
            [-120.98467, 37.39819],
            [-120.98434, 37.3984],
            [-120.98408, 37.39862],
            [-120.98394, 37.39871],
            [-120.98369, 37.3989],
            [-120.98358, 37.39909],
            [-120.98355, 37.39924],
            [-120.98357, 37.39944],
            [-120.98365, 37.39959],
            [-120.98376, 37.39972],
            [-120.98396, 37.39981],
            [-120.98419, 37.39988],
            [-120.98442, 37.39997],
            [-120.98465, 37.40003],
            [-120.98491, 37.40015],
            [-120.98503, 37.40025],
            [-120.98511, 37.40036],
            [-120.98517, 37.40044],
            [-120.98528, 37.40063],
            [-120.98538, 37.4008],
            [-120.98544, 37.40095],
            [-120.98549, 37.40117],
            [-120.98563, 37.40156],
            [-120.98568, 37.4018],
            [-120.98574, 37.40209],
            [-120.98583, 37.40237],
            [-120.98592, 37.40252],
            [-120.98606, 37.40269],
            [-120.98618, 37.40279],
            [-120.98634, 37.40296],
            [-120.98646, 37.40307],
            [-120.98661, 37.40312],
            [-120.98675, 37.40318],
            [-120.98692, 37.40324],
            [-120.98705, 37.40332],
            [-120.98744, 37.40343],
            [-120.98806, 37.40351],
            [-120.98865, 37.40351],
            [-120.98911, 37.40345],
            [-120.98963, 37.40336],
            [-120.98998, 37.40331],
            [-120.99028, 37.40321],
            [-120.99063, 37.40311],
            [-120.99086, 37.40305],
            [-120.99121, 37.40292],
            [-120.99152, 37.40279],
            [-120.99174, 37.40267],
            [-120.99188, 37.40257],
            [-120.99202, 37.40247],
            [-120.99214, 37.40237],
            [-120.99233, 37.40221],
            [-120.99245, 37.40204],
            [-120.99257, 37.4019],
            [-120.99271, 37.40175],
            [-120.9928, 37.40167],
            [-120.99292, 37.40159],
            [-120.99299, 37.4015],
            [-120.9931, 37.40142],
            [-120.99322, 37.40135],
            [-120.99341, 37.40132],
            [-120.99354, 37.4013],
            [-120.99377, 37.40135],
            [-120.99396, 37.40142],
            [-120.99413, 37.40144],
            [-120.99435, 37.40151],
            [-120.99452, 37.40155],
            [-120.9947, 37.40163],
            [-120.99484, 37.40167],
            [-120.99499, 37.40174],
            [-120.9951, 37.40177],
            [-120.99523, 37.40183],
            [-120.9955, 37.40194],
            [-120.99573, 37.40209],
            [-120.99599, 37.40225],
            [-120.99616, 37.4025],
            [-120.99658, 37.40303],
            [-120.99682, 37.4035],
            [-120.99694, 37.40381],
            [-120.99698, 37.40404],
            [-120.99704, 37.40433],
            [-120.99704, 37.40458],
            [-120.99701, 37.40486],
            [-120.99695, 37.40515],
            [-120.99683, 37.40554],
            [-120.99675, 37.40578],
            [-120.99666, 37.40608],
            [-120.99647, 37.40638],
            [-120.99632, 37.40657],
            [-120.99616, 37.40676],
            [-120.99597, 37.40691],
            [-120.99578, 37.40707],
            [-120.99552, 37.40725],
            [-120.99532, 37.40738],
            [-120.99503, 37.40751],
            [-120.99462, 37.40767],
            [-120.99437, 37.40774],
            [-120.99412, 37.40783],
            [-120.99395, 37.40791],
            [-120.99356, 37.4081],
            [-120.99335, 37.40826],
            [-120.99309, 37.40844],
            [-120.99281, 37.4087],
            [-120.99271, 37.40885],
            [-120.99265, 37.40914],
            [-120.99266, 37.40934],
            [-120.99272, 37.40958],
            [-120.99292, 37.40984],
            [-120.99329, 37.41019],
            [-120.99353, 37.41039],
            [-120.99385, 37.41058],
            [-120.99429, 37.41077],
            [-120.9947, 37.41099],
            [-120.995, 37.4111],
            [-120.99531, 37.41123],
            [-120.99551, 37.41131],
            [-120.99582, 37.41136],
            [-120.99609, 37.41137],
            [-120.99637, 37.41135],
            [-120.9968, 37.41125],
            [-120.99701, 37.41119],
            [-120.99722, 37.41111],
            [-120.99746, 37.41102],
            [-120.99769, 37.41093],
            [-120.99795, 37.41085],
            [-120.9982, 37.41081],
            [-120.99842, 37.41076],
            [-120.99862, 37.41074],
            [-120.99883, 37.41073],
            [-120.99908, 37.41072],
            [-120.99928, 37.41069],
            [-120.99945, 37.41067],
            [-120.99958, 37.41066],
            [-120.99987, 37.41065],
            [-121.00006, 37.41065],
            [-121.00025, 37.41066],
            [-121.00051, 37.4107],
            [-121.00113, 37.41092],
            [-121.0016, 37.4111],
            [-121.00187, 37.41123],
            [-121.00207, 37.41133],
            [-121.0023, 37.41145],
            [-121.00253, 37.41161],
            [-121.00271, 37.41178],
            [-121.00286, 37.41196],
            [-121.00309, 37.41223],
            [-121.00318, 37.41243],
            [-121.00321, 37.41259],
            [-121.00323, 37.4127],
            [-121.0032, 37.41285],
            [-121.00313, 37.41298],
            [-121.00307, 37.4131],
            [-121.003, 37.41326],
            [-121.00268, 37.41431],
            [-121.00225, 37.41541],
            [-121.00189, 37.41614],
            [-121.00116, 37.41699],
            [-121.00047, 37.4173],
            [-120.99977, 37.41743],
            [-120.99965, 37.41746],
            [-120.99923, 37.41756],
            [-120.99903, 37.41763],
            [-120.99892, 37.41767],
            [-120.99878, 37.41775],
            [-120.99867, 37.41782],
            [-120.99859, 37.41788],
            [-120.9985, 37.41798],
            [-120.99846, 37.41808],
            [-120.9984, 37.41828],
            [-120.9984, 37.41837],
            [-120.99847, 37.41854],
            [-120.99852, 37.41863],
            [-120.99862, 37.41881],
            [-120.99889, 37.41908],
            [-120.999, 37.41917],
            [-120.99919, 37.41933],
            [-120.99937, 37.41945],
            [-120.99969, 37.41961],
            [-120.99987, 37.41969],
            [-121.00017, 37.41985],
            [-121.00048, 37.41999],
            [-121.00088, 37.42016],
            [-121.00132, 37.42033],
            [-121.0017, 37.42051],
            [-121.00213, 37.42071],
            [-121.00245, 37.42089],
            [-121.00267, 37.42108],
            [-121.00285, 37.42126],
            [-121.00301, 37.42152],
            [-121.00312, 37.42178],
            [-121.00315, 37.42192],
            [-121.0031, 37.42203],
            [-121.00316, 37.42208],
            [-121.00324, 37.42215],
            [-121.00331, 37.42291],
            [-121.00332, 37.42299],
            [-121.00332, 37.42306],
            [-121.00332, 37.42306],
            [-121.00316, 37.42353],
            [-121.00282, 37.42438],
            [-121.00231, 37.42485],
            [-121.00187, 37.42503],
            [-121.00115, 37.42529],
            [-121.00044, 37.42569],
            [-121.00005, 37.42635],
            [-120.9999, 37.42708],
            [-120.99995, 37.42785],
            [-121.00022, 37.42827],
            [-121.00036, 37.42847],
            [-121.00087, 37.42891],
            [-121.00152, 37.42919],
            [-121.00153, 37.4292],
            [-121.00238, 37.42947],
            [-121.00336, 37.42965],
            [-121.00404, 37.42962],
            [-121.00463, 37.42945],
            [-121.00524, 37.42908],
            [-121.00614, 37.42842],
            [-121.00695, 37.42796],
            [-121.008, 37.42712],
            [-121.00925, 37.42612],
            [-121.00949, 37.42586],
            [-121.01082, 37.42567],
            [-121.01306, 37.42605],
            [-121.01446, 37.42653],
            [-121.01475, 37.42683],
            [-121.01473, 37.42717],
            [-121.01456, 37.42774],
            [-121.01426, 37.42874],
            [-121.01359, 37.43022],
            [-121.01319, 37.43139],
            [-121.01382, 37.43175],
            [-121.01419, 37.43209],
            [-121.01463, 37.43238],
            [-121.01498, 37.43266],
            [-121.01575, 37.43303],
            [-121.01619, 37.4332],
            [-121.01664, 37.43328],
            [-121.01744, 37.4333],
            [-121.01853, 37.43329],
            [-121.01931, 37.43326],
            [-121.02039, 37.43309],
            [-121.02139, 37.433],
            [-121.02139, 37.433],
            [-121.02157, 37.43304],
            [-121.02161, 37.43305],
            [-121.02182, 37.43312],
            [-121.02191, 37.43315],
            [-121.02199, 37.43317],
            [-121.02211, 37.43322],
            [-121.02215, 37.43324],
            [-121.02219, 37.43326],
            [-121.02243, 37.43342],
            [-121.02252, 37.4335],
            [-121.02258, 37.43356],
            [-121.02269, 37.43367],
            [-121.02292, 37.43389],
            [-121.02297, 37.43395],
            [-121.02303, 37.43405],
            [-121.02314, 37.43425],
            [-121.02317, 37.43431],
            [-121.02319, 37.43438],
            [-121.02324, 37.43452],
            [-121.02327, 37.43462],
            [-121.02331, 37.43484],
            [-121.02333, 37.43498],
            [-121.02332, 37.43523],
            [-121.02331, 37.43533],
            [-121.0233, 37.43555],
            [-121.0233, 37.43572],
            [-121.0233, 37.4359],
            [-121.02329, 37.43605],
            [-121.02328, 37.43618],
            [-121.02327, 37.4363],
            [-121.02325, 37.43646],
            [-121.02321, 37.43661],
            [-121.02311, 37.43676],
            [-121.02299, 37.43693],
            [-121.02286, 37.43714],
            [-121.02266, 37.43752],
            [-121.02253, 37.43778],
            [-121.02237, 37.43802],
            [-121.02225, 37.43824],
            [-121.0221, 37.43851],
            [-121.02197, 37.43871],
            [-121.02171, 37.4391],
            [-121.02145, 37.43953],
            [-121.02142, 37.43979],
            [-121.02139, 37.43985],
            [-121.02136, 37.43996],
            [-121.02138, 37.44024],
            [-121.02154, 37.4407],
            [-121.02204, 37.44119],
            [-121.02245, 37.4415],
            [-121.0229, 37.44164],
            [-121.02345, 37.44176],
            [-121.02469, 37.44208],
            [-121.02609, 37.44246],
            [-121.0269, 37.44265],
            [-121.02759, 37.44292],
            [-121.02824, 37.44339],
            [-121.02853, 37.44371],
            [-121.02876, 37.44412],
            [-121.02877, 37.44416],
            [-121.02887, 37.44446],
            [-121.02886, 37.44457],
            [-121.02884, 37.44503],
            [-121.02831, 37.44577],
            [-121.02805, 37.44583],
            [-121.02731, 37.44598],
            [-121.02688, 37.44603],
            [-121.02647, 37.44609],
            [-121.02643, 37.44623],
            [-121.02642, 37.4463],
            [-121.02641, 37.4464],
            [-121.02642, 37.44647],
            [-121.02643, 37.44651],
            [-121.0265, 37.44686],
            [-121.02652, 37.44693],
            [-121.02666, 37.44727],
            [-121.02674, 37.44751],
            [-121.02688, 37.44778],
            [-121.02697, 37.4479],
            [-121.02721, 37.44821],
            [-121.02726, 37.44826],
            [-121.02735, 37.44839],
            [-121.02741, 37.44848],
            [-121.02746, 37.44854],
            [-121.02748, 37.44858],
            [-121.02752, 37.44864],
            [-121.02762, 37.44876],
            [-121.02768, 37.44881],
            [-121.02781, 37.44891],
            [-121.02813, 37.44912],
            [-121.0282, 37.44916],
            [-121.02828, 37.4492],
            [-121.02848, 37.44928],
            [-121.02876, 37.4494],
            [-121.02919, 37.4496],
            [-121.02946, 37.44974],
            [-121.02953, 37.44978],
            [-121.02987, 37.44997],
            [-121.03001, 37.45005],
            [-121.03021, 37.45015],
            [-121.03029, 37.45018],
            [-121.03037, 37.45021],
            [-121.03046, 37.45023],
            [-121.03059, 37.45025],
            [-121.03072, 37.45027],
            [-121.03086, 37.45029],
            [-121.03111, 37.45035],
            [-121.03196, 37.45052],
            [-121.03258, 37.45058],
            [-121.03271, 37.45055],
            [-121.03307, 37.45042],
            [-121.03333, 37.45035],
            [-121.03368, 37.4501],
            [-121.0341, 37.44982],
            [-121.03417, 37.44978],
            [-121.03443, 37.44955],
            [-121.03459, 37.44942],
            [-121.03488, 37.44933],
            [-121.03497, 37.44931],
            [-121.03532, 37.44923],
            [-121.0362, 37.44918],
            [-121.03703, 37.44939],
            [-121.03788, 37.45002],
            [-121.03853, 37.45095],
            [-121.03856, 37.4518],
            [-121.03834, 37.45275],
            [-121.03822, 37.45318],
            [-121.03813, 37.45351],
            [-121.03818, 37.45383],
            [-121.03836, 37.45413],
            [-121.03884, 37.45446],
            [-121.03977, 37.45482],
            [-121.04055, 37.45502],
            [-121.04184, 37.45527],
            [-121.04236, 37.45553],
            [-121.04271, 37.45597],
            [-121.04262, 37.45699],
            [-121.04235, 37.45724],
            [-121.04204, 37.4575],
            [-121.04195, 37.45777],
            [-121.04198, 37.45805],
            [-121.04221, 37.45841],
            [-121.04253, 37.4588],
            [-121.04266, 37.45905],
            [-121.04268, 37.45925],
            [-121.0426, 37.45951],
            [-121.04157, 37.46015],
            [-121.04057, 37.46045],
            [-121.04011, 37.46056],
            [-121.03969, 37.46055],
            [-121.03929, 37.46052],
            [-121.039, 37.46043],
            [-121.03855, 37.46033],
            [-121.03782, 37.46034],
            [-121.03719, 37.46057],
            [-121.03625, 37.46134],
            [-121.03558, 37.46159],
            [-121.03486, 37.46171],
            [-121.03427, 37.46172],
            [-121.03393, 37.46176],
            [-121.0334, 37.46194],
            [-121.03291, 37.46213],
            [-121.03272, 37.46232],
            [-121.03266, 37.46268],
            [-121.03284, 37.46316],
            [-121.03284, 37.46317],
            [-121.03303, 37.46341],
            [-121.03336, 37.46379],
            [-121.0334, 37.46389],
            [-121.03344, 37.46395],
            [-121.0335, 37.46401],
            [-121.03365, 37.46414],
            [-121.03376, 37.46426],
            [-121.03377, 37.46426],
            [-121.03382, 37.46431],
            [-121.03393, 37.46438],
            [-121.03397, 37.46439],
            [-121.03422, 37.46446],
            [-121.0343, 37.46447],
            [-121.03435, 37.46447],
            [-121.03471, 37.46447],
            [-121.03523, 37.46466],
            [-121.03579, 37.46471],
            [-121.0372, 37.4648],
            [-121.03817, 37.46494],
            [-121.03851, 37.46505],
            [-121.03901, 37.46523],
            [-121.03926, 37.46534],
            [-121.03962, 37.46558],
            [-121.0398, 37.46573],
            [-121.03999, 37.46617],
            [-121.04001, 37.46637],
            [-121.04005, 37.46678],
            [-121.04013, 37.46735],
            [-121.04047, 37.46767],
            [-121.04121, 37.46817],
            [-121.04172, 37.46855],
            [-121.04298, 37.46891],
            [-121.04456, 37.46961],
            [-121.04572, 37.47001],
            [-121.04654, 37.47022],
            [-121.04738, 37.47028],
            [-121.0482, 37.47022],
            [-121.04875, 37.47033],
            [-121.04893, 37.47036],
            [-121.0495, 37.47076],
            [-121.05, 37.47122],
            [-121.05027, 37.47185],
            [-121.05023, 37.47242],
            [-121.04989, 37.47283],
            [-121.04915, 37.47308],
            [-121.04855, 37.47322],
            [-121.04854, 37.47325],
            [-121.04831, 37.47374],
            [-121.04838, 37.47448],
            [-121.04875, 37.47523],
            [-121.05039, 37.47679],
            [-121.05075, 37.477],
            [-121.05101, 37.47712],
            [-121.05101, 37.47712],
            [-121.05157, 37.47775],
            [-121.05199, 37.47796],
            [-121.05244, 37.47817],
            [-121.0528, 37.47828],
            [-121.05301, 37.47828],
            [-121.05339, 37.47832],
            [-121.05384, 37.47823],
            [-121.05432, 37.47812],
            [-121.05482, 37.478],
            [-121.05533, 37.47789],
            [-121.05569, 37.47818],
            [-121.05571, 37.4782],
            [-121.05634, 37.47881],
            [-121.05645, 37.47925],
            [-121.0563, 37.47983],
            [-121.0562, 37.48003],
            [-121.05619, 37.48004],
            [-121.05622, 37.48006],
            [-121.05619, 37.4802],
            [-121.0562, 37.48043],
            [-121.0563, 37.48058],
            [-121.05647, 37.48073],
            [-121.05662, 37.48083],
            [-121.05672, 37.48092],
            [-121.05687, 37.48102],
            [-121.05699, 37.48111],
            [-121.05716, 37.48117],
            [-121.05731, 37.48121],
            [-121.05753, 37.48126],
            [-121.05766, 37.48132],
            [-121.05779, 37.48134],
            [-121.05794, 37.48137],
            [-121.05813, 37.48137],
            [-121.05835, 37.48136],
            [-121.05855, 37.48134],
            [-121.0588, 37.48132],
            [-121.05896, 37.48132],
            [-121.05913, 37.48132],
            [-121.0593, 37.48133],
            [-121.05951, 37.48136],
            [-121.05962, 37.48138],
            [-121.0598, 37.48143],
            [-121.05988, 37.48146],
            [-121.06004, 37.48153],
            [-121.06023, 37.48158],
            [-121.06039, 37.48163],
            [-121.06061, 37.48169],
            [-121.06085, 37.48178],
            [-121.06122, 37.4819],
            [-121.06152, 37.48211],
            [-121.06169, 37.48218],
            [-121.06181, 37.48224],
            [-121.06194, 37.48228],
            [-121.06216, 37.48236],
            [-121.06226, 37.4824],
            [-121.06241, 37.48246],
            [-121.0625, 37.4825],
            [-121.06276, 37.48258],
            [-121.06298, 37.48262],
            [-121.06323, 37.4827],
            [-121.06338, 37.48276],
            [-121.06358, 37.48287],
            [-121.06376, 37.48296],
            [-121.06393, 37.483],
            [-121.06411, 37.483],
            [-121.06427, 37.48296],
            [-121.06438, 37.48291],
            [-121.06446, 37.48284],
            [-121.06457, 37.48277],
            [-121.06467, 37.48266],
            [-121.06475, 37.48255],
            [-121.06483, 37.4824],
            [-121.0649, 37.48228],
            [-121.06502, 37.48213],
            [-121.06505, 37.48207],
            [-121.06512, 37.48194],
            [-121.06513, 37.48177],
            [-121.06513, 37.48162],
            [-121.06507, 37.48146],
            [-121.06501, 37.48128],
            [-121.06495, 37.48115],
            [-121.06482, 37.48108],
            [-121.06474, 37.48096],
            [-121.06463, 37.48089],
            [-121.06455, 37.48078],
            [-121.06445, 37.48064],
            [-121.0644, 37.4805],
            [-121.06438, 37.48034],
            [-121.06439, 37.4802],
            [-121.06444, 37.48011],
            [-121.06453, 37.48007],
            [-121.06468, 37.47998],
            [-121.06494, 37.4799],
            [-121.06509, 37.4799],
            [-121.06524, 37.4799],
            [-121.06538, 37.4799],
            [-121.06558, 37.4799],
            [-121.06571, 37.4799],
            [-121.06588, 37.47993],
            [-121.06601, 37.47996],
            [-121.06609, 37.47999],
            [-121.06625, 37.48004],
            [-121.06645, 37.48012],
            [-121.06659, 37.48024],
            [-121.06664, 37.4803],
            [-121.06681, 37.48038],
            [-121.06691, 37.48044],
            [-121.06705, 37.4805],
            [-121.06713, 37.48052],
            [-121.06732, 37.48057],
            [-121.06753, 37.48059],
            [-121.0677, 37.48059],
            [-121.06795, 37.48055],
            [-121.06819, 37.48051],
            [-121.06844, 37.48044],
            [-121.06857, 37.48038],
            [-121.06873, 37.48032],
            [-121.06887, 37.48025],
            [-121.06906, 37.48017],
            [-121.06922, 37.48015],
            [-121.06938, 37.48015],
            [-121.06956, 37.4802],
            [-121.0697, 37.48027],
            [-121.06983, 37.48034],
            [-121.06991, 37.48039],
            [-121.07007, 37.48057],
            [-121.07016, 37.48081],
            [-121.07023, 37.48092],
            [-121.07026, 37.48102],
            [-121.07026, 37.48121],
            [-121.07025, 37.48132],
            [-121.07022, 37.48143],
            [-121.07002, 37.4817],
            [-121.06996, 37.48176],
            [-121.06986, 37.48186],
            [-121.06966, 37.48195],
            [-121.06951, 37.48202],
            [-121.06938, 37.48207],
            [-121.06915, 37.48219],
            [-121.06894, 37.48231],
            [-121.06873, 37.48239],
            [-121.06856, 37.48251],
            [-121.06843, 37.48258],
            [-121.06826, 37.48271],
            [-121.06815, 37.4828],
            [-121.068, 37.48294],
            [-121.0679, 37.48307],
            [-121.06774, 37.48322],
            [-121.06763, 37.48335],
            [-121.06753, 37.48351],
            [-121.06744, 37.4837],
            [-121.06737, 37.48384],
            [-121.0673, 37.48401],
            [-121.06722, 37.48424],
            [-121.0672, 37.48434],
            [-121.0672, 37.48453],
            [-121.06722, 37.48477],
            [-121.06728, 37.48498],
            [-121.06737, 37.48518],
            [-121.06751, 37.48537],
            [-121.06768, 37.48558],
            [-121.06795, 37.48573],
            [-121.06825, 37.48589],
            [-121.06856, 37.48603],
            [-121.06895, 37.48621],
            [-121.06908, 37.48628],
            [-121.06938, 37.48651],
            [-121.06985, 37.48697],
            [-121.07017, 37.48729],
            [-121.07045, 37.48772],
            [-121.07076, 37.48814],
            [-121.07104, 37.48847],
            [-121.07135, 37.48873],
            [-121.07162, 37.48901],
            [-121.07205, 37.48931],
            [-121.07244, 37.48955],
            [-121.07281, 37.48973],
            [-121.07364, 37.49012],
            [-121.07445, 37.49038],
            [-121.07575, 37.49085],
            [-121.07628, 37.49108],
            [-121.07679, 37.49129],
            [-121.07777, 37.49177],
            [-121.0782, 37.49195],
            [-121.0788, 37.49228],
            [-121.07941, 37.49264],
            [-121.07991, 37.49296],
            [-121.08033, 37.49334],
            [-121.08057, 37.49367],
            [-121.08072, 37.49393],
            [-121.08105, 37.49444],
            [-121.08139, 37.49531],
            [-121.08168, 37.4962],
            [-121.08214, 37.49714],
            [-121.08263, 37.49794],
            [-121.08298, 37.49851],
            [-121.08327, 37.49887],
            [-121.0833, 37.49919],
            [-121.08353, 37.49948],
            [-121.0838, 37.49968],
            [-121.08394, 37.49997],
            [-121.08409, 37.50028],
            [-121.08418, 37.50044],
            [-121.08426, 37.50085],
            [-121.08433, 37.50121],
            [-121.08437, 37.50155],
            [-121.08432, 37.50225],
            [-121.08423, 37.50284],
            [-121.08418, 37.50334],
            [-121.08421, 37.5037],
            [-121.08426, 37.50404],
            [-121.0843, 37.50432],
            [-121.08434, 37.50458],
            [-121.08441, 37.50476],
            [-121.08448, 37.50495],
            [-121.08465, 37.50519],
            [-121.08482, 37.5054],
            [-121.08525, 37.5059],
            [-121.08607, 37.50645],
            [-121.08708, 37.50664],
            [-121.08759, 37.50665],
            [-121.08781, 37.50677],
            [-121.08792, 37.50685],
            [-121.08798, 37.50693],
            [-121.08801, 37.50703],
            [-121.08803, 37.50708],
            [-121.08806, 37.50722],
            [-121.08812, 37.50748],
            [-121.08814, 37.50761],
            [-121.08825, 37.50807],
            [-121.08843, 37.50868],
            [-121.08865, 37.50923],
            [-121.08921, 37.51113],
            [-121.08943, 37.51167],
            [-121.08978, 37.51205],
            [-121.09017, 37.51215],
            [-121.09068, 37.5123],
            [-121.09136, 37.51256],
            [-121.09195, 37.51274],
            [-121.09285, 37.51284],
            [-121.09375, 37.51284],
            [-121.09463, 37.5129],
            [-121.09507, 37.51311],
            [-121.09597, 37.51385],
            [-121.09609, 37.51414],
            [-121.0962, 37.51425],
            [-121.09626, 37.51432],
            [-121.09661, 37.51476],
            [-121.09691, 37.51501],
            [-121.09713, 37.51533],
            [-121.09736, 37.51562],
            [-121.09753, 37.5159],
            [-121.09767, 37.51621],
            [-121.09773, 37.51647],
            [-121.09774, 37.51681],
            [-121.09771, 37.51709],
            [-121.0977, 37.51719],
            [-121.09766, 37.51744],
            [-121.09766, 37.51761],
            [-121.09763, 37.51784],
            [-121.09767, 37.51803],
            [-121.09775, 37.51818],
            [-121.09789, 37.5183],
            [-121.09811, 37.51862],
            [-121.09865, 37.51881],
            [-121.09911, 37.51859],
            [-121.09949, 37.51842],
            [-121.09967, 37.51842],
            [-121.09979, 37.51846],
            [-121.09992, 37.51855],
            [-121.10012, 37.51887],
            [-121.10022, 37.51927],
            [-121.10026, 37.51966],
            [-121.10025, 37.52008],
            [-121.10012, 37.52046],
            [-121.09975, 37.52121],
            [-121.09949, 37.52151],
            [-121.09922, 37.52182],
            [-121.0991, 37.52198],
            [-121.09899, 37.52209],
            [-121.09885, 37.52226],
            [-121.09867, 37.52245],
            [-121.09847, 37.52283],
            [-121.0984, 37.52292],
            [-121.09823, 37.52315],
            [-121.09814, 37.52323],
            [-121.09806, 37.52331],
            [-121.09787, 37.52348],
            [-121.09772, 37.52362],
            [-121.09764, 37.52375],
            [-121.09758, 37.52391],
            [-121.09758, 37.52413],
            [-121.09761, 37.52425],
            [-121.09768, 37.52437],
            [-121.09779, 37.52451],
            [-121.09792, 37.52459],
            [-121.09815, 37.52472],
            [-121.0984, 37.52485],
            [-121.09889, 37.525],
            [-121.09916, 37.52504],
            [-121.09943, 37.52512],
            [-121.09967, 37.52512],
            [-121.09983, 37.52511],
            [-121.10032, 37.52507],
            [-121.10084, 37.52505],
            [-121.10106, 37.52498],
            [-121.10127, 37.52491],
            [-121.10141, 37.52484],
            [-121.10151, 37.52483],
            [-121.10168, 37.52485],
            [-121.1018, 37.52492],
            [-121.1019, 37.52502],
            [-121.10206, 37.52524],
            [-121.10223, 37.5255],
            [-121.10235, 37.5257],
            [-121.10253, 37.52596],
            [-121.1026, 37.52612],
            [-121.10278, 37.52632],
            [-121.103, 37.52646],
            [-121.10353, 37.52664],
            [-121.10373, 37.52669],
            [-121.10393, 37.52669],
            [-121.10418, 37.52666],
            [-121.10448, 37.52663],
            [-121.10482, 37.52659],
            [-121.10505, 37.5265],
            [-121.1054, 37.52639],
            [-121.10572, 37.5262],
            [-121.10592, 37.52606],
            [-121.10625, 37.52587],
            [-121.10661, 37.52572],
            [-121.10691, 37.5256],
            [-121.10724, 37.52553],
            [-121.10762, 37.52543],
            [-121.10802, 37.52543],
            [-121.10827, 37.52546],
            [-121.10864, 37.5255],
            [-121.10891, 37.52557],
            [-121.10922, 37.52569],
            [-121.10939, 37.5258],
            [-121.10966, 37.52594],
            [-121.10985, 37.52609],
            [-121.10999, 37.52626],
            [-121.11015, 37.52644],
            [-121.11024, 37.52659],
            [-121.11031, 37.52679],
            [-121.11039, 37.52702],
            [-121.11048, 37.52724],
            [-121.11052, 37.52749],
            [-121.11052, 37.52783],
            [-121.11048, 37.52801],
            [-121.11041, 37.5282],
            [-121.11034, 37.52837],
            [-121.11026, 37.52851],
            [-121.11016, 37.52867],
            [-121.11001, 37.52887],
            [-121.10981, 37.529],
            [-121.10959, 37.52916],
            [-121.10941, 37.52933],
            [-121.10914, 37.52953],
            [-121.10898, 37.52969],
            [-121.10877, 37.52983],
            [-121.10852, 37.53007],
            [-121.10829, 37.53028],
            [-121.10818, 37.53043],
            [-121.10795, 37.53067],
            [-121.10775, 37.53084],
            [-121.10764, 37.531],
            [-121.10759, 37.53111],
            [-121.10755, 37.53121],
            [-121.10754, 37.53138],
            [-121.10754, 37.53158],
            [-121.10758, 37.53176],
            [-121.10764, 37.5319],
            [-121.10775, 37.5321],
            [-121.10788, 37.53223],
            [-121.10798, 37.53231],
            [-121.10818, 37.53241],
            [-121.10834, 37.53245],
            [-121.10857, 37.53248],
            [-121.10879, 37.53253],
            [-121.10909, 37.53253],
            [-121.10942, 37.53253],
            [-121.10982, 37.53253],
            [-121.11025, 37.53253],
            [-121.11058, 37.53255],
            [-121.11095, 37.53258],
            [-121.11126, 37.53263],
            [-121.11162, 37.53268],
            [-121.11196, 37.53275],
            [-121.11219, 37.53283],
            [-121.11243, 37.53291],
            [-121.11256, 37.53295],
            [-121.11278, 37.53305],
            [-121.11293, 37.53318],
            [-121.11308, 37.53334],
            [-121.11319, 37.53354],
            [-121.11323, 37.53368],
            [-121.11318, 37.53397],
            [-121.11309, 37.53413],
            [-121.11298, 37.53425],
            [-121.11283, 37.53435],
            [-121.11268, 37.53447],
            [-121.11248, 37.53461],
            [-121.11231, 37.53478],
            [-121.11213, 37.53495],
            [-121.11202, 37.53506],
            [-121.11192, 37.53515],
            [-121.11178, 37.53527],
            [-121.11169, 37.53534],
            [-121.11144, 37.53552],
            [-121.11125, 37.53565],
            [-121.11098, 37.53595],
            [-121.11091, 37.53614],
            [-121.11082, 37.53641],
            [-121.11076, 37.53668],
            [-121.11071, 37.53698],
            [-121.11074, 37.53724],
            [-121.11079, 37.53742],
            [-121.11091, 37.53761],
            [-121.11105, 37.53782],
            [-121.11126, 37.53797],
            [-121.11144, 37.53809],
            [-121.11168, 37.53819],
            [-121.11185, 37.53824],
            [-121.11202, 37.53825],
            [-121.11228, 37.53825],
            [-121.11258, 37.53822],
            [-121.11292, 37.53815],
            [-121.11319, 37.53805],
            [-121.11346, 37.53797],
            [-121.11366, 37.53785],
            [-121.11392, 37.53774],
            [-121.11413, 37.53774],
            [-121.11422, 37.53777],
            [-121.11435, 37.53782],
            [-121.1145, 37.53795],
            [-121.11462, 37.53809],
            [-121.11473, 37.53828],
            [-121.11483, 37.53847],
            [-121.1149, 37.53871],
            [-121.11503, 37.53899],
            [-121.11516, 37.53924],
            [-121.11533, 37.53954],
            [-121.11555, 37.53991],
            [-121.11564, 37.53999],
            [-121.1158, 37.54017],
            [-121.11585, 37.54023],
            [-121.11588, 37.54029],
            [-121.11591, 37.54036],
            [-121.11594, 37.5405],
            [-121.11596, 37.54064],
            [-121.11596, 37.54078],
            [-121.11595, 37.54086],
            [-121.11589, 37.54095],
            [-121.11585, 37.54101],
            [-121.11582, 37.54104],
            [-121.11547, 37.54117],
            [-121.115, 37.54158],
            [-121.1148, 37.54191],
            [-121.11481, 37.54218],
            [-121.11487, 37.54241],
            [-121.11508, 37.54269],
            [-121.1154, 37.54286],
            [-121.11552, 37.54292],
            [-121.11575, 37.54302],
            [-121.11598, 37.54312],
            [-121.11652, 37.54332],
            [-121.11695, 37.54345],
            [-121.11754, 37.54366],
            [-121.11792, 37.54376],
            [-121.11822, 37.54402],
            [-121.11845, 37.54433],
            [-121.11876, 37.54465],
            [-121.11889, 37.5448],
            [-121.11928, 37.54513],
            [-121.11956, 37.54538],
            [-121.12026, 37.54565],
            [-121.12071, 37.54578],
            [-121.12122, 37.54595],
            [-121.12206, 37.54641],
            [-121.12217, 37.54647],
            [-121.12224, 37.54651],
            [-121.12244, 37.54666],
            [-121.12255, 37.54677],
            [-121.12258, 37.5468],
            [-121.12262, 37.54686],
            [-121.12264, 37.5469],
            [-121.12267, 37.547],
            [-121.12269, 37.54707],
            [-121.1227, 37.54721],
            [-121.1227, 37.54728],
            [-121.12269, 37.54735],
            [-121.12266, 37.5475],
            [-121.12258, 37.54805],
            [-121.1226, 37.54883],
            [-121.12265, 37.54945],
            [-121.12256, 37.55003],
            [-121.12253, 37.5506],
            [-121.12256, 37.55147],
            [-121.12255, 37.55248],
            [-121.12252, 37.55287],
            [-121.12266, 37.55336],
            [-121.12264, 37.5537],
            [-121.12269, 37.55399],
            [-121.12284, 37.55426],
            [-121.12298, 37.55441],
            [-121.12322, 37.55456],
            [-121.12343, 37.55465],
            [-121.1237, 37.55475],
            [-121.12407, 37.55479],
            [-121.12435, 37.55477],
            [-121.12461, 37.55473],
            [-121.12497, 37.55468],
            [-121.12544, 37.55461],
            [-121.12574, 37.55454],
            [-121.12602, 37.55448],
            [-121.12631, 37.55436],
            [-121.1267, 37.5543],
            [-121.12702, 37.55418],
            [-121.12733, 37.55419],
            [-121.12749, 37.55438],
            [-121.12766, 37.55462],
            [-121.12789, 37.55493],
            [-121.12797, 37.55524],
            [-121.12803, 37.55551],
            [-121.12807, 37.55578],
            [-121.12801, 37.55618],
            [-121.12792, 37.55645],
            [-121.12784, 37.55677],
            [-121.12779, 37.55699],
            [-121.12774, 37.55727],
            [-121.12772, 37.55755],
            [-121.12774, 37.55767],
            [-121.1279, 37.55786],
            [-121.12812, 37.55807],
            [-121.12842, 37.55815],
            [-121.12874, 37.55832],
            [-121.1292, 37.55842],
            [-121.1296, 37.55855],
            [-121.12997, 37.5587],
            [-121.13027, 37.55888],
            [-121.13067, 37.55909],
            [-121.13119, 37.55923],
            [-121.13152, 37.5593],
            [-121.13188, 37.5593],
            [-121.13231, 37.55931],
            [-121.13266, 37.55927],
            [-121.13309, 37.55917],
            [-121.13344, 37.55905],
            [-121.13388, 37.55898],
            [-121.1342, 37.55877],
            [-121.13475, 37.55874],
            [-121.13521, 37.55878],
            [-121.13559, 37.55886],
            [-121.13589, 37.55905],
            [-121.13623, 37.55921],
            [-121.13648, 37.55952],
            [-121.13645, 37.55999],
            [-121.13666, 37.56022],
            [-121.13693, 37.56052],
            [-121.1372, 37.56071],
            [-121.13737, 37.56081],
            [-121.13768, 37.56087],
            [-121.13792, 37.56091],
            [-121.13817, 37.56093],
            [-121.13842, 37.56093],
            [-121.13869, 37.56084],
            [-121.13893, 37.5608],
            [-121.13918, 37.56072],
            [-121.13946, 37.5605],
            [-121.1399, 37.56028],
            [-121.14045, 37.56008],
            [-121.1416, 37.55967],
            [-121.142, 37.55951],
            [-121.14255, 37.55938],
            [-121.14328, 37.55936],
            [-121.14384, 37.55939],
            [-121.14459, 37.55955],
            [-121.14535, 37.55975],
            [-121.14604, 37.55995],
            [-121.14636, 37.56006],
            [-121.14659, 37.56012],
            [-121.14675, 37.56022],
            [-121.14706, 37.56032],
            [-121.14727, 37.56055],
            [-121.14775, 37.56078],
            [-121.14825, 37.56071],
            [-121.1488, 37.56029],
            [-121.14916, 37.55995],
            [-121.14927, 37.55966],
            [-121.14944, 37.55907],
            [-121.14943, 37.55846],
            [-121.14937, 37.55796],
            [-121.14933, 37.55759],
            [-121.14927, 37.55737],
            [-121.14912, 37.55719],
            [-121.14875, 37.55686],
            [-121.14853, 37.55665],
            [-121.14822, 37.55641],
            [-121.14816, 37.55632],
            [-121.14809, 37.55615],
            [-121.14799, 37.55578],
            [-121.14806, 37.55533],
            [-121.14827, 37.55501],
            [-121.14859, 37.55482],
            [-121.14894, 37.55481],
            [-121.14935, 37.55491],
            [-121.14995, 37.55539],
            [-121.15046, 37.55578],
            [-121.151, 37.55619],
            [-121.15118, 37.5563],
            [-121.15126, 37.55634],
            [-121.15162, 37.55656],
            [-121.15197, 37.55679],
            [-121.15219, 37.55696],
            [-121.15236, 37.55708],
            [-121.15249, 37.55719],
            [-121.15259, 37.55726],
            [-121.15273, 37.55738],
            [-121.15309, 37.55753],
            [-121.15341, 37.55788],
            [-121.15374, 37.55825],
            [-121.15399, 37.55884],
            [-121.15402, 37.5594],
            [-121.15392, 37.55985],
            [-121.15369, 37.5603],
            [-121.15345, 37.56058],
            [-121.15275, 37.56097],
            [-121.15224, 37.5615],
            [-121.15224, 37.56157],
            [-121.15227, 37.56171],
            [-121.15229, 37.56177],
            [-121.1523, 37.56184],
            [-121.15234, 37.56196],
            [-121.15234, 37.56199],
            [-121.15237, 37.56213],
            [-121.15238, 37.5622],
            [-121.15237, 37.56235],
            [-121.15235, 37.56249],
            [-121.15233, 37.56256],
            [-121.15232, 37.56274],
            [-121.15232, 37.56281],
            [-121.15231, 37.56284],
            [-121.15229, 37.56291],
            [-121.15228, 37.56323],
            [-121.15229, 37.56337],
            [-121.15229, 37.56344],
            [-121.15229, 37.56352],
            [-121.15231, 37.56362],
            [-121.15232, 37.56366],
            [-121.15235, 37.56372],
            [-121.15245, 37.56396],
            [-121.15249, 37.56402],
            [-121.15252, 37.56405],
            [-121.15253, 37.56409],
            [-121.15265, 37.56432],
            [-121.15268, 37.56439],
            [-121.1527, 37.56445],
            [-121.15275, 37.56455],
            [-121.15278, 37.56458],
            [-121.15279, 37.56462],
            [-121.1528, 37.56465],
            [-121.15282, 37.56469],
            [-121.15285, 37.56475],
            [-121.15286, 37.56479],
            [-121.15288, 37.56489],
            [-121.15288, 37.56504],
            [-121.1529, 37.56511],
            [-121.15291, 37.56518],
            [-121.1529, 37.56525],
            [-121.15291, 37.56532],
            [-121.1529, 37.56543],
            [-121.15291, 37.56557],
            [-121.15292, 37.56564],
            [-121.15294, 37.56567],
            [-121.15295, 37.56571],
            [-121.15297, 37.56592],
            [-121.15275, 37.56673],
            [-121.15272, 37.56748],
            [-121.15298, 37.56784],
            [-121.15336, 37.56812],
            [-121.1545, 37.56881],
            [-121.15541, 37.56919],
            [-121.15549, 37.56929],
            [-121.15575, 37.56962],
            [-121.15591, 37.57009],
            [-121.15594, 37.57017],
            [-121.15595, 37.5702],
            [-121.15596, 37.57021],
            [-121.15601, 37.57036],
            [-121.15657, 37.57153],
            [-121.15659, 37.57156],
            [-121.15662, 37.57162],
            [-121.15666, 37.57169],
            [-121.15668, 37.57172],
            [-121.15673, 37.57178],
            [-121.15678, 37.57188],
            [-121.15683, 37.57198],
            [-121.15689, 37.57207],
            [-121.15693, 37.57218],
            [-121.15695, 37.57221],
            [-121.15696, 37.57228],
            [-121.15706, 37.57248],
            [-121.15725, 37.5727],
            [-121.15735, 37.57292],
            [-121.15751, 37.57354],
            [-121.15816, 37.57416],
            [-121.15898, 37.57489],
            [-121.15919, 37.57525],
            [-121.1592, 37.57552],
            [-121.15925, 37.5757],
            [-121.15917, 37.57596],
            [-121.15894, 37.57631],
            [-121.15826, 37.57701],
            [-121.15796, 37.57741],
            [-121.15774, 37.57786],
            [-121.15762, 37.57856],
            [-121.15756, 37.57901],
            [-121.15756, 37.57921],
            [-121.15764, 37.57944],
            [-121.15779, 37.57968],
            [-121.15794, 37.58001],
            [-121.15798, 37.58025],
            [-121.15794, 37.58048],
            [-121.15792, 37.58065],
            [-121.15791, 37.58068],
            [-121.15784, 37.58084],
            [-121.15783, 37.58087],
            [-121.15771, 37.58102],
            [-121.15754, 37.58124],
            [-121.15736, 37.58141],
            [-121.15713, 37.58163],
            [-121.15703, 37.58174],
            [-121.15696, 37.58181],
            [-121.15685, 37.58206],
            [-121.15683, 37.58225],
            [-121.15681, 37.5825],
            [-121.15681, 37.58251],
            [-121.15698, 37.58281],
            [-121.15778, 37.58314],
            [-121.15864, 37.58331],
            [-121.15894, 37.58334],
            [-121.15906, 37.58336],
            [-121.1591, 37.58335],
            [-121.15954, 37.58323],
            [-121.16027, 37.58318],
            [-121.16102, 37.58329],
            [-121.1617, 37.58327],
            [-121.16221, 37.58306],
            [-121.16251, 37.58287],
            [-121.16268, 37.58271],
            [-121.16281, 37.58249],
            [-121.16291, 37.5822],
            [-121.16317, 37.58164],
            [-121.16356, 37.5812],
            [-121.16488, 37.58057],
            [-121.16605, 37.58088],
            [-121.16611, 37.58089],
            [-121.16619, 37.58096],
            [-121.16633, 37.58107],
            [-121.16655, 37.58145],
            [-121.16687, 37.58176],
            [-121.16725, 37.58187],
            [-121.16755, 37.58213],
            [-121.16772, 37.5827],
            [-121.16771, 37.58342],
            [-121.16756, 37.58382],
            [-121.16734, 37.58414],
            [-121.16693, 37.58454],
            [-121.16673, 37.58481],
            [-121.16665, 37.58494],
            [-121.16672, 37.58515],
            [-121.16691, 37.58536],
            [-121.16707, 37.58562],
            [-121.16774, 37.58635],
            [-121.1683, 37.58678],
            [-121.16896, 37.58695],
            [-121.16943, 37.58696],
            [-121.16987, 37.58677],
            [-121.17048, 37.58654],
            [-121.17113, 37.58662],
            [-121.17185, 37.58706],
            [-121.17209, 37.58735],
            [-121.17211, 37.58766],
            [-121.1721, 37.58817],
            [-121.17179, 37.58869],
            [-121.17153, 37.58978],
            [-121.17159, 37.59051],
            [-121.17158, 37.5909],
            [-121.17161, 37.59112],
            [-121.17163, 37.59122],
            [-121.17168, 37.59132],
            [-121.1717, 37.59139],
            [-121.17177, 37.59152],
            [-121.17178, 37.59156],
            [-121.1718, 37.59163],
            [-121.17182, 37.59166],
            [-121.17188, 37.5919],
            [-121.17189, 37.59194],
            [-121.17191, 37.59201],
            [-121.17192, 37.59208],
            [-121.17195, 37.59215],
            [-121.17196, 37.59222],
            [-121.17198, 37.59225],
            [-121.17202, 37.59239],
            [-121.17205, 37.59245],
            [-121.1721, 37.59254],
            [-121.17226, 37.59294],
            [-121.17253, 37.59319],
            [-121.17253, 37.59319],
            [-121.17255, 37.5932],
            [-121.17278, 37.59327],
            [-121.17288, 37.5933],
            [-121.17313, 37.59331],
            [-121.17326, 37.59332],
            [-121.17413, 37.59326],
            [-121.17575, 37.59308],
            [-121.17579, 37.59309],
            [-121.17588, 37.59311],
            [-121.17596, 37.59313],
            [-121.17601, 37.59314],
            [-121.17609, 37.59316],
            [-121.17626, 37.59323],
            [-121.17637, 37.59328],
            [-121.17641, 37.59331],
            [-121.17653, 37.59341],
            [-121.17673, 37.59361],
            [-121.17688, 37.59378],
            [-121.17699, 37.59394],
            [-121.17707, 37.59411],
            [-121.17713, 37.59424],
            [-121.17718, 37.59441],
            [-121.1772, 37.59452],
            [-121.17723, 37.59459],
            [-121.17724, 37.59473],
            [-121.17727, 37.59512],
            [-121.17728, 37.59584],
            [-121.17721, 37.59623],
            [-121.17687, 37.59671],
            [-121.17657, 37.59695],
            [-121.17599, 37.59726],
            [-121.17531, 37.59754],
            [-121.17423, 37.59759],
            [-121.17252, 37.5974],
            [-121.17186, 37.59725],
            [-121.1718, 37.59724],
            [-121.17171, 37.59723],
            [-121.17167, 37.59721],
            [-121.17163, 37.5972],
            [-121.17159, 37.59719],
            [-121.17136, 37.59715],
            [-121.17114, 37.59714],
            [-121.17109, 37.59714],
            [-121.17039, 37.59731],
            [-121.17017, 37.59741],
            [-121.16994, 37.59752],
            [-121.16994, 37.59752],
            [-121.16962, 37.59782],
            [-121.16963, 37.5982],
            [-121.17021, 37.59896],
            [-121.17094, 37.59966],
            [-121.17157, 37.59998],
            [-121.1723, 37.60012],
            [-121.17321, 37.6001],
            [-121.17393, 37.59988],
            [-121.17414, 37.59982],
            [-121.17441, 37.59968],
            [-121.17487, 37.59943],
            [-121.17526, 37.59907],
            [-121.1763, 37.59822],
            [-121.17709, 37.59795],
            [-121.17751, 37.59764],
            [-121.17768, 37.59752],
            [-121.17825, 37.59751],
            [-121.17856, 37.59764],
            [-121.1786, 37.59766],
            [-121.17888, 37.59793],
            [-121.17899, 37.59815],
            [-121.17907, 37.59831],
            [-121.17937, 37.59873],
            [-121.17956, 37.59919],
            [-121.17955, 37.59972],
            [-121.17944, 37.60019],
            [-121.17919, 37.6006],
            [-121.1786, 37.60102],
            [-121.17786, 37.6014],
            [-121.17692, 37.60156],
            [-121.17646, 37.60181],
            [-121.17623, 37.60206],
            [-121.17614, 37.60245],
            [-121.17621, 37.60334],
            [-121.17639, 37.60393],
            [-121.17699, 37.6048],
            [-121.17736, 37.60515],
            [-121.17789, 37.60551],
            [-121.1781, 37.60577],
            [-121.17822, 37.60594],
            [-121.17828, 37.60612],
            [-121.17827, 37.6063],
            [-121.17783, 37.60646],
            [-121.17714, 37.60644],
            [-121.17671, 37.6064],
            [-121.17597, 37.60622],
            [-121.17547, 37.6062],
            [-121.17514, 37.60618],
            [-121.17499, 37.60615],
            [-121.17486, 37.60613],
            [-121.17426, 37.60618],
            [-121.17412, 37.60625],
            [-121.17386, 37.60646],
            [-121.17357, 37.60669],
            [-121.17277, 37.60776],
            [-121.1727, 37.60817],
            [-121.17238, 37.60882],
            [-121.17205, 37.60963],
            [-121.17219, 37.61093],
            [-121.17222, 37.61131],
            [-121.17226, 37.61169],
            [-121.17233, 37.61195],
            [-121.17256, 37.61212],
            [-121.17296, 37.61243],
            [-121.1731, 37.61252],
            [-121.17385, 37.61301],
            [-121.17476, 37.61334],
            [-121.17573, 37.61344],
            [-121.17703, 37.61336],
            [-121.17843, 37.61318],
            [-121.1792, 37.61311],
            [-121.18034, 37.61303],
            [-121.18109, 37.61301],
            [-121.18207, 37.61326],
            [-121.18256, 37.61357],
            [-121.18313, 37.61427],
            [-121.18338, 37.61475],
            [-121.18361, 37.61508],
            [-121.18367, 37.61545],
            [-121.18375, 37.61578],
            [-121.18375, 37.61613],
            [-121.1838, 37.61648],
            [-121.18384, 37.6167],
            [-121.18395, 37.61702],
            [-121.18403, 37.6173],
            [-121.1841, 37.61754],
            [-121.18415, 37.61784],
            [-121.18415, 37.61814],
            [-121.18408, 37.6184],
            [-121.18397, 37.61875],
            [-121.18378, 37.61912],
            [-121.1836, 37.61948],
            [-121.18341, 37.61989],
            [-121.1834, 37.62015],
            [-121.18343, 37.62037],
            [-121.18344, 37.62058],
            [-121.18353, 37.62087],
            [-121.18353, 37.62121],
            [-121.18357, 37.62139],
            [-121.18358, 37.62164],
            [-121.18371, 37.62201],
            [-121.18377, 37.62216],
            [-121.1839, 37.62232],
            [-121.18414, 37.62254],
            [-121.1844, 37.62259],
            [-121.1846, 37.62272],
            [-121.1848, 37.62288],
            [-121.18485, 37.62295],
            [-121.18487, 37.62306],
            [-121.18488, 37.62318],
            [-121.18488, 37.62331],
            [-121.18483, 37.62342],
            [-121.18476, 37.62358],
            [-121.18474, 37.62364],
            [-121.18459, 37.62401],
            [-121.18464, 37.62434],
            [-121.18468, 37.62469],
            [-121.18488, 37.62511],
            [-121.18504, 37.62541],
            [-121.18514, 37.62561],
            [-121.18521, 37.62582],
            [-121.18535, 37.62635],
            [-121.18549, 37.62659],
            [-121.18566, 37.62675],
            [-121.18591, 37.62689],
            [-121.18593, 37.62691],
            [-121.18659, 37.62691],
            [-121.18879, 37.62655],
            [-121.18966, 37.62641],
            [-121.19023, 37.62658],
            [-121.19062, 37.62681],
            [-121.19126, 37.62741],
            [-121.1918, 37.62846],
            [-121.1918, 37.62881],
            [-121.19119, 37.63002],
            [-121.19076, 37.63012],
            [-121.19018, 37.63016],
            [-121.19016, 37.63016],
            [-121.19007, 37.63029],
            [-121.19003, 37.63035],
            [-121.18996, 37.63045],
            [-121.18991, 37.63054],
            [-121.18989, 37.63058],
            [-121.18986, 37.63061],
            [-121.18983, 37.63067],
            [-121.18983, 37.63083],
            [-121.18984, 37.6309],
            [-121.18986, 37.63093],
            [-121.18992, 37.63103],
            [-121.18999, 37.63112],
            [-121.19001, 37.63115],
            [-121.19007, 37.6312],
            [-121.19017, 37.63128],
            [-121.19027, 37.63135],
            [-121.19038, 37.63141],
            [-121.19046, 37.63145],
            [-121.19054, 37.63149],
            [-121.19066, 37.63153],
            [-121.19075, 37.63156],
            [-121.19118, 37.63167],
            [-121.1913, 37.63172],
            [-121.19146, 37.63179],
            [-121.19154, 37.63183],
            [-121.19165, 37.63189],
            [-121.19172, 37.63194],
            [-121.19186, 37.63203],
            [-121.19192, 37.63208],
            [-121.19206, 37.63222],
            [-121.19211, 37.63228],
            [-121.19218, 37.63238],
            [-121.19219, 37.63241],
            [-121.19222, 37.63248],
            [-121.1925, 37.63273],
            [-121.1925, 37.63287],
            [-121.19234, 37.63327],
            [-121.1919, 37.63388],
            [-121.19184, 37.63436],
            [-121.1919, 37.63445],
            [-121.19198, 37.63458],
            [-121.19204, 37.63468],
            [-121.19207, 37.63474],
            [-121.19209, 37.63481],
            [-121.19211, 37.63488],
            [-121.19214, 37.6351],
            [-121.19218, 37.63527],
            [-121.19221, 37.63534],
            [-121.19223, 37.63537],
            [-121.19231, 37.63557],
            [-121.19235, 37.63564],
            [-121.19241, 37.63577],
            [-121.19244, 37.6358],
            [-121.19249, 37.6359],
            [-121.19253, 37.63596],
            [-121.19257, 37.63603],
            [-121.19263, 37.63613],
            [-121.19265, 37.63616],
            [-121.19267, 37.63619],
            [-121.19275, 37.63632],
            [-121.1929, 37.6365],
            [-121.19303, 37.63664],
            [-121.19308, 37.6367],
            [-121.19315, 37.63675],
            [-121.19326, 37.63687],
            [-121.19344, 37.63703],
            [-121.19364, 37.63718],
            [-121.19381, 37.63729],
            [-121.19398, 37.63741],
            [-121.19409, 37.63747],
            [-121.19424, 37.63756],
            [-121.19428, 37.63758],
            [-121.1944, 37.63762],
            [-121.19462, 37.63769],
            [-121.19493, 37.63775],
            [-121.19511, 37.63777],
            [-121.19552, 37.6378],
            [-121.19606, 37.6378],
            [-121.19615, 37.63779],
            [-121.19638, 37.63779],
            [-121.19647, 37.63778],
            [-121.19661, 37.63778],
            [-121.19675, 37.63777],
            [-121.19693, 37.63776],
            [-121.19734, 37.63775],
            [-121.19739, 37.63775],
            [-121.19743, 37.63775],
            [-121.19761, 37.63774],
            [-121.19775, 37.63774],
            [-121.19784, 37.63773],
            [-121.19793, 37.63773],
            [-121.19816, 37.63771],
            [-121.19843, 37.63768],
            [-121.19857, 37.63767],
            [-121.1991, 37.63762],
            [-121.19914, 37.63761],
            [-121.19919, 37.63761],
            [-121.19973, 37.63756],
            [-121.20014, 37.63755],
            [-121.20024, 37.63756],
            [-121.2006, 37.63758],
            [-121.20087, 37.63759],
            [-121.2011, 37.63761],
            [-121.20133, 37.63764],
            [-121.20146, 37.63766],
            [-121.20169, 37.63768],
            [-121.2021, 37.63771],
            [-121.20251, 37.6377],
            [-121.2026, 37.63769],
            [-121.20287, 37.63768],
            [-121.20301, 37.63767],
            [-121.2031, 37.63766],
            [-121.20328, 37.63765],
            [-121.20346, 37.63763],
            [-121.20377, 37.63756],
            [-121.20382, 37.63755],
            [-121.20411, 37.63746],
            [-121.2042, 37.63744],
            [-121.20428, 37.6374],
            [-121.20436, 37.63737],
            [-121.2044, 37.63736],
            [-121.2046, 37.63727],
            [-121.20471, 37.6372],
            [-121.20478, 37.63716],
            [-121.20481, 37.63713],
            [-121.20536, 37.63702],
            [-121.20558, 37.63691],
            [-121.20659, 37.63631],
            [-121.20675, 37.63621],
            [-121.20692, 37.63605],
            [-121.20706, 37.63594],
            [-121.20715, 37.6358],
            [-121.2073, 37.63566],
            [-121.20739, 37.63558],
            [-121.2075, 37.63541],
            [-121.20766, 37.63527],
            [-121.20777, 37.63512],
            [-121.20803, 37.63487],
            [-121.20807, 37.63468],
            [-121.20818, 37.63455],
            [-121.20834, 37.63446],
            [-121.20846, 37.6344],
            [-121.20855, 37.63431],
            [-121.20869, 37.63412],
            [-121.20888, 37.63392],
            [-121.20938, 37.63359],
            [-121.20972, 37.63339],
            [-121.21, 37.6332],
            [-121.21015, 37.63307],
            [-121.21029, 37.63296],
            [-121.21046, 37.63279],
            [-121.21067, 37.63261],
            [-121.21089, 37.63226],
            [-121.21097, 37.6319],
            [-121.21094, 37.63148],
            [-121.21076, 37.63105],
            [-121.2107, 37.6308],
            [-121.21059, 37.63066],
            [-121.21037, 37.63038],
            [-121.20998, 37.63014],
            [-121.20997, 37.63],
            [-121.20996, 37.62992],
            [-121.20994, 37.62985],
            [-121.20992, 37.62971],
            [-121.20992, 37.62968],
            [-121.20989, 37.62961],
            [-121.20988, 37.62957],
            [-121.20984, 37.6294],
            [-121.20982, 37.62933],
            [-121.20981, 37.62926],
            [-121.20978, 37.62915],
            [-121.20975, 37.62898],
            [-121.20973, 37.62876],
            [-121.20974, 37.62869],
            [-121.20976, 37.62862],
            [-121.20977, 37.62852],
            [-121.2098, 37.62845],
            [-121.20986, 37.62828],
            [-121.20989, 37.62821],
            [-121.20996, 37.62808],
            [-121.21, 37.62801],
            [-121.21013, 37.62783],
            [-121.2102, 37.62773],
            [-121.21045, 37.62748],
            [-121.21053, 37.62744],
            [-121.2106, 37.6274],
            [-121.21081, 37.62732],
            [-121.21085, 37.62731],
            [-121.21089, 37.6273],
            [-121.21102, 37.62725],
            [-121.21114, 37.62721],
            [-121.21119, 37.6272],
            [-121.21131, 37.62715],
            [-121.21151, 37.62707],
            [-121.21169, 37.62703],
            [-121.21191, 37.627],
            [-121.21214, 37.62699],
            [-121.21228, 37.62699],
            [-121.2125, 37.62698],
            [-121.2126, 37.62699],
            [-121.21273, 37.62702],
            [-121.21277, 37.62703],
            [-121.21281, 37.62705],
            [-121.21285, 37.62706],
            [-121.2129, 37.62707],
            [-121.2131, 37.62715],
            [-121.21326, 37.62723],
            [-121.2134, 37.62731],
            [-121.21368, 37.6275],
            [-121.21377, 37.62758],
            [-121.21396, 37.62774],
            [-121.21407, 37.62785],
            [-121.21419, 37.628],
            [-121.21426, 37.62809],
            [-121.21429, 37.62812],
            [-121.21432, 37.62818],
            [-121.21437, 37.62825],
            [-121.21445, 37.62841],
            [-121.21446, 37.62845],
            [-121.21447, 37.62852],
            [-121.21448, 37.62866],
            [-121.21447, 37.62887],
            [-121.21446, 37.62898],
            [-121.21443, 37.62916],
            [-121.2144, 37.62933],
            [-121.2144, 37.62937],
            [-121.21441, 37.6294],
            [-121.21439, 37.62944],
            [-121.21437, 37.62951],
            [-121.21435, 37.62961],
            [-121.21431, 37.62986],
            [-121.21431, 37.62993],
            [-121.2143, 37.63004],
            [-121.21429, 37.63014],
            [-121.21428, 37.63032],
            [-121.21426, 37.63043],
            [-121.21424, 37.63075],
            [-121.21424, 37.63086],
            [-121.21425, 37.63114],
            [-121.21424, 37.63125],
            [-121.21412, 37.63149],
            [-121.21409, 37.63173],
            [-121.21401, 37.63193],
            [-121.21395, 37.63239],
            [-121.21393, 37.63264],
            [-121.21423, 37.63347],
            [-121.21492, 37.63433],
            [-121.21552, 37.63528],
            [-121.21592, 37.63561],
            [-121.21628, 37.63571],
            [-121.21638, 37.63593],
            [-121.21699, 37.63711],
            [-121.21705, 37.63721],
            [-121.21714, 37.63733],
            [-121.21721, 37.63742],
            [-121.21735, 37.63756],
            [-121.21741, 37.63762],
            [-121.2175, 37.63769],
            [-121.21767, 37.63782],
            [-121.21777, 37.63789],
            [-121.21791, 37.63798],
            [-121.21801, 37.63805],
            [-121.21809, 37.63809],
            [-121.21907, 37.63884],
            [-121.2195, 37.63897],
            [-121.21992, 37.63898],
            [-121.22037, 37.63901],
            [-121.22112, 37.6388],
            [-121.22186, 37.63857],
            [-121.22236, 37.63838],
            [-121.22261, 37.63827],
            [-121.22306, 37.63824],
            [-121.22343, 37.63815],
            [-121.22387, 37.63798],
            [-121.22424, 37.63788],
            [-121.22459, 37.63771],
            [-121.22477, 37.6376],
            [-121.22521, 37.6374],
            [-121.22534, 37.63742],
            [-121.22547, 37.63746],
            [-121.22572, 37.63754],
            [-121.22596, 37.63765],
            [-121.226, 37.63766],
            [-121.22611, 37.63773],
            [-121.22619, 37.63776],
            [-121.22642, 37.63788],
            [-121.22646, 37.6379],
            [-121.22657, 37.63795],
            [-121.22661, 37.63797],
            [-121.22675, 37.63806],
            [-121.2269, 37.63815],
            [-121.22694, 37.63817],
            [-121.22698, 37.63819],
            [-121.22705, 37.63823],
            [-121.2274, 37.63846],
            [-121.22753, 37.63856],
            [-121.228, 37.6389],
            [-121.22825, 37.63911],
            [-121.22851, 37.63936],
            [-121.22868, 37.63953],
            [-121.2287, 37.63957],
            [-121.22878, 37.63965],
            [-121.22882, 37.63972],
            [-121.22889, 37.63981],
            [-121.22893, 37.63988],
            [-121.22892, 37.63991],
            [-121.22894, 37.63998],
            [-121.22894, 37.64002],
            [-121.22894, 37.64027],
            [-121.22893, 37.64035],
            [-121.22892, 37.64043],
            [-121.22889, 37.64053],
            [-121.22886, 37.6406],
            [-121.22885, 37.64063],
            [-121.22884, 37.6407],
            [-121.22882, 37.64077],
            [-121.2288, 37.64084],
            [-121.22877, 37.64091],
            [-121.22874, 37.64105],
            [-121.22873, 37.64108],
            [-121.22871, 37.64119],
            [-121.22868, 37.64129],
            [-121.22867, 37.64137],
            [-121.22862, 37.6415],
            [-121.22861, 37.64157],
            [-121.22858, 37.64164],
            [-121.22851, 37.64177],
            [-121.22847, 37.64184],
            [-121.22846, 37.64187],
            [-121.22848, 37.64198],
            [-121.22848, 37.64201],
            [-121.22847, 37.64208],
            [-121.22845, 37.64219],
            [-121.22845, 37.64226],
            [-121.22846, 37.64233],
            [-121.22843, 37.64237],
            [-121.22841, 37.6424],
            [-121.22838, 37.64247],
            [-121.22836, 37.64254],
            [-121.22835, 37.64257],
            [-121.22825, 37.64273],
            [-121.22817, 37.6429],
            [-121.22815, 37.64293],
            [-121.2281, 37.64303],
            [-121.22807, 37.6431],
            [-121.228, 37.64323],
            [-121.22795, 37.64333],
            [-121.22785, 37.64349],
            [-121.22778, 37.64358],
            [-121.22774, 37.64364],
            [-121.22768, 37.6437],
            [-121.22756, 37.64385],
            [-121.22754, 37.64388],
            [-121.22751, 37.64395],
            [-121.22744, 37.644],
            [-121.22741, 37.64403],
            [-121.22731, 37.64409],
            [-121.22717, 37.64419],
            [-121.227, 37.64435],
            [-121.22683, 37.64452],
            [-121.22674, 37.6446],
            [-121.22656, 37.64477],
            [-121.22643, 37.64487],
            [-121.22618, 37.64507],
            [-121.22589, 37.6453],
            [-121.22562, 37.64549],
            [-121.22531, 37.6457],
            [-121.22523, 37.64575],
            [-121.22506, 37.64587],
            [-121.22474, 37.64612],
            [-121.22461, 37.64622],
            [-121.22455, 37.64628],
            [-121.22448, 37.64637],
            [-121.2244, 37.64645],
            [-121.22428, 37.64656],
            [-121.22424, 37.64658],
            [-121.22365, 37.64708],
            [-121.22357, 37.64716],
            [-121.22345, 37.64722],
            [-121.22338, 37.64727],
            [-121.22332, 37.64732],
            [-121.22321, 37.64743],
            [-121.22313, 37.64752],
            [-121.2231, 37.64755],
            [-121.22306, 37.64761],
            [-121.22296, 37.64773],
            [-121.22289, 37.64782],
            [-121.22281, 37.64799],
            [-121.2228, 37.64802],
            [-121.22278, 37.64809],
            [-121.22277, 37.64816],
            [-121.22278, 37.64834],
            [-121.2228, 37.64848],
            [-121.22282, 37.64855],
            [-121.22283, 37.64859],
            [-121.22287, 37.64865],
            [-121.22292, 37.64871],
            [-121.22298, 37.64876],
            [-121.22304, 37.64882],
            [-121.22307, 37.64885],
            [-121.22301, 37.64921],
            [-121.22329, 37.64951],
            [-121.22374, 37.64968],
            [-121.22431, 37.64988],
            [-121.22476, 37.65005],
            [-121.22529, 37.65022],
            [-121.22582, 37.65035],
            [-121.2263, 37.65042],
            [-121.22666, 37.65042],
            [-121.22733, 37.65039],
            [-121.22741, 37.65042],
            [-121.22755, 37.65045],
            [-121.22771, 37.65054],
            [-121.22794, 37.65066],
            [-121.22814, 37.65074],
            [-121.22821, 37.65079],
            [-121.22857, 37.65094],
            [-121.22876, 37.65104],
            [-121.22888, 37.65109],
            [-121.22896, 37.65113],
            [-121.22899, 37.65115],
            [-121.22908, 37.65118],
            [-121.22919, 37.65124],
            [-121.22936, 37.6513],
            [-121.22948, 37.65134],
            [-121.22957, 37.65137],
            [-121.2297, 37.65141],
            [-121.22974, 37.65142],
            [-121.22982, 37.65145],
            [-121.23026, 37.65157],
            [-121.23052, 37.65163],
            [-121.23065, 37.65166],
            [-121.23074, 37.65168],
            [-121.231, 37.65174],
            [-121.23118, 37.65176],
            [-121.23127, 37.65178],
            [-121.2314, 37.6518],
            [-121.23149, 37.65182],
            [-121.23158, 37.65184],
            [-121.23171, 37.65188],
            [-121.23175, 37.65189],
            [-121.23179, 37.6519],
            [-121.23188, 37.65192],
            [-121.2321, 37.65196],
            [-121.2325, 37.65203],
            [-121.23268, 37.65206],
            [-121.23291, 37.6521],
            [-121.23313, 37.65212],
            [-121.23327, 37.65215],
            [-121.23354, 37.65217],
            [-121.23368, 37.65216],
            [-121.23377, 37.65216],
            [-121.23381, 37.65216],
            [-121.23433, 37.65231],
            [-121.23441, 37.65235],
            [-121.23456, 37.65243],
            [-121.23472, 37.65249],
            [-121.23476, 37.65251],
            [-121.23489, 37.65256],
            [-121.23501, 37.65259],
            [-121.23532, 37.65267],
            [-121.23558, 37.65274],
            [-121.23583, 37.65283],
            [-121.23591, 37.65287],
            [-121.23603, 37.65291],
            [-121.2362, 37.65296],
            [-121.23628, 37.653],
            [-121.23632, 37.65302],
            [-121.2364, 37.65304],
            [-121.23648, 37.65308],
            [-121.23669, 37.65315],
            [-121.23685, 37.65322],
            [-121.23693, 37.65325],
            [-121.23701, 37.65329],
            [-121.23711, 37.65336],
            [-121.23726, 37.65345],
            [-121.2374, 37.65354],
            [-121.23747, 37.65359],
            [-121.23769, 37.65377],
            [-121.23775, 37.65382],
            [-121.23781, 37.65388],
            [-121.2379, 37.65396],
            [-121.23802, 37.65406],
            [-121.23823, 37.6542],
            [-121.23854, 37.65441],
            [-121.23867, 37.65451],
            [-121.23887, 37.65466],
            [-121.23915, 37.65484],
            [-121.23931, 37.65497],
            [-121.23947, 37.6551],
            [-121.23955, 37.65518],
            [-121.2396, 37.65525],
            [-121.23967, 37.65533],
            [-121.23972, 37.6554],
            [-121.23978, 37.65549],
            [-121.23993, 37.65567],
            [-121.24001, 37.65576],
            [-121.24008, 37.65585],
            [-121.24014, 37.6559],
            [-121.24021, 37.65595],
            [-121.24025, 37.65597],
            [-121.24027, 37.656],
            [-121.24028, 37.65603],
            [-121.24032, 37.6561],
            [-121.24034, 37.65617],
            [-121.24039, 37.6563],
            [-121.24041, 37.65645],
            [-121.24043, 37.65655],
            [-121.24046, 37.65673],
            [-121.24048, 37.6568],
            [-121.24048, 37.65683],
            [-121.24048, 37.65687],
            [-121.24052, 37.65715],
            [-121.24055, 37.65729],
            [-121.24057, 37.65743],
            [-121.24058, 37.65751],
            [-121.2406, 37.65772],
            [-121.24061, 37.65793],
            [-121.2406, 37.65811],
            [-121.24059, 37.65818],
            [-121.24057, 37.65832],
            [-121.24056, 37.65839],
            [-121.24028, 37.65869],
            [-121.24018, 37.65935],
            [-121.23992, 37.66002],
            [-121.2399, 37.66044],
            [-121.24038, 37.66235],
            [-121.24082, 37.66368],
            [-121.24136, 37.66442],
            [-121.24141, 37.66449],
            [-121.24166, 37.66486],
            [-121.24273, 37.66877],
            [-121.24279, 37.66887],
            [-121.2428, 37.66894],
            [-121.24282, 37.66901],
            [-121.24286, 37.66911],
            [-121.24287, 37.66914],
            [-121.24288, 37.66918],
            [-121.2429, 37.66921],
            [-121.24293, 37.66932],
            [-121.24297, 37.66942],
            [-121.24299, 37.66949],
            [-121.24302, 37.66955],
            [-121.24302, 37.66962],
            [-121.24303, 37.66977],
            [-121.24304, 37.66984],
            [-121.24306, 37.66991],
            [-121.2431, 37.67005],
            [-121.24312, 37.67012],
            [-121.24313, 37.67022],
            [-121.24319, 37.6704],
            [-121.24319, 37.67043],
            [-121.2432, 37.6705],
            [-121.24321, 37.67061],
            [-121.24323, 37.67079],
            [-121.24323, 37.67082],
            [-121.24323, 37.67089],
            [-121.24323, 37.67096],
            [-121.24323, 37.67104],
            [-121.24323, 37.67107],
            [-121.24324, 37.67118],
            [-121.24326, 37.67125],
            [-121.24327, 37.67128],
            [-121.24327, 37.67135],
            [-121.24328, 37.67142],
            [-121.24332, 37.67149],
            [-121.24333, 37.67152],
            [-121.24336, 37.67159],
            [-121.2434, 37.67165],
            [-121.24345, 37.67172],
            [-121.24348, 37.67178],
            [-121.24353, 37.67188],
            [-121.24356, 37.67195],
            [-121.24359, 37.67198],
            [-121.24363, 37.67204],
            [-121.24365, 37.67207],
            [-121.24367, 37.67211],
            [-121.24379, 37.67225],
            [-121.24403, 37.67247],
            [-121.24408, 37.67253],
            [-121.24412, 37.67259],
            [-121.24416, 37.67266],
            [-121.24423, 37.67269],
            [-121.24439, 37.67274],
            [-121.24448, 37.67277],
            [-121.24456, 37.6728],
            [-121.24482, 37.67286],
            [-121.24491, 37.67288],
            [-121.24523, 37.67287],
            [-121.24537, 37.67284],
            [-121.24545, 37.67281],
            [-121.24549, 37.67279],
            [-121.24556, 37.67275],
            [-121.24563, 37.6727],
            [-121.24567, 37.67268],
            [-121.2457, 37.67266],
            [-121.24582, 37.67255],
            [-121.24588, 37.6725],
            [-121.24593, 37.67244],
            [-121.24599, 37.67234],
            [-121.24602, 37.67227],
            [-121.24602, 37.67224],
            [-121.24604, 37.6721],
            [-121.24603, 37.67206],
            [-121.24604, 37.67192],
            [-121.24604, 37.67188],
            [-121.24606, 37.67181],
            [-121.24608, 37.67164],
            [-121.24609, 37.6716],
            [-121.2461, 37.67157],
            [-121.24611, 37.67153],
            [-121.24612, 37.6715],
            [-121.24613, 37.67143],
            [-121.24614, 37.67139],
            [-121.24616, 37.67104],
            [-121.24616, 37.671],
            [-121.24615, 37.67093],
            [-121.24616, 37.67075],
            [-121.24617, 37.67068],
            [-121.24617, 37.67065],
            [-121.24616, 37.67054],
            [-121.24616, 37.67043],
            [-121.24615, 37.67029],
            [-121.24614, 37.67026],
            [-121.24607, 37.67008],
            [-121.24605, 37.66991],
            [-121.246, 37.66973],
            [-121.24598, 37.66966],
            [-121.24596, 37.66959],
            [-121.24592, 37.66946],
            [-121.24588, 37.66928],
            [-121.24587, 37.66921],
            [-121.24586, 37.66914],
            [-121.24584, 37.66893],
            [-121.24585, 37.66882],
            [-121.24586, 37.66875],
            [-121.24587, 37.66871],
            [-121.2459, 37.66861],
            [-121.24591, 37.66847],
            [-121.2459, 37.66839],
            [-121.24591, 37.66818],
            [-121.24593, 37.66804],
            [-121.24594, 37.66783],
            [-121.24595, 37.66775],
            [-121.24595, 37.66772],
            [-121.24596, 37.66761],
            [-121.24599, 37.66754],
            [-121.24599, 37.66751],
            [-121.24606, 37.66716],
            [-121.24608, 37.66709],
            [-121.24608, 37.66705],
            [-121.2461, 37.66694],
            [-121.24611, 37.66691],
            [-121.24613, 37.66684],
            [-121.24614, 37.66677],
            [-121.24617, 37.6667],
            [-121.24621, 37.66656],
            [-121.24624, 37.6665],
            [-121.24632, 37.66629],
            [-121.2464, 37.66612],
            [-121.24642, 37.66609],
            [-121.24651, 37.66597],
            [-121.24658, 37.66588],
            [-121.2466, 37.66585],
            [-121.24661, 37.66581],
            [-121.24668, 37.66568],
            [-121.24672, 37.66562],
            [-121.24676, 37.66555],
            [-121.24679, 37.66548],
            [-121.24686, 37.66539],
            [-121.24691, 37.66529],
            [-121.24702, 37.66514],
            [-121.24707, 37.66507],
            [-121.24709, 37.66504],
            [-121.24729, 37.66476],
            [-121.24805, 37.66425],
            [-121.24901, 37.66375],
            [-121.24998, 37.66368],
            [-121.2507, 37.66444],
            [-121.25105, 37.6647],
            [-121.25194, 37.66536],
            [-121.25307, 37.66716],
            [-121.25474, 37.6681],
            [-121.25672, 37.67],
            [-121.25855, 37.67058],
            [-121.25986, 37.67107],
            [-121.26291, 37.67311],
            [-121.26327, 37.67334],
            [-121.26327, 37.67334],
            [-121.26338, 37.67339],
            [-121.26339, 37.67339],
            [-121.26346, 37.67343],
            [-121.26346, 37.67344],
            [-121.26361, 37.67351],
            [-121.26362, 37.67351],
            [-121.26363, 37.67352],
            [-121.26365, 37.67353],
            [-121.26367, 37.67355],
            [-121.26371, 37.67358],
            [-121.26371, 37.67358],
            [-121.26372, 37.67359],
            [-121.26374, 37.6736],
            [-121.2638, 37.67367],
            [-121.2638, 37.67367],
            [-121.26383, 37.67371],
            [-121.26387, 37.67376],
            [-121.26387, 37.67376],
            [-121.26394, 37.67387],
            [-121.26395, 37.67388],
            [-121.2641, 37.6741],
            [-121.2641, 37.6741],
            [-121.26419, 37.67421],
            [-121.26429, 37.67435],
            [-121.2643, 37.67436],
            [-121.2645, 37.67463],
            [-121.2645, 37.67463],
            [-121.2646, 37.67479],
            [-121.26475, 37.67505],
            [-121.26476, 37.67506],
            [-121.26481, 37.67514],
            [-121.26481, 37.67514],
            [-121.26486, 37.6752],
            [-121.2649, 37.67527],
            [-121.26492, 37.67529],
            [-121.26496, 37.67534],
            [-121.26502, 37.67542],
            [-121.26502, 37.67543],
            [-121.26507, 37.67552],
            [-121.26507, 37.67552],
            [-121.26515, 37.67575],
            [-121.2652, 37.67588],
            [-121.26521, 37.6759],
            [-121.26524, 37.67596],
            [-121.26525, 37.67598],
            [-121.26527, 37.67603],
            [-121.26542, 37.67635],
            [-121.26542, 37.67637],
            [-121.2655, 37.67658],
            [-121.2655, 37.67658],
            [-121.26551, 37.67661],
            [-121.26558, 37.67685],
            [-121.26565, 37.67709],
            [-121.26568, 37.6772],
            [-121.26568, 37.6772],
            [-121.26571, 37.67738],
            [-121.26571, 37.67741],
            [-121.26571, 37.67742],
            [-121.26572, 37.67744],
            [-121.26572, 37.67748],
            [-121.26572, 37.6775],
            [-121.26573, 37.67754],
            [-121.26573, 37.67756],
            [-121.26573, 37.67756],
            [-121.26568, 37.67771],
            [-121.26568, 37.67773],
            [-121.26566, 37.67776],
            [-121.26566, 37.67777],
            [-121.26563, 37.67781],
            [-121.26562, 37.67783],
            [-121.26561, 37.67784],
            [-121.26548, 37.67798],
            [-121.26542, 37.67805],
            [-121.26541, 37.67806],
            [-121.2654, 37.67807],
            [-121.2654, 37.67807],
            [-121.26532, 37.67818],
            [-121.26524, 37.67831],
            [-121.26521, 37.67835],
            [-121.2652, 37.67838],
            [-121.26518, 37.67841],
            [-121.26517, 37.67841],
            [-121.26507, 37.67852],
            [-121.26504, 37.67855],
            [-121.26499, 37.67861],
            [-121.26499, 37.67861],
            [-121.26496, 37.67865],
            [-121.26494, 37.67867],
            [-121.26493, 37.67869],
            [-121.26485, 37.67881],
            [-121.26478, 37.67892],
            [-121.26475, 37.67896],
            [-121.26475, 37.67896],
            [-121.26473, 37.67897],
            [-121.2647, 37.679],
            [-121.26469, 37.67901],
            [-121.26467, 37.67903],
            [-121.26465, 37.67905],
            [-121.26464, 37.67906],
            [-121.26461, 37.67909],
            [-121.26461, 37.6791],
            [-121.2646, 37.67911],
            [-121.26455, 37.67919],
            [-121.2644, 37.67939],
            [-121.26439, 37.6794],
            [-121.26434, 37.67946],
            [-121.26433, 37.67947],
            [-121.26425, 37.67955],
            [-121.26416, 37.67963],
            [-121.26416, 37.67964],
            [-121.26406, 37.67971],
            [-121.26397, 37.67979],
            [-121.26397, 37.67979],
            [-121.26384, 37.67988],
            [-121.26384, 37.67989],
            [-121.26379, 37.67993],
            [-121.26378, 37.67994],
            [-121.26377, 37.67995],
            [-121.26373, 37.68],
            [-121.26367, 37.68004],
            [-121.26362, 37.68007],
            [-121.2636, 37.68008],
            [-121.26347, 37.68018],
            [-121.26346, 37.68019],
            [-121.26327, 37.68034],
            [-121.26326, 37.68035],
            [-121.26319, 37.68041],
            [-121.26318, 37.68042],
            [-121.26317, 37.68043],
            [-121.26303, 37.68056],
            [-121.26286, 37.68067],
            [-121.26275, 37.68074],
            [-121.26271, 37.68076],
            [-121.26269, 37.68078],
            [-121.26269, 37.68078],
            [-121.26251, 37.68091],
            [-121.26245, 37.68095],
            [-121.26099, 37.68163],
            [-121.25848, 37.68244],
            [-121.25769, 37.68309],
            [-121.25699, 37.68409],
            [-121.25699, 37.68409],
            [-121.25692, 37.68414],
            [-121.25691, 37.68415],
            [-121.25653, 37.68482],
            [-121.25644, 37.68543],
            [-121.25656, 37.68616],
            [-121.25696, 37.68688],
            [-121.25755, 37.68734],
            [-121.25837, 37.6876],
            [-121.25958, 37.68756],
            [-121.26073, 37.68749],
            [-121.26095, 37.68749],
            [-121.26195, 37.68734],
            [-121.26212, 37.68733],
            [-121.2623, 37.6873],
            [-121.26245, 37.68728],
            [-121.26262, 37.68725],
            [-121.26418, 37.68694],
            [-121.26534, 37.68658],
            [-121.26579, 37.68631],
            [-121.26637, 37.68613],
            [-121.26671, 37.68606],
            [-121.2671, 37.686],
            [-121.26774, 37.68598],
            [-121.26835, 37.68607],
            [-121.26883, 37.68622],
            [-121.26922, 37.6865],
            [-121.26965, 37.68696],
            [-121.27015, 37.68724],
            [-121.27053, 37.68745],
            [-121.27095, 37.68761],
            [-121.27143, 37.68773],
            [-121.27194, 37.68779],
            [-121.27227, 37.6877],
            [-121.27279, 37.68752],
            [-121.27332, 37.68743],
            [-121.27371, 37.68733],
            [-121.27411, 37.68732],
            [-121.27456, 37.68737],
            [-121.27518, 37.68776],
            [-121.27541, 37.68786],
            [-121.27542, 37.68788],
            [-121.27543, 37.68789],
            [-121.27571, 37.6882],
            [-121.27585, 37.68866],
            [-121.27581, 37.68876],
            [-121.2758, 37.68877],
            [-121.27579, 37.6888],
            [-121.27578, 37.68883],
            [-121.27576, 37.68892],
            [-121.27576, 37.68893],
            [-121.27574, 37.68895],
            [-121.27573, 37.68896],
            [-121.27568, 37.68902],
            [-121.27522, 37.6895],
            [-121.27496, 37.68979],
            [-121.27433, 37.69022],
            [-121.2738, 37.69036],
            [-121.27322, 37.69035],
            [-121.27309, 37.69038],
            [-121.27291, 37.69043],
            [-121.27265, 37.69049],
            [-121.27257, 37.69052],
            [-121.27241, 37.69059],
            [-121.27221, 37.69069],
            [-121.27211, 37.69075],
            [-121.27201, 37.69083],
            [-121.27195, 37.69088],
            [-121.27182, 37.69103],
            [-121.2717, 37.69114],
            [-121.27071, 37.69257],
            [-121.2706, 37.6928],
            [-121.27039, 37.69316],
            [-121.27035, 37.69326],
            [-121.27049, 37.6947],
            [-121.27049, 37.69471],
            [-121.27049, 37.69476],
            [-121.27049, 37.69477],
            [-121.27049, 37.69479],
            [-121.27052, 37.69494],
            [-121.27053, 37.69498],
            [-121.27054, 37.695],
            [-121.2706, 37.69519],
            [-121.27063, 37.69526],
            [-121.27064, 37.69529],
            [-121.27064, 37.69529],
            [-121.27076, 37.6956],
            [-121.27087, 37.6959],
            [-121.2709, 37.69598],
            [-121.27092, 37.69602],
            [-121.27094, 37.69606],
            [-121.27095, 37.69608],
            [-121.27098, 37.69614],
            [-121.27104, 37.69623],
            [-121.27106, 37.69627],
            [-121.27121, 37.69646],
            [-121.27123, 37.69648],
            [-121.27123, 37.69648],
            [-121.27125, 37.69651],
            [-121.27125, 37.69652],
            [-121.27126, 37.69654],
            [-121.27129, 37.69658],
            [-121.27129, 37.69658],
            [-121.27138, 37.69666],
            [-121.27149, 37.6968],
            [-121.27163, 37.69696],
            [-121.27174, 37.6971],
            [-121.27175, 37.69711],
            [-121.27175, 37.69711],
            [-121.27192, 37.69728],
            [-121.27213, 37.69749],
            [-121.27224, 37.69761],
            [-121.27225, 37.69762],
            [-121.27243, 37.69779],
            [-121.27246, 37.69782],
            [-121.27251, 37.69787],
            [-121.2726, 37.69795],
            [-121.27275, 37.69808],
            [-121.27282, 37.69814],
            [-121.27285, 37.69817],
            [-121.27294, 37.69824],
            [-121.27301, 37.69829],
            [-121.27318, 37.69841],
            [-121.27328, 37.69847],
            [-121.27387, 37.69883],
            [-121.2739, 37.69885],
            [-121.27395, 37.69888],
            [-121.27405, 37.69893],
            [-121.27427, 37.69906],
            [-121.27427, 37.69906],
            [-121.27455, 37.69924],
            [-121.27455, 37.69924],
            [-121.27467, 37.69933],
            [-121.27475, 37.69939],
            [-121.27475, 37.69939],
            [-121.27484, 37.69946],
            [-121.27506, 37.69965],
            [-121.27506, 37.69965],
            [-121.27507, 37.69965],
            [-121.27512, 37.69971],
            [-121.27512, 37.69973],
            [-121.27514, 37.69978],
            [-121.27514, 37.69979],
            [-121.27516, 37.69989],
            [-121.27517, 37.69992],
            [-121.27518, 37.7],
            [-121.27518, 37.70006],
            [-121.27518, 37.70006],
            [-121.27519, 37.70013],
            [-121.27519, 37.70013],
            [-121.27518, 37.7002],
            [-121.27518, 37.70023],
            [-121.27518, 37.70024],
            [-121.27511, 37.70059],
            [-121.27508, 37.70069],
            [-121.27504, 37.70084],
            [-121.27504, 37.70087],
            [-121.27499, 37.70101],
            [-121.27498, 37.70103],
            [-121.27496, 37.70109],
            [-121.27492, 37.70118],
            [-121.27491, 37.7012],
            [-121.27483, 37.70135],
            [-121.27482, 37.70138],
            [-121.2747, 37.70157],
            [-121.2747, 37.70158],
            [-121.27466, 37.70162],
            [-121.27466, 37.70163],
            [-121.2746, 37.7017],
            [-121.2745, 37.70181],
            [-121.27446, 37.70185],
            [-121.27443, 37.70188],
            [-121.2744, 37.70193],
            [-121.27439, 37.70194],
            [-121.27435, 37.70199],
            [-121.27433, 37.70202],
            [-121.27432, 37.70203],
            [-121.27415, 37.70231],
            [-121.27413, 37.70234],
            [-121.27369, 37.70301],
            [-121.27367, 37.70304],
            [-121.27358, 37.70316],
            [-121.27355, 37.70321],
            [-121.27354, 37.70323],
            [-121.27348, 37.70332],
            [-121.27348, 37.70332],
            [-121.27324, 37.70378],
            [-121.27324, 37.70379],
            [-121.27316, 37.70391],
            [-121.27315, 37.70391],
            [-121.27312, 37.70398],
            [-121.27305, 37.70411],
            [-121.27303, 37.70414],
            [-121.27285, 37.70434],
            [-121.27285, 37.70435],
            [-121.27262, 37.70466],
            [-121.27251, 37.70478],
            [-121.27247, 37.70482],
            [-121.27246, 37.70483],
            [-121.27234, 37.70498],
            [-121.27234, 37.70498],
            [-121.27222, 37.70513],
            [-121.27215, 37.70522],
            [-121.27214, 37.70524],
            [-121.27212, 37.70527],
            [-121.27211, 37.70529],
            [-121.27205, 37.70541],
            [-121.27205, 37.70542],
            [-121.27204, 37.70542],
            [-121.27195, 37.7057],
            [-121.27181, 37.70602],
            [-121.27178, 37.7061],
            [-121.27178, 37.7061],
            [-121.27173, 37.70624],
            [-121.27169, 37.70633],
            [-121.27169, 37.70634],
            [-121.27167, 37.70638],
            [-121.27163, 37.70648],
            [-121.27163, 37.70648],
            [-121.27158, 37.70658],
            [-121.2714, 37.70716],
            [-121.27139, 37.70723],
            [-121.27138, 37.70727],
            [-121.27138, 37.70729],
            [-121.27136, 37.70735],
            [-121.27135, 37.70737],
            [-121.27135, 37.70739],
            [-121.27133, 37.70743],
            [-121.27133, 37.70744],
            [-121.2713, 37.70752],
            [-121.27115, 37.70787],
            [-121.27114, 37.70788],
            [-121.27107, 37.70801],
            [-121.27093, 37.70823],
            [-121.27093, 37.70824],
            [-121.27078, 37.70857],
            [-121.27078, 37.70858],
            [-121.27068, 37.70874],
            [-121.27055, 37.70896],
            [-121.27051, 37.70906],
            [-121.27051, 37.70907],
            [-121.2705, 37.70909],
            [-121.27048, 37.70913],
            [-121.27047, 37.70914],
            [-121.27042, 37.70923],
            [-121.27042, 37.70923],
            [-121.27031, 37.70939],
            [-121.27025, 37.70948],
            [-121.27025, 37.7095],
            [-121.27024, 37.70952],
            [-121.27009, 37.70985],
            [-121.27003, 37.70994],
            [-121.27001, 37.70998],
            [-121.27, 37.70999],
            [-121.26984, 37.71019],
            [-121.26984, 37.7102],
            [-121.26978, 37.71029],
            [-121.26978, 37.7103],
            [-121.26974, 37.71036],
            [-121.2697, 37.71042],
            [-121.2697, 37.71042],
            [-121.26953, 37.71096],
            [-121.26953, 37.71096],
            [-121.26946, 37.71109],
            [-121.26943, 37.71116],
            [-121.26943, 37.71116],
            [-121.26936, 37.71134],
            [-121.26934, 37.71139],
            [-121.26934, 37.7114],
            [-121.26934, 37.7114],
            [-121.26932, 37.71142],
            [-121.26929, 37.71146],
            [-121.26928, 37.71147],
            [-121.26917, 37.71161],
            [-121.26917, 37.71161],
            [-121.26905, 37.7118],
            [-121.26902, 37.71183],
            [-121.26902, 37.71184],
            [-121.269, 37.71188],
            [-121.26899, 37.7119],
            [-121.26899, 37.7119],
            [-121.26892, 37.71206],
            [-121.26891, 37.71207],
            [-121.26879, 37.71228],
            [-121.26879, 37.71229],
            [-121.26878, 37.7123],
            [-121.26875, 37.71235],
            [-121.26873, 37.71239],
            [-121.26868, 37.71245],
            [-121.26859, 37.71257],
            [-121.26859, 37.71257],
            [-121.2685, 37.7127],
            [-121.26842, 37.71283],
            [-121.26836, 37.71293],
            [-121.26834, 37.71298],
            [-121.26833, 37.71299],
            [-121.26829, 37.71305],
            [-121.26829, 37.71306],
            [-121.26828, 37.71307],
            [-121.26827, 37.71308],
            [-121.26823, 37.71312],
            [-121.26815, 37.71321],
            [-121.26813, 37.71323],
            [-121.26813, 37.71323],
            [-121.26796, 37.71335],
            [-121.2679, 37.71339],
            [-121.26786, 37.71342],
            [-121.26786, 37.71342],
            [-121.26782, 37.71345],
            [-121.2678, 37.71347],
            [-121.2678, 37.71348],
            [-121.26656, 37.7146],
            [-121.26655, 37.7146],
            [-121.26564, 37.71509],
            [-121.26552, 37.71516],
            [-121.26532, 37.71529],
            [-121.26531, 37.71529],
            [-121.2652, 37.71535],
            [-121.26509, 37.71541],
            [-121.26508, 37.71541],
            [-121.26503, 37.71544],
            [-121.26498, 37.71548],
            [-121.26498, 37.71548],
            [-121.26493, 37.71552],
            [-121.26492, 37.71553],
            [-121.2649, 37.71555],
            [-121.26486, 37.71559],
            [-121.26483, 37.71561],
            [-121.26462, 37.7158],
            [-121.26461, 37.7158],
            [-121.26461, 37.7158],
            [-121.26448, 37.71594],
            [-121.26447, 37.71594],
            [-121.26425, 37.71611],
            [-121.26414, 37.71619],
            [-121.26408, 37.71623],
            [-121.26401, 37.71628],
            [-121.26397, 37.71631],
            [-121.26394, 37.71633],
            [-121.26394, 37.71633],
            [-121.26342, 37.71681],
            [-121.26341, 37.71681],
            [-121.26311, 37.71703],
            [-121.26308, 37.71705],
            [-121.26157, 37.71785],
            [-121.26157, 37.71785],
            [-121.26137, 37.71793],
            [-121.26136, 37.71794],
            [-121.2608, 37.7182],
            [-121.2608, 37.71821],
            [-121.26076, 37.71824],
            [-121.26071, 37.71828],
            [-121.26071, 37.71829],
            [-121.26052, 37.7185],
            [-121.26039, 37.71874],
            [-121.26034, 37.71894],
            [-121.26032, 37.71922],
            [-121.2604, 37.71951],
            [-121.26044, 37.7199],
            [-121.26056, 37.72029],
            [-121.26069, 37.72042],
            [-121.26081, 37.72053],
            [-121.26098, 37.72056],
            [-121.26118, 37.72061],
            [-121.26122, 37.72064],
            [-121.26122, 37.72064],
            [-121.26126, 37.72067],
            [-121.26128, 37.72069],
            [-121.26129, 37.72069],
            [-121.26129, 37.72069],
            [-121.26133, 37.72071],
            [-121.26136, 37.72073],
            [-121.26137, 37.72073],
            [-121.26158, 37.7208],
            [-121.26159, 37.72081],
            [-121.26172, 37.72084],
            [-121.26175, 37.72085],
            [-121.26175, 37.72085],
            [-121.26207, 37.72098],
            [-121.26207, 37.72098],
            [-121.26208, 37.72098],
            [-121.26224, 37.72104],
            [-121.26226, 37.72105],
            [-121.2623, 37.72106],
            [-121.26233, 37.72107],
            [-121.26272, 37.72118],
            [-121.2628, 37.7212],
            [-121.2628, 37.7212],
            [-121.26295, 37.72124],
            [-121.26306, 37.72126],
            [-121.26311, 37.72128],
            [-121.26315, 37.72129],
            [-121.26321, 37.72129],
            [-121.26324, 37.7213],
            [-121.26327, 37.72131],
            [-121.26333, 37.72132],
            [-121.26338, 37.72133],
            [-121.26346, 37.72134],
            [-121.26358, 37.72136],
            [-121.2636, 37.72137],
            [-121.26387, 37.72141],
            [-121.2639, 37.72141],
            [-121.26391, 37.72141],
            [-121.26391, 37.72141],
            [-121.26393, 37.72141],
            [-121.26407, 37.72141],
            [-121.26409, 37.72141],
            [-121.26434, 37.72141],
            [-121.26446, 37.72141],
            [-121.26449, 37.72141],
            [-121.2645, 37.72141],
            [-121.26451, 37.72141],
            [-121.2646, 37.72142],
            [-121.2647, 37.72142],
            [-121.26473, 37.72142],
            [-121.26483, 37.72142],
            [-121.26523, 37.72141],
            [-121.26524, 37.72141],
            [-121.26524, 37.72141],
            [-121.26537, 37.72139],
            [-121.26559, 37.72134],
            [-121.26581, 37.72128],
            [-121.26638, 37.72115],
            [-121.2666, 37.7211],
            [-121.267, 37.72104],
            [-121.26723, 37.72099],
            [-121.26749, 37.72094],
            [-121.26749, 37.72094],
            [-121.26749, 37.72094],
            [-121.26764, 37.72091],
            [-121.26767, 37.72091],
            [-121.26771, 37.7209],
            [-121.26775, 37.7209],
            [-121.26776, 37.7209],
            [-121.26812, 37.72088],
            [-121.26812, 37.72088],
            [-121.26815, 37.72088],
            [-121.26816, 37.72087],
            [-121.26817, 37.72087],
            [-121.26848, 37.72082],
            [-121.26856, 37.72081],
            [-121.26857, 37.7208],
            [-121.26926, 37.72075],
            [-121.26962, 37.72073],
            [-121.26995, 37.72069],
            [-121.27044, 37.72064],
            [-121.27045, 37.72064],
            [-121.27058, 37.72063],
            [-121.27062, 37.72063],
            [-121.27062, 37.72063],
            [-121.27064, 37.72063],
            [-121.27071, 37.72062],
            [-121.27078, 37.72061],
            [-121.27079, 37.7206],
            [-121.2708, 37.7206],
            [-121.27107, 37.72058],
            [-121.27107, 37.72058],
            [-121.27139, 37.72055],
            [-121.27139, 37.72055],
            [-121.27144, 37.72054],
            [-121.27153, 37.72054],
            [-121.27161, 37.7205],
            [-121.27169, 37.72046],
            [-121.27177, 37.72043],
            [-121.27185, 37.7204],
            [-121.27204, 37.72035],
            [-121.2722, 37.7203],
            [-121.27224, 37.72029],
            [-121.27233, 37.72027],
            [-121.27246, 37.72024],
            [-121.27259, 37.72021],
            [-121.27282, 37.72021],
            [-121.27291, 37.7202],
            [-121.27296, 37.7202],
            [-121.273, 37.72021],
            [-121.27309, 37.7202],
            [-121.2731, 37.7202],
            [-121.27355, 37.72015],
            [-121.27372, 37.72014],
            [-121.27373, 37.72014],
            [-121.27428, 37.72009],
            [-121.27429, 37.72008],
            [-121.27432, 37.72008],
            [-121.27434, 37.72007],
            [-121.27444, 37.72004],
            [-121.27445, 37.72004],
            [-121.2745, 37.72002],
            [-121.27455, 37.72001],
            [-121.27458, 37.72],
            [-121.2746, 37.72],
            [-121.27467, 37.71999],
            [-121.27467, 37.71999],
            [-121.27476, 37.71998],
            [-121.27508, 37.71997],
            [-121.27511, 37.71997],
            [-121.27514, 37.71997],
            [-121.27517, 37.71997],
            [-121.27544, 37.71993],
            [-121.27557, 37.7199],
            [-121.27573, 37.71988],
            [-121.27575, 37.71987],
            [-121.2758, 37.71986],
            [-121.2758, 37.71986],
            [-121.27584, 37.71985],
            [-121.27587, 37.71984],
            [-121.27592, 37.71982],
            [-121.27631, 37.7197],
            [-121.27635, 37.71969],
            [-121.27677, 37.71955],
            [-121.27681, 37.71953],
            [-121.27685, 37.71952],
            [-121.2769, 37.71949],
            [-121.27693, 37.71948],
            [-121.27707, 37.71939],
            [-121.27719, 37.71933],
            [-121.27719, 37.71933],
            [-121.27721, 37.7193],
            [-121.27722, 37.71928],
            [-121.27726, 37.71921],
            [-121.27726, 37.7192],
            [-121.27743, 37.71895],
            [-121.27744, 37.71893],
            [-121.27744, 37.71891],
            [-121.27744, 37.71891],
            [-121.27746, 37.71877],
            [-121.27746, 37.71876],
            [-121.27747, 37.7187],
            [-121.27747, 37.7187],
            [-121.27748, 37.71869],
            [-121.27748, 37.71867],
            [-121.2775, 37.71863],
            [-121.27753, 37.71857],
            [-121.27753, 37.71856],
            [-121.27753, 37.71856],
            [-121.27753, 37.71855],
            [-121.27755, 37.71853],
            [-121.27756, 37.71851],
            [-121.27758, 37.71848],
            [-121.27759, 37.71847],
            [-121.27777, 37.71827],
            [-121.27777, 37.71826],
            [-121.27777, 37.71826],
            [-121.27778, 37.71825],
            [-121.27781, 37.7182],
            [-121.27782, 37.71818],
            [-121.27784, 37.71815],
            [-121.27785, 37.71813],
            [-121.27785, 37.71811],
            [-121.27787, 37.71803],
            [-121.27788, 37.71799],
            [-121.27789, 37.71796],
            [-121.27793, 37.71771],
            [-121.27794, 37.71768],
            [-121.27796, 37.71753],
            [-121.27796, 37.71753],
            [-121.27792, 37.71741],
            [-121.27792, 37.71739],
            [-121.2779, 37.7173],
            [-121.2779, 37.71727],
            [-121.2779, 37.71725],
            [-121.27789, 37.71723],
            [-121.27789, 37.71712],
            [-121.27788, 37.71701],
            [-121.27788, 37.717],
            [-121.27788, 37.717],
            [-121.27787, 37.71697],
            [-121.27787, 37.71697],
            [-121.27786, 37.71697],
            [-121.27785, 37.71694],
            [-121.27785, 37.71694],
            [-121.27781, 37.71685],
            [-121.27778, 37.7168],
            [-121.27778, 37.7168],
            [-121.27776, 37.71677],
            [-121.27775, 37.71674],
            [-121.27775, 37.71673],
            [-121.27765, 37.71648],
            [-121.2776, 37.71636],
            [-121.2776, 37.71636],
            [-121.27759, 37.71632],
            [-121.27758, 37.71629],
            [-121.27755, 37.71626],
            [-121.27755, 37.71626],
            [-121.27753, 37.71623],
            [-121.27748, 37.71617],
            [-121.27748, 37.71617],
            [-121.27737, 37.71603],
            [-121.27736, 37.71602],
            [-121.27736, 37.71602],
            [-121.27734, 37.71598],
            [-121.27733, 37.71595],
            [-121.27732, 37.71595],
            [-121.2773, 37.7159],
            [-121.27728, 37.71585],
            [-121.27728, 37.71585],
            [-121.27725, 37.71576],
            [-121.27724, 37.71573],
            [-121.27723, 37.71571],
            [-121.27721, 37.71568],
            [-121.27715, 37.71557],
            [-121.27714, 37.71555],
            [-121.27711, 37.71551],
            [-121.2771, 37.71549],
            [-121.27702, 37.7154],
            [-121.27701, 37.71539],
            [-121.277, 37.71538],
            [-121.27697, 37.71534],
            [-121.27697, 37.71534],
            [-121.27695, 37.71532],
            [-121.27693, 37.71528],
            [-121.27692, 37.71526],
            [-121.2769, 37.71522],
            [-121.27689, 37.71521],
            [-121.27684, 37.71511],
            [-121.27684, 37.7151],
            [-121.27683, 37.71509],
            [-121.27677, 37.71491],
            [-121.27676, 37.7149],
            [-121.27661, 37.71461],
            [-121.27651, 37.71444],
            [-121.27647, 37.71438],
            [-121.27645, 37.71433],
            [-121.27644, 37.71432],
            [-121.27644, 37.71432],
            [-121.27643, 37.7143],
            [-121.27643, 37.71428],
            [-121.27638, 37.71413],
            [-121.27637, 37.71407],
            [-121.27637, 37.71407],
            [-121.27623, 37.71377],
            [-121.27615, 37.71359],
            [-121.27614, 37.71357],
            [-121.27612, 37.71335],
            [-121.2761, 37.71314],
            [-121.27609, 37.713],
            [-121.27607, 37.71266],
            [-121.27606, 37.71249],
            [-121.27606, 37.71246],
            [-121.27604, 37.71226],
            [-121.27604, 37.71225],
            [-121.27604, 37.71218],
            [-121.27604, 37.71217],
            [-121.27604, 37.71217],
            [-121.27604, 37.71214],
            [-121.27606, 37.71205],
            [-121.27606, 37.71204],
            [-121.27607, 37.71202],
            [-121.27607, 37.71198],
            [-121.27607, 37.71197],
            [-121.27603, 37.71152],
            [-121.27602, 37.7113],
            [-121.27601, 37.71107],
            [-121.27605, 37.71078],
            [-121.27614, 37.71049],
            [-121.27614, 37.71047],
            [-121.27615, 37.71045],
            [-121.27627, 37.71017],
            [-121.27637, 37.70996],
            [-121.27638, 37.70995],
            [-121.27639, 37.70993],
            [-121.27655, 37.70976],
            [-121.27663, 37.70968],
            [-121.27664, 37.70967],
            [-121.27664, 37.70967],
            [-121.27676, 37.70957],
            [-121.27677, 37.70956],
            [-121.27679, 37.70955],
            [-121.27679, 37.70954],
            [-121.2768, 37.70954],
            [-121.27686, 37.7095],
            [-121.27688, 37.70949],
            [-121.27698, 37.70945],
            [-121.27702, 37.70943],
            [-121.27705, 37.70942],
            [-121.27709, 37.70941],
            [-121.2771, 37.7094],
            [-121.27712, 37.7094],
            [-121.27737, 37.70929],
            [-121.27764, 37.70921],
            [-121.27764, 37.70921],
            [-121.27783, 37.70915],
            [-121.27785, 37.70915],
            [-121.27789, 37.70914],
            [-121.2779, 37.70914],
            [-121.27792, 37.70913],
            [-121.27807, 37.70911],
            [-121.27812, 37.7091],
            [-121.27812, 37.7091],
            [-121.27815, 37.7091],
            [-121.27821, 37.7091],
            [-121.27825, 37.7091],
            [-121.27826, 37.7091],
            [-121.2783, 37.7091],
            [-121.27839, 37.7091],
            [-121.27839, 37.70911],
            [-121.27847, 37.70912],
            [-121.27848, 37.70913],
            [-121.27848, 37.70913],
            [-121.27859, 37.70917],
            [-121.2786, 37.70917],
            [-121.2786, 37.70918],
            [-121.27867, 37.70922],
            [-121.27873, 37.70925],
            [-121.27875, 37.70926],
            [-121.27875, 37.70926],
            [-121.27876, 37.70927],
            [-121.27878, 37.70928],
            [-121.27885, 37.70933],
            [-121.27886, 37.70933],
            [-121.27889, 37.70937],
            [-121.27894, 37.70941],
            [-121.27894, 37.70942],
            [-121.27898, 37.70947],
            [-121.27898, 37.70947],
            [-121.27919, 37.70979],
            [-121.2792, 37.70981],
            [-121.27921, 37.70982],
            [-121.2793, 37.70997],
            [-121.27931, 37.70998],
            [-121.2794, 37.71015],
            [-121.27945, 37.71021],
            [-121.27955, 37.71033],
            [-121.27957, 37.71035],
            [-121.27957, 37.71036],
            [-121.28005, 37.71097],
            [-121.28006, 37.71098],
            [-121.28013, 37.71106],
            [-121.28016, 37.7111],
            [-121.28021, 37.71117],
            [-121.28025, 37.71122],
            [-121.28025, 37.71122],
            [-121.28026, 37.71124],
            [-121.28033, 37.71131],
            [-121.28036, 37.71134],
            [-121.28052, 37.71147],
            [-121.28062, 37.71154],
            [-121.28066, 37.71158],
            [-121.28068, 37.7116],
            [-121.28109, 37.71191],
            [-121.28134, 37.71209],
            [-121.28156, 37.71227],
            [-121.28157, 37.71228],
            [-121.28165, 37.71235],
            [-121.28165, 37.71235],
            [-121.28185, 37.71269],
            [-121.28202, 37.71296],
            [-121.28207, 37.71302],
            [-121.28207, 37.71302],
            [-121.28214, 37.71308],
            [-121.2822, 37.71313],
            [-121.2824, 37.71329],
            [-121.28242, 37.71331],
            [-121.28265, 37.71348],
            [-121.28268, 37.7135],
            [-121.28269, 37.7135],
            [-121.28271, 37.71352],
            [-121.28276, 37.71355],
            [-121.28305, 37.71372],
            [-121.28305, 37.71372],
            [-121.28326, 37.71386],
            [-121.28333, 37.7139],
            [-121.28337, 37.71392],
            [-121.28337, 37.71392],
            [-121.28341, 37.71394],
            [-121.28349, 37.71397],
            [-121.28353, 37.71398],
            [-121.28358, 37.71399],
            [-121.28384, 37.71412],
            [-121.28401, 37.71417],
            [-121.28402, 37.71417],
            [-121.28406, 37.71419],
            [-121.2841, 37.7142],
            [-121.2841, 37.7142],
            [-121.28418, 37.71423],
            [-121.28434, 37.7143],
            [-121.2844, 37.71433],
            [-121.28454, 37.71439],
            [-121.28466, 37.71444],
            [-121.28466, 37.71444],
            [-121.28506, 37.71454],
            [-121.28506, 37.71454],
            [-121.28514, 37.71457],
            [-121.28514, 37.71457],
            [-121.28518, 37.71458],
            [-121.28523, 37.7146],
            [-121.28523, 37.7146],
            [-121.2855, 37.71457],
            [-121.2855, 37.71458],
            [-121.28551, 37.71458],
            [-121.28589, 37.71448],
            [-121.28602, 37.71448],
            [-121.28602, 37.71448],
            [-121.28616, 37.71448],
            [-121.28616, 37.71448],
            [-121.28617, 37.71448],
            [-121.28627, 37.71447],
            [-121.2863, 37.71447],
            [-121.28638, 37.71445],
            [-121.28638, 37.71445],
            [-121.28639, 37.71445],
            [-121.2864, 37.71445],
            [-121.28643, 37.71445],
            [-121.28668, 37.71446],
            [-121.28675, 37.71446],
            [-121.28677, 37.71447],
            [-121.28681, 37.71447],
            [-121.28684, 37.71448],
            [-121.28692, 37.7145],
            [-121.28693, 37.7145],
            [-121.28693, 37.7145],
            [-121.2871, 37.71455],
            [-121.28712, 37.71455],
            [-121.28738, 37.71457],
            [-121.28751, 37.71461],
            [-121.28751, 37.71461],
            [-121.2876, 37.71464],
            [-121.2876, 37.71464],
            [-121.28768, 37.71466],
            [-121.28782, 37.71468],
            [-121.28791, 37.7147],
            [-121.28795, 37.71471],
            [-121.28795, 37.71471],
            [-121.28797, 37.71472],
            [-121.28799, 37.71473],
            [-121.28799, 37.71473],
            [-121.28828, 37.71477],
            [-121.28829, 37.71477],
            [-121.28847, 37.71484],
            [-121.28848, 37.71484],
            [-121.2886, 37.71489],
            [-121.28873, 37.71496],
            [-121.28887, 37.71502],
            [-121.28887, 37.71503],
            [-121.28887, 37.71503],
            [-121.28895, 37.71506],
            [-121.28895, 37.71506],
            [-121.289, 37.71508],
            [-121.28911, 37.71512],
            [-121.28912, 37.71512],
            [-121.28912, 37.71512],
            [-121.2892, 37.71515],
            [-121.28921, 37.71516],
            [-121.28924, 37.71517],
            [-121.2895, 37.71527],
            [-121.28951, 37.71527],
            [-121.28972, 37.71541],
            [-121.28972, 37.71541],
            [-121.29002, 37.71563],
            [-121.29005, 37.71565],
            [-121.29014, 37.71573],
            [-121.29021, 37.71578],
            [-121.29034, 37.71588],
            [-121.29035, 37.71589],
            [-121.29047, 37.71601],
            [-121.29048, 37.71602],
            [-121.2905, 37.71605],
            [-121.29057, 37.71615],
            [-121.29059, 37.71618],
            [-121.29064, 37.71625],
            [-121.2907, 37.71633],
            [-121.2907, 37.71634],
            [-121.29073, 37.71642],
            [-121.29076, 37.71651],
            [-121.29079, 37.7166],
            [-121.29082, 37.71699],
            [-121.29082, 37.717],
            [-121.29085, 37.71706],
            [-121.29085, 37.71706],
            [-121.29085, 37.71708],
            [-121.29086, 37.7171],
            [-121.29086, 37.7171],
            [-121.29087, 37.71717],
            [-121.29089, 37.71735],
            [-121.29089, 37.71735],
            [-121.29088, 37.71745],
            [-121.29088, 37.71745],
            [-121.29088, 37.71746],
            [-121.29088, 37.71749],
            [-121.29088, 37.71751],
            [-121.29089, 37.71756],
            [-121.29089, 37.71756],
            [-121.29089, 37.71756],
            [-121.291, 37.71787],
            [-121.291, 37.71787],
            [-121.29107, 37.71811],
            [-121.29107, 37.71811],
            [-121.29111, 37.71821],
            [-121.29111, 37.71822],
            [-121.29121, 37.71854],
            [-121.29122, 37.71856],
            [-121.29122, 37.71858],
            [-121.29122, 37.71859],
            [-121.29122, 37.7186],
            [-121.29124, 37.71878],
            [-121.29125, 37.71884],
            [-121.29125, 37.71884],
            [-121.29126, 37.71889],
            [-121.29129, 37.71907],
            [-121.29129, 37.71909],
            [-121.29131, 37.71913],
            [-121.29133, 37.71918],
            [-121.29133, 37.7192],
            [-121.29134, 37.71921],
            [-121.29146, 37.71946],
            [-121.29146, 37.71947],
            [-121.29152, 37.7196],
            [-121.29152, 37.71961],
            [-121.29158, 37.71973],
            [-121.2917, 37.71993],
            [-121.2917, 37.71995],
            [-121.29173, 37.71999],
            [-121.29179, 37.72013],
            [-121.29179, 37.72015],
            [-121.2918, 37.72016],
            [-121.2918, 37.72016],
            [-121.29182, 37.72041],
            [-121.29182, 37.72041],
            [-121.29184, 37.72055],
            [-121.29184, 37.72055],
            [-121.29188, 37.72069],
            [-121.29188, 37.72069],
            [-121.29199, 37.72112],
            [-121.292, 37.72115],
            [-121.292, 37.72116],
            [-121.29203, 37.72122],
            [-121.29204, 37.72125],
            [-121.29205, 37.72126],
            [-121.29213, 37.72141],
            [-121.29215, 37.72144],
            [-121.29215, 37.72145],
            [-121.29215, 37.72146],
            [-121.29217, 37.72151],
            [-121.29218, 37.72153],
            [-121.2922, 37.72156],
            [-121.29221, 37.72158],
            [-121.29222, 37.72159],
            [-121.29245, 37.72197],
            [-121.29268, 37.72231],
            [-121.29275, 37.72241],
            [-121.29284, 37.72251],
            [-121.29285, 37.72252],
            [-121.29286, 37.72253],
            [-121.29314, 37.7228],
            [-121.29315, 37.72281],
            [-121.2932, 37.72287],
            [-121.29322, 37.72289],
            [-121.29353, 37.72324],
            [-121.29368, 37.72342],
            [-121.29368, 37.72342],
            [-121.29376, 37.72351],
            [-121.29389, 37.72365],
            [-121.2939, 37.72366],
            [-121.29404, 37.72382],
            [-121.2942, 37.72401],
            [-121.29433, 37.72415],
            [-121.29433, 37.72416],
            [-121.29439, 37.72421],
            [-121.29441, 37.72422],
            [-121.29456, 37.72434],
            [-121.29473, 37.72445],
            [-121.29475, 37.72447],
            [-121.29478, 37.72449],
            [-121.2949, 37.72457],
            [-121.29494, 37.7246],
            [-121.29499, 37.72462],
            [-121.29504, 37.72466],
            [-121.2951, 37.72469],
            [-121.29512, 37.7247],
            [-121.29512, 37.7247],
            [-121.29573, 37.72501],
            [-121.29583, 37.72506],
            [-121.29615, 37.72523],
            [-121.29615, 37.72523],
            [-121.29643, 37.72534],
            [-121.29658, 37.72541],
            [-121.29669, 37.72543],
            [-121.29691, 37.72565],
            [-121.29699, 37.72573],
            [-121.2971, 37.72584],
            [-121.29722, 37.72596],
            [-121.29734, 37.72607],
            [-121.2974, 37.72612],
            [-121.29751, 37.72619],
            [-121.29765, 37.72628],
            [-121.29787, 37.72641],
            [-121.2979, 37.72643],
            [-121.29797, 37.72653],
            [-121.29805, 37.72661],
            [-121.29811, 37.72667],
            [-121.2982, 37.72675],
            [-121.29829, 37.72689],
            [-121.29831, 37.72699],
            [-121.29837, 37.72717],
            [-121.29841, 37.72728],
            [-121.29841, 37.72732],
            [-121.29841, 37.72735],
            [-121.2984, 37.72742],
            [-121.29839, 37.72757],
            [-121.29838, 37.72767],
            [-121.29831, 37.72795],
            [-121.29828, 37.72802],
            [-121.29824, 37.72816],
            [-121.29817, 37.72837],
            [-121.29813, 37.72847],
            [-121.29809, 37.72861],
            [-121.29801, 37.72896],
            [-121.29791, 37.72927],
            [-121.29788, 37.72937],
            [-121.29787, 37.72941],
            [-121.29777, 37.7296],
            [-121.29767, 37.72976],
            [-121.29747, 37.73004],
            [-121.29744, 37.73011],
            [-121.29735, 37.73023],
            [-121.29729, 37.73033],
            [-121.29715, 37.73051],
            [-121.29702, 37.7307],
            [-121.29692, 37.73086],
            [-121.29676, 37.73108],
            [-121.29661, 37.73134],
            [-121.29658, 37.73141],
            [-121.29651, 37.73154],
            [-121.29647, 37.73161],
            [-121.29634, 37.73195],
            [-121.29626, 37.73211],
            [-121.2962, 37.73225],
            [-121.29616, 37.73235],
            [-121.29612, 37.73249],
            [-121.2961, 37.7326],
            [-121.29608, 37.73288],
            [-121.2961, 37.7332],
            [-121.29615, 37.73366],
            [-121.29626, 37.73401],
            [-121.29636, 37.73436],
            [-121.2964, 37.73446],
            [-121.29647, 37.73463],
            [-121.29659, 37.73498],
            [-121.29668, 37.73518],
            [-121.29673, 37.73532],
            [-121.29678, 37.73542],
            [-121.29693, 37.73575],
            [-121.29704, 37.7361],
            [-121.29726, 37.7369],
            [-121.29727, 37.73697],
            [-121.29728, 37.73701],
            [-121.29728, 37.73715],
            [-121.29726, 37.73729],
            [-121.29726, 37.73736],
            [-121.29728, 37.73754],
            [-121.2973, 37.73761],
            [-121.2973, 37.73772],
            [-121.29731, 37.73786],
            [-121.29732, 37.73804],
            [-121.29731, 37.73811],
            [-121.29729, 37.73825],
            [-121.29728, 37.73832],
            [-121.29709, 37.73899],
            [-121.297, 37.73926],
            [-121.29687, 37.73957],
            [-121.29683, 37.73963],
            [-121.29674, 37.73976],
            [-121.29672, 37.73979],
            [-121.29661, 37.7399],
            [-121.29647, 37.74004],
            [-121.29639, 37.74013],
            [-121.29628, 37.74019],
            [-121.29621, 37.74024],
            [-121.29611, 37.74031],
            [-121.29597, 37.74041],
            [-121.29584, 37.74051],
            [-121.29573, 37.74057],
            [-121.29566, 37.74062],
            [-121.29555, 37.74068],
            [-121.29553, 37.74071],
            [-121.2955, 37.74074],
            [-121.29546, 37.7408],
            [-121.29544, 37.74084],
            [-121.29529, 37.74114],
            [-121.29527, 37.74117],
            [-121.29513, 37.74135],
            [-121.29493, 37.74147],
            [-121.29485, 37.74151],
            [-121.29482, 37.74154],
            [-121.29475, 37.74163],
            [-121.29467, 37.74171],
            [-121.29451, 37.74185],
            [-121.29436, 37.74198],
            [-121.29426, 37.7421],
            [-121.2942, 37.74215],
            [-121.29413, 37.7422],
            [-121.29405, 37.74229],
            [-121.29395, 37.74236],
            [-121.29384, 37.74243],
            [-121.29378, 37.74248],
            [-121.29375, 37.74251],
            [-121.29372, 37.74254],
            [-121.2937, 37.74257],
            [-121.29365, 37.74267],
            [-121.29362, 37.74277],
            [-121.2936, 37.74291],
            [-121.29353, 37.74301],
            [-121.29337, 37.74322],
            [-121.2933, 37.74331],
            [-121.29321, 37.74344],
            [-121.29314, 37.74353],
            [-121.29299, 37.74367],
            [-121.29276, 37.74384],
            [-121.29261, 37.74397],
            [-121.29234, 37.74422],
            [-121.29223, 37.74433],
            [-121.29207, 37.7445],
            [-121.29193, 37.74465],
            [-121.29169, 37.74486],
            [-121.29155, 37.745],
            [-121.29146, 37.74509],
            [-121.2912, 37.74529],
            [-121.29107, 37.74538],
            [-121.29103, 37.7455],
            [-121.29102, 37.74557],
            [-121.291, 37.74567],
            [-121.29098, 37.74582],
            [-121.29099, 37.74596],
            [-121.29099, 37.74607],
            [-121.291, 37.74628],
            [-121.29103, 37.7466],
            [-121.29103, 37.74671],
            [-121.29102, 37.74674],
            [-121.291, 37.74685],
            [-121.29099, 37.74692],
            [-121.291, 37.74706],
            [-121.29102, 37.7472],
            [-121.29106, 37.74738],
            [-121.2912, 37.74752],
            [-121.29133, 37.74762],
            [-121.29145, 37.74773],
            [-121.2915, 37.74779],
            [-121.29157, 37.74788],
            [-121.29161, 37.74794],
            [-121.29172, 37.74814],
            [-121.29179, 37.74823],
            [-121.29194, 37.74841],
            [-121.29202, 37.7485],
            [-121.29207, 37.74856],
            [-121.2923, 37.74873],
            [-121.29239, 37.74881],
            [-121.29259, 37.74901],
            [-121.29267, 37.7491],
            [-121.29275, 37.74918],
            [-121.29283, 37.74927],
            [-121.29285, 37.7493],
            [-121.29288, 37.74933],
            [-121.2929, 37.7494],
            [-121.29291, 37.74947],
            [-121.29315, 37.74998],
            [-121.29347, 37.75047],
            [-121.29366, 37.75085],
            [-121.29388, 37.75128],
            [-121.29391, 37.75132],
            [-121.29401, 37.75144],
            [-121.29418, 37.75157],
            [-121.29436, 37.75163],
            [-121.29449, 37.75165],
            [-121.2946, 37.75166],
            [-121.29469, 37.75164],
            [-121.29483, 37.75163],
            [-121.29501, 37.75163],
            [-121.29519, 37.75164],
            [-121.29533, 37.75166],
            [-121.2956, 37.75165],
            [-121.29568, 37.75164],
            [-121.29577, 37.75163],
            [-121.2959, 37.75161],
            [-121.29604, 37.7516],
            [-121.29608, 37.75159],
            [-121.29613, 37.75158],
            [-121.29626, 37.75154],
            [-121.29647, 37.75148],
            [-121.29665, 37.75144],
            [-121.29682, 37.7514],
            [-121.29695, 37.75136],
            [-121.29707, 37.75131],
            [-121.29716, 37.75128],
            [-121.29732, 37.75122],
            [-121.29749, 37.75117],
            [-121.29758, 37.75114],
            [-121.29766, 37.75112],
            [-121.29775, 37.7511],
            [-121.29784, 37.75107],
            [-121.29788, 37.75106],
            [-121.29836, 37.75094],
            [-121.29854, 37.75092],
            [-121.29863, 37.75091],
            [-121.29872, 37.75089],
            [-121.29885, 37.75088],
            [-121.2989, 37.75087],
            [-121.29903, 37.75084],
            [-121.29916, 37.7508],
            [-121.29929, 37.75079],
            [-121.29951, 37.75073],
            [-121.29964, 37.75069],
            [-121.29981, 37.75064],
            [-121.30003, 37.75059],
            [-121.30042, 37.75049],
            [-121.30068, 37.75042],
            [-121.3009, 37.75036],
            [-121.30099, 37.75035],
            [-121.30103, 37.75034],
            [-121.30112, 37.75033],
            [-121.30121, 37.75032],
            [-121.30144, 37.7503],
            [-121.30158, 37.75029],
            [-121.30167, 37.75029],
            [-121.30181, 37.75029],
            [-121.3019, 37.7503],
            [-121.30199, 37.7503],
            [-121.30226, 37.75031],
            [-121.30231, 37.75032],
            [-121.30249, 37.75036],
            [-121.30262, 37.75037],
            [-121.30271, 37.75039],
            [-121.30287, 37.75046],
            [-121.30291, 37.75048],
            [-121.30309, 37.75059],
            [-121.30316, 37.75064],
            [-121.30325, 37.75072],
            [-121.30332, 37.75081],
            [-121.30336, 37.75087],
            [-121.3034, 37.75094],
            [-121.30344, 37.75104],
            [-121.30347, 37.75111],
            [-121.30351, 37.75121],
            [-121.30352, 37.75124],
            [-121.30355, 37.75135],
            [-121.30357, 37.75149],
            [-121.30358, 37.75156],
            [-121.30363, 37.75188],
            [-121.30365, 37.75198],
            [-121.30367, 37.75216],
            [-121.30369, 37.75227],
            [-121.30371, 37.7523],
            [-121.30373, 37.75233],
            [-121.30375, 37.7524],
            [-121.30377, 37.75244],
            [-121.30379, 37.75247],
            [-121.30384, 37.75253],
            [-121.30389, 37.75263],
            [-121.30396, 37.75272],
            [-121.30402, 37.75282],
            [-121.30422, 37.75317],
            [-121.30428, 37.75327],
            [-121.30433, 37.75337],
            [-121.30435, 37.7534],
            [-121.30443, 37.75353],
            [-121.30447, 37.75364],
            [-121.30451, 37.7537],
            [-121.30452, 37.75373],
            [-121.30456, 37.75384],
            [-121.30458, 37.75387],
            [-121.30462, 37.75393],
            [-121.30466, 37.75403],
            [-121.30472, 37.75424],
            [-121.30475, 37.75431],
            [-121.3048, 37.75441],
            [-121.30486, 37.75455],
            [-121.30491, 37.75472],
            [-121.30493, 37.75483],
            [-121.30496, 37.75493],
            [-121.30498, 37.755],
            [-121.30502, 37.75514],
            [-121.30503, 37.75521],
            [-121.30504, 37.75553],
            [-121.30503, 37.75557],
            [-121.30501, 37.75563],
            [-121.30497, 37.75574],
            [-121.30495, 37.75577],
            [-121.30491, 37.75583],
            [-121.30489, 37.7559],
            [-121.30488, 37.75593],
            [-121.30489, 37.75604],
            [-121.30488, 37.75618],
            [-121.30489, 37.75625],
            [-121.30492, 37.75636],
            [-121.30496, 37.75643],
            [-121.30496, 37.75646],
            [-121.30497, 37.75664],
            [-121.30501, 37.75685],
            [-121.30503, 37.75699],
            [-121.30505, 37.7571],
            [-121.30507, 37.75717],
            [-121.30512, 37.75727],
            [-121.30513, 37.75734],
            [-121.30516, 37.75744],
            [-121.30518, 37.75755],
            [-121.30521, 37.75765],
            [-121.30526, 37.75779],
            [-121.30527, 37.75783],
            [-121.30528, 37.75786],
            [-121.30531, 37.75793],
            [-121.30533, 37.758],
            [-121.30548, 37.75822],
            [-121.30551, 37.75829],
            [-121.30555, 37.75835],
            [-121.30558, 37.75846],
            [-121.30559, 37.75849],
            [-121.30562, 37.75856],
            [-121.30564, 37.75867],
            [-121.30566, 37.75873],
            [-121.30567, 37.75877],
            [-121.30571, 37.75887],
            [-121.30573, 37.75894],
            [-121.30576, 37.75905],
            [-121.30577, 37.75915],
            [-121.30583, 37.75936],
            [-121.30585, 37.75939],
            [-121.30601, 37.75946],
            [-121.30609, 37.7595],
            [-121.30617, 37.75953],
            [-121.30634, 37.75958],
            [-121.30647, 37.75962],
            [-121.3066, 37.75966],
            [-121.30677, 37.75971],
            [-121.30681, 37.75972],
            [-121.30686, 37.75973],
            [-121.30699, 37.75974],
            [-121.30713, 37.75973],
            [-121.30717, 37.75972],
            [-121.30727, 37.75971],
            [-121.30754, 37.7597],
            [-121.30763, 37.7597],
            [-121.30776, 37.75973],
            [-121.30785, 37.75975],
            [-121.30793, 37.75979],
            [-121.30805, 37.75985],
            [-121.30809, 37.75986],
            [-121.30822, 37.7599],
            [-121.3083, 37.75992],
            [-121.30834, 37.75994],
            [-121.3085, 37.76001],
            [-121.30854, 37.76003],
            [-121.30865, 37.76009],
            [-121.30871, 37.76014],
            [-121.30877, 37.7602],
            [-121.30879, 37.76023],
            [-121.30884, 37.76033],
            [-121.30888, 37.76043],
            [-121.30892, 37.76054],
            [-121.30893, 37.76061],
            [-121.30895, 37.76068],
            [-121.30898, 37.76075],
            [-121.30899, 37.76085],
            [-121.30902, 37.76092],
            [-121.30908, 37.76113],
            [-121.30912, 37.7613],
            [-121.30913, 37.76141],
            [-121.30915, 37.76152],
            [-121.30916, 37.76159],
            [-121.30916, 37.76166],
            [-121.30918, 37.7618],
            [-121.30918, 37.76184],
            [-121.3092, 37.76191],
            [-121.30922, 37.76215],
            [-121.30924, 37.76226],
            [-121.30924, 37.7624],
            [-121.30923, 37.76251],
            [-121.30923, 37.76255],
            [-121.30924, 37.76261],
            [-121.30924, 37.76279],
            [-121.30923, 37.76289],
            [-121.30922, 37.76311],
            [-121.30921, 37.76325],
            [-121.3092, 37.76336],
            [-121.30919, 37.76346],
            [-121.30919, 37.76357],
            [-121.30918, 37.76396],
            [-121.30919, 37.76461],
            [-121.3092, 37.76482],
            [-121.3092, 37.76489],
            [-121.3092, 37.76496],
            [-121.30918, 37.76517],
            [-121.30915, 37.76535],
            [-121.30912, 37.76549],
            [-121.30911, 37.76553],
            [-121.30909, 37.76556],
            [-121.30901, 37.76576],
            [-121.30892, 37.76593],
            [-121.3089, 37.76596],
            [-121.30888, 37.76599],
            [-121.30885, 37.76602],
            [-121.30882, 37.76609],
            [-121.30874, 37.76617],
            [-121.30858, 37.7663],
            [-121.30842, 37.76643],
            [-121.30832, 37.7665],
            [-121.30804, 37.76669],
            [-121.308, 37.76671],
            [-121.30796, 37.76672],
            [-121.30789, 37.76677],
            [-121.30769, 37.76685],
            [-121.30765, 37.76687],
            [-121.30758, 37.76691],
            [-121.3075, 37.76695],
            [-121.30721, 37.76706],
            [-121.30706, 37.76715],
            [-121.3069, 37.76722],
            [-121.30679, 37.76728],
            [-121.30667, 37.76733],
            [-121.30644, 37.76745],
            [-121.30624, 37.76754],
            [-121.30613, 37.7676],
            [-121.30586, 37.76774],
            [-121.30571, 37.76781],
            [-121.30544, 37.76795],
            [-121.30541, 37.76798],
            [-121.3053, 37.76804],
            [-121.30518, 37.7681],
            [-121.30496, 37.76823],
            [-121.30488, 37.76827],
            [-121.3048, 37.7683],
            [-121.30473, 37.76834],
            [-121.30466, 37.76838],
            [-121.30437, 37.7685],
            [-121.30409, 37.76861],
            [-121.30391, 37.76866],
            [-121.30378, 37.76869],
            [-121.30343, 37.76877],
            [-121.30334, 37.76878],
            [-121.3033, 37.7688],
            [-121.30301, 37.7689],
            [-121.30286, 37.76896],
            [-121.30276, 37.769],
            [-121.30268, 37.76903],
            [-121.30257, 37.76916],
            [-121.30241, 37.76938],
            [-121.3024, 37.76941],
            [-121.30176, 37.77059],
            [-121.30163, 37.77135],
            [-121.30178, 37.77189],
            [-121.30203, 37.7722],
            [-121.30234, 37.77246],
            [-121.30278, 37.77268],
            [-121.30311, 37.77282],
            [-121.30346, 37.77301],
            [-121.30364, 37.7733],
            [-121.30381, 37.77404],
            [-121.30375, 37.77458],
            [-121.30359, 37.77504],
            [-121.30333, 37.77542],
            [-121.30318, 37.77559],
            [-121.30308, 37.77567],
            [-121.3028, 37.77611],
            [-121.30257, 37.77642],
            [-121.30211, 37.77673],
            [-121.30166, 37.77701],
            [-121.30113, 37.77722],
            [-121.30082, 37.77736],
            [-121.3005, 37.77748],
            [-121.30019, 37.77762],
            [-121.29993, 37.77782],
            [-121.30007, 37.77825],
            [-121.30046, 37.7788],
            [-121.30088, 37.77927],
            [-121.30116, 37.77953],
            [-121.30122, 37.77963],
            [-121.30128, 37.77972],
            [-121.30131, 37.77975],
            [-121.30133, 37.77978],
            [-121.30143, 37.77986],
            [-121.30149, 37.77998],
            [-121.30153, 37.78004],
            [-121.30166, 37.78023],
            [-121.3017, 37.78029],
            [-121.30176, 37.78039],
            [-121.30181, 37.78045],
            [-121.30188, 37.78055],
            [-121.30199, 37.7807],
            [-121.30203, 37.78076],
            [-121.30214, 37.78092],
            [-121.30229, 37.78114],
            [-121.30236, 37.78123],
            [-121.3024, 37.7813],
            [-121.30247, 37.78143],
            [-121.3025, 37.7815],
            [-121.30252, 37.78153],
            [-121.30256, 37.78159],
            [-121.30266, 37.78171],
            [-121.30271, 37.78177],
            [-121.30298, 37.7821],
            [-121.30316, 37.78235],
            [-121.30319, 37.78242],
            [-121.30323, 37.78252],
            [-121.30326, 37.78259],
            [-121.30335, 37.78279],
            [-121.3034, 37.78289],
            [-121.30344, 37.78299],
            [-121.3035, 37.78309],
            [-121.30362, 37.78328],
            [-121.30375, 37.78347],
            [-121.3038, 37.78353],
            [-121.30386, 37.78359],
            [-121.30401, 37.78372],
            [-121.30421, 37.78387],
            [-121.30434, 37.78396],
            [-121.3044, 37.78402],
            [-121.30454, 37.78412],
            [-121.30473, 37.78427],
            [-121.30501, 37.7845],
            [-121.30557, 37.78493],
            [-121.30574, 37.78505],
            [-121.30614, 37.78534],
            [-121.30649, 37.78557],
            [-121.30687, 37.78583],
            [-121.30694, 37.78587],
            [-121.30702, 37.78591],
            [-121.3072, 37.78602],
            [-121.30723, 37.78605],
            [-121.30742, 37.78625],
            [-121.30748, 37.78635],
            [-121.30767, 37.78659],
            [-121.30779, 37.78674],
            [-121.3079, 37.7869],
            [-121.30792, 37.78693],
            [-121.30797, 37.78703],
            [-121.30799, 37.78706],
            [-121.308, 37.7871],
            [-121.30803, 37.78716],
            [-121.30805, 37.78727],
            [-121.30808, 37.78734],
            [-121.30809, 37.78741],
            [-121.30812, 37.78751],
            [-121.30812, 37.78759],
            [-121.30814, 37.78769],
            [-121.30816, 37.7878],
            [-121.30819, 37.78794],
            [-121.30819, 37.78801],
            [-121.30819, 37.78829],
            [-121.30819, 37.78851],
            [-121.30817, 37.78869],
            [-121.30815, 37.78886],
            [-121.30812, 37.78904],
            [-121.3081, 37.78915],
            [-121.30807, 37.78932],
            [-121.30806, 37.78939],
            [-121.30804, 37.78946],
            [-121.30801, 37.7896],
            [-121.30797, 37.78971],
            [-121.30796, 37.78974],
            [-121.30796, 37.78978],
            [-121.30794, 37.78986],
            [-121.30792, 37.78993],
            [-121.30791, 37.78996],
            [-121.30788, 37.79003],
            [-121.30784, 37.79013],
            [-121.30781, 37.79023],
            [-121.30761, 37.79071],
            [-121.30757, 37.79077],
            [-121.30755, 37.79084],
            [-121.30751, 37.79095],
            [-121.30749, 37.79102],
            [-121.30745, 37.79112],
            [-121.3074, 37.79129],
            [-121.30738, 37.79136],
            [-121.30732, 37.79153],
            [-121.30729, 37.7916],
            [-121.30725, 37.79178],
            [-121.30723, 37.79185],
            [-121.30722, 37.79188],
            [-121.3072, 37.79199],
            [-121.30716, 37.79216],
            [-121.30713, 37.79227],
            [-121.30712, 37.79234],
            [-121.3071, 37.79244],
            [-121.30709, 37.79255],
            [-121.30708, 37.79258],
            [-121.30708, 37.79262],
            [-121.30707, 37.79273],
            [-121.30706, 37.79287],
            [-121.30705, 37.79301],
            [-121.30705, 37.79312],
            [-121.30706, 37.79319],
            [-121.30707, 37.7933],
            [-121.30711, 37.79351],
            [-121.30715, 37.79372],
            [-121.30717, 37.79379],
            [-121.30718, 37.79386],
            [-121.30721, 37.79396],
            [-121.30723, 37.794],
            [-121.30726, 37.79406],
            [-121.30733, 37.79419],
            [-121.30735, 37.79423],
            [-121.30753, 37.79448],
            [-121.30763, 37.7946],
            [-121.30768, 37.79465],
            [-121.30783, 37.79479],
            [-121.308, 37.79491],
            [-121.3081, 37.79498],
            [-121.30821, 37.79504],
            [-121.30838, 37.79511],
            [-121.30863, 37.79519],
            [-121.30867, 37.7952],
            [-121.30876, 37.79522],
            [-121.30885, 37.79524],
            [-121.30889, 37.79525],
            [-121.30921, 37.7953],
            [-121.30925, 37.7953],
            [-121.30939, 37.7953],
            [-121.30948, 37.7953],
            [-121.30957, 37.79528],
            [-121.30983, 37.79521],
            [-121.31, 37.79515],
            [-121.31007, 37.7951],
            [-121.31014, 37.79506],
            [-121.31025, 37.795],
            [-121.31032, 37.79495],
            [-121.31043, 37.79489],
            [-121.31046, 37.79486],
            [-121.31053, 37.79481],
            [-121.3106, 37.79472],
            [-121.31065, 37.79466],
            [-121.31066, 37.79463],
            [-121.31068, 37.79456],
            [-121.31072, 37.79445],
            [-121.31078, 37.79417],
            [-121.31079, 37.7941],
            [-121.3108, 37.79407],
            [-121.31081, 37.79403],
            [-121.31083, 37.79396],
            [-121.31085, 37.79389],
            [-121.31087, 37.79382],
            [-121.31093, 37.79365],
            [-121.31095, 37.79362],
            [-121.31101, 37.79352],
            [-121.31102, 37.79349],
            [-121.31103, 37.79345],
            [-121.31116, 37.79326],
            [-121.31129, 37.79308],
            [-121.31143, 37.79293],
            [-121.31149, 37.79288],
            [-121.31166, 37.79276],
            [-121.31178, 37.7927],
            [-121.31194, 37.79263],
            [-121.31206, 37.79259],
            [-121.31237, 37.79251],
            [-121.31241, 37.79251],
            [-121.31255, 37.7925],
            [-121.31273, 37.79249],
            [-121.3131, 37.79251],
            [-121.31323, 37.79253],
            [-121.31332, 37.79255],
            [-121.31346, 37.79257],
            [-121.31358, 37.79261],
            [-121.31366, 37.79264],
            [-121.31375, 37.79267],
            [-121.31394, 37.79277],
            [-121.31398, 37.79279],
            [-121.31414, 37.79291],
            [-121.31436, 37.7931],
            [-121.31439, 37.79312],
            [-121.31442, 37.79315],
            [-121.31444, 37.79319],
            [-121.31448, 37.79325],
            [-121.3146, 37.79344],
            [-121.31462, 37.79347],
            [-121.31468, 37.79364],
            [-121.3147, 37.79371],
            [-121.31473, 37.79378],
            [-121.31474, 37.79385],
            [-121.31476, 37.79392],
            [-121.31477, 37.79396],
            [-121.31477, 37.79403],
            [-121.31477, 37.79442],
            [-121.31476, 37.79449],
            [-121.31474, 37.79454],
            [-121.31473, 37.79461],
            [-121.3147, 37.79471],
            [-121.31467, 37.79478],
            [-121.31464, 37.79485],
            [-121.31458, 37.79498],
            [-121.31454, 37.79505],
            [-121.31439, 37.79527],
            [-121.31426, 37.79545],
            [-121.31416, 37.79557],
            [-121.31414, 37.79561],
            [-121.31409, 37.79567],
            [-121.31403, 37.79576],
            [-121.31395, 37.79585],
            [-121.31392, 37.79592],
            [-121.31382, 37.79604],
            [-121.31374, 37.79617],
            [-121.31363, 37.79632],
            [-121.31357, 37.79642],
            [-121.3135, 37.79655],
            [-121.31344, 37.79668],
            [-121.31335, 37.79689],
            [-121.31334, 37.79692],
            [-121.31329, 37.7971],
            [-121.31328, 37.79717],
            [-121.31323, 37.7973],
            [-121.31321, 37.79741],
            [-121.31316, 37.79758],
            [-121.31314, 37.79765],
            [-121.31313, 37.79776],
            [-121.3131, 37.7979],
            [-121.31307, 37.79797],
            [-121.31307, 37.79804],
            [-121.31307, 37.79815],
            [-121.31307, 37.79821],
            [-121.31307, 37.79828],
            [-121.31308, 37.79835],
            [-121.31308, 37.79853],
            [-121.31307, 37.7986],
            [-121.31306, 37.79885],
            [-121.31304, 37.7991],
            [-121.31304, 37.79914],
            [-121.31306, 37.79924],
            [-121.31307, 37.79939],
            [-121.31307, 37.79942],
            [-121.31307, 37.79949],
            [-121.31308, 37.79956],
            [-121.31308, 37.7996],
            [-121.31308, 37.79971],
            [-121.31307, 37.79996],
            [-121.31306, 37.80035],
            [-121.31307, 37.80042],
            [-121.31308, 37.80067],
            [-121.31307, 37.8011],
            [-121.31308, 37.8012],
            [-121.31307, 37.80131],
            [-121.31306, 37.80138],
            [-121.31306, 37.80149],
            [-121.31305, 37.80156],
            [-121.31303, 37.80181],
            [-121.31301, 37.80192],
            [-121.313, 37.80199],
            [-121.31299, 37.80213],
            [-121.31296, 37.80238],
            [-121.31294, 37.80259],
            [-121.31293, 37.80266],
            [-121.31291, 37.80291],
            [-121.31291, 37.80312],
            [-121.31291, 37.8032],
            [-121.31291, 37.80327],
            [-121.31293, 37.80337],
            [-121.31296, 37.80348],
            [-121.31297, 37.80355],
            [-121.31305, 37.80379],
            [-121.31311, 37.80389],
            [-121.31318, 37.80406],
            [-121.31324, 37.80415],
            [-121.31333, 37.80428],
            [-121.31335, 37.80431],
            [-121.31344, 37.80439],
            [-121.31357, 37.80449],
            [-121.31367, 37.80457],
            [-121.31384, 37.80469],
            [-121.31417, 37.80488],
            [-121.31444, 37.80502],
            [-121.31448, 37.80503],
            [-121.31467, 37.80513],
            [-121.31479, 37.80518],
            [-121.31491, 37.80524],
            [-121.31507, 37.80531],
            [-121.31535, 37.80543],
            [-121.31547, 37.80548],
            [-121.31592, 37.80565],
            [-121.31601, 37.80568],
            [-121.31614, 37.80571],
            [-121.31622, 37.80574],
            [-121.31657, 37.80583],
            [-121.3167, 37.80587],
            [-121.31687, 37.80591],
            [-121.31714, 37.80596],
            [-121.31723, 37.80598],
            [-121.31732, 37.806],
            [-121.31741, 37.80601],
            [-121.3175, 37.80603],
            [-121.31754, 37.80603],
            [-121.31804, 37.80607],
            [-121.31846, 37.80609],
            [-121.31887, 37.80608],
            [-121.319, 37.80606],
            [-121.31914, 37.80605],
            [-121.3195, 37.80598],
            [-121.31963, 37.80595],
            [-121.3198, 37.8059],
            [-121.31988, 37.80587],
            [-121.32014, 37.80579],
            [-121.32026, 37.80574],
            [-121.32039, 37.8057],
            [-121.32047, 37.80567],
            [-121.32068, 37.8056],
            [-121.3208, 37.80555],
            [-121.32089, 37.80553],
            [-121.32097, 37.8055],
            [-121.32105, 37.80546],
            [-121.32122, 37.8054],
            [-121.3213, 37.80537],
            [-121.32139, 37.80535],
            [-121.32147, 37.80531],
            [-121.32153, 37.80529],
            [-121.32179, 37.80523],
            [-121.32192, 37.80519],
            [-121.32196, 37.80518],
            [-121.32205, 37.80517],
            [-121.32223, 37.80515],
            [-121.32242, 37.80514],
            [-121.32251, 37.80514],
            [-121.3226, 37.80515],
            [-121.32274, 37.80515],
            [-121.32283, 37.80516],
            [-121.32287, 37.80517],
            [-121.32296, 37.80519],
            [-121.32305, 37.80521],
            [-121.32326, 37.80527],
            [-121.32343, 37.80533],
            [-121.3236, 37.80539],
            [-121.32375, 37.80547],
            [-121.32382, 37.80551],
            [-121.32407, 37.80567],
            [-121.32417, 37.80574],
            [-121.3244, 37.80592],
            [-121.32465, 37.80612],
            [-121.32494, 37.80635],
            [-121.3251, 37.80648],
            [-121.32536, 37.80668],
            [-121.32587, 37.80709],
            [-121.32667, 37.80773],
            [-121.32687, 37.80788],
            [-121.32697, 37.80797],
            [-121.32697, 37.80797],
            [-121.32708, 37.80807],
            [-121.32733, 37.80827],
            [-121.32733, 37.80839],
            [-121.32733, 37.80843],
            [-121.32733, 37.80843],
            [-121.32734, 37.80846],
            [-121.32736, 37.80857],
            [-121.32738, 37.80867],
            [-121.32737, 37.80874],
            [-121.32735, 37.80878],
            [-121.3273, 37.80884],
            [-121.32728, 37.80887],
            [-121.3272, 37.80895],
            [-121.3271, 37.80903],
            [-121.32706, 37.80905],
            [-121.32703, 37.80907],
            [-121.32694, 37.8091],
            [-121.32674, 37.80918],
            [-121.32666, 37.80921],
            [-121.32655, 37.80928],
            [-121.32647, 37.80931],
            [-121.32628, 37.80942],
            [-121.32622, 37.80947],
            [-121.32585, 37.80974],
            [-121.32579, 37.80979],
            [-121.32557, 37.80997],
            [-121.32548, 37.81005],
            [-121.32537, 37.81012],
            [-121.32518, 37.81027],
            [-121.32484, 37.81051],
            [-121.32473, 37.81057],
            [-121.32462, 37.81063],
            [-121.32458, 37.81065],
            [-121.3245, 37.81069],
            [-121.32445, 37.8107],
            [-121.32424, 37.81076],
            [-121.32415, 37.81077],
            [-121.32392, 37.81081],
            [-121.32379, 37.81083],
            [-121.32374, 37.81083],
            [-121.3237, 37.81083],
            [-121.32361, 37.81085],
            [-121.32352, 37.81086],
            [-121.32338, 37.81087],
            [-121.3232, 37.81087],
            [-121.32297, 37.81087],
            [-121.3226, 37.81086],
            [-121.32251, 37.81085],
            [-121.32233, 37.81084],
            [-121.32224, 37.81082],
            [-121.3221, 37.81082],
            [-121.32201, 37.81081],
            [-121.32188, 37.8108],
            [-121.32179, 37.81079],
            [-121.32137, 37.81076],
            [-121.32124, 37.81075],
            [-121.3211, 37.81076],
            [-121.32092, 37.81077],
            [-121.32083, 37.81078],
            [-121.32074, 37.81079],
            [-121.32065, 37.8108],
            [-121.32051, 37.81083],
            [-121.32042, 37.81085],
            [-121.32017, 37.81093],
            [-121.32008, 37.81096],
            [-121.31993, 37.81103],
            [-121.3195, 37.81124],
            [-121.31943, 37.81128],
            [-121.31931, 37.81134],
            [-121.3192, 37.8114],
            [-121.31888, 37.8116],
            [-121.31842, 37.8119],
            [-121.31822, 37.81205],
            [-121.31809, 37.81215],
            [-121.31796, 37.81225],
            [-121.31781, 37.81238],
            [-121.31766, 37.81252],
            [-121.3176, 37.81257],
            [-121.31756, 37.81264],
            [-121.31754, 37.81267],
            [-121.31753, 37.81275],
            [-121.31754, 37.81282],
            [-121.31755, 37.81286],
            [-121.31756, 37.81293],
            [-121.31758, 37.813],
            [-121.31761, 37.81306],
            [-121.31765, 37.81313],
            [-121.3177, 37.81319],
            [-121.31773, 37.81322],
            [-121.31776, 37.81324],
            [-121.31786, 37.81331],
            [-121.31798, 37.81337],
            [-121.3181, 37.81342],
            [-121.31814, 37.81344],
            [-121.31835, 37.8135],
            [-121.31866, 37.81358],
            [-121.3187, 37.81359],
            [-121.31887, 37.81363],
            [-121.319, 37.81367],
            [-121.31905, 37.81368],
            [-121.31908, 37.8137],
            [-121.31919, 37.81377],
            [-121.31926, 37.81382],
            [-121.31929, 37.81384],
            [-121.31946, 37.81401],
            [-121.31951, 37.81407],
            [-121.31955, 37.81414],
            [-121.31957, 37.81417],
            [-121.31963, 37.81426],
            [-121.31966, 37.81433],
            [-121.3197, 37.8144],
            [-121.31972, 37.81446],
            [-121.31974, 37.8145],
            [-121.31978, 37.8146],
            [-121.31981, 37.81467],
            [-121.31985, 37.81484],
            [-121.31988, 37.81498],
            [-121.31988, 37.81509],
            [-121.31989, 37.8152],
            [-121.31986, 37.81548],
            [-121.31984, 37.81551],
            [-121.31984, 37.81556],
            [-121.31983, 37.8156],
            [-121.31981, 37.81563],
            [-121.31977, 37.81575],
            [-121.31972, 37.81592],
            [-121.31964, 37.81602],
            [-121.31954, 37.81611],
            [-121.31948, 37.81618],
            [-121.31932, 37.81624],
            [-121.31905, 37.81626],
            [-121.31851, 37.81613],
            [-121.31752, 37.81603],
            [-121.31744, 37.81603],
            [-121.31673, 37.81603],
            [-121.31609, 37.81623],
            [-121.31596, 37.81628],
            [-121.3158, 37.81641],
            [-121.31568, 37.8165],
            [-121.31558, 37.8166],
            [-121.31543, 37.81677],
            [-121.31534, 37.8169],
            [-121.31528, 37.81698],
            [-121.31521, 37.81705],
            [-121.31512, 37.81718],
            [-121.31506, 37.81726],
            [-121.31501, 37.81738],
            [-121.31495, 37.81751],
            [-121.31491, 37.81758],
            [-121.31487, 37.81768],
            [-121.31485, 37.81778],
            [-121.31483, 37.81782],
            [-121.31482, 37.81796],
            [-121.31482, 37.818],
            [-121.31483, 37.81807],
            [-121.31488, 37.8182],
            [-121.31493, 37.8183],
            [-121.31507, 37.81844],
            [-121.31511, 37.81846],
            [-121.31515, 37.81848],
            [-121.31523, 37.8185],
            [-121.31528, 37.81851],
            [-121.31537, 37.81852],
            [-121.31546, 37.81852],
            [-121.3156, 37.81852],
            [-121.31569, 37.81852],
            [-121.31592, 37.8185],
            [-121.31601, 37.81848],
            [-121.31623, 37.81847],
            [-121.31641, 37.81844],
            [-121.31664, 37.81843],
            [-121.31669, 37.81843],
            [-121.31687, 37.81843],
            [-121.31714, 37.81845],
            [-121.31746, 37.8185],
            [-121.31768, 37.81854],
            [-121.31812, 37.81864],
            [-121.31833, 37.8187],
            [-121.31846, 37.81875],
            [-121.31859, 37.81878],
            [-121.31871, 37.81883],
            [-121.31875, 37.81884],
            [-121.31888, 37.81889],
            [-121.31896, 37.81892],
            [-121.31908, 37.81897],
            [-121.31916, 37.81901],
            [-121.31924, 37.81905],
            [-121.31946, 37.81917],
            [-121.31953, 37.81922],
            [-121.31973, 37.81937],
            [-121.32001, 37.8196],
            [-121.3201, 37.81968],
            [-121.32026, 37.81985],
            [-121.32032, 37.81991],
            [-121.32048, 37.82008],
            [-121.3205, 37.82011],
            [-121.32055, 37.82021],
            [-121.32062, 37.82031],
            [-121.32063, 37.82034],
            [-121.32064, 37.82037],
            [-121.32067, 37.82059],
            [-121.32066, 37.82077],
            [-121.32061, 37.8209],
            [-121.32058, 37.82097],
            [-121.32056, 37.821],
            [-121.32054, 37.82103],
            [-121.32049, 37.82109],
            [-121.3204, 37.82118],
            [-121.32033, 37.82123],
            [-121.32027, 37.82127],
            [-121.32016, 37.82133],
            [-121.32008, 37.82137],
            [-121.32003, 37.82138],
            [-121.31986, 37.82143],
            [-121.31947, 37.82154],
            [-121.31917, 37.82161],
            [-121.31878, 37.82172],
            [-121.31856, 37.82178],
            [-121.31852, 37.82179],
            [-121.31844, 37.82182],
            [-121.31818, 37.82189],
            [-121.31809, 37.82191],
            [-121.31801, 37.82194],
            [-121.31797, 37.82196],
            [-121.31785, 37.822],
            [-121.31781, 37.82202],
            [-121.31772, 37.82205],
            [-121.31768, 37.82206],
            [-121.3176, 37.8221],
            [-121.31744, 37.82216],
            [-121.31728, 37.82223],
            [-121.31705, 37.82235],
            [-121.31686, 37.82245],
            [-121.31672, 37.82254],
            [-121.3166, 37.8226],
            [-121.31646, 37.82268],
            [-121.31634, 37.82274],
            [-121.31609, 37.82289],
            [-121.3159, 37.82299],
            [-121.31578, 37.82305],
            [-121.31574, 37.82307],
            [-121.3157, 37.82308],
            [-121.31555, 37.82316],
            [-121.31547, 37.8232],
            [-121.31543, 37.82322],
            [-121.31524, 37.82332],
            [-121.31494, 37.82348],
            [-121.31481, 37.82358],
            [-121.31472, 37.82366],
            [-121.31469, 37.82373],
            [-121.31468, 37.82376],
            [-121.31465, 37.82383],
            [-121.31462, 37.8239],
            [-121.31456, 37.82407],
            [-121.31453, 37.82421],
            [-121.31448, 37.82435],
            [-121.31442, 37.82459],
            [-121.3144, 37.82463],
            [-121.31437, 37.82473],
            [-121.31434, 37.8248],
            [-121.31432, 37.82483],
            [-121.31428, 37.82489],
            [-121.31426, 37.82492],
            [-121.31416, 37.825],
            [-121.31394, 37.82513],
            [-121.31387, 37.82517],
            [-121.31383, 37.82519],
            [-121.31371, 37.82524],
            [-121.31366, 37.82525],
            [-121.31345, 37.8253],
            [-121.31322, 37.82533],
            [-121.31308, 37.82535],
            [-121.31299, 37.82536],
            [-121.31231, 37.82539],
            [-121.31203, 37.8254],
            [-121.31199, 37.8254],
            [-121.31185, 37.8254],
            [-121.31162, 37.8254],
            [-121.31135, 37.82543],
            [-121.31117, 37.82547],
            [-121.31092, 37.82556],
            [-121.3108, 37.82561],
            [-121.31065, 37.82569],
            [-121.31058, 37.82573],
            [-121.31051, 37.82578],
            [-121.31044, 37.82583],
            [-121.31035, 37.82591],
            [-121.3103, 37.82597],
            [-121.31022, 37.82609],
            [-121.31017, 37.82619],
            [-121.3101, 37.8264],
            [-121.31009, 37.82651],
            [-121.3101, 37.82658],
            [-121.3101, 37.82669],
            [-121.31012, 37.82676],
            [-121.31015, 37.8269],
            [-121.31018, 37.82704],
            [-121.31022, 37.82714],
            [-121.31026, 37.8272],
            [-121.31027, 37.82727],
            [-121.3103, 37.82734],
            [-121.31033, 37.82737],
            [-121.31037, 37.82747],
            [-121.3104, 37.82754],
            [-121.31045, 37.82764],
            [-121.31048, 37.82771],
            [-121.31052, 37.82777],
            [-121.31057, 37.82787],
            [-121.3106, 37.82794],
            [-121.31075, 37.8282],
            [-121.31078, 37.82827],
            [-121.31081, 37.82833],
            [-121.31083, 37.82837],
            [-121.31087, 37.82847],
            [-121.31089, 37.8285],
            [-121.31093, 37.82856],
            [-121.31098, 37.82866],
            [-121.311, 37.82869],
            [-121.31103, 37.82876],
            [-121.31105, 37.82879],
            [-121.31108, 37.82886],
            [-121.31113, 37.82896],
            [-121.31116, 37.82902],
            [-121.31121, 37.82912],
            [-121.31123, 37.82916],
            [-121.31124, 37.82919],
            [-121.31129, 37.82929],
            [-121.31132, 37.82939],
            [-121.31137, 37.8295],
            [-121.31142, 37.82963],
            [-121.31145, 37.82974],
            [-121.31149, 37.82988],
            [-121.31156, 37.83012],
            [-121.31159, 37.83026],
            [-121.31161, 37.83044],
            [-121.31163, 37.83054],
            [-121.31164, 37.83061],
            [-121.31166, 37.83072],
            [-121.31166, 37.83083],
            [-121.31168, 37.83093],
            [-121.31169, 37.83107],
            [-121.31172, 37.83122],
            [-121.31174, 37.83128],
            [-121.31178, 37.83142],
            [-121.31181, 37.83149],
            [-121.31187, 37.83159],
            [-121.31198, 37.83174],
            [-121.31203, 37.8318],
            [-121.31206, 37.83183],
            [-121.31213, 37.83192],
            [-121.31224, 37.83203],
            [-121.31244, 37.83223],
            [-121.31257, 37.83237],
            [-121.31265, 37.83246],
            [-121.3127, 37.83252],
            [-121.31277, 37.83261],
            [-121.3128, 37.83264],
            [-121.31303, 37.83282],
            [-121.31349, 37.83316],
            [-121.31358, 37.83324],
            [-121.31369, 37.83332],
            [-121.31391, 37.83349],
            [-121.31404, 37.83359],
            [-121.31408, 37.83361],
            [-121.31411, 37.83364],
            [-121.3148, 37.83416],
            [-121.31501, 37.8343],
            [-121.31537, 37.83457],
            [-121.31553, 37.8347],
            [-121.31569, 37.83483],
            [-121.31587, 37.83499],
            [-121.31605, 37.8352],
            [-121.31616, 37.83535],
            [-121.31619, 37.83538],
            [-121.31621, 37.83541],
            [-121.31622, 37.83545],
            [-121.31629, 37.83554],
            [-121.31638, 37.8357],
            [-121.31648, 37.8359],
            [-121.3165, 37.83593],
            [-121.31653, 37.836],
            [-121.31654, 37.83604],
            [-121.31655, 37.83607],
            [-121.31657, 37.8361],
            [-121.3166, 37.83617],
            [-121.31673, 37.83651],
            [-121.31674, 37.83655],
            [-121.31675, 37.83658],
            [-121.31683, 37.83679],
            [-121.31688, 37.837],
            [-121.3169, 37.83703],
            [-121.31694, 37.83713],
            [-121.31696, 37.8372],
            [-121.31699, 37.83738],
            [-121.31703, 37.83744],
            [-121.31705, 37.83751],
            [-121.31709, 37.83769],
            [-121.31712, 37.83779],
            [-121.31715, 37.83785],
            [-121.31718, 37.838],
            [-121.3172, 37.83806],
            [-121.31721, 37.83813],
            [-121.31727, 37.83827],
            [-121.31729, 37.83834],
            [-121.31732, 37.83848],
            [-121.31734, 37.83855],
            [-121.31736, 37.83858],
            [-121.31739, 37.83869],
            [-121.31739, 37.83872],
            [-121.3174, 37.83879],
            [-121.31743, 37.8389],
            [-121.31747, 37.83911],
            [-121.31748, 37.83918],
            [-121.3175, 37.83925],
            [-121.3175, 37.83929],
            [-121.3175, 37.83932],
            [-121.31751, 37.83936],
            [-121.31752, 37.83939],
            [-121.31753, 37.83946],
            [-121.31754, 37.8395],
            [-121.31754, 37.83953],
            [-121.31754, 37.8396],
            [-121.31755, 37.83964],
            [-121.31756, 37.83967],
            [-121.31758, 37.83981],
            [-121.3176, 37.83996],
            [-121.31762, 37.84013],
            [-121.31763, 37.84017],
            [-121.31767, 37.84038],
            [-121.31768, 37.84041],
            [-121.31768, 37.84045],
            [-121.3177, 37.84049],
            [-121.31771, 37.84052],
            [-121.31771, 37.84056],
            [-121.31772, 37.84059],
            [-121.31774, 37.84066],
            [-121.31777, 37.84073],
            [-121.31779, 37.8408],
            [-121.3178, 37.84083],
            [-121.31788, 37.841],
            [-121.3179, 37.84103],
            [-121.31793, 37.8411],
            [-121.318, 37.84119],
            [-121.31803, 37.84122],
            [-121.31807, 37.84128],
            [-121.31813, 37.84134],
            [-121.31815, 37.84137],
            [-121.31828, 37.84147],
            [-121.31839, 37.84154],
            [-121.31875, 37.84175],
            [-121.31887, 37.84181],
            [-121.31903, 37.84187],
            [-121.31907, 37.84189],
            [-121.31912, 37.8419],
            [-121.31916, 37.84192],
            [-121.31925, 37.84193],
            [-121.31929, 37.84193],
            [-121.31938, 37.84195],
            [-121.31952, 37.84196],
            [-121.31966, 37.84196],
            [-121.31988, 37.84194],
            [-121.31997, 37.84192],
            [-121.32014, 37.84194],
            [-121.32045, 37.842],
            [-121.32076, 37.84213],
            [-121.32102, 37.84229],
            [-121.32115, 37.84254],
            [-121.32123, 37.84274],
            [-121.32127, 37.84291],
            [-121.32129, 37.84304],
            [-121.32128, 37.84315],
            [-121.32128, 37.84354],
            [-121.3213, 37.84365],
            [-121.3213, 37.84379],
            [-121.32132, 37.844],
            [-121.32135, 37.84414],
            [-121.32136, 37.84418],
            [-121.32139, 37.84432],
            [-121.32141, 37.84446],
            [-121.32142, 37.84449],
            [-121.32144, 37.84456],
            [-121.32147, 37.84463],
            [-121.32147, 37.84466],
            [-121.32148, 37.8447],
            [-121.32154, 37.8448],
            [-121.32156, 37.84487],
            [-121.32157, 37.8449],
            [-121.3217, 37.84509],
            [-121.32177, 37.84518],
            [-121.32189, 37.84529],
            [-121.32191, 37.84532],
            [-121.32194, 37.84535],
            [-121.3222, 37.8456],
            [-121.32244, 37.84581],
            [-121.32253, 37.84589],
            [-121.32332, 37.84654],
            [-121.32384, 37.84694],
            [-121.32393, 37.84702],
            [-121.32419, 37.84726],
            [-121.32425, 37.84732],
            [-121.32433, 37.84741],
            [-121.32435, 37.84744],
            [-121.3244, 37.84754],
            [-121.32445, 37.84771],
            [-121.3245, 37.84803],
            [-121.32451, 37.84821],
            [-121.32451, 37.84832],
            [-121.32448, 37.84867],
            [-121.32448, 37.84871],
            [-121.32446, 37.84881],
            [-121.32445, 37.84885],
            [-121.32441, 37.84895],
            [-121.32437, 37.84905],
            [-121.32434, 37.84912],
            [-121.3243, 37.84918],
            [-121.32423, 37.84927],
            [-121.32415, 37.84936],
            [-121.32403, 37.84947],
            [-121.32389, 37.84956],
            [-121.3237, 37.84966],
            [-121.3235, 37.84975],
            [-121.32321, 37.84985],
            [-121.32304, 37.84992],
            [-121.32283, 37.84997],
            [-121.3227, 37.85002],
            [-121.32266, 37.85004],
            [-121.32257, 37.85006],
            [-121.32253, 37.85007],
            [-121.32238, 37.85014],
            [-121.32226, 37.8502],
            [-121.32202, 37.85036],
            [-121.32186, 37.8505],
            [-121.32181, 37.85055],
            [-121.32174, 37.85064],
            [-121.32171, 37.85071],
            [-121.3217, 37.85078],
            [-121.32174, 37.85096],
            [-121.32176, 37.85103],
            [-121.32179, 37.85109],
            [-121.32183, 37.85116],
            [-121.32191, 37.85125],
            [-121.32216, 37.8515],
            [-121.32237, 37.85169],
            [-121.3228, 37.85206],
            [-121.32292, 37.85217],
            [-121.32307, 37.8523],
            [-121.32314, 37.85239],
            [-121.32325, 37.8525],
            [-121.32333, 37.85259],
            [-121.32338, 37.85265],
            [-121.32341, 37.85272],
            [-121.32344, 37.85275],
            [-121.32346, 37.85278],
            [-121.32349, 37.85285],
            [-121.32357, 37.85297],
            [-121.32361, 37.85304],
            [-121.32366, 37.85314],
            [-121.32371, 37.85324],
            [-121.32373, 37.85331],
            [-121.32375, 37.85338],
            [-121.32378, 37.85348],
            [-121.3238, 37.85366],
            [-121.3238, 37.85373],
            [-121.32379, 37.85387],
            [-121.32376, 37.85401],
            [-121.32375, 37.85405],
            [-121.32371, 37.85415],
            [-121.32363, 37.85428],
            [-121.32352, 37.85439],
            [-121.32349, 37.85441],
            [-121.32342, 37.85446],
            [-121.32338, 37.85448],
            [-121.32334, 37.8545],
            [-121.32326, 37.85453],
            [-121.32321, 37.85453],
            [-121.32307, 37.85454],
            [-121.32298, 37.85453],
            [-121.3229, 37.8545],
            [-121.32281, 37.85447],
            [-121.32277, 37.85446],
            [-121.32259, 37.85435],
            [-121.32252, 37.85431],
            [-121.32227, 37.85415],
            [-121.32203, 37.85398],
            [-121.32196, 37.85393],
            [-121.32175, 37.8538],
            [-121.32163, 37.85375],
            [-121.3215, 37.8537],
            [-121.32142, 37.85368],
            [-121.32137, 37.85367],
            [-121.32128, 37.85366],
            [-121.32114, 37.85366],
            [-121.3211, 37.85366],
            [-121.32087, 37.85369],
            [-121.3208, 37.85371],
            [-121.32072, 37.85374],
            [-121.32062, 37.85381],
            [-121.32047, 37.85395],
            [-121.32037, 37.85407],
            [-121.32027, 37.85423],
            [-121.32025, 37.8543],
            [-121.32023, 37.85437],
            [-121.32021, 37.85455],
            [-121.32021, 37.85458],
            [-121.32022, 37.85465],
            [-121.32024, 37.85472],
            [-121.32025, 37.85476],
            [-121.32027, 37.85493],
            [-121.32029, 37.855],
            [-121.32031, 37.85511],
            [-121.32036, 37.85524],
            [-121.32039, 37.85531],
            [-121.32041, 37.85542],
            [-121.32043, 37.85549],
            [-121.32044, 37.85552],
            [-121.32044, 37.85556],
            [-121.32047, 37.85563],
            [-121.3205, 37.85571],
            [-121.32051, 37.85578],
            [-121.32054, 37.85585],
            [-121.32054, 37.85588],
            [-121.32056, 37.85599],
            [-121.32058, 37.85602],
            [-121.32059, 37.85609],
            [-121.32059, 37.85624],
            [-121.32058, 37.85634],
            [-121.32056, 37.85638],
            [-121.32053, 37.85644],
            [-121.32049, 37.8565],
            [-121.32043, 37.85656],
            [-121.32038, 37.85662],
            [-121.32028, 37.8567],
            [-121.32015, 37.85679],
            [-121.31989, 37.85695],
            [-121.31971, 37.85707],
            [-121.31942, 37.85725],
            [-121.31932, 37.85732],
            [-121.31906, 37.85753],
            [-121.31893, 37.85762],
            [-121.31873, 37.85782],
            [-121.31854, 37.85802],
            [-121.31838, 37.85827],
            [-121.31836, 37.85831],
            [-121.31825, 37.85846],
            [-121.31821, 37.85852],
            [-121.31803, 37.85882],
            [-121.31802, 37.85885],
            [-121.31791, 37.85907],
            [-121.31788, 37.85914],
            [-121.31787, 37.85934],
            [-121.31786, 37.85937],
            [-121.31784, 37.85944],
            [-121.31783, 37.85951],
            [-121.31782, 37.85955],
            [-121.31783, 37.85958],
            [-121.31783, 37.85969],
            [-121.31786, 37.85975],
            [-121.31786, 37.85979],
            [-121.31789, 37.85986],
            [-121.31792, 37.85992],
            [-121.31796, 37.85999],
            [-121.31802, 37.86005],
            [-121.31807, 37.8601],
            [-121.3181, 37.86013],
            [-121.31814, 37.86015],
            [-121.31829, 37.86023],
            [-121.31845, 37.8603],
            [-121.31849, 37.86031],
            [-121.31866, 37.86037],
            [-121.31883, 37.86042],
            [-121.31896, 37.86047],
            [-121.31947, 37.86061],
            [-121.31991, 37.86073],
            [-121.32015, 37.86083],
            [-121.3203, 37.86092],
            [-121.3204, 37.86098],
            [-121.3205, 37.86106],
            [-121.32058, 37.86115],
            [-121.32063, 37.86121],
            [-121.32069, 37.86134],
            [-121.32072, 37.86158],
            [-121.32072, 37.86168],
            [-121.32071, 37.86172],
            [-121.32064, 37.86193],
            [-121.32062, 37.86196],
            [-121.32048, 37.86222],
            [-121.32043, 37.86232],
            [-121.32036, 37.86249],
            [-121.32034, 37.86252],
            [-121.32031, 37.86262],
            [-121.3203, 37.86266],
            [-121.32029, 37.8627],
            [-121.3203, 37.86274],
            [-121.32031, 37.86281],
            [-121.32032, 37.86284],
            [-121.32034, 37.86291],
            [-121.32041, 37.863],
            [-121.32046, 37.86306],
            [-121.32081, 37.86334],
            [-121.32088, 37.86339],
            [-121.32106, 37.8635],
            [-121.32144, 37.86368],
            [-121.32151, 37.86372],
            [-121.32155, 37.86374],
            [-121.32167, 37.8638],
            [-121.32186, 37.86389],
            [-121.32223, 37.86404],
            [-121.3223, 37.86408],
            [-121.32238, 37.86411],
            [-121.32255, 37.86417],
            [-121.32267, 37.86422],
            [-121.32288, 37.86429],
            [-121.32296, 37.86432],
            [-121.323, 37.86435],
            [-121.32304, 37.86436],
            [-121.32313, 37.86439],
            [-121.32326, 37.86443],
            [-121.32361, 37.86461],
            [-121.32383, 37.86467],
            [-121.32391, 37.8647],
            [-121.32396, 37.86471],
            [-121.32418, 37.86476],
            [-121.32461, 37.86487],
            [-121.32497, 37.86493],
            [-121.32506, 37.86495],
            [-121.32528, 37.86498],
            [-121.32532, 37.865],
            [-121.32537, 37.86501],
            [-121.32555, 37.86503],
            [-121.32573, 37.86505],
            [-121.32596, 37.86507],
            [-121.326, 37.86508],
            [-121.32604, 37.8651],
            [-121.32609, 37.86511],
            [-121.32631, 37.86516],
            [-121.32653, 37.8652],
            [-121.32658, 37.86522],
            [-121.32662, 37.86523],
            [-121.3267, 37.86526],
            [-121.32679, 37.86528],
            [-121.32699, 37.86537],
            [-121.32706, 37.86542],
            [-121.32716, 37.86549],
            [-121.32721, 37.86555],
            [-121.32726, 37.86561],
            [-121.32733, 37.86574],
            [-121.32736, 37.86584],
            [-121.32736, 37.86592],
            [-121.32737, 37.86595],
            [-121.32738, 37.86598],
            [-121.32739, 37.86602],
            [-121.32738, 37.86606],
            [-121.32739, 37.86623],
            [-121.32734, 37.86652],
            [-121.32733, 37.86659],
            [-121.32732, 37.86665],
            [-121.32731, 37.86701],
            [-121.32731, 37.86708],
            [-121.3273, 37.86715],
            [-121.32729, 37.8674],
            [-121.32732, 37.86754],
            [-121.32733, 37.86765],
            [-121.32734, 37.86772],
            [-121.32735, 37.86775],
            [-121.32738, 37.86782],
            [-121.32743, 37.86799],
            [-121.32745, 37.86803],
            [-121.32752, 37.86816],
            [-121.32754, 37.86819],
            [-121.32758, 37.86826],
            [-121.32777, 37.8685],
            [-121.32801, 37.86876],
            [-121.32833, 37.86915],
            [-121.32837, 37.86921],
            [-121.32843, 37.86927],
            [-121.32845, 37.8693],
            [-121.32849, 37.86936],
            [-121.32851, 37.86939],
            [-121.32862, 37.86951],
            [-121.32865, 37.86958],
            [-121.3287, 37.86964],
            [-121.32873, 37.86967],
            [-121.32875, 37.8697],
            [-121.32877, 37.86973],
            [-121.32879, 37.86976],
            [-121.32882, 37.86979],
            [-121.32893, 37.86995],
            [-121.329, 37.87004],
            [-121.32906, 37.87013],
            [-121.32911, 37.87019],
            [-121.32919, 37.87032],
            [-121.32921, 37.87035],
            [-121.3294, 37.87067],
            [-121.32942, 37.87071],
            [-121.32944, 37.87074],
            [-121.32945, 37.87077],
            [-121.32947, 37.87081],
            [-121.32951, 37.87089],
            [-121.32952, 37.87093],
            [-121.32955, 37.87099],
            [-121.32958, 37.87106],
            [-121.32961, 37.87113],
            [-121.32967, 37.8713],
            [-121.32971, 37.87136],
            [-121.32978, 37.87154],
            [-121.32981, 37.87164],
            [-121.32984, 37.87171],
            [-121.32989, 37.87184],
            [-121.32995, 37.87198],
            [-121.32999, 37.87208],
            [-121.33001, 37.87215],
            [-121.33004, 37.87222],
            [-121.33009, 37.87235],
            [-121.33012, 37.87242],
            [-121.33014, 37.87245],
            [-121.33021, 37.87258],
            [-121.33025, 37.87268],
            [-121.33027, 37.87271],
            [-121.3303, 37.87274],
            [-121.33032, 37.87277],
            [-121.33037, 37.87287],
            [-121.33043, 37.87292],
            [-121.33045, 37.87296],
            [-121.33056, 37.87307],
            [-121.33059, 37.8731],
            [-121.33066, 37.87315],
            [-121.33079, 37.87324],
            [-121.33098, 37.87335],
            [-121.33113, 37.87343],
            [-121.33121, 37.87346],
            [-121.33125, 37.87348],
            [-121.33132, 37.87352],
            [-121.3314, 37.87356],
            [-121.33152, 37.87361],
            [-121.33156, 37.87363],
            [-121.33163, 37.87367],
            [-121.33172, 37.8737],
            [-121.33207, 37.87386],
            [-121.3323, 37.87398],
            [-121.33248, 37.8741],
            [-121.33265, 37.87431],
            [-121.33277, 37.87442],
            [-121.33279, 37.87445],
            [-121.33284, 37.87451],
            [-121.33283, 37.87481],
            [-121.33269, 37.87523],
            [-121.33265, 37.87536],
            [-121.33228, 37.87601],
            [-121.33206, 37.87636],
            [-121.33194, 37.87673],
            [-121.3319, 37.8769],
            [-121.33189, 37.87697],
            [-121.33189, 37.87708],
            [-121.3319, 37.87726],
            [-121.3319, 37.87733],
            [-121.33192, 37.8774],
            [-121.33201, 37.87768],
            [-121.33203, 37.87771],
            [-121.33224, 37.8781],
            [-121.33237, 37.87833],
            [-121.3324, 37.8784],
            [-121.33248, 37.87853],
            [-121.33251, 37.87859],
            [-121.33255, 37.87866],
            [-121.33262, 37.87879],
            [-121.3327, 37.87903],
            [-121.33272, 37.87924],
            [-121.33273, 37.87931],
            [-121.33274, 37.87938],
            [-121.33274, 37.87945],
            [-121.33272, 37.87956],
            [-121.33269, 37.8798],
            [-121.33263, 37.88001],
            [-121.33257, 37.88026],
            [-121.33252, 37.88043],
            [-121.33247, 37.88068],
            [-121.33246, 37.88079],
            [-121.33244, 37.88086],
            [-121.33243, 37.88093],
            [-121.33241, 37.88103],
            [-121.33239, 37.88128],
            [-121.33238, 37.88139],
            [-121.33236, 37.88146],
            [-121.3323, 37.88173],
            [-121.33212, 37.88236],
            [-121.33205, 37.88253],
            [-121.33188, 37.88304],
            [-121.33182, 37.88321],
            [-121.33173, 37.88356],
            [-121.33173, 37.8836],
            [-121.33173, 37.88485],
            [-121.33173, 37.88492],
            [-121.33162, 37.88619],
            [-121.33159, 37.88637],
            [-121.33148, 37.88675],
            [-121.33145, 37.88682],
            [-121.33143, 37.88685],
            [-121.3313, 37.88704],
            [-121.33119, 37.88716],
            [-121.331, 37.88728],
            [-121.3307, 37.88745],
            [-121.33029, 37.88773],
            [-121.33026, 37.88776],
            [-121.33008, 37.88792],
            [-121.32994, 37.88811],
            [-121.32966, 37.88857],
            [-121.32964, 37.8886],
            [-121.32944, 37.88932],
            [-121.32939, 37.88946],
            [-121.32926, 37.88973],
            [-121.32914, 37.88996],
            [-121.3291, 37.8901],
            [-121.32906, 37.8902],
            [-121.32898, 37.89037],
            [-121.3289, 37.8905],
            [-121.32888, 37.89053],
            [-121.32876, 37.89062],
            [-121.32867, 37.89079],
            [-121.32861, 37.89088],
            [-121.32859, 37.89091],
            [-121.32849, 37.89103],
            [-121.32838, 37.89115],
            [-121.32815, 37.89143],
            [-121.32794, 37.89168],
            [-121.32786, 37.89181],
            [-121.32776, 37.89205],
            [-121.32775, 37.89208],
            [-121.32774, 37.89212],
            [-121.32771, 37.89229],
            [-121.32771, 37.89233],
            [-121.32773, 37.89244],
            [-121.32775, 37.89251],
            [-121.32792, 37.89275],
            [-121.32807, 37.89297],
            [-121.32814, 37.89306],
            [-121.32838, 37.89324],
            [-121.32867, 37.89361],
            [-121.32869, 37.89364],
            [-121.32873, 37.89374],
            [-121.3288, 37.89391],
            [-121.3288, 37.89395],
            [-121.3288, 37.89402],
            [-121.32883, 37.89427],
            [-121.32883, 37.89441],
            [-121.32881, 37.89455],
            [-121.32873, 37.89487],
            [-121.32866, 37.89511],
            [-121.32863, 37.89518],
            [-121.32858, 37.89528],
            [-121.32856, 37.89535],
            [-121.32854, 37.89538],
            [-121.32847, 37.89555],
            [-121.32841, 37.8956],
            [-121.32828, 37.89576],
            [-121.32825, 37.89579],
            [-121.3282, 37.89585],
            [-121.32812, 37.89593],
            [-121.32795, 37.89614],
            [-121.32793, 37.89617],
            [-121.3279, 37.8962],
            [-121.32787, 37.89622],
            [-121.32784, 37.89625],
            [-121.32776, 37.89638],
            [-121.32774, 37.89642],
            [-121.32763, 37.89669],
            [-121.32748, 37.89709],
            [-121.3274, 37.89736],
            [-121.32722, 37.89775],
            [-121.32697, 37.89812],
            [-121.32637, 37.89926],
            [-121.32601, 37.90025],
            [-121.32599, 37.90092],
            [-121.326, 37.90099],
            [-121.32603, 37.90128],
            [-121.32605, 37.90138],
            [-121.32609, 37.90174],
            [-121.32609, 37.90177],
            [-121.32609, 37.90192],
            [-121.32608, 37.90195],
            [-121.32607, 37.90199],
            [-121.32601, 37.90223],
            [-121.32595, 37.9024],
            [-121.32592, 37.90247],
            [-121.3259, 37.9025],
            [-121.32576, 37.9027],
            [-121.32565, 37.90282],
            [-121.32559, 37.90287],
            [-121.32537, 37.90305],
            [-121.32523, 37.90324],
            [-121.32511, 37.90339],
            [-121.32501, 37.90351],
            [-121.32489, 37.90366],
            [-121.32475, 37.9038],
            [-121.32462, 37.9039],
            [-121.32448, 37.904],
            [-121.32407, 37.90423],
            [-121.32387, 37.90437],
            [-121.32384, 37.9044],
            [-121.32381, 37.90443],
            [-121.32357, 37.9047],
            [-121.32355, 37.90473],
            [-121.32337, 37.90503],
            [-121.32336, 37.90506],
            [-121.32333, 37.90516],
            [-121.32333, 37.9052],
            [-121.32332, 37.90531],
            [-121.32332, 37.90545],
            [-121.32332, 37.90549],
            [-121.32334, 37.90559],
            [-121.32336, 37.90566],
            [-121.3234, 37.90573],
            [-121.32344, 37.90579],
            [-121.32366, 37.90604],
            [-121.32372, 37.9061],
            [-121.32381, 37.90617],
            [-121.32406, 37.90634],
            [-121.32423, 37.90645],
            [-121.32457, 37.9067],
            [-121.32466, 37.90678],
            [-121.32468, 37.90681],
            [-121.32481, 37.90696],
            [-121.32485, 37.90702],
            [-121.32489, 37.90708],
            [-121.32494, 37.90718],
            [-121.32497, 37.90725],
            [-121.32499, 37.90732],
            [-121.325, 37.90739],
            [-121.32497, 37.90782],
            [-121.32498, 37.90814],
            [-121.32491, 37.90894],
            [-121.32491, 37.90928],
            [-121.32495, 37.90964],
            [-121.325, 37.91002],
            [-121.32501, 37.91013],
            [-121.32499, 37.91041],
            [-121.32496, 37.91048],
            [-121.3248, 37.91077],
            [-121.32473, 37.9109],
            [-121.32455, 37.91119],
            [-121.32449, 37.91133],
            [-121.32438, 37.91156],
            [-121.32435, 37.91167],
            [-121.32418, 37.9123],
            [-121.32417, 37.91237],
            [-121.32414, 37.91247],
            [-121.32411, 37.91269],
            [-121.32407, 37.91286],
            [-121.32401, 37.91325],
            [-121.32401, 37.91349],
            [-121.32397, 37.91366],
            [-121.32385, 37.91401],
            [-121.32384, 37.91404],
            [-121.32382, 37.91408],
            [-121.32371, 37.91427],
            [-121.32366, 37.91433],
            [-121.32357, 37.91441],
            [-121.32344, 37.91451],
            [-121.32329, 37.91459],
            [-121.32279, 37.91479],
            [-121.32263, 37.91491],
            [-121.32255, 37.91495],
            [-121.32252, 37.91498],
            [-121.32243, 37.91506],
            [-121.32228, 37.91519],
            [-121.32217, 37.91531],
            [-121.32213, 37.91537],
            [-121.32202, 37.91553],
            [-121.32185, 37.91574],
            [-121.32166, 37.91598],
            [-121.32164, 37.91601],
            [-121.32162, 37.91605],
            [-121.32158, 37.9163],
            [-121.3215, 37.91654],
            [-121.32146, 37.91671],
            [-121.32145, 37.91682],
            [-121.32144, 37.91696],
            [-121.32143, 37.91703],
            [-121.32138, 37.91715],
            [-121.32131, 37.91733],
            [-121.32123, 37.91752],
            [-121.32122, 37.91756],
            [-121.32117, 37.91769],
            [-121.32114, 37.9178],
            [-121.32112, 37.91783],
            [-121.321, 37.91798],
            [-121.32083, 37.91812],
            [-121.32074, 37.9182],
            [-121.32063, 37.91827],
            [-121.32045, 37.91839],
            [-121.32031, 37.91847],
            [-121.32018, 37.91852],
            [-121.32011, 37.91856],
            [-121.31998, 37.9186],
            [-121.31994, 37.91862],
            [-121.31979, 37.9187],
            [-121.31971, 37.91874],
            [-121.31953, 37.91885],
            [-121.31947, 37.9189],
            [-121.31935, 37.91903],
            [-121.3193, 37.91909],
            [-121.31919, 37.9192],
            [-121.31915, 37.91927],
            [-121.3191, 37.91933],
            [-121.31907, 37.91943],
            [-121.31907, 37.91958],
            [-121.31914, 37.91984],
            [-121.31916, 37.91996],
            [-121.3192, 37.92007],
            [-121.31923, 37.92015],
            [-121.31924, 37.92021],
            [-121.31927, 37.92026],
            [-121.31935, 37.92034],
            [-121.31944, 37.92042],
            [-121.31951, 37.92047],
            [-121.31968, 37.92059],
            [-121.31997, 37.92076],
            [-121.32039, 37.92098],
            [-121.32058, 37.92108],
            [-121.32076, 37.92119],
            [-121.32084, 37.92123],
            [-121.32105, 37.92136],
            [-121.3212, 37.92145],
            [-121.32152, 37.92165],
            [-121.32182, 37.92187],
            [-121.32193, 37.92194],
            [-121.32234, 37.92223],
            [-121.32241, 37.92227],
            [-121.32268, 37.92246],
            [-121.32288, 37.92261],
            [-121.32309, 37.9228],
            [-121.32323, 37.92294],
            [-121.32331, 37.92303],
            [-121.32336, 37.92309],
            [-121.32339, 37.92311],
            [-121.32345, 37.92317],
            [-121.32353, 37.9233],
            [-121.3236, 37.92343],
            [-121.32366, 37.92353],
            [-121.32387, 37.92407],
            [-121.32393, 37.92421],
            [-121.32396, 37.92431],
            [-121.32403, 37.92452],
            [-121.32405, 37.92459],
            [-121.3241, 37.92469],
            [-121.32414, 37.92475],
            [-121.32416, 37.92478],
            [-121.32423, 37.92488],
            [-121.3244, 37.92509],
            [-121.32454, 37.92527],
            [-121.32461, 37.92536],
            [-121.32467, 37.92546],
            [-121.32482, 37.92564],
            [-121.32488, 37.92574],
            [-121.32492, 37.9258],
            [-121.32496, 37.92587],
            [-121.32498, 37.9259],
            [-121.32501, 37.92592],
            [-121.32506, 37.92598],
            [-121.3251, 37.92605],
            [-121.32515, 37.92611],
            [-121.32518, 37.92614],
            [-121.32525, 37.92627],
            [-121.32532, 37.92636],
            [-121.32534, 37.92639],
            [-121.32542, 37.92648],
            [-121.32554, 37.92663],
            [-121.32574, 37.92687],
            [-121.32614, 37.92726],
            [-121.32641, 37.92751],
            [-121.32644, 37.92753],
            [-121.32667, 37.9277],
            [-121.32675, 37.92775],
            [-121.3269, 37.92782],
            [-121.32738, 37.9281],
            [-121.32756, 37.92822],
            [-121.32762, 37.92826],
            [-121.32766, 37.92829],
            [-121.32772, 37.92836],
            [-121.32774, 37.92843],
            [-121.32776, 37.92853],
            [-121.32782, 37.92896],
            [-121.32783, 37.92914],
            [-121.32781, 37.92957],
            [-121.32779, 37.92974],
            [-121.32774, 37.92995],
            [-121.32761, 37.93041],
            [-121.32758, 37.93076],
            [-121.32758, 37.93083],
            [-121.32763, 37.93147],
            [-121.32764, 37.93151],
            [-121.32767, 37.93161],
            [-121.32768, 37.93172],
            [-121.32774, 37.93189],
            [-121.32781, 37.9321],
            [-121.32789, 37.9323],
            [-121.32811, 37.93281],
            [-121.32813, 37.93284],
            [-121.32817, 37.93291],
            [-121.32826, 37.93311],
            [-121.32833, 37.93324],
            [-121.32843, 37.9334],
            [-121.3285, 37.93349],
            [-121.32854, 37.93356],
            [-121.32869, 37.93378],
            [-121.32876, 37.93387],
            [-121.32883, 37.93396],
            [-121.32888, 37.93402],
            [-121.32902, 37.93421],
            [-121.3291, 37.9343],
            [-121.32919, 37.93442],
            [-121.32924, 37.93448],
            [-121.32944, 37.93468],
            [-121.3295, 37.93472],
            [-121.32968, 37.93484],
            [-121.32975, 37.93488],
            [-121.32987, 37.93494],
            [-121.33008, 37.93508],
            [-121.33016, 37.93512],
            [-121.33051, 37.93529],
            [-121.33063, 37.93534],
            [-121.33071, 37.93537],
            [-121.33098, 37.93543],
            [-121.33124, 37.93548],
            [-121.33133, 37.9355],
            [-121.33138, 37.93551],
            [-121.33173, 37.93559],
            [-121.33191, 37.9356],
            [-121.332, 37.93562],
            [-121.33219, 37.93562],
            [-121.3326, 37.93566],
            [-121.33282, 37.93569],
            [-121.33318, 37.93576],
            [-121.33327, 37.93578],
            [-121.33347, 37.93587],
            [-121.33351, 37.93588],
            [-121.33366, 37.93596],
            [-121.33383, 37.93607],
            [-121.33398, 37.9362],
            [-121.33411, 37.93635],
            [-121.33416, 37.93641],
            [-121.33428, 37.9366],
            [-121.33432, 37.93667],
            [-121.33446, 37.93689],
            [-121.33452, 37.93699],
            [-121.3347, 37.93735],
            [-121.33474, 37.93742],
            [-121.33478, 37.93748],
            [-121.33486, 37.93757],
            [-121.33491, 37.93763],
            [-121.33506, 37.93776],
            [-121.33519, 37.93787],
            [-121.33524, 37.93793],
            [-121.33533, 37.938],
            [-121.33563, 37.93823],
            [-121.33601, 37.93849],
            [-121.33609, 37.93852],
            [-121.33634, 37.93868],
            [-121.33674, 37.93892],
            [-121.33682, 37.93895],
            [-121.33695, 37.939],
            [-121.33699, 37.93901],
            [-121.33704, 37.93902],
            [-121.33757, 37.93912],
            [-121.33794, 37.93915],
            [-121.33835, 37.93917],
            [-121.33908, 37.93915],
            [-121.33922, 37.93913],
            [-121.33977, 37.93912],
            [-121.34013, 37.93907],
            [-121.3405, 37.93904],
            [-121.34122, 37.93893],
            [-121.34168, 37.9389],
            [-121.34218, 37.93886],
            [-121.34241, 37.93885],
            [-121.34246, 37.93886],
            [-121.34286, 37.93891],
            [-121.34291, 37.93892],
            [-121.34295, 37.93893],
            [-121.34311, 37.939],
            [-121.34322, 37.93907],
            [-121.34328, 37.93912],
            [-121.34339, 37.93924],
            [-121.34351, 37.93934],
            [-121.34354, 37.93937],
            [-121.34377, 37.93963],
            [-121.344, 37.9399],
            [-121.34404, 37.93997],
            [-121.34415, 37.94008],
            [-121.34437, 37.94035],
            [-121.3444, 37.94038],
            [-121.34468, 37.94066],
            [-121.34479, 37.94078],
            [-121.34499, 37.94097],
            [-121.34514, 37.94111],
            [-121.3454, 37.94131],
            [-121.34556, 37.94144],
            [-121.34565, 37.94156],
            [-121.34568, 37.94159],
            [-121.34581, 37.94173],
            [-121.34591, 37.94183],
            [-121.34589, 37.94193],
            [-121.34587, 37.94215],
            [-121.34587, 37.94218],
            [-121.34585, 37.94226],
            [-121.34573, 37.94241],
            [-121.34568, 37.94246],
            [-121.34561, 37.94252],
            [-121.34551, 37.94259],
            [-121.34536, 37.94267],
            [-121.34527, 37.9427],
            [-121.34471, 37.94286],
            [-121.34441, 37.94295],
            [-121.34437, 37.94296],
            [-121.34412, 37.94306],
            [-121.34393, 37.94315],
            [-121.34384, 37.94318],
            [-121.34335, 37.94337],
            [-121.3431, 37.94347],
            [-121.34284, 37.94361],
            [-121.34281, 37.94363],
            [-121.34237, 37.94395],
            [-121.34211, 37.94425],
            [-121.34202, 37.94437],
            [-121.34185, 37.94458],
            [-121.34171, 37.9448],
            [-121.34169, 37.94484],
            [-121.34162, 37.94497],
            [-121.34141, 37.9454],
            [-121.34133, 37.94553],
            [-121.34122, 37.94569],
            [-121.34118, 37.94575],
            [-121.34101, 37.94592],
            [-121.34096, 37.94598],
            [-121.34082, 37.94613],
            [-121.34079, 37.94615],
            [-121.34073, 37.9462],
            [-121.34069, 37.94623],
            [-121.34066, 37.94624],
            [-121.34054, 37.9463],
            [-121.34033, 37.94637],
            [-121.33985, 37.94649],
            [-121.33936, 37.9466],
            [-121.33922, 37.94662],
            [-121.33905, 37.94666],
            [-121.33866, 37.94677],
            [-121.33857, 37.9468],
            [-121.33811, 37.94703],
            [-121.33789, 37.94721],
            [-121.33754, 37.94749],
            [-121.33742, 37.9476],
            [-121.33727, 37.94774],
            [-121.33722, 37.94779],
            [-121.33705, 37.94801],
            [-121.33687, 37.94825],
            [-121.33662, 37.94855],
            [-121.3366, 37.94858],
            [-121.33656, 37.94865],
            [-121.33652, 37.94875],
            [-121.33644, 37.94892],
            [-121.33641, 37.94899],
            [-121.33639, 37.94906],
            [-121.33627, 37.94933],
            [-121.33619, 37.94945],
            [-121.33617, 37.94948],
            [-121.33613, 37.94955],
            [-121.33605, 37.94968],
            [-121.33598, 37.94977],
            [-121.3359, 37.94986],
            [-121.33585, 37.94996],
            [-121.33578, 37.95009],
            [-121.33575, 37.95016],
            [-121.33572, 37.95026],
            [-121.3357, 37.95033],
            [-121.33568, 37.95044],
            [-121.33565, 37.95065],
            [-121.33562, 37.95083],
            [-121.33545, 37.95165],
            [-121.33534, 37.95201],
            [-121.33645, 37.95194],
            [-121.33685, 37.95189],
            [-121.33698, 37.95192],
            [-121.33712, 37.95195],
            [-121.3377, 37.95205],
            [-121.33805, 37.95213],
            [-121.33814, 37.95215],
            [-121.33836, 37.95221],
            [-121.33844, 37.95224],
            [-121.33857, 37.95228],
            [-121.33861, 37.95229],
            [-121.3387, 37.95228],
            [-121.33884, 37.95228],
            [-121.33893, 37.95228],
            [-121.33902, 37.95229],
            [-121.3392, 37.95232],
            [-121.33965, 37.9524],
            [-121.33992, 37.95244],
            [-121.34019, 37.95248],
            [-121.34024, 37.95249],
            [-121.34041, 37.95253],
            [-121.34054, 37.95256],
            [-121.34063, 37.95259],
            [-121.34071, 37.95262],
            [-121.34079, 37.95265],
            [-121.34092, 37.95268],
            [-121.34115, 37.95273],
            [-121.34172, 37.95287],
            [-121.34185, 37.9529],
            [-121.34201, 37.95296],
            [-121.34231, 37.95306],
            [-121.34244, 37.9531],
            [-121.34262, 37.95314],
            [-121.34266, 37.95315],
            [-121.34286, 37.95324],
            [-121.34298, 37.95328],
            [-121.34328, 37.95337],
            [-121.34363, 37.95346],
            [-121.34367, 37.95348],
            [-121.34383, 37.95355],
            [-121.34395, 37.9536],
            [-121.34412, 37.95365],
            [-121.34433, 37.95373],
            [-121.34459, 37.95381],
            [-121.34468, 37.95383],
            [-121.34481, 37.95386],
            [-121.34494, 37.95388],
            [-121.34513, 37.9539],
            [-121.34517, 37.95392],
            [-121.34525, 37.95395],
            [-121.34561, 37.95411],
            [-121.34581, 37.9542],
            [-121.34589, 37.95423],
            [-121.34597, 37.95426],
            [-121.3461, 37.9543],
            [-121.34619, 37.95438],
            [-121.34632, 37.95448],
            [-121.34647, 37.95457],
            [-121.34662, 37.95466],
            [-121.34685, 37.95469],
            [-121.34694, 37.9547],
            [-121.34743, 37.9548],
            [-121.348, 37.95493],
            [-121.34869, 37.95513],
            [-121.34955, 37.95537],
            [-121.35027, 37.95561],
            [-121.3516, 37.956],
            [-121.35267, 37.95632],
            [-121.35276, 37.95635],
            [-121.35284, 37.95639],
            [-121.35304, 37.95647],
            [-121.35312, 37.95651],
            [-121.35327, 37.95659],
            [-121.35341, 37.95669],
            [-121.35355, 37.95667],
            [-121.35375, 37.95672],
            [-121.35428, 37.95677],
            [-121.3571, 37.95779],
            [-121.35829, 37.95837],
            [-121.35838, 37.95839],
            [-121.35879, 37.95854],
            [-121.35916, 37.95869],
            [-121.35928, 37.95874],
            [-121.35943, 37.95883],
            [-121.35959, 37.9589],
            [-121.35984, 37.95905],
            [-121.35996, 37.95911],
            [-121.36017, 37.95925],
            [-121.36023, 37.9593],
            [-121.36033, 37.95938],
            [-121.36045, 37.95949],
            [-121.36064, 37.95964],
            [-121.36087, 37.95982],
            [-121.36102, 37.95978],
            [-121.36121, 37.95985],
            [-121.3614, 37.95999],
            [-121.3617, 37.96021],
            [-121.36442, 37.96267],
            [-121.36483, 37.96328],
            [-121.36489, 37.96332],
            [-121.36504, 37.96341],
            [-121.36519, 37.96349],
            [-121.36536, 37.96356],
            [-121.3655, 37.96361],
            [-121.36612, 37.96408],
            [-121.36622, 37.96415],
            [-121.36658, 37.96443],
            [-121.36681, 37.96461],
            [-121.36697, 37.96473],
            [-121.36706, 37.96481],
            [-121.36735, 37.96504],
            [-121.3675, 37.96518],
            [-121.36784, 37.96547],
            [-121.36816, 37.96573],
            [-121.36824, 37.96581],
            [-121.3683, 37.96587],
            [-121.36845, 37.96604],
            [-121.36861, 37.96626],
            [-121.36867, 37.96639],
            [-121.36897, 37.96649],
            [-121.36909, 37.96653],
            [-121.36913, 37.96655],
            [-121.36935, 37.96668],
            [-121.36946, 37.96675],
            [-121.36956, 37.96682],
            [-121.36969, 37.96692],
            [-121.36999, 37.96709],
            [-121.37017, 37.96721],
            [-121.37035, 37.96731],
            [-121.37046, 37.96751],
            [-121.37053, 37.9676],
            [-121.3706, 37.9677],
            [-121.37065, 37.96779],
            [-121.37071, 37.96789],
            [-121.37093, 37.9682],
            [-121.37098, 37.96826],
            [-121.37103, 37.96832],
            [-121.37129, 37.96858],
            [-121.37135, 37.96863],
            [-121.37171, 37.96892],
            [-121.37182, 37.96899],
            [-121.37188, 37.96903],
            [-121.37204, 37.96916],
            [-121.37214, 37.96925],
            [-121.37223, 37.96933],
            [-121.37272, 37.96975],
            [-121.37287, 37.96989],
            [-121.37323, 37.97021],
            [-121.37335, 37.97032],
            [-121.37359, 37.97058],
            [-121.3737, 37.9707],
            [-121.37381, 37.97085],
            [-121.37393, 37.971],
            [-121.37413, 37.97115],
            [-121.37426, 37.97125],
            [-121.37432, 37.9713],
            [-121.37448, 37.97148],
            [-121.37463, 37.97161],
            [-121.37483, 37.97181],
            [-121.37497, 37.97195],
            [-121.37508, 37.97206],
            [-121.37537, 37.97234],
            [-121.37546, 37.97242],
            [-121.3756, 37.97252],
            [-121.37593, 37.97281],
            [-121.37603, 37.97289],
            [-121.37617, 37.97298],
            [-121.37623, 37.97304],
            [-121.37636, 37.97313],
            [-121.37645, 37.97321],
            [-121.37663, 37.97338],
            [-121.37667, 37.9734],
            [-121.37684, 37.97352],
            [-121.37694, 37.97359],
            [-121.37738, 37.97396],
            [-121.37812, 37.97459],
            [-121.3782, 37.97467],
            [-121.37941, 37.97571],
            [-121.37953, 37.97581],
            [-121.38024, 37.97642],
            [-121.38048, 37.97664],
            [-121.3809, 37.9769],
            [-121.38103, 37.97699],
            [-121.38114, 37.97706],
            [-121.3813, 37.97723],
            [-121.38138, 37.9773],
            [-121.38147, 37.97735],
            [-121.38162, 37.97755],
            [-121.3823, 37.97813],
            [-121.38267, 37.9784],
            [-121.38273, 37.97845],
            [-121.38285, 37.97856],
            [-121.38358, 37.97915],
            [-121.38404, 37.97955],
            [-121.38518, 37.98048],
            [-121.38534, 37.98061],
            [-121.38566, 37.98086],
            [-121.38576, 37.98094],
            [-121.38602, 37.98114],
            [-121.38632, 37.98136],
            [-121.38653, 37.9815],
            [-121.38666, 37.9816],
            [-121.38678, 37.98175],
            [-121.38698, 37.98199],
            [-121.38706, 37.98208],
            [-121.38717, 37.98219],
            [-121.3872, 37.98222],
            [-121.38725, 37.98228],
            [-121.38745, 37.98248],
            [-121.38756, 37.98259],
            [-121.38767, 37.98271],
            [-121.38779, 37.98273],
            [-121.38798, 37.98286],
            [-121.38814, 37.983],
            [-121.38821, 37.98318],
            [-121.3884, 37.98326],
            [-121.38879, 37.98357],
            [-121.39034, 37.98481],
            [-121.39131, 37.98544],
            [-121.39298, 37.98632],
            [-121.39459, 37.98699],
            [-121.40042, 37.98919],
            [-121.40046, 37.9892],
            [-121.40058, 37.98926],
            [-121.40066, 37.9893],
            [-121.40098, 37.98944],
            [-121.40114, 37.98951],
            [-121.40131, 37.98956],
            [-121.40151, 37.98965],
            [-121.40173, 37.98971],
            [-121.40223, 37.9899],
            [-121.40235, 37.98994],
            [-121.40277, 37.99008],
            [-121.40302, 37.99018],
            [-121.40324, 37.99025],
            [-121.40332, 37.99029],
            [-121.40344, 37.99034],
            [-121.40357, 37.99038],
            [-121.4039, 37.99051],
            [-121.40428, 37.99064],
            [-121.40456, 37.99075],
            [-121.40473, 37.99081],
            [-121.40486, 37.99086],
            [-121.40494, 37.99088],
            [-121.40523, 37.99099],
            [-121.40536, 37.99104],
            [-121.40552, 37.9911],
            [-121.40565, 37.99114],
            [-121.40602, 37.99128],
            [-121.40619, 37.99134],
            [-121.40631, 37.99139],
            [-121.40639, 37.99142],
            [-121.40668, 37.99153],
            [-121.40685, 37.99158],
            [-121.40706, 37.99166],
            [-121.40733, 37.99179],
            [-121.40749, 37.99186],
            [-121.4077, 37.99194],
            [-121.40786, 37.992],
            [-121.40799, 37.99204],
            [-121.40808, 37.99206],
            [-121.40948, 37.99249],
            [-121.40963, 37.99254],
            [-121.4099, 37.99265],
            [-121.41041, 37.99286],
            [-121.41056, 37.99293],
            [-121.411, 37.99309],
            [-121.4112, 37.99319],
            [-121.41133, 37.99322],
            [-121.41261, 37.99374],
            [-121.41508, 37.99465],
            [-121.41721, 37.99509],
            [-121.41752, 37.99512],
            [-121.41776, 37.99513],
            [-121.41797, 37.9951],
            [-121.41813, 37.99511],
            [-121.4183, 37.99514],
            [-121.41844, 37.99515],
            [-121.41855, 37.99516],
            [-121.41872, 37.99516],
            [-121.41927, 37.99522],
            [-121.42032, 37.99528],
            [-121.42218, 37.99529],
            [-121.42447, 37.99503],
            [-121.42759, 37.99437],
            [-121.42954, 37.99406],
            [-121.43029, 37.99395],
            [-121.43235, 37.99384],
            [-121.43315, 37.99386],
            [-121.43481, 37.99394],
            [-121.43658, 37.99416],
            [-121.43738, 37.99435],
            [-121.43825, 37.99448],
            [-121.43856, 37.99463],
            [-121.43886, 37.9947],
            [-121.43924, 37.99479],
            [-121.43989, 37.99501],
            [-121.44267, 37.99625],
            [-121.44387, 37.99728],
            [-121.44396, 37.99737],
            [-121.44412, 37.9975],
            [-121.44418, 37.99755],
            [-121.44429, 37.99762],
            [-121.44436, 37.99766],
            [-121.44454, 37.99777],
            [-121.44481, 37.9979],
            [-121.44494, 37.99795],
            [-121.44523, 37.99806],
            [-121.44561, 37.99818],
            [-121.44595, 37.99829],
            [-121.44599, 37.9983],
            [-121.44612, 37.99841],
            [-121.4466, 37.99875],
            [-121.4469, 37.99883],
            [-121.44786, 37.99976],
            [-121.44967, 38.00133],
            [-121.44979, 38.00156],
            [-121.44988, 38.00169],
            [-121.44995, 38.00178],
            [-121.45, 38.00184],
            [-121.45016, 38.00201],
            [-121.45033, 38.00223],
            [-121.45056, 38.00249],
            [-121.45078, 38.00277],
            [-121.45088, 38.00289],
            [-121.45093, 38.00295],
            [-121.45115, 38.00326],
            [-121.4512, 38.00332],
            [-121.45126, 38.00342],
            [-121.45139, 38.0036],
            [-121.45145, 38.0037],
            [-121.45162, 38.00395],
            [-121.4517, 38.00408],
            [-121.45182, 38.00424],
            [-121.45199, 38.00449],
            [-121.45211, 38.00468],
            [-121.45228, 38.00494],
            [-121.45234, 38.00503],
            [-121.45251, 38.00524],
            [-121.45258, 38.00533],
            [-121.45282, 38.0056],
            [-121.45287, 38.00566],
            [-121.453, 38.00585],
            [-121.45308, 38.00597],
            [-121.45314, 38.00607],
            [-121.45323, 38.0062],
            [-121.45329, 38.00637],
            [-121.45335, 38.0065],
            [-121.4534, 38.0066],
            [-121.4535, 38.00676],
            [-121.45368, 38.00701],
            [-121.45372, 38.00708],
            [-121.45374, 38.00711],
            [-121.45396, 38.00738],
            [-121.45423, 38.00771],
            [-121.45428, 38.00777],
            [-121.45442, 38.00792],
            [-121.45453, 38.00807],
            [-121.45464, 38.00818],
            [-121.45471, 38.00828],
            [-121.45479, 38.00837],
            [-121.45483, 38.00843],
            [-121.45489, 38.00852],
            [-121.45506, 38.00874],
            [-121.45512, 38.00883],
            [-121.45517, 38.00889],
            [-121.45539, 38.00921],
            [-121.45547, 38.00934],
            [-121.45556, 38.00946],
            [-121.45572, 38.00972],
            [-121.45583, 38.00987],
            [-121.45592, 38.01],
            [-121.45605, 38.01015],
            [-121.45614, 38.01023],
            [-121.45627, 38.01038],
            [-121.45635, 38.01046],
            [-121.45643, 38.01055],
            [-121.45668, 38.01085],
            [-121.45691, 38.01116],
            [-121.45705, 38.01134],
            [-121.45717, 38.01145],
            [-121.45738, 38.01164],
            [-121.45756, 38.01181],
            [-121.45766, 38.01191],
            [-121.45778, 38.01205],
            [-121.45799, 38.01237],
            [-121.45811, 38.0125],
            [-121.4582, 38.01262],
            [-121.45821, 38.01262],
            [-121.45824, 38.01267],
            [-121.45822, 38.01302],
            [-121.45856, 38.01327],
            [-121.45873, 38.0134],
            [-121.45885, 38.0135],
            [-121.45902, 38.01367],
            [-121.45912, 38.01379],
            [-121.45921, 38.01392],
            [-121.45927, 38.01401],
            [-121.4594, 38.01424],
            [-121.45949, 38.01444],
            [-121.45956, 38.01461],
            [-121.45959, 38.01468],
            [-121.45963, 38.01475],
            [-121.45965, 38.01478],
            [-121.45972, 38.01487],
            [-121.45984, 38.01506],
            [-121.45997, 38.01512],
            [-121.46008, 38.01522],
            [-121.46023, 38.01536],
            [-121.46039, 38.01556],
            [-121.46058, 38.01568],
            [-121.46094, 38.01617],
            [-121.4622, 38.01794],
            [-121.46441, 38.02079],
            [-121.46655, 38.02332],
            [-121.46842, 38.02505],
            [-121.46975, 38.02611],
            [-121.47106, 38.02669],
            [-121.47119, 38.02673],
            [-121.47147, 38.02702],
            [-121.47224, 38.02749],
            [-121.4726, 38.02764],
            [-121.47328, 38.02797],
            [-121.47394, 38.02836],
            [-121.47489, 38.02892],
            [-121.47504, 38.02901],
            [-121.47526, 38.02914],
            [-121.4757, 38.02939],
            [-121.47581, 38.02946],
            [-121.47599, 38.02956],
            [-121.47621, 38.02969],
            [-121.47636, 38.02978],
            [-121.4768, 38.03004],
            [-121.4771, 38.03021],
            [-121.47746, 38.03042],
            [-121.4778, 38.03061],
            [-121.47804, 38.03078],
            [-121.47829, 38.03094],
            [-121.4784, 38.031],
            [-121.47858, 38.03111],
            [-121.47876, 38.03121],
            [-121.47908, 38.03142],
            [-121.4792, 38.03148],
            [-121.47935, 38.03155],
            [-121.47951, 38.03162],
            [-121.47994, 38.03183],
            [-121.48009, 38.03192],
            [-121.48021, 38.03197],
            [-121.48047, 38.03212],
            [-121.48088, 38.03235],
            [-121.4812, 38.03255],
            [-121.48155, 38.03278],
            [-121.48169, 38.03288],
            [-121.48178, 38.03296],
            [-121.48189, 38.03307],
            [-121.48197, 38.03316],
            [-121.48219, 38.03344],
            [-121.48246, 38.03348],
            [-121.48269, 38.03353],
            [-121.48277, 38.03355],
            [-121.48294, 38.03361],
            [-121.48306, 38.03366],
            [-121.48314, 38.03369],
            [-121.48334, 38.03379],
            [-121.48367, 38.03397],
            [-121.48421, 38.03431],
            [-121.48476, 38.03463],
            [-121.48528, 38.03493],
            [-121.48539, 38.03499],
            [-121.48576, 38.0352],
            [-121.48595, 38.03531],
            [-121.4861, 38.03539],
            [-121.4865, 38.03563],
            [-121.48694, 38.03588],
            [-121.48731, 38.0361],
            [-121.48734, 38.03613],
            [-121.48741, 38.03618],
            [-121.48756, 38.03631],
            [-121.48764, 38.0364],
            [-121.4878, 38.03649],
            [-121.48804, 38.03658],
            [-121.48851, 38.03681],
            [-121.48963, 38.03755],
            [-121.48996, 38.03772],
            [-121.49034, 38.03787],
            [-121.49042, 38.038],
            [-121.49057, 38.03808],
            [-121.49129, 38.03849],
            [-121.49212, 38.03905],
            [-121.49226, 38.03913],
            [-121.49239, 38.03926],
            [-121.49245, 38.03933],
            [-121.49258, 38.03937],
            [-121.49273, 38.03945],
            [-121.49315, 38.03967],
            [-121.49333, 38.03978],
            [-121.49356, 38.0399],
            [-121.4942, 38.04025],
            [-121.49435, 38.04033],
            [-121.49465, 38.04049],
            [-121.49492, 38.04063],
            [-121.49511, 38.04074],
            [-121.49536, 38.04089],
            [-121.49551, 38.04098],
            [-121.49558, 38.04102],
            [-121.49578, 38.04117],
            [-121.49587, 38.04125],
            [-121.49596, 38.04133],
            [-121.49616, 38.0414],
            [-121.49624, 38.04147],
            [-121.49643, 38.04153],
            [-121.49676, 38.04167],
            [-121.49708, 38.04185],
            [-121.49722, 38.04192],
            [-121.49741, 38.04202],
            [-121.49754, 38.04212],
            [-121.49765, 38.04219],
            [-121.4979, 38.04235],
            [-121.49802, 38.04241],
            [-121.49809, 38.04245],
            [-121.49821, 38.0425],
            [-121.49838, 38.04256],
            [-121.49849, 38.04262],
            [-121.49876, 38.04276],
            [-121.49883, 38.04281],
            [-121.49893, 38.04288],
            [-121.49903, 38.04296],
            [-121.49909, 38.04301],
            [-121.49926, 38.04318],
            [-121.49956, 38.04338],
            [-121.50031, 38.04374],
            [-121.5012, 38.0446],
            [-121.50136, 38.04476],
            [-121.50143, 38.04487],
            [-121.50151, 38.04501],
            [-121.50161, 38.04508],
            [-121.50179, 38.04519],
            [-121.50187, 38.04528],
            [-121.50195, 38.0454],
            [-121.50209, 38.04562],
            [-121.50234, 38.04603],
            [-121.50245, 38.04621],
            [-121.50283, 38.04663],
            [-121.5031, 38.04699],
            [-121.50334, 38.04733],
            [-121.50341, 38.04744],
            [-121.5035, 38.04766],
            [-121.50361, 38.04776],
            [-121.50373, 38.04789],
            [-121.50383, 38.04812],
            [-121.50399, 38.0483],
            [-121.50416, 38.04841],
            [-121.50427, 38.0485],
            [-121.50442, 38.04866],
            [-121.50455, 38.04876],
            [-121.50468, 38.04903],
            [-121.5047, 38.04906],
            [-121.50495, 38.0494],
            [-121.50502, 38.0495],
            [-121.5051, 38.04958],
            [-121.50519, 38.04967],
            [-121.50546, 38.04991],
            [-121.50571, 38.05012],
            [-121.50605, 38.05023],
            [-121.50616, 38.0503],
            [-121.50632, 38.0504],
            [-121.50647, 38.05052],
            [-121.50667, 38.0507],
            [-121.50686, 38.05078],
            [-121.50715, 38.05092],
            [-121.5086, 38.05176],
            [-121.51023, 38.05245],
            [-121.5124, 38.05314],
            [-121.51449, 38.05361],
            [-121.51583, 38.05378],
            [-121.51643, 38.05387],
            [-121.51674, 38.05389],
            [-121.51696, 38.05393],
            [-121.52885, 38.05527],
            [-121.53134, 38.05552],
            [-121.53305, 38.05575],
            [-121.54027, 38.05655],
            [-121.54135, 38.0566],
            [-121.54154, 38.05661],
            [-121.54172, 38.05666],
            [-121.54192, 38.0567],
            [-121.54212, 38.05672],
            [-121.54357, 38.05697],
            [-121.54358, 38.05697],
            [-121.54371, 38.057],
            [-121.54384, 38.05701],
            [-121.54393, 38.05703],
            [-121.54402, 38.05705],
            [-121.54415, 38.05708],
            [-121.54438, 38.05712],
            [-121.54447, 38.05712],
            [-121.5447, 38.05713],
            [-121.54511, 38.05714],
            [-121.54566, 38.05721],
            [-121.54579, 38.05723],
            [-121.54597, 38.05727],
            [-121.54619, 38.05732],
            [-121.54632, 38.05736],
            [-121.5464, 38.05739],
            [-121.54652, 38.05744],
            [-121.54664, 38.05749],
            [-121.54664, 38.0575],
            [-121.54676, 38.05756],
            [-121.54698, 38.05768],
            [-121.54709, 38.05775],
            [-121.5472, 38.05782],
            [-121.54767, 38.05815],
            [-121.5479, 38.05833],
            [-121.54862, 38.05888],
            [-121.54881, 38.05904],
            [-121.54903, 38.05922],
            [-121.54904, 38.05922],
            [-121.54935, 38.05912],
            [-121.54939, 38.05911],
            [-121.55008, 38.05905],
            [-121.55017, 38.05904],
            [-121.55067, 38.05897],
            [-121.55085, 38.05894],
            [-121.55116, 38.05889],
            [-121.55179, 38.05878],
            [-121.55197, 38.05876],
            [-121.55238, 38.0587],
            [-121.55279, 38.05865],
            [-121.55288, 38.05865],
            [-121.55316, 38.05865],
            [-121.55362, 38.05867],
            [-121.55407, 38.05872],
            [-121.55434, 38.05876],
            [-121.55448, 38.05879],
            [-121.55474, 38.05886],
            [-121.55496, 38.05891],
            [-121.55513, 38.05895],
            [-121.55522, 38.05898],
            [-121.55539, 38.05903],
            [-121.55556, 38.05909],
            [-121.55572, 38.05916],
            [-121.55605, 38.05929],
            [-121.55613, 38.05933],
            [-121.55624, 38.05938],
            [-121.55651, 38.05953],
            [-121.55658, 38.05957],
            [-121.55677, 38.05973],
            [-121.55694, 38.05989],
            [-121.55706, 38.06001],
            [-121.55711, 38.06006],
            [-121.55721, 38.06018],
            [-121.55733, 38.06033],
            [-121.5574, 38.06043],
            [-121.55751, 38.06059],
            [-121.55753, 38.06062],
            [-121.5576, 38.06075],
            [-121.55769, 38.06095],
            [-121.55778, 38.06115],
            [-121.55786, 38.0614],
            [-121.5579, 38.06154],
            [-121.55795, 38.06178],
            [-121.55799, 38.06199],
            [-121.55799, 38.06207],
            [-121.55799, 38.06217],
            [-121.55798, 38.06239],
            [-121.55795, 38.0626],
            [-121.55785, 38.06276],
            [-121.55775, 38.06292],
            [-121.55758, 38.06321],
            [-121.55752, 38.06335],
            [-121.55741, 38.06362],
            [-121.55732, 38.0639],
            [-121.55727, 38.06403],
            [-121.55715, 38.06445],
            [-121.55709, 38.06466],
            [-121.55685, 38.06516],
            [-121.55662, 38.06571],
            [-121.55638, 38.06617],
            [-121.55626, 38.0664],
            [-121.55637, 38.06686],
            [-121.55642, 38.06714],
            [-121.55648, 38.06746],
            [-121.55651, 38.0676],
            [-121.55654, 38.06771],
            [-121.55657, 38.06792],
            [-121.55661, 38.06809],
            [-121.55668, 38.0683],
            [-121.55671, 38.06837],
            [-121.55683, 38.0686],
            [-121.55692, 38.06873],
            [-121.55701, 38.06885],
            [-121.55717, 38.06902],
            [-121.55761, 38.06957],
            [-121.55788, 38.0699],
            [-121.55834, 38.07039],
            [-121.55837, 38.07042],
            [-121.5584, 38.07044],
            [-121.55851, 38.07051],
            [-121.55866, 38.07059],
            [-121.55881, 38.07068],
            [-121.55911, 38.07084],
            [-121.55955, 38.07104],
            [-121.55979, 38.07115],
            [-121.55987, 38.07118],
            [-121.5601, 38.07129],
            [-121.56032, 38.07136],
            [-121.56095, 38.07165],
            [-121.56115, 38.07174],
            [-121.56142, 38.07188],
            [-121.56185, 38.07209],
            [-121.56227, 38.07231],
            [-121.56238, 38.07237],
            [-121.56256, 38.07248],
            [-121.56311, 38.0728],
            [-121.56324, 38.0729],
            [-121.56344, 38.07305],
            [-121.56369, 38.07321],
            [-121.56383, 38.0733],
            [-121.56397, 38.07339],
            [-121.56416, 38.0735],
            [-121.56431, 38.07358],
            [-121.56451, 38.07367],
            [-121.56482, 38.07382],
            [-121.56503, 38.0739],
            [-121.56524, 38.07396],
            [-121.56532, 38.074],
            [-121.56551, 38.0741],
            [-121.56571, 38.07419],
            [-121.56591, 38.07428],
            [-121.56611, 38.07437],
            [-121.5664, 38.07448],
            [-121.5666, 38.07456],
            [-121.56681, 38.07463],
            [-121.56707, 38.07472],
            [-121.56756, 38.07492],
            [-121.56797, 38.07508],
            [-121.5683, 38.07546],
            [-121.56843, 38.07561],
            [-121.56868, 38.07587],
            [-121.56874, 38.07592],
            [-121.56883, 38.076],
            [-121.56905, 38.07619],
            [-121.56922, 38.07631],
            [-121.56957, 38.07653],
            [-121.56983, 38.07668],
            [-121.56995, 38.07679],
            [-121.57027, 38.07704],
            [-121.57048, 38.07718],
            [-121.57064, 38.07731],
            [-121.57081, 38.07743],
            [-121.57095, 38.07753],
            [-121.57123, 38.07771],
            [-121.57163, 38.07801],
            [-121.57183, 38.07815],
            [-121.57232, 38.07853],
            [-121.57306, 38.07909],
            [-121.57313, 38.07922],
            [-121.57321, 38.07943],
            [-121.57328, 38.0796],
            [-121.57336, 38.07991],
            [-121.5734, 38.08009],
            [-121.57342, 38.08016],
            [-121.5735, 38.08069],
            [-121.57353, 38.0809],
            [-121.57353, 38.08104],
            [-121.57353, 38.08122],
            [-121.57351, 38.08158],
            [-121.57342, 38.08172],
            [-121.57324, 38.08205],
            [-121.57309, 38.08235],
            [-121.57289, 38.08275],
            [-121.57266, 38.08329],
            [-121.57293, 38.08387],
            [-121.57306, 38.08417],
            [-121.57314, 38.08438],
            [-121.57323, 38.08469],
            [-121.57343, 38.08549],
            [-121.5735, 38.08585],
            [-121.57353, 38.08599],
            [-121.57355, 38.08627],
            [-121.57365, 38.08691],
            [-121.57363, 38.08703],
            [-121.5736, 38.08724],
            [-121.57354, 38.08748],
            [-121.57352, 38.08759],
            [-121.57346, 38.08805],
            [-121.57345, 38.08812],
            [-121.57345, 38.08819],
            [-121.57351, 38.08855],
            [-121.57351, 38.08873],
            [-121.57351, 38.08901],
            [-121.57351, 38.08923],
            [-121.57351, 38.08937],
            [-121.57351, 38.0894],
            [-121.57356, 38.08958],
            [-121.57356, 38.08961],
            [-121.57357, 38.08965],
            [-121.57358, 38.08968],
            [-121.57377, 38.09001],
            [-121.57407, 38.09049],
            [-121.57416, 38.09065],
            [-121.57428, 38.09089],
            [-121.57435, 38.09102],
            [-121.57447, 38.09129],
            [-121.57462, 38.09163],
            [-121.57472, 38.09211],
            [-121.57498, 38.09257],
            [-121.57514, 38.0929],
            [-121.57523, 38.09303],
            [-121.57533, 38.09319],
            [-121.57547, 38.09349],
            [-121.57564, 38.09378],
            [-121.57608, 38.09461],
            [-121.57645, 38.09534],
            [-121.57665, 38.09578],
            [-121.57698, 38.09612],
            [-121.57713, 38.0963],
            [-121.57733, 38.09654],
            [-121.57758, 38.09688],
            [-121.57778, 38.09716],
            [-121.57786, 38.0973],
            [-121.57796, 38.09733],
            [-121.57847, 38.09738],
            [-121.57901, 38.09745],
            [-121.57919, 38.09749],
            [-121.57945, 38.09755],
            [-121.58007, 38.0977],
            [-121.58112, 38.09796],
            [-121.58156, 38.09808],
            [-121.58169, 38.09811],
            [-121.58177, 38.09814],
            [-121.58201, 38.09825],
            [-121.58249, 38.09846],
            [-121.58277, 38.09859],
            [-121.583, 38.09871],
            [-121.58312, 38.09877],
            [-121.58361, 38.09888],
            [-121.58402, 38.09895],
            [-121.58424, 38.09898],
            [-121.58433, 38.09899],
            [-121.58442, 38.09899],
            [-121.58447, 38.099],
            [-121.58603, 38.09931],
            [-121.58617, 38.09933],
            [-121.58625, 38.09936],
            [-121.58681, 38.09952],
            [-121.58699, 38.09956],
            [-121.58721, 38.09961],
            [-121.58739, 38.09963],
            [-121.58785, 38.09969],
            [-121.58838, 38.09973],
            [-121.5886, 38.09979],
            [-121.58882, 38.09984],
            [-121.58904, 38.09989],
            [-121.58922, 38.09992],
            [-121.58971, 38.10001],
            [-121.5899, 38.10003],
            [-121.59008, 38.10006],
            [-121.59035, 38.1001],
            [-121.59057, 38.10014],
            [-121.59098, 38.10019],
            [-121.59143, 38.10027],
            [-121.59184, 38.10034],
            [-121.59263, 38.10052],
            [-121.59298, 38.10058],
            [-121.59336, 38.10076],
            [-121.59375, 38.10088],
            [-121.59426, 38.10104],
            [-121.59503, 38.10137],
            [-121.59535, 38.10151],
            [-121.5956, 38.1016],
            [-121.5958, 38.10168],
            [-121.596, 38.10177],
            [-121.59604, 38.10179],
            [-121.59614, 38.10185],
            [-121.59662, 38.10197],
            [-121.59681, 38.10203],
            [-121.59804, 38.10221],
            [-121.59872, 38.10229],
            [-121.59899, 38.10232],
            [-121.59941, 38.10234],
            [-121.5998, 38.10233],
            [-121.60006, 38.1024],
            [-121.60028, 38.10246],
            [-121.60087, 38.10253],
            [-121.60123, 38.10259],
            [-121.60145, 38.10264],
            [-121.60194, 38.10275],
            [-121.60233, 38.10285],
            [-121.6025, 38.1029],
            [-121.60292, 38.10304],
            [-121.60313, 38.10312],
            [-121.60379, 38.10328],
            [-121.60396, 38.10333],
            [-121.60494, 38.10365],
            [-121.60516, 38.10369],
            [-121.60534, 38.10374],
            [-121.60569, 38.10391],
            [-121.60581, 38.10397],
            [-121.60641, 38.10415],
            [-121.60662, 38.1042],
            [-121.60708, 38.10422],
            [-121.60722, 38.10422],
            [-121.60731, 38.10421],
            [-121.60744, 38.10419],
            [-121.60758, 38.10416],
            [-121.60811, 38.10404],
            [-121.60843, 38.10397],
            [-121.60944, 38.10397],
            [-121.60967, 38.10396],
            [-121.60985, 38.10397],
            [-121.60995, 38.10396],
            [-121.61031, 38.10392],
            [-121.61058, 38.10388],
            [-121.61142, 38.1037],
            [-121.61156, 38.10367],
            [-121.6116, 38.10365],
            [-121.61175, 38.10362],
            [-121.61241, 38.10359],
            [-121.61291, 38.10354],
            [-121.61305, 38.10352],
            [-121.61314, 38.10351],
            [-121.61337, 38.1035],
            [-121.61352, 38.10356],
            [-121.61386, 38.10351],
            [-121.61453, 38.10315],
            [-121.6148, 38.10302],
            [-121.61495, 38.10294],
            [-121.61532, 38.10272],
            [-121.6156, 38.10269],
            [-121.61596, 38.10263],
            [-121.61645, 38.10253],
            [-121.6169, 38.10242],
            [-121.61778, 38.10226],
            [-121.61819, 38.10226],
            [-121.61838, 38.10226],
            [-121.61879, 38.10224],
            [-121.61907, 38.10223],
            [-121.6193, 38.10221],
            [-121.61953, 38.10221],
            [-121.61967, 38.1022],
            [-121.61999, 38.10217],
            [-121.62058, 38.1021],
            [-121.62076, 38.10207],
            [-121.62098, 38.10203],
            [-121.6212, 38.10199],
            [-121.62147, 38.10192],
            [-121.62173, 38.10185],
            [-121.62186, 38.10182],
            [-121.62207, 38.10175],
            [-121.62234, 38.10165],
            [-121.62247, 38.10163],
            [-121.62265, 38.1016],
            [-121.62279, 38.10159],
            [-121.62306, 38.10156],
            [-121.62333, 38.10152],
            [-121.62351, 38.1015],
            [-121.62387, 38.10143],
            [-121.62405, 38.1014],
            [-121.62414, 38.10138],
            [-121.62488, 38.10119],
            [-121.62528, 38.10108],
            [-121.62558, 38.101],
            [-121.62597, 38.10089],
            [-121.62616, 38.1008],
            [-121.62632, 38.10072],
            [-121.62648, 38.10064],
            [-121.62663, 38.10056],
            [-121.62689, 38.10041],
            [-121.62717, 38.10023],
            [-121.6273, 38.10013],
            [-121.62737, 38.10008],
            [-121.62748, 38.09997],
            [-121.62762, 38.09975],
            [-121.62791, 38.09926],
            [-121.62824, 38.09875],
            [-121.62838, 38.09852],
            [-121.62857, 38.09828],
            [-121.62868, 38.09812],
            [-121.62883, 38.09786],
            [-121.62897, 38.0976],
            [-121.62901, 38.09749],
            [-121.6291, 38.09722],
            [-121.62918, 38.09697],
            [-121.62924, 38.09673],
            [-121.62928, 38.09645],
            [-121.62928, 38.09634],
            [-121.62928, 38.09616],
            [-121.62926, 38.09595],
            [-121.62924, 38.09577],
            [-121.62922, 38.09563],
            [-121.62914, 38.09531],
            [-121.62907, 38.09507],
            [-121.629, 38.09486],
            [-121.62889, 38.09455],
            [-121.62867, 38.09405],
            [-121.62863, 38.09373],
            [-121.62863, 38.09362],
            [-121.62862, 38.09351],
            [-121.62863, 38.09323],
            [-121.62864, 38.09294],
            [-121.62864, 38.09276],
            [-121.62866, 38.09248],
            [-121.62866, 38.09237],
            [-121.62867, 38.09234],
            [-121.62871, 38.09227],
            [-121.62877, 38.09218],
            [-121.62897, 38.09189],
            [-121.6292, 38.09154],
            [-121.62938, 38.09134],
            [-121.62965, 38.09101],
            [-121.62971, 38.09095],
            [-121.62998, 38.09071],
            [-121.63004, 38.09065],
            [-121.63007, 38.09063],
            [-121.63037, 38.09046],
            [-121.63054, 38.09034],
            [-121.63094, 38.0901],
            [-121.63134, 38.08986],
            [-121.63157, 38.08974],
            [-121.63193, 38.08952],
            [-121.63212, 38.08942],
            [-121.63249, 38.08921],
            [-121.63261, 38.08915],
            [-121.63284, 38.08903],
            [-121.63306, 38.08891],
            [-121.63342, 38.08874],
            [-121.63407, 38.0884],
            [-121.63426, 38.08831],
            [-121.63446, 38.08822],
            [-121.63495, 38.08802],
            [-121.6352, 38.08793],
            [-121.63559, 38.08781],
            [-121.63572, 38.08778],
            [-121.63616, 38.08767],
            [-121.63643, 38.08762],
            [-121.63688, 38.08754],
            [-121.63715, 38.08751],
            [-121.63724, 38.08751],
            [-121.63738, 38.08751],
            [-121.6377, 38.08753],
            [-121.63802, 38.08755],
            [-121.63875, 38.08764],
            [-121.63907, 38.08767],
            [-121.63925, 38.08769],
            [-121.64021, 38.08779],
            [-121.64048, 38.08782],
            [-121.64081, 38.08783],
            [-121.64108, 38.08785],
            [-121.64237, 38.08788],
            [-121.64255, 38.08789],
            [-121.64384, 38.08797],
            [-121.64434, 38.08799],
            [-121.64437, 38.088],
            [-121.64527, 38.08844],
            [-121.64554, 38.08857],
            [-121.64593, 38.08877],
            [-121.6462, 38.0889],
            [-121.64644, 38.08901],
            [-121.64692, 38.08922],
            [-121.64735, 38.08942],
            [-121.6479, 38.08975],
            [-121.64807, 38.08987],
            [-121.64841, 38.09011],
            [-121.6486, 38.09027],
            [-121.64875, 38.0904],
            [-121.64888, 38.09051],
            [-121.64906, 38.09067],
            [-121.6492, 38.09081],
            [-121.64947, 38.09095],
            [-121.64976, 38.09113],
            [-121.64997, 38.09127],
            [-121.65014, 38.09138],
            [-121.65031, 38.0915],
            [-121.65048, 38.09163],
            [-121.65074, 38.09177],
            [-121.65093, 38.09187],
            [-121.65119, 38.09201],
            [-121.65152, 38.09221],
            [-121.65185, 38.09241],
            [-121.65231, 38.09271],
            [-121.65253, 38.09283],
            [-121.65308, 38.0931],
            [-121.65335, 38.09322],
            [-121.65394, 38.0935],
            [-121.65445, 38.09375],
            [-121.65464, 38.09386],
            [-121.65491, 38.09399],
            [-121.65499, 38.09402],
            [-121.65527, 38.09414],
            [-121.6554, 38.09419],
            [-121.65576, 38.09434],
            [-121.65607, 38.0945],
            [-121.65631, 38.0946],
            [-121.65672, 38.09477],
            [-121.65697, 38.09486],
            [-121.6578, 38.09516],
            [-121.65806, 38.09525],
            [-121.65836, 38.09533],
            [-121.65888, 38.09547],
            [-121.65915, 38.09553],
            [-121.65941, 38.09559],
            [-121.66004, 38.0957],
            [-121.66013, 38.09572],
            [-121.66072, 38.0958],
            [-121.6609, 38.09582],
            [-121.66131, 38.09586],
            [-121.6615, 38.09586],
            [-121.66175, 38.09585],
            [-121.66225, 38.09594],
            [-121.66257, 38.09598],
            [-121.66307, 38.09602],
            [-121.66357, 38.09606],
            [-121.66376, 38.09606],
            [-121.66408, 38.09606],
            [-121.66426, 38.09605],
            [-121.66436, 38.09604],
            [-121.66445, 38.09605],
            [-121.66458, 38.09607],
            [-121.66477, 38.09607],
            [-121.66495, 38.09608],
            [-121.66523, 38.09607],
            [-121.66573, 38.09604],
            [-121.66587, 38.09603],
            [-121.6661, 38.096],
            [-121.66631, 38.09592],
            [-121.66674, 38.09572],
            [-121.66678, 38.09571],
            [-121.66709, 38.09563],
            [-121.66731, 38.09558],
            [-121.66821, 38.09542],
            [-121.66825, 38.09541],
            [-121.6688, 38.09537],
            [-121.66894, 38.09535],
            [-121.66898, 38.09534],
            [-121.66925, 38.09528],
            [-121.66959, 38.09517],
            [-121.66985, 38.0951],
            [-121.67006, 38.09502],
            [-121.6703, 38.09492],
            [-121.67043, 38.09489],
            [-121.6707, 38.09483],
            [-121.67109, 38.09472],
            [-121.67155, 38.09456],
            [-121.67184, 38.09444],
            [-121.67207, 38.09434],
            [-121.67226, 38.09424],
            [-121.67234, 38.0942],
            [-121.67266, 38.09405],
            [-121.67285, 38.09395],
            [-121.67289, 38.09393],
            [-121.67325, 38.09378],
            [-121.67356, 38.09363],
            [-121.67387, 38.09346],
            [-121.67419, 38.09326],
            [-121.67434, 38.09318],
            [-121.67473, 38.09299],
            [-121.67491, 38.09289],
            [-121.67503, 38.09282],
            [-121.67519, 38.09271],
            [-121.67542, 38.09259],
            [-121.67549, 38.09255],
            [-121.67572, 38.09237],
            [-121.67605, 38.09218],
            [-121.67624, 38.09207],
            [-121.67641, 38.09196],
            [-121.67682, 38.09167],
            [-121.67701, 38.09151],
            [-121.67714, 38.09137],
            [-121.67725, 38.09125],
            [-121.67735, 38.09113],
            [-121.67752, 38.0909],
            [-121.67785, 38.09064],
            [-121.67804, 38.09045],
            [-121.67837, 38.0901],
            [-121.67851, 38.08996],
            [-121.67877, 38.08966],
            [-121.67892, 38.08948],
            [-121.67903, 38.08933],
            [-121.67914, 38.08917],
            [-121.67929, 38.08891],
            [-121.67955, 38.08841],
            [-121.67961, 38.08828],
            [-121.67973, 38.08801],
            [-121.67986, 38.0877],
            [-121.67991, 38.08757],
            [-121.68, 38.08736],
            [-121.68011, 38.08705],
            [-121.68018, 38.08688],
            [-121.68023, 38.08675],
            [-121.68027, 38.08664],
            [-121.68031, 38.08647],
            [-121.68045, 38.08594],
            [-121.6806, 38.08557],
            [-121.68077, 38.08527],
            [-121.68105, 38.08487],
            [-121.68136, 38.08449],
            [-121.68136, 38.08402],
            [-121.68138, 38.08374],
            [-121.68138, 38.08356],
            [-121.6814, 38.08317],
            [-121.68139, 38.08295],
            [-121.68138, 38.08274],
            [-121.68137, 38.0826],
            [-121.68134, 38.08235],
            [-121.68129, 38.08207],
            [-121.68114, 38.0814],
            [-121.68095, 38.08077],
            [-121.68089, 38.0806],
            [-121.68083, 38.08035],
            [-121.68072, 38.07993],
            [-121.68064, 38.07955],
            [-121.68061, 38.07941],
            [-121.6806, 38.0793],
            [-121.68056, 38.07901],
            [-121.68053, 38.07866],
            [-121.68046, 38.0782],
            [-121.68036, 38.07778],
            [-121.68034, 38.07764],
            [-121.68027, 38.07743],
            [-121.68023, 38.07732],
            [-121.68013, 38.0769],
            [-121.68009, 38.07673],
            [-121.68005, 38.07655],
            [-121.68003, 38.07641],
            [-121.67998, 38.07602],
            [-121.67995, 38.07581],
            [-121.67993, 38.07552],
            [-121.67992, 38.07525],
            [-121.67985, 38.07516],
            [-121.67981, 38.0751],
            [-121.67963, 38.07481],
            [-121.67953, 38.07465],
            [-121.67936, 38.07432],
            [-121.67924, 38.07408],
            [-121.67913, 38.07378],
            [-121.67909, 38.07367],
            [-121.67907, 38.0736],
            [-121.67899, 38.07318],
            [-121.67896, 38.07293],
            [-121.67895, 38.07282],
            [-121.67895, 38.07256],
            [-121.67891, 38.07238],
            [-121.67889, 38.07228],
            [-121.67885, 38.07196],
            [-121.67882, 38.07167],
            [-121.67881, 38.07157],
            [-121.67881, 38.0715],
            [-121.67882, 38.07121],
            [-121.67883, 38.07107],
            [-121.67886, 38.07082],
            [-121.6789, 38.07064],
            [-121.67893, 38.0705],
            [-121.67899, 38.07033],
            [-121.67925, 38.06964],
            [-121.67923, 38.06957],
            [-121.67915, 38.06918],
            [-121.6791, 38.06897],
            [-121.67909, 38.0689],
            [-121.67911, 38.06833],
            [-121.67907, 38.06804],
            [-121.67904, 38.06754],
            [-121.67905, 38.06719],
            [-121.67906, 38.06704],
            [-121.67908, 38.06683],
            [-121.67907, 38.06644],
            [-121.67908, 38.06626],
            [-121.67908, 38.06622],
            [-121.6791, 38.06612],
            [-121.67915, 38.06583],
            [-121.67923, 38.06552],
            [-121.67925, 38.06541],
            [-121.67928, 38.06531],
            [-121.67932, 38.06517],
            [-121.67944, 38.06479],
            [-121.67956, 38.06452],
            [-121.67962, 38.06431],
            [-121.67967, 38.06414],
            [-121.6797, 38.06407],
            [-121.67989, 38.0637],
            [-121.68009, 38.06327],
            [-121.68018, 38.06306],
            [-121.68022, 38.06296],
            [-121.68029, 38.06279],
            [-121.6804, 38.06252],
            [-121.68048, 38.06232],
            [-121.68057, 38.06208],
            [-121.68074, 38.06163],
            [-121.68091, 38.06115],
            [-121.68106, 38.0607],
            [-121.68112, 38.06053],
            [-121.68117, 38.06028],
            [-121.68132, 38.0602],
            [-121.68176, 38.05994],
            [-121.68224, 38.05966],
            [-121.68261, 38.05944],
            [-121.6828, 38.05933],
            [-121.68304, 38.05911],
            [-121.68331, 38.05887],
            [-121.68346, 38.05874],
            [-121.68379, 38.05844],
            [-121.68392, 38.05834],
            [-121.6842, 38.05815],
            [-121.68434, 38.05806],
            [-121.68502, 38.05763],
            [-121.68565, 38.05722],
            [-121.68597, 38.05702],
            [-121.68616, 38.05691],
            [-121.68634, 38.05681],
            [-121.68634, 38.05681],
            [-121.68642, 38.05676],
            [-121.68672, 38.05659],
            [-121.68689, 38.05648],
            [-121.68711, 38.05635],
            [-121.68745, 38.05616],
            [-121.68763, 38.05606],
            [-121.68801, 38.05579],
            [-121.68822, 38.05565],
            [-121.68841, 38.0555],
            [-121.68869, 38.05527],
            [-121.68883, 38.05517],
            [-121.68903, 38.05502],
            [-121.68936, 38.05483],
            [-121.68956, 38.05468],
            [-121.68976, 38.05454],
            [-121.68997, 38.0544],
            [-121.69023, 38.05424],
            [-121.69049, 38.05409],
            [-121.69065, 38.05396],
            [-121.69076, 38.05387],
            [-121.69101, 38.05357],
            [-121.69124, 38.0533],
            [-121.69132, 38.05321],
            [-121.69162, 38.0529],
            [-121.69168, 38.0528],
            [-121.69182, 38.05262],
            [-121.69186, 38.05255],
            [-121.69192, 38.05245],
            [-121.69206, 38.05223],
            [-121.69221, 38.05201],
            [-121.69238, 38.0518],
            [-121.69248, 38.05164],
            [-121.69263, 38.05142],
            [-121.6928, 38.05116],
            [-121.6929, 38.051],
            [-121.69308, 38.05075],
            [-121.69319, 38.0506],
            [-121.69329, 38.05048],
            [-121.69342, 38.05033],
            [-121.69352, 38.05021],
            [-121.69374, 38.04998],
            [-121.69387, 38.04983],
            [-121.6939, 38.0498],
            [-121.69404, 38.04958],
            [-121.6942, 38.04936],
            [-121.69425, 38.0493],
            [-121.69452, 38.04902],
            [-121.69512, 38.04825],
            [-121.69558, 38.04768],
            [-121.69565, 38.04755],
            [-121.69577, 38.04731],
            [-121.69585, 38.04715],
            [-121.69589, 38.04708],
            [-121.69597, 38.04699],
            [-121.69605, 38.04691],
            [-121.69631, 38.04666],
            [-121.6965, 38.04646],
            [-121.6967, 38.04626],
            [-121.69673, 38.04623],
            [-121.6969, 38.04599],
            [-121.69717, 38.0457],
            [-121.69751, 38.04536],
            [-121.69777, 38.04511],
            [-121.69792, 38.04498],
            [-121.69805, 38.04487],
            [-121.69824, 38.04477],
            [-121.6985, 38.04462],
            [-121.69869, 38.04452],
            [-121.69896, 38.04439],
            [-121.69905, 38.04437],
            [-121.69949, 38.04426],
            [-121.69966, 38.04422],
            [-121.70045, 38.04393],
            [-121.70149, 38.04347],
            [-121.70207, 38.04317],
            [-121.70232, 38.04302],
            [-121.70262, 38.04285],
            [-121.70297, 38.04267],
            [-121.70328, 38.04253],
            [-121.70377, 38.04233],
            [-121.70402, 38.04223],
            [-121.70427, 38.04214],
            [-121.70456, 38.04204],
            [-121.70514, 38.04183],
            [-121.7059, 38.04157],
            [-121.70633, 38.04144],
            [-121.70664, 38.04128],
            [-121.70723, 38.04101],
            [-121.7076, 38.04085],
            [-121.7078, 38.04077],
            [-121.70789, 38.04074],
            [-121.70841, 38.04044],
            [-121.70883, 38.04021],
            [-121.70912, 38.04004],
            [-121.70938, 38.03989],
            [-121.70969, 38.03975],
            [-121.71022, 38.03952],
            [-121.7103, 38.03949],
            [-121.71043, 38.03946],
            [-121.71047, 38.03945],
            [-121.71102, 38.03936],
            [-121.71151, 38.03929],
            [-121.71169, 38.03926],
            [-121.71205, 38.03919],
            [-121.71236, 38.03912],
            [-121.71267, 38.03905],
            [-121.71337, 38.03889],
            [-121.71382, 38.03879],
            [-121.71425, 38.03867],
            [-121.7146, 38.03858],
            [-121.71516, 38.03841],
            [-121.7152, 38.0384],
            [-121.71561, 38.03824],
            [-121.71565, 38.03822],
            [-121.71658, 38.03801],
            [-121.7168, 38.03795],
            [-121.71765, 38.03769],
            [-121.71795, 38.0376],
            [-121.71827, 38.03754],
            [-121.71853, 38.03749],
            [-121.7188, 38.03744],
            [-121.71947, 38.0373],
            [-121.7199, 38.03719],
            [-121.72016, 38.03712],
            [-121.72037, 38.03703],
            [-121.72084, 38.03681],
            [-121.72138, 38.03654],
            [-121.72185, 38.03632],
            [-121.72209, 38.0362],
            [-121.72232, 38.03608],
            [-121.72265, 38.0359],
            [-121.72339, 38.03547],
            [-121.72393, 38.03514],
            [-121.72417, 38.03497],
            [-121.72437, 38.03483],
            [-121.72494, 38.0344],
            [-121.72541, 38.03402],
            [-121.72587, 38.03361],
            [-121.72619, 38.03331],
            [-121.72644, 38.03306],
            [-121.72687, 38.03259],
            [-121.72729, 38.03212],
            [-121.72732, 38.0321],
            [-121.72765, 38.0319],
            [-121.72789, 38.03174],
            [-121.72813, 38.03157],
            [-121.72847, 38.03133],
            [-121.72916, 38.03081],
            [-121.72945, 38.03058],
            [-121.72998, 38.03014],
            [-121.73027, 38.03003],
            [-121.73055, 38.02992],
            [-121.73084, 38.0298],
            [-121.73107, 38.02969],
            [-121.73139, 38.02955],
            [-121.7317, 38.02939],
            [-121.73192, 38.02926],
            [-121.73289, 38.02866],
            [-121.73317, 38.02848],
            [-121.73393, 38.02796],
            [-121.73479, 38.02737],
            [-121.73513, 38.02713],
            [-121.73526, 38.02703],
            [-121.7356, 38.02674],
            [-121.73588, 38.02649],
            [-121.73628, 38.0264],
            [-121.73663, 38.02631],
            [-121.73699, 38.02625],
            [-121.73743, 38.02616],
            [-121.73828, 38.02598],
            [-121.73885, 38.02586],
            [-121.73938, 38.02572],
            [-121.73964, 38.02565],
            [-121.74002, 38.02554],
            [-121.74041, 38.02542],
            [-121.7408, 38.02532],
            [-121.74132, 38.02516],
            [-121.7414, 38.02515],
            [-121.74184, 38.02505],
            [-121.74202, 38.02502],
            [-121.7423, 38.02501],
            [-121.74266, 38.02498],
            [-121.74344, 38.02492],
            [-121.74408, 38.02489],
            [-121.74472, 38.02485],
            [-121.74527, 38.0248],
            [-121.7456, 38.0248],
            [-121.74601, 38.02479],
            [-121.74675, 38.0248],
            [-121.74702, 38.0248],
            [-121.74725, 38.02479],
            [-121.74757, 38.02477],
            [-121.74771, 38.02477],
            [-121.74799, 38.02476],
            [-121.74867, 38.02472],
            [-121.7495, 38.02471],
            [-121.74996, 38.02469],
            [-121.75111, 38.02473],
            [-121.75199, 38.02473],
            [-121.75244, 38.02475],
            [-121.75318, 38.02475],
            [-121.75364, 38.02476],
            [-121.75447, 38.02478],
            [-121.75493, 38.02477],
            [-121.75539, 38.02475],
            [-121.75599, 38.02474],
            [-121.75649, 38.02477],
            [-121.75654, 38.02477],
            [-121.75681, 38.0248],
            [-121.7574, 38.02486],
            [-121.75781, 38.02491],
            [-121.75786, 38.02492],
            [-121.75832, 38.02494],
            [-121.75859, 38.02496],
            [-121.75938, 38.02502],
            [-121.75977, 38.02505],
            [-121.76026, 38.02494],
            [-121.76077, 38.02466],
            [-121.76165, 38.02429],
            [-121.76263, 38.02383],
            [-121.76402, 38.02341],
            [-121.76559, 38.02274],
            [-121.7678, 38.02187],
            [-121.76955, 38.02119],
            [-121.77109, 38.02058],
            [-121.77234, 38.02001],
            [-121.7733, 38.01965],
            [-121.77469, 38.01915],
            [-121.77571, 38.01876],
            [-121.77706, 38.01843],
            [-121.77821, 38.01826],
            [-121.77939, 38.01805],
            [-121.78065, 38.01795],
            [-121.78186, 38.01783],
            [-121.7829, 38.01776],
            [-121.78383, 38.01775],
            [-121.78493, 38.0178],
            [-121.7862, 38.01792],
            [-121.78734, 38.01803],
            [-121.78827, 38.01816],
            [-121.7895, 38.01833],
            [-121.79036, 38.01844],
            [-121.79122, 38.01851],
            [-121.79211, 38.01862],
            [-121.79279, 38.0188],
            [-121.7935, 38.0189],
            [-121.79393, 38.01901],
            [-121.79464, 38.01919],
            [-121.79518, 38.01933],
            [-121.79575, 38.01955],
            [-121.79701, 38.02015],
            [-121.79806, 38.02061],
            [-121.7987, 38.02079],
            [-121.79932, 38.02095],
            [-121.80042, 38.02107],
            [-121.80122, 38.02107],
            [-121.80218, 38.02109],
            [-121.80327, 38.02096],
            [-121.80443, 38.02078],
            [-121.80521, 38.02073],
            [-121.80576, 38.02068],
            [-121.80604, 38.02067],
            [-121.80626, 38.02062],
            [-121.80662, 38.02057],
            [-121.80762, 38.02022],
            [-121.80775, 38.02017],
            [-121.80802, 38.02015],
            [-121.80843, 38.02011],
            [-121.80894, 38.02008],
            [-121.80926, 38.02007],
            [-121.80959, 38.02007],
            [-121.80972, 38.02006],
            [-121.80981, 38.02007],
            [-121.81004, 38.02007],
            [-121.81027, 38.02009],
            [-121.81051, 38.02011],
            [-121.81077, 38.02013],
            [-121.81095, 38.02015],
            [-121.81178, 38.02019],
            [-121.81297, 38.02029],
            [-121.81301, 38.02029],
            [-121.81328, 38.02036],
            [-121.81376, 38.02048],
            [-121.81385, 38.0205],
            [-121.81414, 38.0206],
            [-121.81458, 38.02072],
            [-121.81497, 38.02082],
            [-121.8151, 38.02086],
            [-121.81532, 38.02091],
            [-121.81568, 38.02097],
            [-121.8159, 38.02101],
            [-121.81608, 38.02104],
            [-121.81613, 38.02105],
            [-121.8162, 38.02109],
            [-121.81636, 38.02116],
            [-121.81671, 38.02133],
            [-121.81694, 38.02145],
            [-121.81725, 38.02166],
            [-121.81736, 38.02173],
            [-121.81743, 38.02177],
            [-121.81762, 38.02187],
            [-121.81781, 38.02198],
            [-121.81796, 38.02206],
            [-121.81818, 38.02219],
            [-121.81963, 38.02307],
            [-121.81967, 38.02309],
            [-121.81987, 38.02323],
            [-121.82008, 38.02337],
            [-121.82026, 38.02349],
            [-121.82044, 38.02359],
            [-121.82071, 38.02373],
            [-121.82099, 38.02386],
            [-121.82127, 38.02397],
            [-121.82148, 38.02405],
            [-121.82165, 38.0241],
            [-121.82169, 38.02412],
            [-121.82183, 38.02421],
            [-121.82187, 38.02424],
            [-121.82205, 38.0244],
            [-121.82245, 38.02474],
            [-121.8227, 38.0249],
            [-121.82321, 38.0252],
            [-121.82337, 38.02533],
            [-121.82347, 38.0254],
            [-121.82406, 38.02575],
            [-121.82424, 38.02585],
            [-121.82438, 38.02599],
            [-121.82452, 38.02613],
            [-121.82516, 38.02669],
            [-121.82572, 38.02707],
            [-121.82606, 38.02731],
            [-121.82639, 38.02756],
            [-121.82665, 38.02776],
            [-121.82675, 38.02783],
            [-121.82686, 38.0279],
            [-121.82709, 38.02802],
            [-121.82732, 38.02815],
            [-121.82748, 38.02828],
            [-121.82769, 38.02847],
            [-121.82776, 38.02852],
            [-121.82783, 38.02857],
            [-121.82791, 38.02861],
            [-121.82811, 38.02869],
            [-121.8291, 38.0291],
            [-121.82921, 38.02916],
            [-121.82929, 38.0292],
            [-121.82985, 38.02944],
            [-121.83001, 38.02951],
            [-121.83018, 38.02957],
            [-121.83065, 38.02971],
            [-121.83147, 38.02998],
            [-121.83174, 38.03007],
            [-121.832, 38.03149],
            [-121.83213, 38.03223],
            [-121.83219, 38.03258],
            [-121.83223, 38.03276],
            [-121.8323, 38.03293],
            [-121.83384, 38.03542],
            [-121.83749, 38.04142],
            [-121.84087, 38.04956],
            [-121.84224, 38.05737],
            [-121.84503, 38.06148]
          ]
        ]
      }
    }
  ]
}
