{
  "type": "FeatureCollection",
  "name": "YubaRiver_updated",
  "crs": {
    "type": "name",
    "properties": {
      "name": "urn:ogc:def:crs:OGC::CRS84"
    }
  },
  "features": [
    {
      "type": "Feature",
      "properties": {
        "GNIS_Name": "Middle Yuba River",
        "segment": "headwater",
        "flow_order": 1
      },
      "geometry": {
        "type": "MultiLineString",
        "coordinates": [
          [
            [-120.484851990090363, 39.4233980054737],
            [-120.484942923423603, 39.423454005473616],
            [-120.485057523423393, 39.423537605473484],
            [-120.485271123423047, 39.423735872139844],
            [-120.485538923422666, 39.424061472139329],
            [-120.485667923422454, 39.42428947213898],
            [-120.485744523422341, 39.424439805472105],
            [-120.485827656755532, 39.424579005471855],
            [-120.485888990088768, 39.424681672138377],
            [-120.486042390088528, 39.424919272138027],
            [-120.486118190088405, 39.425110072137727],
            [-120.486301723421491, 39.425361805470629],
            [-120.486407923421325, 39.425575805470316],
            [-120.486439123421235, 39.425819672136583],
            [-120.486484923421187, 39.42594227213641],
            [-120.48661459008764, 39.426251472135959],
            [-120.486720923420819, 39.426442872135624],
            [-120.486774723420751, 39.426624272135371],
            [-120.486805190087352, 39.426746605468509],
            [-120.486820390087303, 39.42685060546836],
            [-120.486858723420596, 39.426995605468107],
            [-120.486904523420549, 39.427095605467969],
            [-120.486881123420574, 39.42715820546789],
            [-120.486904790087181, 39.427329872134237],
            [-120.486874123420591, 39.427495872133989],
            [-120.486858723420596, 39.427662205467072],
            [-120.486858790087297, 39.427860405466788],
            [-120.486881056753873, 39.428021738799885],
            [-120.486889390087242, 39.428081805466434],
            [-120.486965590087095, 39.428304205466077],
            [-120.487003190087023, 39.428489672132457],
            [-120.487102390086875, 39.428676472132167],
            [-120.487270523419966, 39.428869272131863],
            [-120.487408123419755, 39.429020872131616],
            [-120.487545190086223, 39.42920407213137],
            [-120.487570990086169, 39.429270138797904],
            [-120.487598390086134, 39.429340405464472],
            [-120.487697790085974, 39.42962627213069],
            [-120.487842790085722, 39.429917672130273],
            [-120.487888190085698, 39.430085405463331],
            [-120.487934123418938, 39.430343072129574],
            [-120.487918790085644, 39.43060860546251],
            [-120.487888190085698, 39.430792605462216],
            [-120.487857990085729, 39.43094960546199],
            [-120.487835523419108, 39.43121040546157],
            [-120.487842923419066, 39.431345672128032],
            [-120.487842923419066, 39.431385072127966],
            [-120.487843190085755, 39.43200780546033],
            [-120.487834790085742, 39.432422072126371],
            [-120.487811990085788, 39.432570205459456],
            [-120.487804923419105, 39.432727672125907],
            [-120.487758790085877, 39.432857272125659],
            [-120.487728123419231, 39.433027872125422],
            [-120.487728190085932, 39.433163005458539],
            [-120.487697523419286, 39.433270405458359],
            [-120.487621390086076, 39.433449005458101],
            [-120.487552923419514, 39.43357807212459],
            [-120.487453790086363, 39.433729072124322],
            [-120.487308923419903, 39.434081872123784],
            [-120.487384990086468, 39.434128605457033],
            [-120.487423390086406, 39.434170005456963],
            [-120.487468790086325, 39.43422047212357],
            [-120.487499790086247, 39.434266272123523],
            [-120.487522723419545, 39.434316272123397],
            [-120.487568523419498, 39.434375805456682],
            [-120.487644390086075, 39.434445072123196],
            [-120.48772839008592, 39.434532472123067],
            [-120.487820123419112, 39.434629005456259],
            [-120.487888523419031, 39.434788205456016],
            [-120.487888923419007, 39.434936805455777],
            [-120.487888523419031, 39.435067405455584],
            [-120.487850723419058, 39.43521080545537],
            [-120.487773923419184, 39.435285672121893],
            [-120.487789790085799, 39.435452672121642],
            [-120.487743923419202, 39.435577805454784],
            [-120.487728323419276, 39.435609005454751],
            [-120.487744123419247, 39.43565440545467],
            [-120.487758990085865, 39.435681805454635],
            [-120.487804790085818, 39.435718805454599],
            [-120.487834923419086, 39.435751005454506],
            [-120.48790399008567, 39.435811005454411],
            [-120.488033190085446, 39.435890405454302],
            [-120.488124923418638, 39.435946405454217],
            [-120.488209323418516, 39.436002272120788],
            [-120.488300923418365, 39.436080872120669],
            [-120.488415390084867, 39.436227472120436],
            [-120.488468590084778, 39.436345672120297],
            [-120.488552190084647, 39.436419605453466],
            [-120.488651323417798, 39.436471272120059],
            [-120.48875852341763, 39.436523205453341],
            [-120.488849990084191, 39.43653867211998],
            [-120.48894132341735, 39.436626205453194],
            [-120.48901032341729, 39.436686272119744],
            [-120.489078590083807, 39.436786805452925],
            [-120.489140123417087, 39.436896272119441],
            [-120.489200923416945, 39.437019205452543],
            [-120.489261990083548, 39.437097072119116],
            [-120.489429990083295, 39.437253872118845],
            [-120.49036812341518, 39.438103005450898],
            [-120.490604723414776, 39.438270272117279],
            [-120.49087179008103, 39.43841567211706],
            [-120.491032390080818, 39.438473205450293],
            [-120.491268790080426, 39.438581872116799],
            [-120.491558190079957, 39.438732272116567],
            [-120.491741590079698, 39.438821805449777],
            [-120.491909723412789, 39.438875005449688],
            [-120.492115523412451, 39.438924472116241],
            [-120.492268123412202, 39.438963805449532],
            [-120.492489523411848, 39.439067672116039],
            [-120.492642123411599, 39.439165605449205],
            [-120.492733923411492, 39.439239605449131],
            [-120.492794323411374, 39.439376072115579],
            [-120.49282492341132, 39.439538872115293],
            [-120.492855590077966, 39.439634072115155],
            [-120.492893790077915, 39.439743072114993],
            [-120.492954523411129, 39.439911005448096],
            [-120.493054190077657, 39.440129405447749],
            [-120.493183990077455, 39.440398005447321],
            [-120.493275590077303, 39.440557605447054],
            [-120.493404990077124, 39.440695472113532],
            [-120.493534523410233, 39.440765872113388],
            [-120.49361839007679, 39.440776672113373],
            [-120.493702523409979, 39.440760472113425],
            [-120.493763990076559, 39.440707805446834],
            [-120.493885390076343, 39.440602272113665],
            [-120.49402319007612, 39.440564672113737],
            [-120.494198390075894, 39.44050087211383],
            [-120.494435190075535, 39.440415872113931],
            [-120.494476523408764, 39.440423738780623],
            [-120.494595390075233, 39.440446405447233],
            [-120.494778190074953, 39.440490872113855],
            [-120.495014990074594, 39.440550072113751],
            [-120.495182523407664, 39.440616672113663],
            [-120.495633190073647, 39.440766072113433],
            [-120.495655923406957, 39.440802605446663],
            [-120.495663523406961, 39.440852272113261],
            [-120.495655590073625, 39.440910672113205],
            [-120.495625323407012, 39.440968605446415],
            [-120.495625123406967, 39.441031672113013],
            [-120.495633190073647, 39.441090405446232],
            [-120.495678790073555, 39.441154405446127],
            [-120.495785790073398, 39.441291872112572],
            [-120.495838923406666, 39.4413696054458],
            [-120.495839123406654, 39.44158580544547],
            [-120.495854190073317, 39.441608672112125],
            [-120.495922590073178, 39.441646205445352],
            [-120.495998790073088, 39.441688405445291],
            [-120.496083390072954, 39.44180280544515],
            [-120.496128790072873, 39.441911872111632],
            [-120.496174323406137, 39.441939872111561],
            [-120.496204723406095, 39.442003605444825],
            [-120.496190190072809, 39.442084405444689],
            [-120.496151790072872, 39.442119605444645],
            [-120.495999390073052, 39.442219872111139],
            [-120.495884723406618, 39.44229847211102],
            [-120.495823923406704, 39.442355805444265],
            [-120.495785723406755, 39.442386472110911],
            [-120.495785390073422, 39.442436005444165],
            [-120.495785923406743, 39.442485605444062],
            [-120.495838790073321, 39.442549805443946],
            [-120.495930723406502, 39.442578805443929],
            [-120.496014523406416, 39.442589605443914],
            [-120.496212523406086, 39.442634405443869],
            [-120.496304590072612, 39.44268140544375],
            [-120.496349790072543, 39.442718405443713],
            [-120.496403590072475, 39.442836672110218],
            [-120.496410990072434, 39.442931472110047],
            [-120.496433790072388, 39.443026605443208],
            [-120.496449190072383, 39.44314400544306],
            [-120.496464523405677, 39.443202872109623],
            [-120.496525323405592, 39.443271805442862],
            [-120.496540923405576, 39.443339672109403],
            [-120.496548323405534, 39.443438872109255],
            [-120.49660972340547, 39.443548405442414],
            [-120.496693523405327, 39.443622205442296],
            [-120.496815523405132, 39.443683405442187],
            [-120.496952590071601, 39.443767472108732],
            [-120.497204723404536, 39.443826872108673],
            [-120.497402923404252, 39.443867272108605],
            [-120.497539990070663, 39.443892672108575],
            [-120.497609323403935, 39.443885205441916],
            [-120.497685590070489, 39.443864272108613],
            [-120.497761923403687, 39.443843405441953],
            [-120.497852923403514, 39.443854405441925],
            [-120.497929190070067, 39.443874072108599],
            [-120.498089323403178, 39.443904605441844],
            [-120.498211323402984, 39.443884672108595],
            [-120.498440923402597, 39.443840005441984],
            [-120.498715123402178, 39.443769405442083],
            [-120.499088790068299, 39.443655805442233],
            [-120.499295190067983, 39.443588205442381],
            [-120.499378990067839, 39.443499872109157],
            [-120.499486123401027, 39.44338960544269],
            [-120.499600323400841, 39.443301872109487],
            [-120.499691990067333, 39.443276872109493],
            [-120.499798590067201, 39.443301672109499],
            [-120.499882190067069, 39.443380072109335],
            [-120.499920723400351, 39.443421405442621],
            [-120.500035390066842, 39.443464405442569],
            [-120.500118923400009, 39.443502272109185],
            [-120.500324790066372, 39.443614805442337],
            [-120.500538390066026, 39.443714005442189],
            [-120.500683590065819, 39.44373507210878],
            [-120.501042590065254, 39.443787872108715],
            [-120.501179590065021, 39.44383587210865],
            [-120.501301523398183, 39.443919605441863],
            [-120.501370590064766, 39.443957072108446],
            [-120.501545923397828, 39.444010405441702],
            [-120.501675390064293, 39.444067272108271],
            [-120.501759390064137, 39.444132072108175],
            [-120.501835590064047, 39.444192272108069],
            [-120.501904523397229, 39.444297405441262],
            [-120.501980523397151, 39.444389072107811],
            [-120.502049190063701, 39.444435672107716],
            [-120.502125590063599, 39.444450805441022],
            [-120.502224790063394, 39.444462005440982],
            [-120.502323790063258, 39.444513605440932],
            [-120.502483923396369, 39.444584605440809],
            [-120.502644590062744, 39.444682672107319],
            [-120.502834923395824, 39.444821872107127],
            [-120.502934190062319, 39.444932205440296],
            [-120.503063990062117, 39.445079072106694],
            [-120.503193523395225, 39.445212472106505],
            [-120.50333852339503, 39.445323672106326],
            [-120.503498790061428, 39.445390205439537],
            [-120.503644123394565, 39.445487872106071],
            [-120.503842590060913, 39.44566340543912],
            [-120.504145123393755, 39.445831138772235],
            [-120.504155323393775, 39.445836805438887],
            [-120.504429590059999, 39.445986805438622],
            [-120.504719590059551, 39.446105605438447],
            [-120.504925723392546, 39.446128072105068],
            [-120.505185123392152, 39.446124605438399],
            [-120.505444590058403, 39.44611667210512],
            [-120.505505990058339, 39.446347672104764],
            [-120.505604790058158, 39.446615605437671],
            [-120.505689190058035, 39.446874205437268],
            [-120.505933323390991, 39.447541672102886],
            [-120.506070723390792, 39.448049072102094],
            [-120.506100923390761, 39.448279472101774],
            [-120.506185123390594, 39.44848400543475],
            [-120.506284190057102, 39.448679805434438],
            [-120.506344990057016, 39.448847805434184],
            [-120.506482523390162, 39.449166072100354],
            [-120.506711123389778, 39.449779072099432],
            [-120.506809990056297, 39.449938872099153],
            [-120.506925123389465, 39.450013405432401],
            [-120.50710059005587, 39.450143272098842],
            [-120.507245523388974, 39.450214005432088],
            [-120.50739072338871, 39.45029820543192],
            [-120.507550390055144, 39.450400672098453],
            [-120.50761892338835, 39.450595805431476],
            [-120.50761892338835, 39.450740005431271],
            [-120.507603723388399, 39.450879272097723],
            [-120.507519790055198, 39.451377472096965],
            [-120.507512590055228, 39.451499005430094],
            [-120.507519990055187, 39.451697272096453],
            [-120.507565990055127, 39.451856005429534],
            [-120.507619390055027, 39.451987672095981],
            [-120.507710590054899, 39.452138405429082],
            [-120.507771990054835, 39.452270272095575],
            [-120.507771923388134, 39.452373872095393],
            [-120.507665123388279, 39.452641872095001],
            [-120.50761899005505, 39.45281207209473],
            [-120.507604323388421, 39.453023472094401],
            [-120.507604123388376, 39.453125672094245],
            [-120.507603990055088, 39.453212605427439],
            [-120.507664723388302, 39.453403072093806],
            [-120.507825323388033, 39.453483205427005],
            [-120.5079319233879, 39.453508005426954],
            [-120.508092590054332, 39.453524872093624],
            [-120.508260390054033, 39.453524005426914],
            [-120.508389523387166, 39.453526805426918],
            [-120.508519390053664, 39.453552072093544],
            [-120.508626190053462, 39.453612872093458],
            [-120.508694990053357, 39.45365947209342],
            [-120.508770923386578, 39.453769205426568],
            [-120.508832323386514, 39.453883072093049],
            [-120.508916390053002, 39.454092072092749],
            [-120.508954723386296, 39.454219072092542],
            [-120.509000523386248, 39.454364205425634],
            [-120.509076390052769, 39.454473872092137],
            [-120.509214190052546, 39.454562472091993],
            [-120.509381923385661, 39.454642605425192],
            [-120.509641123385222, 39.454729272091754],
            [-120.509856123384907, 39.454872272091507],
            [-120.509892923384825, 39.454896805424823],
            [-120.510022923384668, 39.4550212054246],
            [-120.510144923384473, 39.455163472091044],
            [-120.510264723384296, 39.455233338757637],
            [-120.510289323384256, 39.455247672090934],
            [-120.510411723384038, 39.455281805424192],
            [-120.51056432338379, 39.455276072090896],
            [-120.51066379005033, 39.455237672090959],
            [-120.51070972338357, 39.455211605424324],
            [-120.510900123383294, 39.455067072091197],
            [-120.510983790049806, 39.455019272091306],
            [-120.511106123382945, 39.454972405424712],
            [-120.511250923382761, 39.454943872091405],
            [-120.51137299004921, 39.454942005424755],
            [-120.511579123382205, 39.454946472091422],
            [-120.511899590048415, 39.454944272091382],
            [-120.512143923381359, 39.454913472091448],
            [-120.512715723380495, 39.454889672091497],
            [-120.51295979004675, 39.454845405424862],
            [-120.513092790046528, 39.454851005424871],
            [-120.513173790046437, 39.45485447209154],
            [-120.513265723379618, 39.454865405424869],
            [-120.513364323379449, 39.454908072091484],
            [-120.513425190046007, 39.454954405424701],
            [-120.513493990045902, 39.455019005424617],
            [-120.513623990045744, 39.455102805424474],
            [-120.513776590045495, 39.45516020542442],
            [-120.51404339004506, 39.455255872090902],
            [-120.514279790044725, 39.455306005424177],
            [-120.514432790044452, 39.455313805424169],
            [-120.514585190044215, 39.455276472090873],
            [-120.51467672337742, 39.455238005424292],
            [-120.51477619004396, 39.455177005424389],
            [-120.514875190043767, 39.455129605424474],
            [-120.515042590043549, 39.455097072091178],
            [-120.515180390043326, 39.455104605424481],
            [-120.515401390042939, 39.455100272091158],
            [-120.515691323375847, 39.455075005424533],
            [-120.515856723375578, 39.455052205424579],
            [-120.515889790042195, 39.455047672091268],
            [-120.516072590041915, 39.455015472091304],
            [-120.516576523374454, 39.454918205424804],
            [-120.516679390040963, 39.45490520542478],
            [-120.516759590040863, 39.45489507209146],
            [-120.517171990040197, 39.454899405424783],
            [-120.51740059003987, 39.454926805424748],
            [-120.51751519003966, 39.454951805424741],
            [-120.517659723372788, 39.454995405424654],
            [-120.517743990039321, 39.45503320542457],
            [-120.517843590039149, 39.455116405424462],
            [-120.517854456705834, 39.455144338757748],
            [-120.517965323372323, 39.455429872090633],
            [-120.518041190038844, 39.455562072090459],
            [-120.518140790038728, 39.45572187209018],
            [-120.518194190038628, 39.45591667208987],
            [-120.518171523372018, 39.456046872089701],
            [-120.518140390038695, 39.45618580542282],
            [-120.518110190038783, 39.456320272089272],
            [-120.518102390038791, 39.456419272089136],
            [-120.518079723372125, 39.456522405422277],
            [-120.518041790038865, 39.456733272088627],
            [-120.518034323372206, 39.456863805421733],
            [-120.518056790038827, 39.456985872088239],
            [-120.518079523372137, 39.457080872088113],
            [-120.518186990038657, 39.457164272087937],
            [-120.51819452337196, 39.45717800542127],
            [-120.518270323371837, 39.457229205421186],
            [-120.51836212337173, 39.457262672087779],
            [-120.518514190038161, 39.457297405421059],
            [-120.518644523371279, 39.457309205421041],
            [-120.518766190037752, 39.457298272087769],
            [-120.518949523370793, 39.457248205421138],
            [-120.519140123370505, 39.457220672087885],
            [-120.519284990036908, 39.457210272087877],
            [-120.5194531900367, 39.457218405421202],
            [-120.519666390036321, 39.457250005421145],
            [-120.519796123369474, 39.45723920542116],
            [-120.519857256702721, 39.457229938754494],
            [-120.519925990035915, 39.457219472087843],
            [-120.520055590035724, 39.457190672087904],
            [-120.520490923368413, 39.457064805421453],
            [-120.520772523367953, 39.45700780542154],
            [-120.521040123367527, 39.456936872088306],
            [-120.521253590033893, 39.456878405421719],
            [-120.52143679003359, 39.456873272088387],
            [-120.521604723366693, 39.456890405421689],
            [-120.521734123366457, 39.456929205421659],
            [-120.521810523366355, 39.456966872088287],
            [-120.521863723366266, 39.456999472088228],
            [-120.521909590032863, 39.4570590720881],
            [-120.52198592336606, 39.457182272087948],
            [-120.52201672336605, 39.457295605421109],
            [-120.522031923366001, 39.457440005420835],
            [-120.522046990032663, 39.457566472087308],
            [-120.52201672336605, 39.457705472087127],
            [-120.521986390032737, 39.457822005420269],
            [-120.521932923366137, 39.458019005419942],
            [-120.52188652336622, 39.458157672086429],
            [-120.521734123366457, 39.45848320541927],
            [-120.521757323366444, 39.458668405418962],
            [-120.521780190033041, 39.458759005418813],
            [-120.521833723366342, 39.458850205418685],
            [-120.521901790032871, 39.458937272085223],
            [-120.522001390032699, 39.459016005418391],
            [-120.522146523365848, 39.459082072084982],
            [-120.522290923365631, 39.459125672084895],
            [-120.522512523365265, 39.45916647208486],
            [-120.522695590031617, 39.459165872084839],
            [-120.522886390031374, 39.459152005418218],
            [-120.523145390030948, 39.459139472084871],
            [-120.523366723363949, 39.459103605418306],
            [-120.523550323363622, 39.459049005418365],
            [-120.523641990030171, 39.458983405418451],
            [-120.523695323363427, 39.458912405418573],
            [-120.523755923363353, 39.458841672085327],
            [-120.523817390029876, 39.458788872085449],
            [-120.523900723363113, 39.458754605418846],
            [-120.524015390029604, 39.45873460541884],
            [-120.524160190029363, 39.458728605418855],
            [-120.52428999002916, 39.458713405418905],
            [-120.524450790028936, 39.458725805418851],
            [-120.524557590028735, 39.458746072085489],
            [-120.524625790028665, 39.458792605418751],
            [-120.524702590028539, 39.458839272085356],
            [-120.524843790028285, 39.458922338751904],
            [-120.52488539002826, 39.45894680541852],
            [-120.525236190027726, 39.459215472084793],
            [-120.525404123360772, 39.459376805417833],
            [-120.525686323360333, 39.45954940541759],
            [-120.526007323359863, 39.459695872084012],
            [-120.526106190026326, 39.459815072083813],
            [-120.526381123359272, 39.459969605416916],
            [-120.526464790025784, 39.460066005416763],
            [-120.526480190025779, 39.460124872083384],
            [-120.526533390025691, 39.460202605416555],
            [-120.526655390025496, 39.460286272083124],
            [-120.526769723358655, 39.460360805416315],
            [-120.526892323358481, 39.460426472082872],
            [-120.52707532335819, 39.460448405416173],
            [-120.527235123357912, 39.460429205416233],
            [-120.527410790024305, 39.460451005416189],
            [-120.527670123357268, 39.460452005416187],
            [-120.527878190023614, 39.460492872082796],
            [-120.527952923356793, 39.460507605416126],
            [-120.528402990022812, 39.460575672082655],
            [-120.528647123355711, 39.460657472082517],
            [-120.528775923355511, 39.460712872082468],
            [-120.528845190022082, 39.460742805415748],
            [-120.528982390021895, 39.460826805415593],
            [-120.52898972335521, 39.460839005415608],
            [-120.529020923355176, 39.4608906054155],
            [-120.529104923355021, 39.461185205415063],
            [-120.529172990021607, 39.461290272081555],
            [-120.529295323354745, 39.461387472081412],
            [-120.529425390021174, 39.461466805414602],
            [-120.529523123354352, 39.46149773874788],
            [-120.529562590020987, 39.461510272081227],
            [-120.529875390020493, 39.461539405414499],
            [-120.530050790020198, 39.461610672081065],
            [-120.530202990019973, 39.46170407208092],
            [-120.530294990019854, 39.461832072080711],
            [-120.530386590019702, 39.461915205413902],
            [-120.530531723352794, 39.461958805413872],
            [-120.530600190019356, 39.461955672080535],
            [-120.530653390019268, 39.461929805413888],
            [-120.530736990019136, 39.461886605413952],
            [-120.53079059001908, 39.461869672080638],
            [-120.53084272335235, 39.46187080541398],
            [-120.530866790018933, 39.461871272080657],
            [-120.530943323352176, 39.461886472080607],
            [-120.530996723352075, 39.461937072080559],
            [-120.5310267900187, 39.462027872080398],
            [-120.531050390018663, 39.462123005413616],
            [-120.531141523351891, 39.462237472080062],
            [-120.531263923351673, 39.462330205413252],
            [-120.531400790018154, 39.462423205413131],
            [-120.531782923350875, 39.462530405412963],
            [-120.531973190017254, 39.462570472079562],
            [-120.532080123350397, 39.462649272079432],
            [-120.532156590016939, 39.462727472079337],
            [-120.532240723350185, 39.462914005412358],
            [-120.53233192335, 39.46300600541224],
            [-120.532446590016491, 39.463071472078809],
            [-120.53256099001635, 39.463123472078678],
            [-120.532744390016035, 39.463195005411933],
            [-120.532851323349234, 39.463233272078526],
            [-120.533033723348922, 39.463372272078345],
            [-120.533163390015375, 39.463465072078179],
            [-120.533377390015062, 39.46359580541133],
            [-120.533590790014728, 39.463767005411057],
            [-120.533835523347705, 39.463974872077358],
            [-120.534086790013987, 39.46418287207706],
            [-120.534186123347126, 39.464207605410365],
            [-120.534284790013658, 39.46420960541036],
            [-120.534361923346864, 39.464229272076977],
            [-120.534453323346725, 39.46429427207687],
            [-120.534521590013298, 39.464376805410097],
            [-120.534530590013276, 39.464414272076681],
            [-120.534536790013249, 39.464440205409971],
            [-120.534506723346624, 39.464529672076537],
            [-120.534461123346716, 39.464587272076415],
            [-120.534376723346838, 39.464653005409673],
            [-120.534293190013614, 39.464732272076219],
            [-120.534246790013697, 39.464812405409418],
            [-120.534201390013777, 39.464888072075951],
            [-120.534199856680459, 39.464907138742603],
            [-120.534193323347154, 39.464991472075781],
            [-120.534201323347133, 39.465113272075598],
            [-120.534247390013718, 39.465249405408713],
            [-120.534284990013646, 39.465358272075264],
            [-120.534430123346738, 39.465568605408237],
            [-120.534506323346648, 39.465736872074672],
            [-120.534621390013115, 39.465933005407692],
            [-120.534697323346336, 39.466105805407437],
            [-120.534727923346281, 39.466246072073886],
            [-120.534727790012994, 39.466394672073648],
            [-120.534704723346351, 39.46655640540672],
            [-120.534727590012949, 39.466710005406469],
            [-120.534750790012936, 39.466895205406161],
            [-120.534834590012792, 39.467117672072504],
            [-120.534880790012721, 39.467289872072229],
            [-120.534956590012598, 39.46746707207194],
            [-120.535017390012513, 39.467657605405009],
            [-120.535032990012496, 39.467833605404735],
            [-120.535017723345845, 39.467959405404542],
            [-120.535017523345857, 39.468108072070947],
            [-120.534986923345912, 39.468233605404123],
            [-120.534964590012578, 39.468350272070609],
            [-120.53494172334598, 39.468484872070405],
            [-120.534949590012616, 39.468538272070305],
            [-120.534956990012631, 39.4685888720702],
            [-120.534968190012592, 39.468625338736842],
            [-120.534994723345903, 39.468711272070038],
            [-120.535025323345849, 39.468833605403177],
            [-120.535071190012445, 39.469032672069545],
            [-120.535101923345735, 39.469195472069259],
            [-120.535147323345655, 39.469430672068938],
            [-120.535147436887314, 39.469433257485605],
            [-120.535193790012215, 39.470492005400615],
            [-120.534994123345882, 39.470987672066485],
            [-120.534965856679264, 39.47105780539971],
            [-120.53492299001266, 39.471164005399544],
            [-120.534076523347323, 39.471985872064977],
            [-120.53392279001423, 39.472572005397353],
            [-120.533800190014404, 39.473350272062817],
            [-120.53389199001424, 39.473868872062042],
            [-120.533979723347443, 39.474364472061268],
            [-120.534085523347301, 39.474962272060338],
            [-120.534195990013814, 39.475374672059672],
            [-120.534251056680375, 39.475580405392691],
            [-120.53430379001361, 39.475777272059076],
            [-120.534512123346644, 39.477951938722356],
            [-120.534602790013139, 39.478897872054233],
            [-120.53484279001276, 39.481402672050308],
            [-120.534845590012765, 39.481431805383636],
            [-120.535216923345558, 39.482031672049345],
            [-120.535289856678787, 39.482149605382517],
            [-120.535327723345347, 39.482210672049064],
            [-120.536860190009634, 39.484686405378568],
            [-120.537214923342447, 39.485233338711055],
            [-120.5379704566746, 39.486398205375906],
            [-120.53815859000764, 39.486688205375458],
            [-120.543584723332572, 39.490810605369063],
            [-120.546988523327286, 39.492896805365831],
            [-120.547568323326345, 39.493252205365252],
            [-120.547745523326114, 39.493489538698213],
            [-120.548802523324468, 39.494905272029371],
            [-120.549793589989577, 39.496232738694005],
            [-120.549892989989416, 39.496365805360426],
            [-120.550827723321333, 39.497680272025093],
            [-120.547879523325889, 39.499902272021643],
            [-120.548305523325212, 39.501551805352392],
            [-120.548457723324987, 39.502140872018117],
            [-120.548509256658235, 39.502174938684732],
            [-120.549611523323222, 39.502903072016977],
            [-120.553461389983909, 39.505446005346357],
            [-120.554880189981702, 39.506383005344901],
            [-120.55761812331076, 39.507678005342882],
            [-120.558003789976851, 39.507860405342626],
            [-120.559003789975293, 39.508480272008285],
            [-120.55896732330865, 39.508736205341222],
            [-120.55873998997572, 39.509116472007292],
            [-120.558626771225875, 39.509376893881893],
            [-120.558624723309208, 39.509381605340252],
            [-120.558449523309491, 39.509531072006666],
            [-120.558312389976379, 39.509690405339768],
            [-120.558266589976427, 39.509833605339509],
            [-120.558228389976478, 39.509967872005973],
            [-120.558174923309878, 39.510106405339116],
            [-120.558128989976638, 39.510150472005705],
            [-120.558037189976801, 39.510198072005664],
            [-120.557922723310298, 39.510249805338901],
            [-120.557884789977038, 39.510294005338835],
            [-120.557838923310442, 39.510401205338667],
            [-120.557823923310423, 39.510603472005016],
            [-120.557808323310496, 39.51071580533818],
            [-120.557709523310621, 39.510817272004658],
            [-120.557594789977486, 39.510936605337804],
            [-120.557442123311034, 39.511167605337448],
            [-120.557365789977837, 39.511517272003573],
            [-120.55731318997789, 39.51200007200282],
            [-120.557312389977938, 39.512007205336147],
            [-120.55728192331128, 39.512317405335693],
            [-120.557243989978019, 39.512523805335377],
            [-120.557182923311473, 39.51273420533505],
            [-120.557152589978159, 39.512810072001571],
            [-120.557098789978227, 39.512935072001369],
            [-120.557076189978261, 39.513060805334533],
            [-120.557107123311539, 39.513156005334395],
            [-120.557167523311477, 39.513256405334232],
            [-120.557312523311225, 39.51337207200072],
            [-120.557533789977583, 39.513507272000481],
            [-120.55769432331067, 39.51359627200037],
            [-120.557742056643917, 39.513671872000259],
            [-120.55775492331054, 39.513692205333541],
            [-120.557808323310496, 39.513846405333311],
            [-120.557876989977046, 39.514023605333023],
            [-120.557969123310215, 39.514093071999582],
            [-120.55826612330975, 39.514248005332661],
            [-120.558487523309395, 39.514378671999168],
            [-120.558677989975763, 39.514418805332411],
            [-120.558937723308702, 39.514500805332318],
            [-120.559022789975245, 39.514532138665572],
            [-120.5590675899752, 39.514548605332209],
            [-120.559189189974973, 39.514645671998721],
            [-120.559242989974905, 39.514791005331858],
            [-120.55926505664155, 39.51488667199834],
            [-120.559288989974846, 39.514990205331515],
            [-120.559327123308094, 39.515211805331205],
            [-120.559448989974612, 39.515426071997524],
            [-120.559639389974279, 39.515574205330608],
            [-120.55982272330732, 39.515654605330496],
            [-120.560128323306856, 39.515769071996999],
            [-120.560303789973261, 39.515844871996876],
            [-120.560433523306415, 39.515960205330032],
            [-120.560509389972935, 39.516056405329891],
            [-120.560593123306148, 39.516157271996406],
            [-120.56066958997269, 39.516194871996333],
            [-120.560822523305774, 39.516207071996291],
            [-120.560997523305502, 39.516170271996373],
            [-120.561104789972035, 39.516124138663088],
            [-120.561127389972, 39.516114405329802],
            [-120.561234589971832, 39.516062605329864],
            [-120.561348723305002, 39.516024405329915],
            [-120.561455389971456, 39.516008605329944],
            [-120.561654123304493, 39.516021805329956],
            [-120.562012189970631, 39.5160924053298],
            [-120.562233723303621, 39.516119605329777],
            [-120.562493389969859, 39.516138471996442],
            [-120.562714589969517, 39.516111605329797],
            [-120.56303512330237, 39.516050805329883],
            [-120.563222989968722, 39.516008671996644],
            [-120.563622789968122, 39.51591900533009],
            [-120.563912789967674, 39.515839471996856],
            [-120.564225189967203, 39.515760405330354],
            [-120.564470856633477, 39.515694671997096],
            [-120.564553189966659, 39.515672671997152],
            [-120.564843189966211, 39.515611205330572],
            [-120.565040456632573, 39.515574338663953],
            [-120.565102989965794, 39.515562605330672],
            [-120.565499589965214, 39.515530405330708],
            [-120.565786456631429, 39.515529138664022],
            [-120.566033189964401, 39.51552800533068],
            [-120.566453323297083, 39.515532271997358],
            [-120.566819723296476, 39.51555347199735],
            [-120.567162523295963, 39.515601205330597],
            [-120.567399389962247, 39.51564667199716],
            [-120.567749923295025, 39.515748671997017],
            [-120.567868323294874, 39.515797138663629],
            [-120.56806298996122, 39.515876871996795],
            [-120.568337523294133, 39.516035671996576],
            [-120.568352056627418, 39.516050138663218],
            [-120.568512989960539, 39.516210605329661],
            [-120.568734523293529, 39.51640887199602],
            [-120.56888712329328, 39.516574271995751],
            [-120.569039589959687, 39.51676667199547],
            [-120.569146189959554, 39.516962605328445],
            [-120.569207523292789, 39.517103471994915],
            [-120.569253189959397, 39.51729360532795],
            [-120.56947418995901, 39.517604605327449],
            [-120.569672723292058, 39.517770871993889],
            [-120.569962589958266, 39.517984205326911],
            [-120.570168923291305, 39.518137071993294],
            [-120.570313923291053, 39.518270805326438],
            [-120.570397523290922, 39.518394205326274],
            [-120.570466723290849, 39.518602805325941],
            [-120.570534723290734, 39.518797871992263],
            [-120.570618589957235, 39.51902040532525],
            [-120.57062058995723, 39.519023805325276],
            [-120.570779323290367, 39.519289471991499],
            [-120.570893523290181, 39.519413471991356],
            [-120.571045989956588, 39.5195022719912],
            [-120.571175723289741, 39.519554605324458],
            [-120.571389323289395, 39.51958160532439],
            [-120.571587589955755, 39.519648805324323],
            [-120.571732523288858, 39.519768871990777],
            [-120.571870189955291, 39.519888871990588],
            [-120.571923523288547, 39.519984605323771],
            [-120.572053589955033, 39.520109005323604],
            [-120.572095256621651, 39.520137405323567],
            [-120.572182923288153, 39.520197205323427],
            [-120.572289523288021, 39.520244471990054],
            [-120.572465389954402, 39.520288671989988],
            [-120.572816123287168, 39.520323071989935],
            [-120.572905323287046, 39.520327605323246],
            [-120.573273989953123, 39.520346205323222],
            [-120.573686323285813, 39.520404271989776],
            [-120.573930323285424, 39.520477005323016],
            [-120.574116056618493, 39.520551538656207],
            [-120.574166989951721, 39.52057200532289],
            [-120.574258123284949, 39.520668471989381],
            [-120.574403589951373, 39.520811205322502],
            [-120.574616789951051, 39.520932805322332],
            [-120.575367401408243, 39.521242629280152],
            [-120.57560172328283, 39.521310471988386],
            [-120.575968723282301, 39.521290671988424],
            [-120.576282123281771, 39.521452805321474],
            [-120.576730256614439, 39.521794738654307],
            [-120.577145389947134, 39.522111471987159],
            [-120.577467389946605, 39.522219605320288],
            [-120.577697056612919, 39.522296671986851],
            [-120.578218856612125, 39.522471871986568],
            [-120.578336789945297, 39.522511471986547],
            [-120.580392789942096, 39.52251767198652],
            [-120.581966656606312, 39.522464871986585],
            [-120.582310944105757, 39.522453334486613],
            [-120.582581389938696, 39.522444271986615],
            [-120.582657903480253, 39.522451571986608],
            [-120.582780523271708, 39.522463271986624],
            [-120.5829791232714, 39.522354805320106],
            [-120.58314718993779, 39.522223071986957],
            [-120.58329952327091, 39.522068605320555],
            [-120.583436989937354, 39.521877805320855],
            [-120.583505589937261, 39.52168100532117],
            [-120.583574389937155, 39.521560871988015],
            [-120.583650789937053, 39.521499405321435],
            [-120.583730123270243, 39.521484271988129],
            [-120.583757523270208, 39.521479071988153],
            [-120.583864389936707, 39.521481271988137],
            [-120.583947923269875, 39.521505605321408],
            [-120.584024123269785, 39.521570205321325],
            [-120.584184589936172, 39.521722205321055],
            [-120.584360189935921, 39.521879005320841],
            [-120.584467189935765, 39.522002805320653],
            [-120.584604123268889, 39.522100271987142],
            [-120.584825523268535, 39.522195005320327],
            [-120.585016323268235, 39.522311605320169],
            [-120.585153123268014, 39.522454005319958],
            [-120.585328789934408, 39.522628871986342],
            [-120.585473723267512, 39.522789471986073],
            [-120.58559558993403, 39.522882071985975],
            [-120.585763723267064, 39.522917205319231],
            [-120.586000323266717, 39.522971605319128],
            [-120.586175789933122, 39.522966271985808],
            [-120.586503923265923, 39.522919005319238],
            [-120.58671792326561, 39.522910005319261],
            [-120.586915589931948, 39.522909605319228],
            [-120.587083589931694, 39.522953605319174],
            [-120.587175323264887, 39.523014071985756],
            [-120.587259589931421, 39.523096871985615],
            [-120.587320323264692, 39.523233271985418],
            [-120.587364923264602, 39.523317205318619],
            [-120.587373589931246, 39.523333471985268],
            [-120.58743512326447, 39.523384271985151],
            [-120.587526389930986, 39.5234358053184],
            [-120.587663923264131, 39.523497205318336],
            [-120.587885189930432, 39.523546805318233],
            [-120.587999589930291, 39.523562671984905],
            [-120.588090723263463, 39.523555605318222],
            [-120.588236189929887, 39.523491005318363],
            [-120.588426589929611, 39.523472471985031],
            [-120.588671123262543, 39.523468471985041],
            [-120.589121123261862, 39.523446405318396],
            [-120.589327189928213, 39.523437005318442],
            [-120.589487123261279, 39.523458405318365],
            [-120.589616723261088, 39.52347460531837],
            [-120.589700923260978, 39.523458271985078],
            [-120.589777323260876, 39.523437405318418],
            [-120.58988398992733, 39.523399005318481],
            [-120.589959989927252, 39.523342005318568],
            [-120.590013323260507, 39.523190005318781],
            [-120.590089989927037, 39.523056471985683],
            [-120.590128123260286, 39.522962605319151],
            [-120.59017372326025, 39.522905005319274],
            [-120.590230723260163, 39.522883871985925],
            [-120.590265789926775, 39.522870871985958],
            [-120.590456389926487, 39.522780271986107],
            [-120.5906239899262, 39.522752205319478],
            [-120.590837389925866, 39.522675605319591],
            [-120.591028723258887, 39.522593871986373],
            [-120.591134989925422, 39.522546605319803],
            [-120.591234723258594, 39.522521605319866],
            [-120.591348589925076, 39.522528471986504],
            [-120.591478589924861, 39.522553671986486],
            [-120.591653989924623, 39.522548271986466],
            [-120.591783989924409, 39.52251047198655],
            [-120.59192858992418, 39.522450405319944],
            [-120.592088723257291, 39.522363671986739],
            [-120.592187723257098, 39.522293605320215],
            [-120.592317589923596, 39.522260271986909],
            [-120.592470123256646, 39.522240871986924],
            [-120.592600323256477, 39.522221071986962],
            [-120.592775389922849, 39.522139071987112],
            [-120.592996923255839, 39.522062671987214],
            [-120.59311912325569, 39.522038205320598],
            [-120.593217989922152, 39.522017671987271],
            [-120.593256523255434, 39.52201847198728],
            [-120.593370989921937, 39.522052405320551],
            [-120.593423923255216, 39.522098471987192],
            [-120.593500323255057, 39.52213607198712],
            [-120.593576723254955, 39.522137671987082],
            [-120.59364552325485, 39.522103071987146],
            [-120.593744723254702, 39.5220286053206],
            [-120.593996589920948, 39.521871671987526],
            [-120.594164189920718, 39.521776005320987],
            [-120.594324789920449, 39.521716271987771],
            [-120.594462323253595, 39.521699738654434],
            [-120.594484723253572, 39.521697071987774],
            [-120.594644989919971, 39.521727405321087],
            [-120.594858389919636, 39.521799405320962],
            [-120.595064589919332, 39.521871205320849],
            [-120.59530098991894, 39.521889605320837],
            [-120.595400523252124, 39.521873671987521],
            [-120.595499589918632, 39.521844205320917],
            [-120.595567589918517, 39.521791605320971],
            [-120.595613989918434, 39.521729471987726],
            [-120.595690189918344, 39.521627405321226],
            [-120.595865589918048, 39.521432871988225],
            [-120.595934323251299, 39.521276605321759],
            [-120.596010589917853, 39.521152071988638],
            [-120.596170389917575, 39.520988671988903],
            [-120.596330723250674, 39.52089287198902],
            [-120.596590189916924, 39.520767671989233],
            [-120.59688778991648, 39.5206566719894],
            [-120.596994923249667, 39.520604871989462],
            [-120.597045323249574, 39.520602405322848],
            [-120.59712452324942, 39.520598471989501],
            [-120.597307789915817, 39.520620405322802],
            [-120.597406723249037, 39.520658405322706],
            [-120.597521389915471, 39.520705871989321],
            [-120.597650523248603, 39.520821071989133],
            [-120.597811123248391, 39.520991071988874],
            [-120.59790992324821, 39.521141805321975],
            [-120.597948123248159, 39.521255205321779],
            [-120.598039723248007, 39.521446271988168],
            [-120.598215123247769, 39.521693205321128],
            [-120.598413589914117, 39.521841405320913],
            [-120.598604189913829, 39.521921871987445],
            [-120.598764523246928, 39.521997271987345],
            [-120.598886723246721, 39.522058405320536],
            [-120.599153989912963, 39.522086405320522],
            [-120.599390523245916, 39.522100271987142],
            [-120.599604523245603, 39.52207320532051],
            [-120.599893923245133, 39.522052205320563],
            [-120.600038923244938, 39.522019071987302],
            [-120.600077189911531, 39.521983871987345],
            [-120.600115523244824, 39.521948605320745],
            [-120.600145589911449, 39.52187707198749],
            [-120.600168523244747, 39.52178300532097],
            [-120.600198989911348, 39.521657471987851],
            [-120.600214589911332, 39.521626271987884],
            [-120.600267789911243, 39.521600405321294],
            [-120.600359723244424, 39.521570671988002],
            [-120.600519789910834, 39.521565005321349],
            [-120.60071052324389, 39.521560005321362],
            [-120.601061923243321, 39.521558205321355],
            [-120.601213989909752, 39.521552271988014],
            [-120.601450789909393, 39.521516671988081],
            [-120.601839323242132, 39.521506671988107],
            [-120.602259323241469, 39.521555871988028],
            [-120.602510723241096, 39.521583605321325],
            [-120.60291512324045, 39.521596405321304],
            [-120.603251523239919, 39.521585405321275],
            [-120.603510589906193, 39.521577205321307],
            [-120.603869323238996, 39.521566605321311],
            [-120.604357723238195, 39.5215316053214],
            [-120.604624789904449, 39.521501071988098],
            [-120.604944923237326, 39.521453605321483],
            [-120.605151123236965, 39.521417271988241],
            [-120.605440723236541, 39.52134667198834],
            [-120.605769189902674, 39.521245405321849],
            [-120.606020989902333, 39.521133471988662],
            [-120.606127189902168, 39.521108605322013],
            [-120.606169789902083, 39.521106338655386],
            [-120.60624958990195, 39.521102071988707],
            [-120.606394589901697, 39.521132071988688],
            [-120.606684189901273, 39.521192205321881],
            [-120.607035389900716, 39.521271471988427],
            [-120.607044656567382, 39.521273805321755],
            [-120.607501123233362, 39.521389205321611],
            [-120.607744789899641, 39.521448205321519],
            [-120.608256123232195, 39.521571405321311],
            [-120.608637589898251, 39.521660271987855],
            [-120.608820389897971, 39.521673071987834],
            [-120.609156189897419, 39.521698005321127],
            [-120.609545189896835, 39.521692471987819],
            [-120.609949723229533, 39.521664805321166],
            [-120.610376789895554, 39.5216556053212],
            [-120.610728123228341, 39.521631271987872],
            [-120.611109389894409, 39.521603071987954],
            [-120.611445123227213, 39.521564871988005],
            [-120.611789123226686, 39.521499871988112],
            [-120.612025523226293, 39.521410205321558],
            [-120.612155123226103, 39.521340805321699],
            [-120.612314923225881, 39.521281005321782],
            [-120.612605189892065, 39.521147205321995],
            [-120.612807323225127, 39.521055071988769],
            [-120.612841523225029, 39.521039471988786],
            [-120.612986789891465, 39.520938805322317],
            [-120.613314323224301, 39.520778871989194],
            [-120.613489989890695, 39.520701405322654],
            [-120.613619523223861, 39.520654471989417],
            [-120.613795523223587, 39.520631071989442],
            [-120.614069723223167, 39.520672805322704],
            [-120.614344323222724, 39.520764005322576],
            [-120.614611989888942, 39.520846071989126],
            [-120.614954989888417, 39.520974805322226],
            [-120.61536718988782, 39.521127405322034],
            [-120.615786323220505, 39.521307071988417],
            [-120.615826123220415, 39.521321871988391],
            [-120.616389323219551, 39.521531205321367],
            [-120.616778323218966, 39.521656271987865],
            [-120.616842789885482, 39.521665005321154],
            [-120.617014989885263, 39.521688205321141],
            [-120.617274589884858, 39.521707005321105],
            [-120.617541389884423, 39.521708005321102],
            [-120.617754923217433, 39.521694405321114],
            [-120.618044723216997, 39.521637205321213],
            [-120.618624589882756, 39.521541005321353],
            [-120.61918178988185, 39.521426271988219],
            [-120.619555789881304, 39.521352871988313],
            [-120.619807389880918, 39.521308471988391],
            [-120.620051323213886, 39.521277471988412],
            [-120.620310923213481, 39.521273805321755],
            [-120.620646589879584, 39.521325671988393],
            [-120.621123656545535, 39.521412205321553],
            [-120.621150323212134, 39.521417071988196],
            [-120.621570123211484, 39.521470671988141],
            [-120.622035523210798, 39.521489271988116],
            [-120.622271723210417, 39.521489605321449],
            [-120.622455323210147, 39.52145727198814],
            [-120.622821123209576, 39.521347671988337],
            [-120.622851989876153, 39.521339271988325],
            [-120.622981589875963, 39.521269871988466],
            [-120.623110723209095, 39.521191405321929],
            [-120.623301589875496, 39.521051205322124],
            [-120.623477389875234, 39.520820605322456],
            [-120.62360658987501, 39.52063400532279],
            [-120.623721189874857, 39.520451671989747],
            [-120.623881389874555, 39.520166671990182],
            [-120.623958123207785, 39.519965405323831],
            [-120.624057523207625, 39.519823271990674],
            [-120.624171389874107, 39.519722071990827],
            [-120.624278589873938, 39.519625071991015],
            [-120.624415723207107, 39.519551405324478],
            [-120.6246447898734, 39.519547005324455],
            [-120.624964923206221, 39.51958507199106],
            [-120.625308789872349, 39.519628205324352],
            [-120.625522323205359, 39.519677605324262],
            [-120.625690123205118, 39.519721605324207],
            [-120.625834589871545, 39.519769605324086],
            [-120.626048723204576, 39.519931605323848],
            [-120.626071589871174, 39.519941071990502],
            [-120.626239389870932, 39.520093071990289],
            [-120.626521723203837, 39.520193471990126],
            [-120.626735389870134, 39.520215871990104],
            [-120.626910923203241, 39.520273471989981],
            [-120.626995323203062, 39.520336538656579],
            [-120.627010123203036, 39.520347605323195],
            [-120.627055589869656, 39.52044320532309],
            [-120.627070989869651, 39.520569605322862],
            [-120.627101389869608, 39.52074140532261],
            [-120.627138456536215, 39.520887805322388],
            [-120.627139189869524, 39.520890805322381],
            [-120.627200589869403, 39.521054205322116],
            [-120.627238789869352, 39.521253205321784],
            [-120.627246589869344, 39.521388471988246],
            [-120.627231189869406, 39.521500805321409],
            [-120.627215989869399, 39.521604071987952],
            [-120.627230989869361, 39.521676471987803],
            [-120.6272465232027, 39.521735405321067],
            [-120.627314789869274, 39.521840405320916],
            [-120.627314989869262, 39.52185840532087],
            [-120.627345589869208, 39.521917605320766],
            [-120.627345723202552, 39.521935605320778],
            [-120.627421523202429, 39.522166871987054],
            [-120.627498123202315, 39.522564871986447],
            [-120.627604923202114, 39.522823805319376],
            [-120.627750389868595, 39.52301147198574],
            [-120.627841789868455, 39.523126005318886],
            [-120.628169723201268, 39.523380405318505],
            [-120.62853558986734, 39.523545605318247],
            [-120.628772323200337, 39.523618005318156],
            [-120.6289247232001, 39.523733671984644],
            [-120.629039123199902, 39.523857605317744],
            [-120.6291689231997, 39.524013405317532],
            [-120.629199523199645, 39.524054605317474],
            [-120.629405789865984, 39.524297605317088],
            [-120.629657789865632, 39.524541405316711],
            [-120.629691056532238, 39.524564738649985],
            [-120.629809723198719, 39.524648071983222],
            [-120.629931723198524, 39.524758671983022],
            [-120.630015923198414, 39.524828005316238],
            [-120.630034389865045, 39.524836338649607],
            [-120.630130523198204, 39.524879871982876],
            [-120.630222123198052, 39.524899805316124],
            [-120.630359589864554, 39.524898071982818],
            [-120.630481389864315, 39.524869005316191],
            [-120.630618723197472, 39.524786271982975],
            [-120.630725723197315, 39.524720871983106],
            [-120.630878189863722, 39.524660871983201],
            [-120.631015923196856, 39.52463220531655],
            [-120.631092123196709, 39.52461567198327],
            [-120.631137723196673, 39.524576071983347],
            [-120.63114538986332, 39.524562805316691],
            [-120.631190723196596, 39.52451407198339],
            [-120.631206123196534, 39.524487405316791],
            [-120.631335723196344, 39.524418005316875],
            [-120.631549723196031, 39.524368205316989],
            [-120.631710323195762, 39.524308405317072],
            [-120.631862789862168, 39.52420787198389],
            [-120.632015323195276, 39.523999271984223],
            [-120.632121389861766, 39.523911405317676],
            [-120.632259389861588, 39.523810605317863],
            [-120.632365923194754, 39.523758671984581],
            [-120.632411923194695, 39.523750605317957],
            [-120.632930389860519, 39.523639605318124],
            [-120.632977323193813, 39.5236314719848],
            [-120.633412056526481, 39.523556071984899],
            [-120.633418989859763, 39.523554871984913],
            [-120.633632923192806, 39.523535805318261],
            [-120.633747189859264, 39.523525605318298],
            [-120.634212589858521, 39.523503471985009],
            [-120.634342123191686, 39.523519671984957],
            [-120.634427389858217, 39.52354060531826],
            [-120.634601589857937, 39.523583471984864],
            [-120.635051589857255, 39.523736805317981],
            [-120.635127723190465, 39.523765405317931],
            [-120.635555189856461, 39.523873205317727],
            [-120.635806589856088, 39.523896405317714],
            [-120.635898323189281, 39.523938805317641],
            [-120.636005589855756, 39.523990471984234],
            [-120.636111723188947, 39.524055671984115],
            [-120.636226789855414, 39.524157205317294],
            [-120.636356123188534, 39.524267871983795],
            [-120.636478389855029, 39.524351471983664],
            [-120.636531523188296, 39.524388605316972],
            [-120.636638389854795, 39.524476271983474],
            [-120.63690518985436, 39.524603405316611],
            [-120.637019923187495, 39.524610205316606],
            [-120.637188323187274, 39.524618205316585],
            [-120.637355923186988, 39.524608071983266],
            [-120.637790589853012, 39.524567271983358],
            [-120.637958323186069, 39.524575271983338],
            [-120.638225323185623, 39.524571671983324],
            [-120.638545723185132, 39.524510605316777],
            [-120.638759189851498, 39.524433871983547],
            [-120.638957989851178, 39.524338805317029],
            [-120.639171389850844, 39.524221471983878],
            [-120.639331789850587, 39.524080605317408],
            [-120.639499789850333, 39.523903871984373],
            [-120.639652723183417, 39.523794405317858],
            [-120.639919523183039, 39.523556471984875],
            [-120.640123456516051, 39.523376938651836],
            [-120.640239389849171, 39.523274805318692],
            [-120.64037698984896, 39.523232471985409],
            [-120.640446189848888, 39.523206871985451],
            [-120.640567456515328, 39.523158471985539],
            [-120.640575123182032, 39.523155405318846],
            [-120.640727789848427, 39.523091005318975],
            [-120.640941389848081, 39.523032205319055],
            [-120.641132589847814, 39.523009071985769],
            [-120.641330589847485, 39.523026605319046],
            [-120.641331923180815, 39.523026938652379],
            [-120.641490789847239, 39.523061405319027],
            [-120.641605589847074, 39.523126805318896],
            [-120.641719989846877, 39.523142605318867],
            [-120.641872723179972, 39.523118671985571],
            [-120.642078589846335, 39.523136405318894],
            [-120.642276789846051, 39.523167471985516],
            [-120.642459989845747, 39.523189205318829],
            [-120.642696723178688, 39.523284071985302],
            [-120.642956189844995, 39.523415471985118],
            [-120.643001523178214, 39.523429871985115],
            [-120.643085723178103, 39.523454071985043],
            [-120.643177123177963, 39.523483005318326],
            [-120.64326092317782, 39.523520805318299],
            [-120.643352589844369, 39.523603671984802],
            [-120.643405723177636, 39.523690405318007],
            [-120.643566389844011, 39.523819805317828],
            [-120.643627523177258, 39.523839005317825],
            [-120.643657789843871, 39.523866671984422],
            [-120.643757189843711, 39.52391367198436],
            [-120.643840989843625, 39.52392887198431],
            [-120.64406238984327, 39.523942405317655],
            [-120.644253189842971, 39.523932805317656],
            [-120.644428589842676, 39.523949805317613],
            [-120.644580989842439, 39.523934805317651],
            [-120.64463152317569, 39.523926605317683],
            [-120.644802589842129, 39.523898805317685],
            [-120.645061523175059, 39.523850005317797],
            [-120.645359589841235, 39.523788471984517],
            [-120.645672323174097, 39.523763271984592],
            [-120.645992723173606, 39.523747205317932],
            [-120.646029323173536, 39.523745538651269],
            [-120.646129589840029, 39.523741005317959],
            [-120.646388989839636, 39.523746205317934],
            [-120.646526789839413, 39.523758005317916],
            [-120.646847323172267, 39.523760005317911],
            [-120.647075589838607, 39.523782671984577],
            [-120.647289523171594, 39.523778005317865],
            [-120.647480523171282, 39.523741271984591],
            [-120.6477931231708, 39.523675605318033],
            [-120.647922789837253, 39.523669205318072],
            [-120.648067989837045, 39.52367660531803],
            [-120.648258723170102, 39.523712005317975],
            [-120.648395589836525, 39.523705805318002],
            [-120.648525789836356, 39.52368140531803],
            [-120.648800189835924, 39.523610405318152],
            [-120.649030389835559, 39.52358207198489],
            [-120.649051989835527, 39.523579405318173],
            [-120.649242589835239, 39.523533671984922],
            [-120.649471789834877, 39.523484271985012],
            [-120.649837589834306, 39.523460205318372],
            [-120.650211523167059, 39.523436205318433],
            [-120.650433123166692, 39.523418205318478],
            [-120.650692323166311, 39.523387405318488],
            [-120.650806989832802, 39.523371671985217],
            [-120.650814989832782, 39.523371538651872],
            [-120.65093652316591, 39.523369805318509],
            [-120.651012989832452, 39.523384871985172],
            [-120.651058723165704, 39.523408271985147],
            [-120.651150389832253, 39.523495805318305],
            [-120.651249589832105, 39.523592405318198],
            [-120.651333323165318, 39.523697671984678],
            [-120.651478589831754, 39.523808671984511],
            [-120.651646323164812, 39.523902205317711],
            [-120.651760323164638, 39.523949471984281],
            [-120.65183285649789, 39.523973205317589],
            [-120.651951589831015, 39.524012005317502],
            [-120.652088989830816, 39.524055271984139],
            [-120.652172523163983, 39.524102005317388],
            [-120.652218723163912, 39.524197471983882],
            [-120.652226323163916, 39.524211205317215],
            [-120.652272123163868, 39.524252671983845],
            [-120.65231778983042, 39.524298605317085],
            [-120.652385923163649, 39.524349605317013],
            [-120.652516323163468, 39.524406271983594],
            [-120.652652989829903, 39.524427005316909],
            [-120.652767989829727, 39.524447405316835],
            [-120.652927789829505, 39.524491071983448],
            [-120.653027989829354, 39.524575871983302],
            [-120.653042389829295, 39.524588071983317],
            [-120.653187323162399, 39.524730605316392],
            [-120.653232123162354, 39.524771138649669],
            [-120.653279123162292, 39.524813605316297],
            [-120.653362923162149, 39.524896271982811],
            [-120.653431789828687, 39.524983271982705],
            [-120.653561323161853, 39.525197605315668],
            [-120.653576923161836, 39.525297071982209],
            [-120.653577123161824, 39.525298871982216],
            [-120.653591389828478, 39.525405471982026],
            [-120.653622123161767, 39.525509671981865],
            [-120.653629589828427, 39.525631471981683],
            [-120.653652589828368, 39.525767071981477],
            [-120.653658456495009, 39.525792138648114],
            [-120.65368312316167, 39.525898271981248],
            [-120.65368312316167, 39.525931605314554],
            [-120.653683189828314, 39.526006405314433],
            [-120.653673856495004, 39.52603407198103],
            [-120.653660589828348, 39.526073471981022],
            [-120.653683523161646, 39.526146071980861],
            [-120.653706189828313, 39.526295205314],
            [-120.653759523161511, 39.526440405313735],
            [-120.653813123161456, 39.526554071980229],
            [-120.6538667231614, 39.526622671980135],
            [-120.653973389827854, 39.526715005313349],
            [-120.654042123161105, 39.526770405313243],
            [-120.654179323160861, 39.526840805313157],
            [-120.654331789827324, 39.526888871979736],
            [-120.654499523160382, 39.526919271979693],
            [-120.654560523160285, 39.526920471979679],
            [-120.654659589826792, 39.526913471979697],
            [-120.654812189826544, 39.526894071979711],
            [-120.655026189826231, 39.526844271979826],
            [-120.655038523159533, 39.526838605313117],
            [-120.655147989826048, 39.52678820531321],
            [-120.655216523159254, 39.52669947198001],
            [-120.655293323159185, 39.526620005313475],
            [-120.655362189825723, 39.52658540531354],
            [-120.655507123158827, 39.526534205313624],
            [-120.655720723158481, 39.526430405313761],
            [-120.655842189824966, 39.526275205313993],
            [-120.655941523158162, 39.526155605314216],
            [-120.655983056491436, 39.526137671980905],
            [-120.656041189824691, 39.526112605314268],
            [-120.656292923157594, 39.526086071980956],
            [-120.656528923157225, 39.526072871981],
            [-120.656682189823641, 39.526098471980958],
            [-120.656826789823469, 39.526141871980883],
            [-120.656986523156547, 39.526149671980875],
            [-120.657146789822946, 39.526139405314211],
            [-120.657299923156017, 39.526083871980973],
            [-120.657429523155827, 39.526014405314413],
            [-120.657536123155694, 39.525958005314521],
            [-120.657612523155535, 39.525892005314631],
            [-120.657742523155378, 39.525768471981451],
            [-120.657810789821895, 39.525702271981572],
            [-120.657856789821835, 39.525653671981672],
            [-120.657902723155132, 39.525564471981795],
            [-120.657910589821768, 39.525461071981965],
            [-120.657963723155035, 39.525417071982019],
            [-120.65796352315499, 39.525401205315347],
            [-120.65796352315499, 39.525399071982065],
            [-120.658093123154799, 39.525262005315597],
            [-120.658161589821361, 39.525128271982453],
            [-120.658230789821289, 39.524999005315976],
            [-120.658329723154452, 39.524911005316142],
            [-120.658367589821069, 39.524884671982818],
            [-120.658452123154234, 39.524859405316192],
            [-120.658550789820765, 39.524843271982888],
            [-120.65858892315407, 39.524812605316299],
            [-120.658589323154047, 39.524776471982989],
            [-120.658566389820749, 39.524704005316437],
            [-120.658596789820706, 39.524578471983318],
            [-120.658680589820563, 39.524440471983553],
            [-120.658757123153805, 39.524284271983788],
            [-120.658852989820275, 39.524060405317471],
            [-120.658856523153645, 39.524052071984158],
            [-120.658970389820126, 39.523865205317747],
            [-120.659015256486725, 39.523795805317889],
            [-120.659016389820067, 39.523794071984526],
            [-120.659130523153181, 39.52371080531799],
            [-120.659207189819767, 39.523676271984698],
            [-120.659329523152905, 39.523651671984737],
            [-120.659543123152559, 39.523593005318162],
            [-120.659662656485693, 39.523584538651505],
            [-120.659840389818783, 39.523571871984871],
            [-120.660097723151694, 39.523554871984913],
            [-120.660466389817771, 39.523530471984941],
            [-120.660709323150741, 39.523521938651641],
            [-120.660710323150738, 39.52352187198494],
            [-120.661160189816712, 39.523526405318307],
            [-120.661396923149709, 39.523513205318295],
            [-120.661679323149258, 39.523482805318338],
            [-120.661908589815539, 39.523462738651688],
            [-120.661930789815528, 39.523460805318393],
            [-120.662136923148523, 39.523433471985072],
            [-120.662373189814843, 39.523384205318507],
            [-120.662678789814379, 39.523393805318506],
            [-120.662762523147592, 39.523396471985166],
            [-120.662975989813901, 39.523405271985155],
            [-120.663090789813737, 39.523407605318482],
            [-120.663212723146842, 39.523374005318544],
            [-120.663288923146752, 39.523290005318643],
            [-120.663350389813331, 39.523210071985432],
            [-120.663457123146486, 39.523108671985597],
            [-120.663571723146333, 39.523029871985727],
            [-120.663670323146164, 39.522995805319113],
            [-120.663800323145949, 39.522935405319174],
            [-120.663819123145913, 39.522924671985891],
            [-120.6639529231457, 39.522848405319337],
            [-120.664036523145569, 39.522782471986091],
            [-120.66418192314535, 39.522677271986254],
            [-120.664326523145121, 39.522572071986417],
            [-120.6645483231448, 39.522481871986543],
            [-120.664692523144595, 39.522453271986592],
            [-120.664990123144094, 39.522423271986668],
            [-120.665356589810187, 39.522421605320005],
            [-120.665791389809556, 39.522398805320051],
            [-120.665967323142581, 39.522379805320043],
            [-120.666127389808992, 39.522351471986781],
            [-120.666249189808809, 39.522299871986831],
            [-120.66643252314185, 39.522209005320349],
            [-120.666585256474946, 39.522144405320432],
            [-120.666676589808162, 39.522105805320507],
            [-120.666837123141249, 39.522068471987211],
            [-120.666951523141051, 39.522039205320596],
            [-120.667202989807322, 39.521954205320696],
            [-120.667470323140265, 39.521851405320888],
            [-120.66773718980653, 39.521721671987734],
            [-120.668042389806033, 39.521552005321325],
            [-120.66817218980583, 39.521451005321524],
            [-120.668232989805745, 39.521393671988278],
            [-120.668347523138891, 39.521274405321776],
            [-120.668477323138688, 39.521155271988619],
            [-120.668561389805234, 39.52113900532197],
            [-120.668652789805094, 39.521145405321988],
            [-120.668693523138359, 39.521150205321987],
            [-120.668698523138346, 39.521150805321952],
            [-120.668789789804862, 39.521157071988625],
            [-120.668873923138051, 39.521145271988644],
            [-120.668980523137918, 39.521129405322029],
            [-120.668989723137884, 39.521128071988699],
            [-120.669171189804274, 39.521101671988731],
            [-120.669284256470746, 39.521088138655387],
            [-120.669368189804004, 39.521078138655412],
            [-120.669460989803838, 39.521067005322095],
            [-120.669934256469787, 39.521025405322177],
            [-120.670086723136194, 39.521012005322177],
            [-120.670193989802669, 39.521000605322229],
            [-120.670323589802479, 39.520971671988889],
            [-120.670357923135782, 39.520944605322313],
            [-120.670407189802347, 39.520905805322343],
            [-120.670460789802291, 39.520825805322488],
            [-120.670521723135494, 39.52070080532269],
            [-120.670568189802111, 39.520638671989445],
            [-120.670644189801976, 39.520626671989476],
            [-120.67074318980184, 39.520642205322758],
            [-120.670888123134944, 39.520658605322751],
            [-120.671002189801413, 39.520679005322677],
            [-120.671195123134453, 39.520780338655868],
            [-120.671269523134356, 39.52081940532247],
            [-120.671361123134204, 39.520843805322443],
            [-120.671429723134111, 39.520831671989129],
            [-120.671493456467317, 39.520795405322531],
            [-120.671529123133951, 39.520775071989192],
            [-120.67161192313381, 39.520717605322659],
            [-120.671674189800399, 39.520674405322723],
            [-120.671842123133445, 39.520610205322782],
            [-120.672011056466545, 39.520600605322841],
            [-120.672017723133195, 39.520600205322808],
            [-120.672177923132949, 39.520634871989444],
            [-120.672360789799313, 39.520665605322733],
            [-120.672528523132428, 39.520673471989369],
            [-120.672658589798857, 39.520653605322764],
            [-120.673284189797926, 39.520382271989831],
            [-120.673459123130954, 39.520282205323326],
            [-120.673580723130783, 39.520182271990166],
            [-120.673619723130685, 39.52015027199019],
            [-120.673687989797259, 39.520088605323622],
            [-120.673748989797161, 39.519981671990479],
            [-120.673791589797133, 39.519900205323893],
            [-120.673802523130405, 39.519879205323946],
            [-120.673833389797039, 39.519848271990668],
            [-120.673902189796934, 39.519791071990767],
            [-120.674008589796756, 39.51971660532422],
            [-120.674115723129944, 39.519638205324327],
            [-120.674176323129871, 39.519593871991049],
            [-120.674313789796315, 39.519506471991178],
            [-120.67438978979618, 39.519427005324644],
            [-120.674473789796025, 39.519284471991512],
            [-120.674519523129334, 39.519222405324967],
            [-120.674626323129132, 39.519138871991743],
            [-120.674720389795652, 39.519099871991841],
            [-120.674802523128903, 39.51906587199187],
            [-120.674947523128651, 39.519010205325287],
            [-120.675076989795116, 39.518985805325315],
            [-120.675252323128177, 39.518939671992086],
            [-120.675488723127785, 39.518894871992131],
            [-120.675529923127726, 39.518880205325502],
            [-120.675679989794162, 39.518826671992258],
            [-120.675729723127461, 39.518802471992274],
            [-120.675893523127172, 39.518722805325751],
            [-120.676030723126985, 39.518640005325892],
            [-120.676213389793361, 39.518549005326008],
            [-120.676321123126513, 39.51851133865938],
            [-120.676396523126414, 39.518485005326113],
            [-120.676556589792824, 39.518479205326116],
            [-120.67672138979259, 39.518482471992797],
            [-120.676907589792279, 39.518486205326099],
            [-120.676991789792169, 39.518442871992818],
            [-120.677220389791785, 39.518303271993034],
            [-120.677373189791524, 39.518193671993231],
            [-120.677502789791333, 39.518056671993463],
            [-120.6776895231244, 39.51788013866036],
            [-120.677694123124411, 39.517875805327037],
            [-120.67808312312377, 39.517590805327472],
            [-120.678105123123771, 39.517528938660917],
            [-120.678159389790324, 39.517376071994477],
            [-120.678151723123676, 39.517299405327947],
            [-120.67815178979032, 39.517254271994659],
            [-120.67815178979032, 39.517209271994773],
            [-120.678128923123722, 39.517177271994797],
            [-120.678090189790453, 39.517158471994833],
            [-120.677953389790673, 39.517034205328343],
            [-120.677838523124137, 39.516883205328611],
            [-120.677838323124149, 39.5168652053286],
            [-120.677823389790831, 39.516788271995381],
            [-120.677800589790877, 39.516666205328931],
            [-120.677808389790869, 39.51654027199578],
            [-120.677809123124234, 39.516538405329129],
            [-120.677861323124148, 39.516415205329338],
            [-120.677952789790652, 39.516200805329674],
            [-120.678021723123891, 39.515986005329978],
            [-120.678113189790395, 39.515785805330324],
            [-120.678113523123727, 39.515785071996959],
            [-120.678227923123586, 39.515602671997272],
            [-120.678403123123303, 39.515362871997638],
            [-120.678548123123051, 39.515199205331214],
            [-120.678629323122948, 39.5150850053314],
            [-120.678639723122899, 39.515070405331414],
            [-120.678708789789482, 39.514896071998351],
            [-120.678761989789393, 39.514694405331966],
            [-120.678770056456074, 39.514581471998838],
            [-120.6787771231227, 39.514483005332295],
            [-120.678792189789363, 39.514244605332692],
            [-120.678820656455969, 39.514026338666383],
            [-120.678830323122611, 39.513952471999801],
            [-120.678891589789202, 39.513791605333381],
            [-120.678990723122354, 39.513676472000213],
            [-120.679059723122293, 39.513569672000415],
            [-120.679116123122185, 39.51345620533391],
            [-120.679212523122033, 39.513262005334241],
            [-120.679242789788645, 39.513199472000963],
            [-120.679273389788591, 39.513155072001041],
            [-120.679303189788584, 39.513110605334475],
            [-120.679337989788507, 39.51309387200115],
            [-120.679357123121804, 39.513084672001185],
            [-120.679464189788291, 39.513037272001213],
            [-120.679608923121407, 39.512990605334608],
            [-120.679837389787735, 39.512918605334733],
            [-120.679979856454167, 39.512884472001474],
            [-120.680150323120586, 39.512843672001509],
            [-120.680386923120182, 39.512789872001633],
            [-120.680559923119915, 39.512770605334993],
            [-120.680661923119771, 39.512759272001688],
            [-120.6808903897861, 39.512754805335021],
            [-120.681116923119077, 39.512759338668332],
            [-120.681188189785644, 39.512760805335006],
            [-120.681577389785048, 39.512773005334964],
            [-120.681824323117951, 39.512774072001662],
            [-120.681859389784563, 39.512774205334949],
            [-120.682103389784231, 39.512761005334994],
            [-120.68231758978385, 39.512724672001696],
            [-120.682553989783514, 39.512657405335176],
            [-120.682782789783175, 39.512576405335267],
            [-120.682920189782919, 39.512507005335408],
            [-120.683003923116132, 39.51241860533554],
            [-120.683056989782756, 39.512329605335651],
            [-120.683088189782666, 39.512244605335809],
            [-120.683088189782666, 39.512154472002578],
            [-120.68308032311603, 39.51206427200276],
            [-120.683072189782706, 39.511870405336367],
            [-120.683072589782682, 39.511595605336822],
            [-120.683026989782775, 39.511238872004014],
            [-120.682973589782875, 39.511035072004347],
            [-120.682981123116178, 39.510936072004483],
            [-120.683003923116132, 39.510909605337872],
            [-120.68301158978278, 39.510873672004607],
            [-120.683032456449439, 39.510849472004622],
            [-120.683080389782674, 39.510794005338028],
            [-120.683164189782588, 39.510786605338069],
            [-120.683217189782454, 39.510810205338032],
            [-120.683293923115684, 39.510820805338028],
            [-120.683370123115594, 39.510849272004634],
            [-120.683453723115463, 39.510891472004573],
            [-120.683530389781993, 39.510902005337869],
            [-120.683637389781836, 39.510895205337874],
            [-120.683713923115022, 39.510892205337882],
            [-120.683850589781514, 39.51086787200461],
            [-120.683950123114698, 39.510847405337984],
            [-120.684247189780876, 39.510790205338026],
            [-120.68440812311394, 39.510716805338177],
            [-120.684504989780464, 39.510613872004967],
            [-120.684623789780289, 39.510514005338507],
            [-120.685409123112436, 39.510210272005622],
            [-120.68564858977868, 39.510044072005883],
            [-120.685704389778607, 39.510005405339257],
            [-120.685880189778345, 39.509804405339594],
            [-120.685953389778206, 39.509585472006563],
            [-120.685953789778239, 39.509326805340322],
            [-120.685946789778257, 39.509182205340551],
            [-120.685943923111608, 39.509125405340626],
            [-120.685992723111497, 39.508650405341371],
            [-120.686054989778086, 39.507827672009341],
            [-120.686038456444749, 39.507690005342852],
            [-120.686029189778139, 39.507613072009633],
            [-120.686071189778033, 39.507434472009948],
            [-120.686139523111251, 39.507305205343471],
            [-120.686147523111288, 39.507260272010171],
            [-120.686200989777831, 39.507184805343627],
            [-120.686277323111085, 39.507078205343817],
            [-120.686437189777507, 39.506901205344093],
            [-120.686566723110616, 39.506809205344211],
            [-120.686664323110449, 39.506746205344314],
            [-120.686742723110342, 39.506695605344419],
            [-120.687138923109728, 39.50656387201127],
            [-120.687238589776257, 39.506538805344633],
            [-120.687360589776063, 39.506500672011384],
            [-120.687459323109238, 39.506457605344792],
            [-120.687589589775712, 39.506388072011532],
            [-120.687703723108825, 39.506322805345008],
            [-120.687871389775239, 39.506240605345113],
            [-120.688008989775028, 39.506189272011852],
            [-120.688199789774728, 39.506157005345244],
            [-120.688313923107899, 39.50613680534525],
            [-120.688398323107776, 39.506111405345337],
            [-120.688489923107625, 39.5060682053454],
            [-120.688491323107655, 39.506067072012058],
            [-120.688550323107563, 39.506019872012132],
            [-120.688626923107392, 39.505949272012231],
            [-120.688710523107261, 39.505923872012261],
            [-120.68881018977379, 39.505898872012324],
            [-120.688853123107094, 39.505899738678977],
            [-120.689030989773471, 39.50590327201229],
            [-120.6892145231065, 39.50589340534566],
            [-120.689313389773019, 39.505872872012333],
            [-120.689443123106173, 39.505816872012417],
            [-120.689847589772171, 39.505653805346014],
            [-120.689954923105347, 39.505619872012744],
            [-120.690106989771778, 39.505591272012794],
            [-120.690396923104686, 39.505570072012802],
            [-120.690542189771122, 39.50557300534615],
            [-120.690555189771089, 39.505574738679456],
            [-120.690702189770889, 39.505594205346142],
            [-120.690877789770582, 39.505624672012743],
            [-120.691022523103697, 39.505623072012725],
            [-120.691129789770173, 39.505611672012776],
            [-120.691268523103304, 39.505579872012788],
            [-120.691274723103334, 39.505578472012814],
            [-120.691373789769841, 39.505530872012855],
            [-120.691533589769563, 39.505399005346419],
            [-120.691617589769464, 39.505319605346529],
            [-120.691716723102616, 39.505249472013304],
            [-120.691877123102358, 39.505189605346743],
            [-120.692037723102146, 39.505170205346758],
            [-120.692167189768611, 39.505168272013464],
            [-120.692533323101372, 39.505261205346642],
            [-120.692663389767802, 39.505304272013234],
            [-120.692777523100972, 39.505351605346505],
            [-120.692884389767471, 39.505371672013155],
            [-120.692991123100626, 39.505396405346403],
            [-120.69306738976718, 39.505397872013077],
            [-120.693173789767002, 39.505386472013129],
            [-120.693410989766676, 39.505314605346541],
            [-120.6934762564332, 39.50527127201326],
            [-120.693509789766495, 39.505249005346627],
            [-120.693662323099602, 39.50512140534687],
            [-120.693922189765885, 39.504869805347255],
            [-120.694227123098699, 39.504308272014782],
            [-120.694303523098597, 39.504174672014983],
            [-120.694387389765154, 39.50409980534846],
            [-120.694623789764762, 39.503942205348665],
            [-120.694700323098004, 39.503826605348877],
            [-120.694799523097856, 39.503684405349077],
            [-120.69486772309773, 39.50364520534913],
            [-120.694944123097628, 39.503642205349138],
            [-120.694997523097527, 39.503656805349124],
            [-120.695028723097494, 39.503679872015766],
            [-120.695058923097406, 39.50371207201573],
            [-120.695150523097311, 39.503817472015555],
            [-120.695257189763765, 39.503869205348792],
            [-120.695371589763624, 39.503880405348752],
            [-120.695478323096779, 39.503887072015459],
            [-120.695554789763321, 39.5038796053488],
            [-120.695607789763244, 39.503840072015521],
            [-120.695684123096441, 39.503751472015665],
            [-120.69578378976297, 39.503658872015762],
            [-120.695928789762775, 39.503540072015994],
            [-120.696103989762491, 39.503494072016053],
            [-120.696447589761931, 39.503433272016139],
            [-120.696653189761605, 39.503414872016151],
            [-120.696813789761393, 39.503395472016223],
            [-120.696974123094435, 39.503358072016226],
            [-120.69708838976095, 39.503288272016334],
            [-120.697187723094146, 39.503194872016479],
            [-120.697294723093989, 39.50309420535001],
            [-120.69736258976053, 39.502996472016832],
            [-120.697454323093723, 39.502948672016885],
            [-120.697591789760168, 39.502901872016935],
            [-120.697713723093329, 39.502841272017065],
            [-120.697881723093076, 39.502727472017227],
            [-120.69807978975939, 39.502627805350699],
            [-120.698263123092488, 39.502559272017493],
            [-120.698453789758844, 39.502527072017529],
            [-120.698583323091952, 39.502502605350912],
            [-120.698759323091679, 39.502474605350983],
            [-120.698919123091457, 39.502477672017619],
            [-120.699201989757682, 39.502496872017616],
            [-120.699697523090208, 39.502614805350731],
            [-120.700043589756376, 39.502692338683971],
            [-120.700094323089616, 39.502703672017276],
            [-120.700163323089498, 39.50270507201725],
            [-120.700231723089416, 39.502701872017269],
            [-120.700308189755958, 39.502698872017277],
            [-120.70042258975576, 39.502687672017316],
            [-120.700567389755577, 39.502659005350665],
            [-120.700682123088711, 39.502620805350716],
            [-120.700803989755173, 39.502582605350767],
            [-120.700880523088415, 39.502534605350888],
            [-120.700926523088299, 39.502490005350921],
            [-120.700948723088288, 39.502468405350953],
            [-120.701063589754767, 39.502380472017762],
            [-120.701208323087883, 39.502266272017948],
            [-120.7013835230876, 39.5021346053515],
            [-120.701562123087342, 39.501982872018402],
            [-120.701818789753588, 39.501764805352082],
            [-120.701902723086789, 39.501689872018858],
            [-120.70207758975323, 39.50147267201919],
            [-120.702100989753148, 39.501428072019223],
            [-120.702123589753114, 39.501379005352646],
            [-120.70218498975305, 39.501258605352859],
            [-120.702261389752948, 39.501102405353095],
            [-120.702314189752826, 39.500954805353331],
            [-120.702364323086101, 39.500811338686901],
            [-120.702459523085963, 39.500538672020639],
            [-120.702482523085905, 39.500423872020804],
            [-120.702512523085886, 39.500274005354356],
            [-120.702520523085866, 39.500076005354686],
            [-120.702543789752497, 39.499900672021624],
            [-120.702551189752455, 39.499806205355128],
            [-120.702573989752409, 39.499689605355286],
            [-120.702658123085655, 39.499430005355691],
            [-120.702686189752285, 39.499375205355761],
            [-120.702772323085469, 39.499207005356027],
            [-120.702863523085341, 39.499042072022974],
            [-120.702939789751895, 39.49893100535644],
            [-120.703108189751617, 39.498740605356772],
            [-120.703229723084746, 39.498580872023695],
            [-120.703313923084636, 39.498496872023793],
            [-120.703390389751178, 39.498421872023926],
            [-120.70348158975105, 39.498347072024046],
            [-120.703550789750921, 39.498276405357501],
            [-120.703657389750731, 39.498197405357587],
            [-120.703764123083943, 39.498109405357752],
            [-120.70386312308375, 39.497994272024584],
            [-120.704129989750015, 39.497747272024981],
            [-120.704259723083169, 39.497583205358524],
            [-120.704534989749391, 39.497300272025655],
            [-120.704694789749169, 39.497150272025863],
            [-120.704793989748964, 39.497071205359362],
            [-120.704893589748849, 39.497005605359448],
            [-120.704984923082009, 39.496971405359488],
            [-120.705043856415273, 39.496941872026241],
            [-120.705244323081615, 39.496841405359703],
            [-120.705724789747535, 39.496463405360316],
            [-120.705824389747363, 39.496397805360402],
            [-120.705961323080487, 39.496342005360475],
            [-120.706091189746985, 39.496304005360514],
            [-120.706404189746479, 39.496157005360772],
            [-120.70643818974645, 39.496127605360812],
            [-120.706449923079731, 39.496117405360849],
            [-120.706511189746323, 39.49606447202757],
            [-120.706541389746292, 39.496029072027625],
            [-120.706541523079636, 39.49591647202783],
            [-120.706533989746276, 39.495812672027967],
            [-120.706510923079634, 39.495740205361415],
            [-120.706484923079699, 39.495637805361582],
            [-120.706472989746374, 39.495590805361644],
            [-120.706404123079835, 39.495364205362023],
            [-120.706373589746534, 39.495165405362286],
            [-120.706357923079906, 39.495066005362446],
            [-120.7063427897466, 39.494840472029466],
            [-120.706348456413252, 39.494758738696248],
            [-120.706358123079895, 39.494620072029818],
            [-120.706327323079961, 39.49420487203048],
            [-120.706312123079954, 39.494137072030583],
            [-120.706319789746601, 39.493745272031163],
            [-120.706327723079937, 39.493529272031537],
            [-120.706350189746558, 39.493439605364983],
            [-120.706388589746496, 39.493354805365129],
            [-120.706449789746443, 39.493220805365297],
            [-120.706594523079502, 39.493061472032252],
            [-120.70664818974609, 39.493022072032318],
            [-120.706732123079291, 39.49298767203237],
            [-120.706807789745881, 39.492962072032412],
            [-120.707029389745514, 39.492921472032435],
            [-120.707227923078563, 39.492897338699152],
            [-120.707380389744969, 39.492878805365876],
            [-120.707495189744805, 39.492858605365882],
            [-120.707677923077824, 39.492808072032631],
            [-120.707998189743989, 39.492656805366209],
            [-120.708127989743787, 39.492578272032972],
            [-120.708236456410305, 39.492505205366456],
            [-120.708257989743629, 39.492490672033114],
            [-120.708471723076627, 39.492332805366686],
            [-120.708578389743138, 39.492249272033519],
            [-120.708653856409683, 39.492139472033671],
            [-120.708654723076336, 39.492138205366984],
            [-120.708692523076252, 39.492071405367085],
            [-120.708822589742738, 39.491628005367772],
            [-120.708868523075978, 39.49151627203463],
            [-120.708944189742567, 39.491378072034877],
            [-120.708998389742476, 39.491280072035011],
            [-120.709051389742399, 39.491213605368443],
            [-120.709150723075538, 39.491066872035333],
            [-120.709188523075511, 39.490955005368846],
            [-120.709219589742133, 39.490915072035591],
            [-120.709245456408723, 39.490895005368941],
            [-120.709336989741928, 39.490824005369063],
            [-120.709417923075137, 39.490761272035797],
            [-120.709570523074888, 39.490696805369225],
            [-120.709738123074658, 39.490659472035986],
            [-120.709787389741223, 39.490652138702615],
            [-120.709844789741169, 39.490643605369314],
            [-120.710183989740642, 39.490639672035968],
            [-120.710279523073837, 39.490638605369327],
            [-120.710394523073603, 39.490654405369298],
            [-120.710501389740102, 39.490674605369293],
            [-120.710729923073131, 39.490688072035937],
            [-120.710844189739589, 39.490681272035943],
            [-120.710928189739491, 39.49066940536926],
            [-120.711111189739199, 39.490650472035952],
            [-120.711233789738969, 39.490612405369347],
            [-120.711370589738806, 39.49056547203611],
            [-120.711447456405324, 39.490532538702837],
            [-120.711531189738537, 39.490496605369572],
            [-120.711927923071244, 39.490364805369779],
            [-120.712080389737707, 39.49030467203653],
            [-120.712124523070941, 39.490284272036547],
            [-120.712164389737552, 39.490265872036559],
            [-120.712270723070731, 39.490173272036714],
            [-120.712324789737295, 39.490097672036825],
            [-120.712350589737241, 39.49002967203694],
            [-120.712401189737193, 39.489896472037174],
            [-120.71242358973717, 39.489806872037263],
            [-120.71245432307046, 39.489582272037637],
            [-120.712484589737073, 39.489386138704617],
            [-120.712484789737061, 39.489384672037943],
            [-120.71252298973701, 39.48923680537149],
            [-120.712560989736915, 39.489188005371602],
            [-120.712614589736859, 39.489148472038323],
            [-120.712671323070083, 39.48913473870499],
            [-120.712683389736753, 39.489131805371642],
            [-120.712759323069974, 39.489124272038339],
            [-120.712850789736478, 39.489126072038346],
            [-120.713079989736116, 39.489139605371633],
            [-120.713148523069378, 39.489154472038308],
            [-120.713438189735598, 39.489250272038134],
            [-120.713773989735046, 39.489315405371372],
            [-120.713857789734902, 39.489330605371379],
            [-120.71386412306822, 39.489330738704666],
            [-120.713972589734738, 39.489332872038005],
            [-120.714220123067719, 39.489342138704671],
            [-120.714224523067685, 39.489342272038016],
            [-120.714308189734197, 39.489335005371345],
            [-120.714414923067409, 39.489319005371385],
            [-120.71465172306705, 39.489296672038108],
            [-120.714727723066915, 39.489284605371438],
            [-120.714730123066886, 39.489284472038094],
            [-120.714971589733182, 39.489271405371426],
            [-120.715047789733092, 39.4892728720381],
            [-120.715208723066155, 39.489289605371425],
            [-120.715399189732523, 39.489329405371336],
            [-120.715620523065525, 39.489360805371291],
            [-120.715742589731974, 39.489381205371274],
            [-120.715849389731829, 39.489383272037969],
            [-120.715917923065035, 39.489380072037932],
            [-120.71603218973155, 39.489350805371316],
            [-120.716192989731269, 39.489322472038054],
            [-120.716307123064439, 39.489315938704692],
            [-120.716368389731031, 39.489312405371379],
            [-120.716551323064095, 39.48932047203806],
            [-120.716658189730595, 39.489318072038031],
            [-120.716787523063715, 39.489275605371461],
            [-120.716849123063639, 39.489258805371492],
            [-120.716963123063408, 39.489216005371532],
            [-120.71702438973, 39.489185605371574],
            [-120.717093389729882, 39.489078872038419],
            [-120.717138589729814, 39.48896260537191],
            [-120.71713852306317, 39.488917605372023],
            [-120.717123389729863, 39.488804672038839],
            [-120.717054589729969, 39.488663672039081],
            [-120.717009123063349, 39.488608672039163],
            [-120.716901989730218, 39.488417405372786],
            [-120.716863723063568, 39.48832207203958],
            [-120.716833723063644, 39.488172872039797],
            [-120.716818389730349, 39.488087005373302],
            [-120.716772923063729, 39.487946405373521],
            [-120.716741589730418, 39.48787820537359],
            [-120.716635389730584, 39.487750005373812],
            [-120.716634523063931, 39.487749138707159],
            [-120.716512989730802, 39.487626005374011],
            [-120.716474989730841, 39.487566672040771],
            [-120.716429589730922, 39.487511672040853],
            [-120.716383389730993, 39.487456805374279],
            [-120.716337789731085, 39.487383805374407],
            [-120.716314589731098, 39.487315805374465],
            [-120.716261389731187, 39.487098472041509],
            [-120.716261389731187, 39.487062605374888],
            [-120.716261389731187, 39.487031005374945],
            [-120.716268589731158, 39.486855405375195],
            [-120.716253789731184, 39.486756005375355],
            [-120.716185389731322, 39.486624005375575],
            [-120.716032789731571, 39.486512872042397],
            [-120.715993789731613, 39.486480605375789],
            [-120.715933523065019, 39.486438872042527],
            [-120.715788523065271, 39.486382005375958],
            [-120.715483189732424, 39.486231872042822],
            [-120.715124323066277, 39.486071605376424],
            [-120.715048323066412, 39.486020605376495],
            [-120.71501192306647, 39.485951472043268],
            [-120.715009989733119, 39.485947805376611],
            [-120.714972189733203, 39.485879472043393],
            [-120.714948723066584, 39.48579787204352],
            [-120.714964523066556, 39.485739672043621],
            [-120.714963923066534, 39.485690072043667],
            [-120.715003189733125, 39.485532472043928],
            [-120.715017523066479, 39.485474872043994],
            [-120.71507118973301, 39.485363405377541],
            [-120.715071456399698, 39.485362672044175],
            [-120.715124323066277, 39.485229272044421],
            [-120.715155123066268, 39.485175805377821],
            [-120.71516258973287, 39.485126405377912],
            [-120.715170589732907, 39.485036472044669],
            [-120.715170189732873, 39.485005005378071],
            [-120.715154989732923, 39.484824472045034],
            [-120.71504798973308, 39.484610605378691],
            [-120.715047923066379, 39.484565605378748],
            [-120.715032923066417, 39.484493205378897],
            [-120.715002323066471, 39.484429605378978],
            [-120.714978256399831, 39.484389138712345],
            [-120.714964389733211, 39.48436580537907],
            [-120.71478098973347, 39.484154805379376],
            [-120.714643923067058, 39.483990005379667],
            [-120.714567589733804, 39.483835272046576],
            [-120.714513923067216, 39.483744205380049],
            [-120.714453123067358, 39.483693405380109],
            [-120.714338323067523, 39.483623605380217],
            [-120.714063723067909, 39.483424472047204],
            [-120.713781989735025, 39.483216272047514],
            [-120.713682389735197, 39.483061072047747],
            [-120.713674523068562, 39.482970872047872],
            [-120.71367472306855, 39.482921405381319],
            [-120.713697323068516, 39.482872205381398],
            [-120.713743723068433, 39.482787605381532],
            [-120.713774189735034, 39.482743072048265],
            [-120.713804323068359, 39.482689672048309],
            [-120.713987389734712, 39.482513072048619],
            [-120.714094723067888, 39.482344005382231],
            [-120.714223923067664, 39.482103272049244],
            [-120.714254923067642, 39.482022805382712],
            [-120.714422923067389, 39.481773872049757],
            [-120.714567789733792, 39.481610072049989],
            [-120.714743123066853, 39.481469405383564],
            [-120.715094123066308, 39.481224005383922],
            [-120.715155189732911, 39.481180205384021],
            [-120.715543923065638, 39.481093205384127],
            [-120.715686589732059, 39.481027472050926],
            [-120.715872123065139, 39.480942005384406],
            [-120.715994123064945, 39.480876805384469],
            [-120.716047523064844, 39.480823805384546],
            [-120.716131389731402, 39.480726405384701],
            [-120.716207523064611, 39.480574672051603],
            [-120.716291523064456, 39.480472672051803],
            [-120.716352589731059, 39.480424405385179],
            [-120.716429189730945, 39.480371805385289],
            [-120.716497523064163, 39.480305605385354],
            [-120.716611789730621, 39.480231272052151],
            [-120.716947989730102, 39.48001720538582],
            [-120.717283789729606, 39.479834605386088],
            [-120.717458789729335, 39.479747872052883],
            [-120.717611389729086, 39.479683272053023],
            [-120.71768818972896, 39.479644272053065],
            [-120.7178325230621, 39.479606605386437],
            [-120.71822932306145, 39.479452205386679],
            [-120.718535123060974, 39.479363605386823],
            [-120.718634123060838, 39.47931600538692],
            [-120.718717923060694, 39.479263605386961],
            [-120.718834923060513, 39.479166472053805],
            [-120.719030789726901, 39.479003872054079],
            [-120.719166323059994, 39.478915205387523],
            [-120.719244723059887, 39.478863872054262],
            [-120.719404589726309, 39.478772472054402],
            [-120.719511323059464, 39.478729472054511],
            [-120.719689323059185, 39.478633605387984],
            [-120.719938923058805, 39.478499205388175],
            [-120.720091389725269, 39.478389472055028],
            [-120.720228723058369, 39.478279605388536],
            [-120.720273656391612, 39.478242405388585],
            [-120.720404189724775, 39.478134405388744],
            [-120.720472723057981, 39.478059205388831],
            [-120.720612656391097, 39.477911672055768],
            [-120.720640523057739, 39.477882272055808],
            [-120.720731923057599, 39.477798472055952],
            [-120.720823389724103, 39.477710205389371],
            [-120.720953589723933, 39.477595605389581],
            [-120.721220389723499, 39.477281005390068],
            [-120.721350123056652, 39.477134872056979],
            [-120.721495189723043, 39.476917005390646],
            [-120.721548723056344, 39.476837005390735],
            [-120.721640189722848, 39.476748672057568],
            [-120.721708523056066, 39.476682472057632],
            [-120.721968189722304, 39.476471272058006],
            [-120.72211292305542, 39.476379605391458],
            [-120.722471923054911, 39.476089272058573],
            [-120.72267732305454, 39.475895072058904],
            [-120.722792323054364, 39.475798272059023],
            [-120.722913989720837, 39.475719605392499],
            [-120.723204189720434, 39.475513605392791],
            [-120.72327272305364, 39.475438272059591],
            [-120.723341189720202, 39.475385605393001],
            [-120.723747589719551, 39.475153738726704],
            [-120.723783989719493, 39.475133005393388],
            [-120.723867523052718, 39.475067072060142],
            [-120.723929123052642, 39.475027672060207],
            [-120.724157923052246, 39.47476187206064],
            [-120.724295189718703, 39.474584405394239],
            [-120.724607723051577, 39.474158005394884],
            [-120.724768123051319, 39.473917872061975],
            [-120.724798523051277, 39.473855405395398],
            [-120.724897789717772, 39.473726805395586],
            [-120.725088189717496, 39.473460205396009],
            [-120.725302323050471, 39.473198605396419],
            [-120.725363323050374, 39.473087205396553],
            [-120.725458723050224, 39.472967205396742],
            [-120.725507989716846, 39.472905272063542],
            [-120.725569523050069, 39.472848005396941],
            [-120.725714123049841, 39.472756205397104],
            [-120.725790523049739, 39.47273067206379],
            [-120.725973989716124, 39.472675672063872],
            [-120.726065389715984, 39.472632472063935],
            [-120.726118789715883, 39.472602005397334],
            [-120.726164389715791, 39.472580272064022],
            [-120.72621732304907, 39.472540805397443],
            [-120.726377789715514, 39.472431405397572],
            [-120.726457056382003, 39.472379538730991],
            [-120.726538189715257, 39.47232640539778],
            [-120.726698189714966, 39.472230405397909],
            [-120.72681272304817, 39.472174072064661],
            [-120.72709538971435, 39.472040005398185],
            [-120.727674923046834, 39.471736005398668],
            [-120.728140323046091, 39.471497272065733],
            [-120.728262523045885, 39.471450205399094],
            [-120.728622123045341, 39.471315672065998],
            [-120.728628723045347, 39.471313205399326],
            [-120.728743123045149, 39.4712794053994],
            [-120.728933989711493, 39.471197472066194],
            [-120.729032923044713, 39.471172405399557],
            [-120.72923938971104, 39.471077405399683],
            [-120.729360789710881, 39.471030205399757],
            [-120.729429523044075, 39.471013472066431],
            [-120.729467723044024, 39.471000672066452],
            [-120.729504056377323, 39.470996805399807],
            [-120.729574923043856, 39.470989272066504],
            [-120.729757723043576, 39.471001872066495],
            [-120.729828056376789, 39.471011538733137],
            [-120.729834523043451, 39.47101240539979],
            [-120.729880323043403, 39.471031272066455],
            [-120.729963589709939, 39.471082472066371],
            [-120.730024589709842, 39.471106205399622],
            [-120.730139789709654, 39.471185005399548],
            [-120.730208189709515, 39.471226872066154],
            [-120.730284523042769, 39.471246405399427],
            [-120.730337989709312, 39.471256472066102],
            [-120.730497923042435, 39.47122807206614],
            [-120.730688323042102, 39.471159672066221],
            [-120.730764989708689, 39.47112520539963],
            [-120.730818523041933, 39.471090205399662],
            [-120.730849189708522, 39.47105920539974],
            [-120.730883389708481, 39.47100307206648],
            [-120.730971323041672, 39.470858872066685],
            [-120.731024389708296, 39.470765405400186],
            [-120.731092923041501, 39.470649605400354],
            [-120.731223189707976, 39.470485405400609],
            [-120.73129918970784, 39.470405805400731],
            [-120.731359989707755, 39.470321405400853],
            [-120.731671123040599, 39.470085738734554],
            [-120.731818123040398, 39.469974405401388],
            [-120.731955323040154, 39.469909472068196],
            [-120.732085123039951, 39.469871472068235],
            [-120.732192189706439, 39.469842072068275],
            [-120.732313989706256, 39.469826405401648],
            [-120.732557789705879, 39.469813205401636],
            [-120.732878389705377, 39.469828405401643],
            [-120.732954389705299, 39.469816405401673],
            [-120.733167989704953, 39.469793472068375],
            [-120.733475923037815, 39.469741738735081],
            [-120.733503989704445, 39.469737005401782],
            [-120.733618523037592, 39.469721272068455],
            [-120.733763189704007, 39.469719605401792],
            [-120.733870323037195, 39.469730672068465],
            [-120.733969189703714, 39.469750605401771],
            [-120.734061323036883, 39.469779405401709],
            [-120.734312523036522, 39.46982940540164],
            [-120.734353256369786, 39.469833338734929],
            [-120.734488523036248, 39.469846272068253],
            [-120.734648323035969, 39.469844872068279],
            [-120.734778189702467, 39.469852005401606],
            [-120.734788456369074, 39.469852872068259],
            [-120.734923123035571, 39.469863805401587],
            [-120.734969123035512, 39.469878205401528],
            [-120.735083523035314, 39.469889405401545],
            [-120.735434123034736, 39.469945805401437],
            [-120.735678389701036, 39.470004605401357],
            [-120.735930189700639, 39.470036605401333],
            [-120.736052789700466, 39.470066005401236],
            [-120.736449123033196, 39.470123272067838],
            [-120.736799589699331, 39.470157072067764],
            [-120.736952789699046, 39.470160072067756],
            [-120.737127923032119, 39.470159005401115],
            [-120.737273189698556, 39.470179872067774],
            [-120.737364923031748, 39.470199672067736],
            [-120.737468523031623, 39.470185272067738],
            [-120.737478723031586, 39.470183872067764],
            [-120.737555723031448, 39.470162805401117],
            [-120.737654589697968, 39.470115205401214],
            [-120.73773112303121, 39.470062605401267],
            [-120.73779172303108, 39.470009805401332],
            [-120.737975123030822, 39.469819605401653],
            [-120.737994456364106, 39.469800338735013],
            [-120.738112389697278, 39.469682672068529],
            [-120.738188923030464, 39.469589605402007],
            [-120.738280189697036, 39.469505672068806],
            [-120.738371723030184, 39.46939487206896],
            [-120.738448656363403, 39.469308938735765],
            [-120.7385699230299, 39.469173472069315],
            [-120.738668989696407, 39.469076405402802],
            [-120.738784123029575, 39.468979472069634],
            [-120.738844723029445, 39.46894460540301],
            [-120.738898123029401, 39.468932205403007],
            [-120.738982123029245, 39.468920272069681],
            [-120.739042989695804, 39.468921472069724],
            [-120.739188189695597, 39.468883672069751],
            [-120.739294589695419, 39.468829872069875],
            [-120.739325523028697, 39.468814272069892],
            [-120.739439523028523, 39.468703872070023],
            [-120.739798523028014, 39.46834147207062],
            [-120.740104123027493, 39.467991605404507],
            [-120.740354323027134, 39.467794605404777],
            [-120.740355323027131, 39.467793805404767],
            [-120.740454523026983, 39.467737205404887],
            [-120.740568989693486, 39.467676205404985],
            [-120.740698523026595, 39.467624672071736],
            [-120.740851123026346, 39.467578072071774],
            [-120.741209989692493, 39.467495005405226],
            [-120.741568323025263, 39.467420872072012],
            [-120.741804989691559, 39.467380405405436],
            [-120.742148189691022, 39.467369072072131],
            [-120.742384989690663, 39.467373672072085],
            [-120.742522389690407, 39.467367272072124],
            [-120.742644589690258, 39.467342672072164],
            [-120.742723256356783, 39.467315938738864],
            [-120.742820189689951, 39.467283005405591],
            [-120.74288112302321, 39.467239205405633],
            [-120.742934189689777, 39.467213205405699],
            [-120.743017989689633, 39.467160672072453],
            [-120.743414723022397, 39.466934205406119],
            [-120.743521923022229, 39.466855205406262],
            [-120.743605523022097, 39.466811805406337],
            [-120.743651523021981, 39.466758605406369],
            [-120.74368918968861, 39.466669205406561],
            [-120.743689523021942, 39.466502605406788],
            [-120.743682123021983, 39.466439405406902],
            [-120.743659123021985, 39.466384872073661],
            [-120.743658189688688, 39.466382338740289],
            [-120.743620989688736, 39.466285005407144],
            [-120.743430389689024, 39.46602460540754],
            [-120.743323523022525, 39.465869272074428],
            [-120.743254723022631, 39.46579587207458],
            [-120.74323278968933, 39.465767872074593],
            [-120.743200923022698, 39.465727272074673],
            [-120.743155523022779, 39.4656724054081],
            [-120.743033389689629, 39.465561872074943],
            [-120.742972389689726, 39.465493072075049],
            [-120.742745189690083, 39.465259538742032],
            [-120.742729256356768, 39.465243138742096],
            [-120.742682123023485, 39.465194672075484],
            [-120.742598389690329, 39.465107472075601],
            [-120.742484189690515, 39.464997205409134],
            [-120.742354723023993, 39.464891005409299],
            [-120.742193723024286, 39.464748272076179],
            [-120.74213312302436, 39.46466600540964],
            [-120.742108856357731, 39.464623005409692],
            [-120.742094589691078, 39.464597672076422],
            [-120.742063989691133, 39.464489005409916],
            [-120.742064589691154, 39.464448405409996],
            [-120.742110189691061, 39.464273605410256],
            [-120.742148523024355, 39.464031072077319],
            [-120.742163723024305, 39.463878272077523],
            [-120.742163389690973, 39.46379720541097],
            [-120.74214838969101, 39.463720272077808],
            [-120.742148589690999, 39.463558205411346],
            [-120.742148189691022, 39.463459005411494],
            [-120.74213312302436, 39.463319072078377],
            [-120.742113656357731, 39.463210938745249],
            [-120.742110323024406, 39.463192472078617],
            [-120.742018123024536, 39.462897872079054],
            [-120.741988123024612, 39.46272620541265],
            [-120.741980723024597, 39.462640472079443],
            [-120.741988389691244, 39.46246940541306],
            [-120.741972923024605, 39.462310205413303],
            [-120.741972589691272, 39.462307005413322],
            [-120.741941923024683, 39.462243272080059],
            [-120.741919589691349, 39.462170805413507],
            [-120.741919389691361, 39.462107672080265],
            [-120.741934789691356, 39.462058472080344],
            [-120.741987989691268, 39.461919872080557],
            [-120.742041523024511, 39.461857805414013],
            [-120.742170923024332, 39.46169820541428],
            [-120.742491923023806, 39.461276405414878],
            [-120.742637256356943, 39.461131538748475],
            [-120.742682523023518, 39.461086405415188],
            [-120.742864056356552, 39.460937805415426],
            [-120.742865323023238, 39.460936805415429],
            [-120.74296452302309, 39.460880072082205],
            [-120.743267789689298, 39.460721138749079],
            [-120.743544523022194, 39.460576072082688],
            [-120.743781189688491, 39.460490605416112],
            [-120.743902789688264, 39.460434405416208],
            [-120.743981323021501, 39.460403938749607],
            [-120.744002189688103, 39.460395805416283],
            [-120.7441549896879, 39.460362672082965],
            [-120.744284389687721, 39.460338205416349],
            [-120.744383989687549, 39.460313072083068],
            [-120.744452723020743, 39.460278405416432],
            [-120.74452852302062, 39.460225805416542],
            [-120.744589923020555, 39.460182538749962],
            [-120.744700389687068, 39.460104672083389],
            [-120.744864389686768, 39.459989072083545],
            [-120.745039923019874, 39.459843805417108],
            [-120.745124123019707, 39.459755272083953],
            [-120.745230389686242, 39.459680805417406],
            [-120.745352523019392, 39.459611072084158],
            [-120.745467456352515, 39.459554605417566],
            [-120.745978389685035, 39.459303405417984],
            [-120.746092789684894, 39.459251605418046],
            [-120.746230123017995, 39.459204605418108],
            [-120.746382523017758, 39.459162605418214],
            [-120.7465429230175, 39.459143205418229],
            [-120.746733523017213, 39.459137872084909],
            [-120.746939323016932, 39.459083272084968],
            [-120.747046323016718, 39.459069605418335],
            [-120.747244989683111, 39.459044205418365],
            [-120.747473789682715, 39.459044072085021],
            [-120.747618589682531, 39.45906040541837],
            [-120.74782478968217, 39.45910500541828],
            [-120.747992523015284, 39.459153272084848],
            [-120.74811452301509, 39.459223205418084],
            [-120.74818318968164, 39.459274072084668],
            [-120.748229189681581, 39.459360605417885],
            [-120.748359189681366, 39.459520672084295],
            [-120.748443789681232, 39.459569605417528],
            [-120.748488189681154, 39.459595272084186],
            [-120.748595323014342, 39.459628872084124],
            [-120.748732923014131, 39.459645072084129],
            [-120.748839523013942, 39.459647205417411],
            [-120.748923389680499, 39.459635272084142],
            [-120.748958723013743, 39.459626872084129],
            [-120.749099123013536, 39.459593605417524],
            [-120.74924358968002, 39.459551405417585],
            [-120.749358589679844, 39.459522072084269],
            [-120.749378523013092, 39.459515538750964],
            [-120.749449723013015, 39.459492272084333],
            [-120.749564589679494, 39.459440472084395],
            [-120.749632723012724, 39.459401272084506],
            [-120.749648123012719, 39.459374472084505],
            [-120.749731923012575, 39.459232005418073],
            [-120.74975478967923, 39.459173872084818],
            [-120.749785723012508, 39.459003272085113],
            [-120.749785723012508, 39.458935672085204],
            [-120.749785389679175, 39.458877205418617],
            [-120.749755389679194, 39.458773005418777],
            [-120.749739389679235, 39.458727605418858],
            [-120.749678389679332, 39.458636405418986],
            [-120.749624989679376, 39.45858127208578],
            [-120.749579789679501, 39.458494805419207],
            [-120.749541523012851, 39.458286805419561],
            [-120.749541589679552, 39.458102205419834],
            [-120.749594589679475, 39.457900472086806],
            [-120.749670989679316, 39.457717272087109],
            [-120.749708656345945, 39.45763367208724],
            [-120.749709189679265, 39.457632405420554],
            [-120.749732389679252, 39.457569672087345],
            [-120.749754923012517, 39.4575476054207],
            [-120.74978518967913, 39.45753020542071],
            [-120.74988492301236, 39.457500605420762],
            [-120.749991789678859, 39.457498205420791],
            [-120.750090389678689, 39.457504605420752],
            [-120.750174589678522, 39.457528672087392],
            [-120.750288989678381, 39.457539872087352],
            [-120.750419123011511, 39.457538005420702],
            [-120.75083838967754, 39.457532605420738],
            [-120.751052123010538, 39.457572672087338],
            [-120.751159123010382, 39.457588272087321],
            [-120.751433123009917, 39.457652205420516],
            [-120.751685389676197, 39.457756205420367],
            [-120.751921789675862, 39.457927405420094],
            [-120.752158589675446, 39.458130205419764],
            [-120.752379323008483, 39.458292072086181],
            [-120.752478523008335, 39.458343605419486],
            [-120.752525589674917, 39.458356338752765],
            [-120.752585923008155, 39.458372672086057],
            [-120.752684789674674, 39.458370072086097],
            [-120.752768323007842, 39.458367205419449],
            [-120.75287538967433, 39.458315205419524],
            [-120.752929123007618, 39.458226205419635],
            [-120.753058789674071, 39.458035005419958],
            [-120.753211389673822, 39.45787120542019],
            [-120.753363723006942, 39.45772100542041],
            [-120.753378989673593, 39.457698805420478],
            [-120.75343258967348, 39.457614272087255],
            [-120.75346332300677, 39.45753827208739],
            [-120.7535315230067, 39.457381872087637],
            [-120.753569923006637, 39.457139405421344],
            [-120.753615723006533, 39.456888005421717],
            [-120.753653989673126, 39.456735605421954],
            [-120.753653923006482, 39.456567672088909],
            [-120.753653923006482, 39.456514872088974],
            [-120.753668989673145, 39.456380005422488],
            [-120.753684323006439, 39.456312805422613],
            [-120.753745123006354, 39.456160805422826],
            [-120.753820723006243, 39.456050472089657],
            [-120.753821323006207, 39.456049605423004],
            [-120.753943723006046, 39.455903405423271],
            [-120.754118923005763, 39.45574007209018],
            [-120.754431589671924, 39.455593005423736],
            [-120.754485323005213, 39.455571472090412],
            [-120.754805723004722, 39.455437872090613],
            [-120.755111123004212, 39.455268072090917],
            [-120.75511345633754, 39.455265672090889],
            [-120.755271189670623, 39.455104605424481],
            [-120.755408589670424, 39.45494047209138],
            [-120.755485323003654, 39.454770805425028],
            [-120.75549238967028, 39.454730405425039],
            [-120.755522789670238, 39.454595872091943],
            [-120.755545989670225, 39.454438672092181],
            [-120.755546323003557, 39.454227005425821],
            [-120.755546123003569, 39.454163872092636],
            [-120.755517456336918, 39.454046005426108],
            [-120.755492189670292, 39.453942072092957],
            [-120.75540098967042, 39.453706072093325],
            [-120.755278789670626, 39.45351007209365],
            [-120.755309189670584, 39.453307872093944],
            [-120.755385989670458, 39.453088672094282],
            [-120.755515789670255, 39.452938005427825],
            [-120.755591989670165, 39.452804405428083],
            [-120.755683323003325, 39.452698005428203],
            [-120.755728723003244, 39.452662872094947],
            [-120.756064323002761, 39.452547672095136],
            [-120.756240323002487, 39.452474472095219],
            [-120.756591389668586, 39.452418205428671],
            [-120.756834989668221, 39.45238687209536],
            [-120.757048989667908, 39.45237300542874],
            [-120.757079723001141, 39.452369072095394],
            [-120.757392323000659, 39.452384072095356],
            [-120.757757056333446, 39.452387538762025],
            [-120.757849589666648, 39.452388472095379],
            [-120.758261589666006, 39.452405272095348],
            [-120.75857512299882, 39.452415872095344],
            [-120.758872122998355, 39.452462072095273],
            [-120.759200722997889, 39.452567605428442],
            [-120.759559389663991, 39.452772672094795],
            [-120.759591989663932, 39.4527925387614],
            [-120.759795989663644, 39.452916872094534],
            [-120.759955522996677, 39.453037072094389],
            [-120.76011598966312, 39.453265405427317],
            [-120.76020018966301, 39.453402205427153],
            [-120.760321789662783, 39.453598205426829],
            [-120.760330122996095, 39.453611872093461],
            [-120.760439322995978, 39.453687738760038],
            [-120.76070392299556, 39.453871405426412],
            [-120.760802389662047, 39.453900272092994],
            [-120.760924922995173, 39.453934205426322],
            [-120.761024189661725, 39.453940605426283],
            [-120.761199189661454, 39.453913272093018],
            [-120.761229989661388, 39.453908472093019],
            [-120.761565789660892, 39.453833872093128],
            [-120.761812789660496, 39.45379007209317],
            [-120.761886522993677, 39.453777005426559],
            [-120.762054522993424, 39.453681072093389],
            [-120.76221398965987, 39.453571605426873],
            [-120.762412722992906, 39.453471805427],
            [-120.762626522992548, 39.453417405427103],
            [-120.76280192299231, 39.453407205427141],
            [-120.763486522991229, 39.453416272093762],
            [-120.763549589657771, 39.453417072093771],
            [-120.763678789657604, 39.453352005427234],
            [-120.763915522990544, 39.453311472093958],
            [-120.764159789656844, 39.453280205427291],
            [-120.764380922989858, 39.453270872093981],
            [-120.764487456323025, 39.45325293876067],
            [-120.76454878965626, 39.453242605427363],
            [-120.764708922989314, 39.453191672094135],
            [-120.764816189655846, 39.453148605427543],
            [-120.764859122989094, 39.453103738760944],
            [-120.76493038965566, 39.453029205427697],
            [-120.765029322988823, 39.45289140542792],
            [-120.765075322988764, 39.452748072094835],
            [-120.765044922988807, 39.452585405428408],
            [-120.7650297896555, 39.452400405428705],
            [-120.765022189655497, 39.452184005429046],
            [-120.765022189655497, 39.451795405429607],
            [-120.765022189655497, 39.451661472096475],
            [-120.765022122988853, 39.45143740543017],
            [-120.765022122988853, 39.451436272096828],
            [-120.765082789655423, 39.4512212054305],
            [-120.765235789655151, 39.451021405430822],
            [-120.76534272298835, 39.450933005430954],
            [-120.765395522988285, 39.450889405431042],
            [-120.765594189654621, 39.45080760543118],
            [-120.765723522987741, 39.450760472097897],
            [-120.765786189654307, 39.450741205431257],
            [-120.765792522987624, 39.450739272097906],
            [-120.76588378965414, 39.450723072097958],
            [-120.766043989653895, 39.450730672097961],
            [-120.766273322986876, 39.450766605431227],
            [-120.766471522986592, 39.450838005431137],
            [-120.766875789652602, 39.450913272097637],
            [-120.767005722985743, 39.450915805431009],
            [-120.767150389652215, 39.450909605430979],
            [-120.767319189651914, 39.450884938764375],
            [-120.767341722985236, 39.450881672097694],
            [-120.767692389651359, 39.450816405431169],
            [-120.768081589650762, 39.450702205431298],
            [-120.768516189650086, 39.450557405431539],
            [-120.768821722982921, 39.450387472098498],
            [-120.769065589649244, 39.450230005432047],
            [-120.769162456315769, 39.450169405432121],
            [-120.769310122982176, 39.450077005432263],
            [-120.769493189648585, 39.449986005432436],
            [-120.769645589648349, 39.449943805432497],
            [-120.769877122981313, 39.449927738765837],
            [-120.770103522980946, 39.44991207209921],
            [-120.770324122980583, 39.449899472099219],
            [-120.770515322980316, 39.449888405432603],
            [-120.770919789646371, 39.44988720543256],
            [-120.771395989645612, 39.449922405432517],
            [-120.771659922978529, 39.449941872099146],
            [-120.772209589644319, 39.449920872099199],
            [-120.77276598964346, 39.449895605432573],
            [-120.772949122976513, 39.44987200543261],
            [-120.773131989642934, 39.44975840543276],
            [-120.77323932297611, 39.449607272099684],
            [-120.773315322975975, 39.449320472100112],
            [-120.773326189642603, 39.449273738766863],
            [-120.773376722975854, 39.449055805433886],
            [-120.773383922975881, 39.448808205434261],
            [-120.773460389642423, 39.448728472101038],
            [-120.773582789642205, 39.448649805434513],
            [-120.773666722975406, 39.448637872101187],
            [-120.773811322975178, 39.448636205434525],
            [-120.773994789641563, 39.448644205434505],
            [-120.774170189641325, 39.448701605434451],
            [-120.774189389641265, 39.448711938767758],
            [-120.77436078964098, 39.448804272100915],
            [-120.774505722974141, 39.448906205434128],
            [-120.774612456307295, 39.449072405433867],
            [-120.774619922973955, 39.449084072100504],
            [-120.774734722973733, 39.449289005433513],
            [-120.774841522973588, 39.449493805433178],
            [-120.77485998964022, 39.449594072099728],
            [-120.774925722973478, 39.449950272099159],
            [-120.77500938963999, 39.450150072098836],
            [-120.775131589639784, 39.450328205431902],
            [-120.775151922973123, 39.450350672098523],
            [-120.775324589639524, 39.450542072098244],
            [-120.775333389639513, 39.450551605431542],
            [-120.775459522972653, 39.450681272097995],
            [-120.775596989639098, 39.450742472097943],
            [-120.775673322972295, 39.450784472097837],
            [-120.775726389638862, 39.450785472097834],
            [-120.775833189638718, 39.450760472097897],
            [-120.776022789638432, 39.450682472098038],
            [-120.776031922971754, 39.450678672098036],
            [-120.776282389638027, 39.45057320543151],
            [-120.776512722971006, 39.450476205431698],
            [-120.777130189636694, 39.450222205432055],
            [-120.777206989636568, 39.450183205432097],
            [-120.777420722969566, 39.450061072099004],
            [-120.777664722969234, 39.449881072099288],
            [-120.777672122969193, 39.449873005432607],
            [-120.777839922968951, 39.449690805432908],
            [-120.778084122968551, 39.449434072099962],
            [-120.778542122967849, 39.44887527210085],
            [-120.778923322967273, 39.448328405435007],
            [-120.779009522967101, 39.448231605435183],
            [-120.779159922966869, 39.448062672102083],
            [-120.779396322966534, 39.447796872102515],
            [-120.779625589632815, 39.447576072102834],
            [-120.779869389632438, 39.447283405436622],
            [-120.779963789632291, 39.447151538770186],
            [-120.780060189632138, 39.447016805437045],
            [-120.78014872296535, 39.446876005437275],
            [-120.780174989631973, 39.446834272104013],
            [-120.780319589631745, 39.446692872104222],
            [-120.780494189631497, 39.446570072104407],
            [-120.780632522964595, 39.446514205437836],
            [-120.780800122964365, 39.446472272104529],
            [-120.780960722964096, 39.446470872104555],
            [-120.781166189630426, 39.446492805437856],
            [-120.781524922963229, 39.446562672104392],
            [-120.782066589629039, 39.446681205437585],
            [-120.782409789628502, 39.446782272104087],
            [-120.782434456295164, 39.446793472104048],
            [-120.782730722961333, 39.446928072103844],
            [-120.782829722961196, 39.447011072103692],
            [-120.782989789627607, 39.447185272103468],
            [-120.783493722960145, 39.447600272102818],
            [-120.784012789626047, 39.447930005435637],
            [-120.784240989625687, 39.448038005435478],
            [-120.784289456292242, 39.448050938768745],
            [-120.784386522958755, 39.448076805435392],
            [-120.784493522958599, 39.448092272102031],
            [-120.78459218962513, 39.448094205435382],
            [-120.784706989624965, 39.448069272102089],
            [-120.784800189624832, 39.448017005435474],
            [-120.784889789624685, 39.447892605435698],
            [-120.784935389624593, 39.447735805435912],
            [-120.784980989624501, 39.447511472102917],
            [-120.785042322957736, 39.447345872103199],
            [-120.785156589624251, 39.447244472103364],
            [-120.785317389624026, 39.447189005436769],
            [-120.785591522956906, 39.447131205436847],
            [-120.785980989622999, 39.447012472103722],
            [-120.786025589622909, 39.446995205437076],
            [-120.78632438962245, 39.446879405437244],
            [-120.786476589622225, 39.446774072104063],
            [-120.78656058962207, 39.446690205437562],
            [-120.78660872295535, 39.446646138770973],
            [-120.786613722955337, 39.446641605437605],
            [-120.786621789621961, 39.446592205437696],
            [-120.786621789621961, 39.446547205437753],
            [-120.786591189622015, 39.446204205438278],
            [-120.786560722955414, 39.446132072105058],
            [-120.786545189622075, 39.446095205438496],
            [-120.78636978962237, 39.445650405439153],
            [-120.786240189622561, 39.445269605439762],
            [-120.786057189622852, 39.4447660721072],
            [-120.785996589622926, 39.444563605440862],
            [-120.785996189622949, 39.444562205440832],
            [-120.785979989622945, 39.444476272107636],
            [-120.785972989622962, 39.444444605441049],
            [-120.785980789622954, 39.444336672107852],
            [-120.786045989622892, 39.444272605441313],
            [-120.786057189622852, 39.444261605441341],
            [-120.786140989622709, 39.444182072108106],
            [-120.786264989622509, 39.444111205441573],
            [-120.786285989622513, 39.444099205441546],
            [-120.786476922955558, 39.444035272108351],
            [-120.786690189621879, 39.443971805441777],
            [-120.78679685628839, 39.443958938775097],
            [-120.786980389621419, 39.443936805441808],
            [-120.787361789620832, 39.443912405441836],
            [-120.78766692295369, 39.443909205441855],
            [-120.787926122953309, 39.443909605441888],
            [-120.78837612295257, 39.443868672108579],
            [-120.788772989618622, 39.443772605442064],
            [-120.789246322951215, 39.4436870054422],
            [-120.789596989617337, 39.443572005442377],
            [-120.789673389617235, 39.443534605442437],
            [-120.789986522950073, 39.443381205442677],
            [-120.790352789616179, 39.443235005442887],
            [-120.79058158961584, 39.443095205443115],
            [-120.790653856282404, 39.443034538776544],
            [-120.790733789615615, 39.442967472110013],
            [-120.790850189615412, 39.442832738776872],
            [-120.790886922948687, 39.4427902054436],
            [-120.791032122948479, 39.442585805443912],
            [-120.791176722948251, 39.442282205444371],
            [-120.791496922947715, 39.441729605445232],
            [-120.791550189614327, 39.44151440544556],
            [-120.791550389614315, 39.441415272112408],
            [-120.791557856280974, 39.441394405445749],
            [-120.791580789614272, 39.441330272112509],
            [-120.791657722947491, 39.441286672112597],
            [-120.791732456280727, 39.441275472112636],
            [-120.791923989613736, 39.441246672112641],
            [-120.792381989613034, 39.441183272112767],
            [-120.792664122945951, 39.441152605446121],
            [-120.792839522945656, 39.441160472112813],
            [-120.793053322945354, 39.441196072112746],
            [-120.793236789611683, 39.441298672112566],
            [-120.793343722944883, 39.441408805445747],
            [-120.793412122944744, 39.441495672112296],
            [-120.793480522944662, 39.441560072112168],
            [-120.793633522944447, 39.441752205445198],
            [-120.793931389610634, 39.442118205444672],
            [-120.794083389610421, 39.442202072111172],
            [-120.794205589610215, 39.442240472111109],
            [-120.794296922943374, 39.442246672111139],
            [-120.794428056276502, 39.442238672111102],
            [-120.794465122943109, 39.442236405444476],
            [-120.7946333229429, 39.442176472111214],
            [-120.794716722942724, 39.442110605444668],
            [-120.794792989609277, 39.442017405444801],
            [-120.794876922942478, 39.44189287211168],
            [-120.794930789609055, 39.441839805445056],
            [-120.794961122942368, 39.441822405445123],
            [-120.795014122942291, 39.441800872111799],
            [-120.795174589608678, 39.441776872111859],
            [-120.795327122941785, 39.44177527211184],
            [-120.795525922941465, 39.441783472111808],
            [-120.795937722940835, 39.44182740544511],
            [-120.796326789606894, 39.44185280544508],
            [-120.79661638960647, 39.441858272111688],
            [-120.796891189606015, 39.44182740544511],
            [-120.797143189605663, 39.441782672111856],
            [-120.797341389605322, 39.441714272111938],
            [-120.797362589605314, 39.441704005445274],
            [-120.797547189605041, 39.441614605445409],
            [-120.797707789604772, 39.441473405445663],
            [-120.797852922937864, 39.441314005445918],
            [-120.797967122937678, 39.441172005446106],
            [-120.798005322937627, 39.440974605446399],
            [-120.798009856270994, 39.440958405446452],
            [-120.798149989604099, 39.440459272113912],
            [-120.798226722937272, 39.44016787211433],
            [-120.79822638960394, 39.439969672114671],
            [-120.798277322937224, 39.439842138781501],
            [-120.798287122937211, 39.439817672114884],
            [-120.798402189603678, 39.439689205448417],
            [-120.798554389603453, 39.439493872115406],
            [-120.79876038960316, 39.439178005449207],
            [-120.798943322936168, 39.43881200544979],
            [-120.799080922935957, 39.438499272116928],
            [-120.799233722935753, 39.438191405450766],
            [-120.79937098960221, 39.437982272117722],
            [-120.799531122935264, 39.43787720545123],
            [-120.799752389601622, 39.437768805451412],
            [-120.799996389601233, 39.437674205451515],
            [-120.800255522934151, 39.437611472118306],
            [-120.800476922933797, 39.437570672118397],
            [-120.800690922933484, 39.437529672118444],
            [-120.800904389599793, 39.43748407211848],
            [-120.801132322932801, 39.43748407211848],
            [-120.80114112293279, 39.43748407211848],
            [-120.801431122932343, 39.437548205451719],
            [-120.801805122931739, 39.437685872118209],
            [-120.802064122931313, 39.437834872117946],
            [-120.802247122931078, 39.437946472117801],
            [-120.802376789597531, 39.437980472117715],
            [-120.802461122930708, 39.438000072117688],
            [-120.802674389597087, 39.438008605451046],
            [-120.802994722929895, 39.438005672117697],
            [-120.803246522929498, 39.438033005450961],
            [-120.803537122929072, 39.438101472117523],
            [-120.803895322928497, 39.438234405450658],
            [-120.804551189594122, 39.438436005450342],
            [-120.805016589593436, 39.438625005450092],
            [-120.805192189593129, 39.43867327211666],
            [-120.805375389592882, 39.438690272116617],
            [-120.805436589592773, 39.438682405449981],
            [-120.805550789592587, 39.438675605449987],
            [-120.805757389592259, 39.438620872116758],
            [-120.806047189591823, 39.438504805450236],
            [-120.806367189591356, 39.438303605450585],
            [-120.80732072292318, 39.437771872118049],
            [-120.807771122922475, 39.437532672118436],
            [-120.808076589588666, 39.437403272118615],
            [-120.808717522921029, 39.43708647211912],
            [-120.808850789587495, 39.436990605452593],
            [-120.809144722920337, 39.436779205452922],
            [-120.809671122919553, 39.436437805453465],
            [-120.809937789585774, 39.436267072120415],
            [-120.810067522918928, 39.436206472120489],
            [-120.810250989585313, 39.436164872120571],
            [-120.810624389584746, 39.436090872120644],
            [-120.810914389584298, 39.436060205454055],
            [-120.811006189584134, 39.436070872120695],
            [-120.811051722917398, 39.436080805454026],
            [-120.811204789583826, 39.436155805453893],
            [-120.811524989583347, 39.436387005453525],
            [-120.81216638958233, 39.436827005452869],
            [-120.812167389582328, 39.436828472119544],
            [-120.812264989582161, 39.436968472119304],
            [-120.812302922915421, 39.43710440545243],
            [-120.81230318958211, 39.437280072118824],
            [-120.812242389582195, 39.437553672118383],
            [-120.8121431229157, 39.437826605451278],
            [-120.812036389582545, 39.438081472117574],
            [-120.812013789582579, 39.438153072117473],
            [-120.812020789582562, 39.438229872117347],
            [-120.812074189582461, 39.438379472117106],
            [-120.812226789582212, 39.43858507211678],
            [-120.812324322915401, 39.438698938783261],
            [-120.812646389581573, 39.439075005449354],
            [-120.812997589581016, 39.439455472115469],
            [-120.813447722913679, 39.439923405448042],
            [-120.813615722913426, 39.440057205447829],
            [-120.813727922913245, 39.440137205447741],
            [-120.81379112291313, 39.440182205447627],
            [-120.814073922912712, 39.440291005447477],
            [-120.814454522912115, 39.440424272113944],
            [-120.814694456245093, 39.440507672113824],
            [-120.815057322911173, 39.440633805446964],
            [-120.815485189577203, 39.440772472113395],
            [-120.815805589576655, 39.44081460544669],
            [-120.816217589576013, 39.440831272113314],
            [-120.816304722909251, 39.440836205446658],
            [-120.816453789575689, 39.440844672113315],
            [-120.816606522908785, 39.440843072113296],
            [-120.816797522908473, 39.440815205446654],
            [-120.817041522908085, 39.440680072113537],
            [-120.817201589574495, 39.440548005447056],
            [-120.817231922907808, 39.440508005447157],
            [-120.817232522907773, 39.44046747211388],
            [-120.817231989574452, 39.440368272114029],
            [-120.817163922907923, 39.440222872114248],
            [-120.817155722907899, 39.440137205447741],
            [-120.817216922907846, 39.439967072114655],
            [-120.81736232290757, 39.439731072115023],
            [-120.817491789574035, 39.439512805448715],
            [-120.81754998957399, 39.439392272115526],
            [-120.81758338957394, 39.439325405448983],
            [-120.817636589573851, 39.439132605449288],
            [-120.817644389573843, 39.438997672116159],
            [-120.817636522907151, 39.438763272116546],
            [-120.817643789573822, 39.438528538783544],
            [-120.817643922907166, 39.438524605450198],
            [-120.817697589573754, 39.438318405450559],
            [-120.817731589573668, 39.438209272117376],
            [-120.817758922906989, 39.438121405450829],
            [-120.817812189573544, 39.437973672117721],
            [-120.817827522906896, 39.437807272117993],
            [-120.81783478957351, 39.437645272118232],
            [-120.817827389573551, 39.437622605451622],
            [-120.817804322906909, 39.437432872118563],
            [-120.817793856240257, 39.437383005451977],
            [-120.817758789573645, 39.43721580545224],
            [-120.817646589573826, 39.436896405452728],
            [-120.817644122907154, 39.436889405452746],
            [-120.817621522907189, 39.436803272119562],
            [-120.817666989573809, 39.436669072119741],
            [-120.817712589573716, 39.436557272119956],
            [-120.817766456240292, 39.436518805453318],
            [-120.817804722906885, 39.436491472120053],
            [-120.817911122906764, 39.436457405453439],
            [-120.817925256240073, 39.436454805453423],
            [-120.818132322906422, 39.436416472120186],
            [-120.818483722905853, 39.436418605453468],
            [-120.818651389572267, 39.43639920545354],
            [-120.818857189571929, 39.436412072120163],
            [-120.81907878957162, 39.43640720545352],
            [-120.819284389571294, 39.43642907212012],
            [-120.819340456237853, 39.436437005453456],
            [-120.819467189571014, 39.436455072120111],
            [-120.819658722904023, 39.43653520545331],
            [-120.819818389570457, 39.436605805453212],
            [-120.819971322903541, 39.43666267211978],
            [-120.820085589570056, 39.436700872119729],
            [-120.820398722902894, 39.436765272119601],
            [-120.820642389569173, 39.436751872119657],
            [-120.820902122902112, 39.436761272119611],
            [-120.821153989568359, 39.436788472119588],
            [-120.821451722901259, 39.436857205452782],
            [-120.821985522900434, 39.437020272119241],
            [-120.822587989566159, 39.437216272118917],
            [-120.822918922898964, 39.437311338785435],
            [-120.82300758956552, 39.437336805452048],
            [-120.823137789565294, 39.43735267211872],
            [-120.823150922898606, 39.43735000545206],
            [-120.823198389565221, 39.437340272118718],
            [-120.823252322898441, 39.437314272118783],
            [-120.823282589565054, 39.437274405452172],
            [-120.823288722898383, 39.437245472118889],
            [-120.823297789565061, 39.437202605452285],
            [-120.823297922898405, 39.437062872119157],
            [-120.823343989564989, 39.436910472119393],
            [-120.823417922898216, 39.436811938786207],
            [-120.823427322898169, 39.43679947211956],
            [-120.823536722897984, 39.436697672119749],
            [-120.823564922897958, 39.436671405453126],
            [-120.823663922897822, 39.436547072119936],
            [-120.823763122897674, 39.436368805453583],
            [-120.823863589564155, 39.436228605453778],
            [-120.823877789564165, 39.436208805453816],
            [-120.823947989564033, 39.436143805453924],
            [-120.824068522897164, 39.436032205454069],
            [-120.824113456230464, 39.436007072120788],
            [-120.824388389563353, 39.435853472121039],
            [-120.824440456229922, 39.43582780545438],
            [-120.824642056229607, 39.43572840545454],
            [-120.824678989562926, 39.435710205454598],
            [-120.824981922895745, 39.435555072121474],
            [-120.825052389562302, 39.435519005454864],
            [-120.825212922895389, 39.435377872121762],
            [-120.825494789561617, 39.435207472122045],
            [-120.825685789561362, 39.435066872122263],
            [-120.825761989561215, 39.435023272122351],
            [-120.825838589561101, 39.43501120545568],
            [-120.826021389560822, 39.435014605455649],
            [-120.826356922893638, 39.435038872122277],
            [-120.826578322893283, 39.435133072122142],
            [-120.826899122892769, 39.435278805455255],
            [-120.827081922892489, 39.435426272121674],
            [-120.827211589558999, 39.435717072121236],
            [-120.827288322892173, 39.435939205454247],
            [-120.82739492289204, 39.436130405453923],
            [-120.827434922891939, 39.436169805453858],
            [-120.82747878955854, 39.436213072120495],
            [-120.827661989558294, 39.43629760545366],
            [-120.8281121228909, 39.436490672120044],
            [-120.828463189557056, 39.436596272119857],
            [-120.828489789557011, 39.436602205453198],
            [-120.828928322889624, 39.436699605453043],
            [-120.829538989555374, 39.436792005452901],
            [-120.829580456221947, 39.436798605452907],
            [-120.829989189554681, 39.436863472119455],
            [-120.830675722886951, 39.436948405452654],
            [-120.831225389552742, 39.436972072119318],
            [-120.831507322885614, 39.436990872119281],
            [-120.83194232288497, 39.43701700545256],
            [-120.832346789551025, 39.437087605452462],
            [-120.832668856217197, 39.437117872119074],
            [-120.832765989550353, 39.437127005452396],
            [-120.833086922883183, 39.437155472119002],
            [-120.833334522882808, 39.437235538785558],
            [-120.833338389549453, 39.437236805452244],
            [-120.833567789549079, 39.437335605452063],
            [-120.833666389548966, 39.437432072118611],
            [-120.833696789548924, 39.43750467211845],
            [-120.833712189548862, 39.437572605451692],
            [-120.833704789548904, 39.43760360545167],
            [-120.833682122882237, 39.437698205451511],
            [-120.833582389549065, 39.4378224054513],
            [-120.83355365621577, 39.43784247211795],
            [-120.833437789549293, 39.437923272117814],
            [-120.833132522883091, 39.438070805450934],
            [-120.833038856216604, 39.438121005450853],
            [-120.83275892288367, 39.438271072117288],
            [-120.832247922884505, 39.438473272116994],
            [-120.831912189551701, 39.438714805449933],
            [-120.831865922885072, 39.438754405449856],
            [-120.831835589551815, 39.43884400544971],
            [-120.831812789551805, 39.438992205449495],
            [-120.83184292288513, 39.439145872115944],
            [-120.831972922884916, 39.439423072115517],
            [-120.832040522884824, 39.439517938781989],
            [-120.832064122884788, 39.439551005448607],
            [-120.832186189551237, 39.439643272115177],
            [-120.832323589551038, 39.439709005448378],
            [-120.832339322884366, 39.439711072115074],
            [-120.832522522884062, 39.439735205448358],
            [-120.83275892288367, 39.439744072114991],
            [-120.833056189549893, 39.439736072115011],
            [-120.833658922882307, 39.43976087211496],
            [-120.83401812288173, 39.439817072114863],
            [-120.834307322881273, 39.439858472114793],
            [-120.83459752288087, 39.439868472114824],
            [-120.834948589546968, 39.439947072114705],
            [-120.835268522879801, 39.440029605447876],
            [-120.835513389546065, 39.440142272114372],
            [-120.835607389545942, 39.440191138780961],
            [-120.835863722878855, 39.440324472114071],
            [-120.836316856211511, 39.440424738780621],
            [-120.83637512287811, 39.440437605447244],
            [-120.83668852287758, 39.440447872113907],
            [-120.836886522877307, 39.440456072113875],
            [-120.837069989543693, 39.440419005447268],
            [-120.837184189543507, 39.440362605447376],
            [-120.837329122876611, 39.440257205447551],
            [-120.837458589543076, 39.440156005447705],
            [-120.837496789543025, 39.440071072114506],
            [-120.837671989542741, 39.439804005448252],
            [-120.837863322875762, 39.439586805448585],
            [-120.83815318954197, 39.439344405448935],
            [-120.838226989541852, 39.439296605449044],
            [-120.838572722874687, 39.439072872116014],
            [-120.839013389540639, 39.438873805449703],
            [-120.839099189540548, 39.438835005449732],
            [-120.839556922873157, 39.438640672116719],
            [-120.840023122872424, 39.438475138783645],
            [-120.840159722872215, 39.438426672117032],
            [-120.840936922870981, 39.438162605450771],
            [-120.841052122870849, 39.438123472117525],
            [-120.841753989536414, 39.43785720545128],
            [-120.841836856202917, 39.43782160545129],
            [-120.842196989535694, 39.437667072118245],
            [-120.842448389535321, 39.437518605451771],
            [-120.842562922868467, 39.437385605451993],
            [-120.842670122868299, 39.437257005452182],
            [-120.842715922868251, 39.437091072119131],
            [-120.842745989534876, 39.436911472119391],
            [-120.842768722868186, 39.436790272119595],
            [-120.842753522868179, 39.436600805453224],
            [-120.842722989534877, 39.4363884721202],
            [-120.842669989534954, 39.436153272120578],
            [-120.842608922868408, 39.435922405454278],
            [-120.842593322868424, 39.435719405454563],
            [-120.842646722868324, 39.435544672121523],
            [-120.842647389534989, 39.43554380545487],
            [-120.842749056201512, 39.43540833878842],
            [-120.842753389534835, 39.435402605455067],
            [-120.842822322868074, 39.435336272121845],
            [-120.842912722867936, 39.435269738788634],
            [-120.842959722867874, 39.435235205455342],
            [-120.843104322867646, 39.435161272122116],
            [-120.843264789534032, 39.435114672122154],
            [-120.843337922867249, 39.4351052721222],
            [-120.843539589533634, 39.435079272122209],
            [-120.843898189533093, 39.435036405455662],
            [-120.843952389533001, 39.435038005455624],
            [-120.844317589532409, 39.435048672122264],
            [-120.844454522865533, 39.435060205455613],
            [-120.844591989531978, 39.435071805455607],
            [-120.844798122865029, 39.435125205455506],
            [-120.844943122864777, 39.43517740545542],
            [-120.845019789531307, 39.435232872122015],
            [-120.84513432286451, 39.435338605455172],
            [-120.845309922864203, 39.435553605454857],
            [-120.845599389530435, 39.435820205454434],
            [-120.845897322863323, 39.436005872120802],
            [-120.846049989529718, 39.436067272120681],
            [-120.846194722862833, 39.436106005453951],
            [-120.846316389529306, 39.436117272120612],
            [-120.846469522862435, 39.436097605453995],
            [-120.846578256195585, 39.436073872120687],
            [-120.846698322862039, 39.436047672120708],
            [-120.847049189528207, 39.435950605454195],
            [-120.847247589527854, 39.435873205454357],
            [-120.847552789527413, 39.435797672121112],
            [-120.847842389526932, 39.435780605454454],
            [-120.848025789526673, 39.435788472121146],
            [-120.848483522859283, 39.435923072120943],
            [-120.848559722859193, 39.435924472120917],
            [-120.848735722858919, 39.43591867212092],
            [-120.848993522858507, 39.435889605454292],
            [-120.849147322858244, 39.435872272121003],
            [-120.849229189524806, 39.435858672121014],
            [-120.849513789524337, 39.435811472121088],
            [-120.849700589524048, 39.435809072121117],
            [-120.850086189523495, 39.43580407212113],
            [-120.850413989522963, 39.435792072121103],
            [-120.850497922856164, 39.435802672121099],
            [-120.850695989522535, 39.435738805454548],
            [-120.850754989522443, 39.435731472121233],
            [-120.850948189522114, 39.435707405454593],
            [-120.851146522855174, 39.435711005454607],
            [-120.85123778952169, 39.435712672121269],
            [-120.85138258952145, 39.43572440545455],
            [-120.851489589521293, 39.435739872121189],
            [-120.851619322854447, 39.435751272121195],
            [-120.85170538952093, 39.435750738787874],
            [-120.852527122853019, 39.435745472121198],
            [-120.852763589519327, 39.435853472121039],
            [-120.852970189518999, 39.436005872120802],
            [-120.85314552285206, 39.436112805453945],
            [-120.853344122851752, 39.43617500545389],
            [-120.853442989518271, 39.436190272120484],
            [-120.85384752285097, 39.436260872120386],
            [-120.85403832285067, 39.436268872120365],
            [-120.854259522850327, 39.436255005453745],
            [-120.854285122850285, 39.436247538787086],
            [-120.854404589516776, 39.436212605453818],
            [-120.854441589516682, 39.436185605453829],
            [-120.854518922849934, 39.436129072120593],
            [-120.854579722849849, 39.43601760545414],
            [-120.854633389516437, 39.435856405454388],
            [-120.854678989516344, 39.435222072122031],
            [-120.854655789516357, 39.43479367212268],
            [-120.854693789516318, 39.434335005456717],
            [-120.854728922849574, 39.434180872123648],
            [-120.854755122849554, 39.434065805457124],
            [-120.854869389516068, 39.433865205457437],
            [-120.854983456182538, 39.433728272124313],
            [-120.854983989515858, 39.433727672124348],
            [-120.855083322849055, 39.433661872124446],
            [-120.855174789515559, 39.433641072124487],
            [-120.855289122848717, 39.433629672124482],
            [-120.855426389515173, 39.433677272124385],
            [-120.855453122848473, 39.433689805457732],
            [-120.855556589515004, 39.433738205457644],
            [-120.855693722848116, 39.433835405457501],
            [-120.855884189514484, 39.434064072123817],
            [-120.856144122847411, 39.434352672123339],
            [-120.856147856180712, 39.434357138790006],
            [-120.856685589513233, 39.434997872122381],
            [-120.856845522846299, 39.435135872122146],
            [-120.857013722846034, 39.435215605455369],
            [-120.857046389512675, 39.435224938788679],
            [-120.857166322845785, 39.435259005455293],
            [-120.857334189512244, 39.435275605455274],
            [-120.857509522845305, 39.435269805455277],
            [-120.857669189511682, 39.4352255387887],
            [-120.857753322844871, 39.435202205455369],
            [-120.858035989511109, 39.435103672122182],
            [-120.858197322844205, 39.435003405455689],
            [-120.858218922844173, 39.434990005455688],
            [-120.858463122843773, 39.434769205456064],
            [-120.858593522843591, 39.434591472122975],
            [-120.858814389509917, 39.434302672123465],
            [-120.859043322842922, 39.434081672123796],
            [-120.859409389508983, 39.433791072124222],
            [-120.8595846561754, 39.433693672124377],
            [-120.859676122841904, 39.433642872124494],
            [-120.859889989508247, 39.433606272124507],
            [-120.860090189507957, 39.433623872124485],
            [-120.860149189507865, 39.433629072124461],
            [-120.860507922840611, 39.433639272124481],
            [-120.860599722840504, 39.43364187212444],
            [-120.86093518950662, 39.433666005457781],
            [-120.861179589506264, 39.433652472124436],
            [-120.861385189505938, 39.433602272124517],
            [-120.861614189505588, 39.433498272124666],
            [-120.861757789505361, 39.433401605458187],
            [-120.861789922838625, 39.433380005458218],
            [-120.861926989505093, 39.433265405458371],
            [-120.861947256171732, 39.433245805458398],
            [-120.861995789504988, 39.433199005458505],
            [-120.862079589504845, 39.433051872125361],
            [-120.862155722838054, 39.432909072125597],
            [-120.86217085617136, 39.432885672125622],
            [-120.862285389504507, 39.432708805459242],
            [-120.862453789504286, 39.432590205459405],
            [-120.862537522837499, 39.432443072126318],
            [-120.862674522837267, 39.432161805460112],
            [-120.862743722837138, 39.432081538793568],
            [-120.862919189503543, 39.431878005460533],
            [-120.863129722836561, 39.43160747212761],
            [-120.863323589502897, 39.431358405461367],
            [-120.863590589502508, 39.431102005461753],
            [-120.863734989502291, 39.430938005461996],
            [-120.863903189502025, 39.430733872128997],
            [-120.864094322835058, 39.430539205462594],
            [-120.864130922834988, 39.430515472129343],
            [-120.864330722834666, 39.430385872129534],
            [-120.864505522834406, 39.430294472129674],
            [-120.86476538950069, 39.430200072129821],
            [-120.865009522833645, 39.430173072129833],
            [-120.865223322833288, 39.430141005463213],
            [-120.865467789499576, 39.430150005463247],
            [-120.865825789499013, 39.43017007212984],
            [-120.866176922831812, 39.430230472129779],
            [-120.866428522831427, 39.430289072129654],
            [-120.866604189497821, 39.430337405462922],
            [-120.866878589497389, 39.430432472129439],
            [-120.86694732283064, 39.430465272129425],
            [-120.867023789497182, 39.430507272129319],
            [-120.867313989496722, 39.430656805462434],
            [-120.867794322829297, 39.430908805462025],
            [-120.868175522828722, 39.431145605461666],
            [-120.868419722828321, 39.431280672128139],
            [-120.868686722827931, 39.43138467212799],
            [-120.868839722827715, 39.431414472127926],
            [-120.86896912282748, 39.43140787212792],
            [-120.869137389493915, 39.431388405461291],
            [-120.869305122826972, 39.431342005461374],
            [-120.869355789493568, 39.431311672128061],
            [-120.869480522826677, 39.431237072128226],
            [-120.869617922826478, 39.43108640546177],
            [-120.869739922826284, 39.430894872128704],
            [-120.869777722826257, 39.430751472128975],
            [-120.869772989492901, 39.430599672129176],
            [-120.869770722826274, 39.430526072129283],
            [-120.869755122826291, 39.430300605463003],
            [-120.869793122826195, 39.430076472129997],
            [-120.869793189492896, 39.430076072130021],
            [-120.869846589492795, 39.429896805463613],
            [-120.869946189492623, 39.429745472130492],
            [-120.870075722825788, 39.429644272130645],
            [-120.87024352282549, 39.42954820546413],
            [-120.870388589491938, 39.429478805464271],
            [-120.870548789491693, 39.429441205464343],
            [-120.870685922824805, 39.429425672131003],
            [-120.870838922824589, 39.429428472131008],
            [-120.87089958949116, 39.429438605464327],
            [-120.870937922824453, 39.429448272130969],
            [-120.871235522823952, 39.429593405464061],
            [-120.872028789489434, 39.429936672130225],
            [-120.872638989488451, 39.430191072129844],
            [-120.873585789486981, 39.430622872129163],
            [-120.874310389485856, 39.43098300546194],
            [-120.874508589485572, 39.431076672128427],
            [-120.874729522818541, 39.431143805461659],
            [-120.874859789485015, 39.431159672128331],
            [-120.874973789484841, 39.43116180546167],
            [-120.875088922818009, 39.431150405461665],
            [-120.875165189484562, 39.431124805461707],
            [-120.875263722817692, 39.431059005461805],
            [-120.875378722817516, 39.430930472128694],
            [-120.875454389484105, 39.430783205462262],
            [-120.875500122817357, 39.430662405462442],
            [-120.875531189483979, 39.430428672129437],
            [-120.875568789483907, 39.4302176721298],
            [-120.875614922817192, 39.429943672130207],
            [-120.875691589483722, 39.429787472130442],
            [-120.875749389483644, 39.429691605463915],
            [-120.875774922816902, 39.429649272130689],
            [-120.875920389483383, 39.429521405464186],
            [-120.875980989483253, 39.429414405464343],
            [-120.876057522816495, 39.429451805464282],
            [-120.876324589482749, 39.429551272130823],
            [-120.876568922815693, 39.429564672130823],
            [-120.876743789482077, 39.429567872130804],
            [-120.876949922815129, 39.429616672130692],
            [-120.877033722814986, 39.429703872130574],
            [-120.877049122814924, 39.429726672130528],
            [-120.877118122814863, 39.429890072130263],
            [-120.877186922814758, 39.43011207212993],
            [-120.877224722814674, 39.430396605462818],
            [-120.877278522814606, 39.430609272129175],
            [-120.877346589481135, 39.430781672128887],
            [-120.877461722814303, 39.430891872128711],
            [-120.877575922814117, 39.431002072128592],
            [-120.87773632281386, 39.43107707212846],
            [-120.877850322813686, 39.431124205461686],
            [-120.878041389480074, 39.431168272128332],
            [-120.87828552281303, 39.431163672128321],
            [-120.878468722812727, 39.431108472128415],
            [-120.878667122812431, 39.431030872128531],
            [-120.878796322812263, 39.430938672128661],
            [-120.878879989478776, 39.430787072128908],
            [-120.878895789478747, 39.430647672129112],
            [-120.878895789478747, 39.43045847212943],
            [-120.878850122812139, 39.430336072129592],
            [-120.87876598947895, 39.4302128721298],
            [-120.878689789479097, 39.43004480546341],
            [-120.878659122812451, 39.429909072130272],
            [-120.8785903894792, 39.429727672130525],
            [-120.878445589479441, 39.429522272130839],
            [-120.878377189479579, 39.429413005464369],
            [-120.878338389479609, 39.429277072131242],
            [-120.878316122812976, 39.429173072131391],
            [-120.878338522812953, 39.429060872131572],
            [-120.878437789479449, 39.428945605465117],
            [-120.878567589479246, 39.4289028721318],
            [-120.878803722812222, 39.42887567213188],
            [-120.87912438947842, 39.428859005465199],
            [-120.879376189478023, 39.428841072131945],
            [-120.879520989477783, 39.42882567213195],
            [-120.879635589477573, 39.428809805465278],
            [-120.879941322810453, 39.428711672132124],
            [-120.880231322810005, 39.42863140546558],
            [-120.880436589476346, 39.428590072132295],
            [-120.880695922809309, 39.428585805465673],
            [-120.881023989475466, 39.42858727213229],
            [-120.881535389474664, 39.428655205465532],
            [-120.881893722807433, 39.428715805465458],
            [-120.88227578947351, 39.428736205465441],
            [-120.882445789473252, 39.428746005465428],
            [-120.88250478947316, 39.428749405465396],
            [-120.882664389472893, 39.428801872131999],
            [-120.882870522805888, 39.428877672131875],
            [-120.883115189472221, 39.428999205465004],
            [-120.883419656138415, 39.429120472131501],
            [-120.883435122805054, 39.429126672131474],
            [-120.883664189471347, 39.429234405464626],
            [-120.883969322804205, 39.429325605464498],
            [-120.884100389470689, 39.429365405464466],
            [-120.884205989470502, 39.429397472131029],
            [-120.884335389470323, 39.429417805464368],
            [-120.884404789470182, 39.429405605464353],
            [-120.884495589470077, 39.42938020546444],
            [-120.884518922803352, 39.429326605464496],
            [-120.884511389470049, 39.429218272131322],
            [-120.884480789470103, 39.429051072131585],
            [-120.884480722803403, 39.428888872131836],
            [-120.884511589470037, 39.428731805465418],
            [-120.884573589469937, 39.42865940546551],
            [-120.884587589469902, 39.428643072132218],
            [-120.884656122803165, 39.428608272132294],
            [-120.884816322802919, 39.428548205465688],
            [-120.885014589469279, 39.42849320546577],
            [-120.885380589468696, 39.428468272132477],
            [-120.88567092280158, 39.428451072132532],
            [-120.885884322801246, 39.428450472132511],
            [-120.885886722801217, 39.428450338799166],
            [-120.886075656134267, 39.428438672132529],
            [-120.886166522800806, 39.428433072132577],
            [-120.886380322800449, 39.428405405465924],
            [-120.886489189466943, 39.428376538799284],
            [-120.886571322800194, 39.428354805466029],
            [-120.886701122799991, 39.428289605466091],
            [-120.886968122799544, 39.427956605466647],
            [-120.88715078946592, 39.427775205466901],
            [-120.887258189465797, 39.427633005467101],
            [-120.887426122798843, 39.4274604054674],
            [-120.887586389465241, 39.427346205467586],
            [-120.887679722798453, 39.427297338800997],
            [-120.887761189464982, 39.427254672134382],
            [-120.887944789464711, 39.427185872134487],
            [-120.888150322797742, 39.427113072134603],
            [-120.88835652279738, 39.427040272134718],
            [-120.888684589463537, 39.426897605468241],
            [-120.888867789463291, 39.426792805468438],
            [-120.889019989463009, 39.426709872135234],
            [-120.889241722796044, 39.426601272135372],
            [-120.889439722795714, 39.426465272135601],
            [-120.889587256128834, 39.426353138802426],
            [-120.889630722795403, 39.426320072135809],
            [-120.88971458946196, 39.426159472136078],
            [-120.889760322795212, 39.426043205469568],
            [-120.889867122795067, 39.425896405469814],
            [-120.8900047894615, 39.425781805470024],
            [-120.890225922794514, 39.425650672136896],
            [-120.890401589460907, 39.425581805470301],
            [-120.890584322793927, 39.425517472137074],
            [-120.890721922793716, 39.425502005470435],
            [-120.890904589460092, 39.425392672137264],
            [-120.891095789459825, 39.425360072137323],
            [-120.891278722792833, 39.425291405470773],
            [-120.891484389459208, 39.425187005470946],
            [-120.89163752279228, 39.425117672137674],
            [-120.891939922791835, 39.424937005471293],
            [-120.891996122791738, 39.424903405471355],
            [-120.892346389457884, 39.424698005471669],
            [-120.892452056124398, 39.424639538805081],
            [-120.892590789457472, 39.424562805471908],
            [-120.892949522790275, 39.424393605472176],
            [-120.893269589456452, 39.424300272138964],
            [-120.893544522789341, 39.424215205472422],
            [-120.893941322788748, 39.424132272139218],
            [-120.894262122788234, 39.424111072139283],
            [-120.894605589454386, 39.424108272139279],
            [-120.894767989454124, 39.424107805472602],
            [-120.895039789453676, 39.424107072139293],
            [-120.895292189453301, 39.424138672139236],
            [-120.895657989452729, 39.424167872139151],
            [-120.896085589452071, 39.4241440721392],
            [-120.896428522784845, 39.424136805472529],
            [-120.896710789451106, 39.42419140547247],
            [-120.897008522783949, 39.424259872139032],
            [-120.897275522783559, 39.424291672138963],
            [-120.897771589449462, 39.42426007213902],
            [-120.898045789449043, 39.424242472139042],
            [-120.898234189448715, 39.424216672139096],
            [-120.898336122781927, 39.424202672139131],
            [-120.89858792278153, 39.424207205472442],
            [-120.898770989447883, 39.424228605472422],
            [-120.899045989447472, 39.424283072139019],
            [-120.899259389447138, 39.424354472138873],
            [-120.899541722780043, 39.424454205472045],
            [-120.899846522779569, 39.424509272138664],
            [-120.900236322778937, 39.42451180547198],
            [-120.900541189445164, 39.424512805471977],
            [-120.900899989444611, 39.424532805471927],
            [-120.901235189444094, 39.424516272138646],
            [-120.901494589443644, 39.424507472138657],
            [-120.901616789443494, 39.424478205472042],
            [-120.901784789443241, 39.424395605472171],
            [-120.902074722776092, 39.424243205472408],
            [-120.902280989442431, 39.424170272139179],
            [-120.902456522775537, 39.424128405472572],
            [-120.902646722775216, 39.424104805472609],
            [-120.90278498944167, 39.424100805472619],
            [-120.902837789441605, 39.424099272139301],
            [-120.902921989441438, 39.424123272139241],
            [-120.903501789440554, 39.424205805472468],
            [-120.903890722773269, 39.424289405472337],
            [-120.903933322773241, 39.424293938805647],
            [-120.904038656106366, 39.424305138805607],
            [-120.90419618943946, 39.424321872138933],
            [-120.904516522772326, 39.424363672138895],
            [-120.904981522771607, 39.424403605472151],
            [-120.905347722771012, 39.424468805472031],
            [-120.905614722770622, 39.424518605471974],
            [-120.905759922770358, 39.424570805471888],
            [-120.905836189436911, 39.424639672138426],
            [-120.906202722769706, 39.424790472138227],
            [-120.906517456102563, 39.424964538804602],
            [-120.906606989435716, 39.425014005471212],
            [-120.90730918943467, 39.425324005470713],
            [-120.907835322767141, 39.425549672137038],
            [-120.90821718943323, 39.425727672136759],
            [-120.908408456099608, 39.425818738803287],
            [-120.908522122766101, 39.425872805469851],
            [-120.908827522765648, 39.426004472136299],
            [-120.909086922765198, 39.426072205469552],
            [-120.909264322764955, 39.426114672136123],
            [-120.909269922764963, 39.42611600546951],
            [-120.909506322764571, 39.426151805469431],
            [-120.909849789430723, 39.426126472136161],
            [-120.910292389430026, 39.426062272136221],
            [-120.91058218942959, 39.426009005469666],
            [-120.910856589429159, 39.425887672136525],
            [-120.911062722762153, 39.425747205470032],
            [-120.911398322761613, 39.425568605470346],
            [-120.911726522761114, 39.425448272137203],
            [-120.911753256094414, 39.425435338803879],
            [-120.912031589427329, 39.425300672137439],
            [-120.912420522760044, 39.425064405471119],
            [-120.912695789426266, 39.424938672137955],
            [-120.912855589426044, 39.424837872138141],
            [-120.91288618942599, 39.424689805471701],
            [-120.912931789425897, 39.424496872138661],
            [-120.912947989425902, 39.424439405472071],
            [-120.912977322759161, 39.424335605472265],
            [-120.913069122759055, 39.424251672139064],
            [-120.913297989425359, 39.424125072139248],
            [-120.913331389425309, 39.424084672139315],
            [-120.913389789425196, 39.424014072139414],
            [-120.913428122758489, 39.423803072139719],
            [-120.913450922758443, 39.42360080547337],
            [-120.913450589425111, 39.423416072140355],
            [-120.913526989425009, 39.423237272140625],
            [-120.913641522758155, 39.423050072140882],
            [-120.913740789424651, 39.422813205474597],
            [-120.913817189424549, 39.422562272141647],
            [-120.913839722757814, 39.422346405475309],
            [-120.913847589424506, 39.422080672142386],
            [-120.913840122757847, 39.421918405475992],
            [-120.913801989424542, 39.421760072142888],
            [-120.913788522757898, 39.421718072142994],
            [-120.913755389424637, 39.42161507214314],
            [-120.91370232275807, 39.421424872143405],
            [-120.913641122758179, 39.421189605477139],
            [-120.913625922758172, 39.421085138810611],
            [-120.913618789424845, 39.42103600547739],
            [-120.913618322758168, 39.420855805477629],
            [-120.913653922758158, 39.420692005477918],
            [-120.913656322758129, 39.4206808054779],
            [-120.913717589424721, 39.420524205478159],
            [-120.913786389424615, 39.420408405478327],
            [-120.913847722757851, 39.420323872145161],
            [-120.913939122757711, 39.42020387214535],
            [-120.914046189424198, 39.420169805478736],
            [-120.914167989424016, 39.420077272145534],
            [-120.91432812275707, 39.420012605478973],
            [-120.914495589423495, 39.419970605479023],
            [-120.914686589423184, 39.419969472145681],
            [-120.914961189422741, 39.419988005479013],
            [-120.915365522755451, 39.42004027214557],
            [-120.915731589421569, 39.420105405478807],
            [-120.916052122754422, 39.420169672145391],
            [-120.916479722753763, 39.420244872145247],
            [-120.916807989419908, 39.42031387214513],
            [-120.917113122752767, 39.420382405478392],
            [-120.917517389418776, 39.420479672144893],
            [-120.917707722751857, 39.420528205478149],
            [-120.918021189418027, 39.420605872144677],
            [-120.918371789417449, 39.420706805477892],
            [-120.918585589417148, 39.420814205477711],
            [-120.918761189416898, 39.420916405477556],
            [-120.918959389416557, 39.421037072144031],
            [-120.919172789416223, 39.42121207214376],
            [-120.919348589415961, 39.421400005476812],
            [-120.919531389415681, 39.42162387214313],
            [-120.919721989415393, 39.421857005476113],
            [-120.919882589415124, 39.422049072142443],
            [-120.920081189414816, 39.422160805475642],
            [-120.920302389414474, 39.422290872142071],
            [-120.920500389414144, 39.42237100547527],
            [-120.92065312274724, 39.422387205475275],
            [-120.920782789413749, 39.422371472141947],
            [-120.920786656080395, 39.422370872141983],
            [-120.920912589413547, 39.422351272142009],
            [-120.921050189413336, 39.422290672142083],
            [-120.921156589413158, 39.422180005475582],
            [-120.921247922746318, 39.421987872142552],
            [-120.921332322746196, 39.421764205476222],
            [-120.921370589412845, 39.42162520547646],
            [-120.921426189412728, 39.42147640547671],
            [-120.921439122746051, 39.421441805476718],
            [-120.921530522745911, 39.421326272143574],
            [-120.921637522745755, 39.421242605477062],
            [-120.921797389412177, 39.421164405477157],
            [-120.922079722745025, 39.421092805477258],
            [-120.92241472274452, 39.420973005477492],
            [-120.922415789411218, 39.42097267214416],
            [-120.922712922744097, 39.420942005477514],
            [-120.92305658941018, 39.420885005477601],
            [-120.923315989409787, 39.420853605477646],
            [-120.923606122742683, 39.420813805477735],
            [-120.923910989408853, 39.420738072144502],
            [-120.924239389408342, 39.420631405477991],
            [-120.924612722741131, 39.42050740547819],
            [-120.924925389407292, 39.420413805478347],
            [-120.925192522740247, 39.420319405478494],
            [-120.925319789406672, 39.420286405478521],
            [-120.925452189406485, 39.420252005478574],
            [-120.925696722739417, 39.420211272145309],
            [-120.925955922739035, 39.420134872145411],
            [-120.926291789405184, 39.420073272145544],
            [-120.926619389404664, 39.420070072145506],
            [-120.926848589404301, 39.420128205478761],
            [-120.926978522737443, 39.420175605478676],
            [-120.927222122737078, 39.420234005478619],
            [-120.927466589403366, 39.42034200547846],
            [-120.927740989402935, 39.420513472144819],
            [-120.927901322736034, 39.420638005477997],
            [-120.928076922735727, 39.420789805477739],
            [-120.92823732273547, 39.420914272144216],
            [-120.928458322735139, 39.421026405477392],
            [-120.92858052273499, 39.421042005477375],
            [-120.928733122734741, 39.421040272144012],
            [-120.928915989401105, 39.421016472144061],
            [-120.92910692273415, 39.420970272144132],
            [-120.929327922733819, 39.420906672144213],
            [-120.929557322733444, 39.420811672144396],
            [-120.92973998939982, 39.420675272144592],
            [-120.929877789399598, 39.420556072144791],
            [-120.929999789399403, 39.42038260547838],
            [-120.930068189399321, 39.420203605478662],
            [-120.930083522732616, 39.420032672145567],
            [-120.930052522732694, 39.419874472145864],
            [-120.929976589399473, 39.419693005479473],
            [-120.929923389399562, 39.419457805479794],
            [-120.929800922733079, 39.419203205480187],
            [-120.929732322733173, 39.419017272147187],
            [-120.929678789399929, 39.418818072147474],
            [-120.929640722733325, 39.418655272147703],
            [-120.929633522733354, 39.418529005481275],
            [-120.929648322733328, 39.418376072148135],
            [-120.929692989399882, 39.418242338815048],
            [-120.929709589399863, 39.418192472148462],
            [-120.929801189399711, 39.418041005481996],
            [-120.929938589399512, 39.417912805482217],
            [-120.930136522732539, 39.417821672149046],
            [-120.93036345606555, 39.417724538815833],
            [-120.930449789398722, 39.41768760548257],
            [-120.930770522731564, 39.41752220548284],
            [-120.931052122731103, 39.417401072149687],
            [-120.931380389397304, 39.417271672149866],
            [-120.931617389396934, 39.417190405483325],
            [-120.931800122729953, 39.417121472150086],
            [-120.931933322729776, 39.417123872150114],
            [-120.931982989396374, 39.417124805483411],
            [-120.932120722729451, 39.417158805483382],
            [-120.932563189395466, 39.417265805483225],
            [-120.932791989395071, 39.417364405483056],
            [-120.933056656061353, 39.417462272149578],
            [-120.933227189394415, 39.417525272149476],
            [-120.933569989393902, 39.417644005482657],
            [-120.933829722726841, 39.417698205482566],
            [-120.934066122726449, 39.417733872149142],
            [-120.934332989392715, 39.417815272149028],
            [-120.934500789392416, 39.417908272148907],
            [-120.934607922725604, 39.417973272148799],
            [-120.934699722725441, 39.418033472148693],
            [-120.934762456058706, 39.418041605482017],
            [-120.934821189391926, 39.418049205482021],
            [-120.934958722725071, 39.418038005482003],
            [-120.935099589391484, 39.417969672148786],
            [-120.935111189391478, 39.417964072148777],
            [-120.935271789391265, 39.417836272148975],
            [-120.935416522724324, 39.417681205482552],
            [-120.935477589390928, 39.417601205482697],
            [-120.93554658939081, 39.417525872149497],
            [-120.935556589390785, 39.417519805482812],
            [-120.93566872272396, 39.417451472149594],
            [-120.935813322723732, 39.417373005483057],
            [-120.936026922723386, 39.417318205483127],
            [-120.936188856056503, 39.41729713881648],
            [-120.936240389389752, 39.417290405483186],
            [-120.936530389389304, 39.417304605483139],
            [-120.936790322722231, 39.417327205483105],
            [-120.93715612272166, 39.417378805483054],
            [-120.937537322721084, 39.417426072149624],
            [-120.937682322720832, 39.417455672149572],
            [-120.938208789386692, 39.41752807214948],
            [-120.938590522719437, 39.417584405482728],
            [-120.93892652271893, 39.417635405482656],
            [-120.939498989384674, 39.417749205482494],
            [-120.939689322717697, 39.417793072149095],
            [-120.940017589383899, 39.417889005482266],
            [-120.940429589383257, 39.41802240548202],
            [-120.940696189382834, 39.418139805481871],
            [-120.941047122715588, 39.418254072148329],
            [-120.94142132271503, 39.418440805481396],
            [-120.941756722714501, 39.418613405481153],
            [-120.942008522714104, 39.418789072147547],
            [-120.942123122713951, 39.418921672147292],
            [-120.942291322713686, 39.419077872147056],
            [-120.942527789379994, 39.419302805480072],
            [-120.94274112271296, 39.419482205479767],
            [-120.942932122712705, 39.419629805479531],
            [-120.943168789379001, 39.419751072146028],
            [-120.943343722712029, 39.419799205479308],
            [-120.943527389378403, 39.419802472145932],
            [-120.943649322711565, 39.419777605479339],
            [-120.943763989378056, 39.419757072146012],
            [-120.943946989377764, 39.419701805479463],
            [-120.944129522710853, 39.419596872146258],
            [-120.944259389377294, 39.419473072146445],
            [-120.944396922710439, 39.419367405479932],
            [-120.944572322710144, 39.419253405480163],
            [-120.944739989376558, 39.419103205480383],
            [-120.944923589376288, 39.418935205480636],
            [-120.945083322709365, 39.418807405480834],
            [-120.945266522709062, 39.418702472147629],
            [-120.94548772270872, 39.418611805481135],
            [-120.945732122708364, 39.418544072147881],
            [-120.94596872270796, 39.41847620548134],
            [-120.946189922707617, 39.418435005481399],
            [-120.946418389373946, 39.418412005481457],
            [-120.946616989373638, 39.418424605481448],
            [-120.946983389373088, 39.418381472148155],
            [-120.94728858937259, 39.418422805481441],
            [-120.94753818937221, 39.418479538814665],
            [-120.947631989372042, 39.418500872147945],
            [-120.948028789371449, 39.418611605481146],
            [-120.948280322704363, 39.418697072147665],
            [-120.948463522704117, 39.418763405480888],
            [-120.948676989370426, 39.418789672147511],
            [-120.948913922703412, 39.418753272147569],
            [-120.949126989369745, 39.418739072147616],
            [-120.949287522702832, 39.418764405480886],
            [-120.949524522702461, 39.41880460548083],
            [-120.949859989368576, 39.418896072147334],
            [-120.949940456035165, 39.418900405480656],
            [-120.950111589368191, 39.418909605480678],
            [-120.950432322701033, 39.418915205480687],
            [-120.95063832270074, 39.418918872147344],
            [-120.950790922700492, 39.418894472147372],
            [-120.950912989366941, 39.418860605480745],
            [-120.951017722700158, 39.418780138814213],
            [-120.951027522700144, 39.418772605480854],
            [-120.951186989366533, 39.418626672147752],
            [-120.951309322699672, 39.418444205481364],
            [-120.951378722699587, 39.418307738814917],
            [-120.951393322699573, 39.418279005481622],
            [-120.951477322699418, 39.418064205481983],
            [-120.951568989365967, 39.417854072148998],
            [-120.951668322699106, 39.41759007214938],
            [-120.951674856032469, 39.417573738816088],
            [-120.951759922698955, 39.417361872149741],
            [-120.95200352269859, 39.416974272150355],
            [-120.952148789365026, 39.416850672150531],
            [-120.952202789364947, 39.416819738817253],
            [-120.952308989364781, 39.416758872150695],
            [-120.952522389364447, 39.416708605484075],
            [-120.952712989364159, 39.416693872150802],
            [-120.952987989363749, 39.416698805484089],
            [-120.953529922696248, 39.416739805484042],
            [-120.953873322695699, 39.416768405483992],
            [-120.954117522695299, 39.416804205483913],
            [-120.954704322694397, 39.416873072150509],
            [-120.955162189360351, 39.416903672150454],
            [-120.955940722692503, 39.416993872150329],
            [-120.956123722692212, 39.416992672150286],
            [-120.956268522691971, 39.416954672150382],
            [-120.956466922691675, 39.416877072150498],
            [-120.956551122691565, 39.416774872150654],
            [-120.956589389358157, 39.416658472150857],
            [-120.956604189358131, 39.41649660548444],
            [-120.95657418935815, 39.416360872151301],
            [-120.956589589358146, 39.416230472151483],
            [-120.956619589358127, 39.416122872151675],
            [-120.95667312269137, 39.416078805485085],
            [-120.956742122691253, 39.416003472151829],
            [-120.956818322691106, 39.415955272151905],
            [-120.957024189357469, 39.415837205485445],
            [-120.957237322690503, 39.415750872152216],
            [-120.957458589356804, 39.415705072152321],
            [-120.957634722689875, 39.415667672152381],
            [-120.957978122689326, 39.415642205485767],
            [-120.958389922688696, 39.415658405485715],
            [-120.958718122688197, 39.415682205485666],
            [-120.958992722687753, 39.415723072152275],
            [-120.959282789353949, 39.415813672152126],
            [-120.959443122687048, 39.415884472152015],
            [-120.95963318935344, 39.415968472151917],
            [-120.959824322686472, 39.416089005485048],
            [-120.959954322686258, 39.416185872151573],
            [-120.96014492268597, 39.416324405484659],
            [-120.960373322685598, 39.416405005484535],
            [-120.96064058935184, 39.416477205484455],
            [-120.960869522684845, 39.416544272150986],
            [-120.961334722684114, 39.41662460548423],
            [-120.961792722683413, 39.416700205484119],
            [-120.962204589349426, 39.416815472150574],
            [-120.962677722682031, 39.416945405483716],
            [-120.963082122681385, 39.417074072150172],
            [-120.963577789347312, 39.41720440548329],
            [-120.96389092268015, 39.417273005483196],
            [-120.96430272267952, 39.417365805483087],
            [-120.964577322679077, 39.417433672149627],
            [-120.964814122678717, 39.417455672149572],
            [-120.965088789344975, 39.417447005482927],
            [-120.965539122677569, 39.417513472149494],
            [-120.966057389343462, 39.417563072149449],
            [-120.966644922675869, 39.417631872149343],
            [-120.96695978934207, 39.417649405482621],
            [-120.967118322675162, 39.41765820548261],
            [-120.967774322674131, 39.417692205482581],
            [-120.968179122673519, 39.417753272149127],
            [-120.968819589339148, 39.417823072149019],
            [-120.969048789338785, 39.417854072148998],
            [-120.969399589338252, 39.417927805482179],
            [-120.969653322671206, 39.418005138815431],
            [-120.969681722671169, 39.418013805482076],
            [-120.969933589337415, 39.418112805481883],
            [-120.970322389336843, 39.418272805481649],
            [-120.97058178933645, 39.418417005481444],
            [-120.970818789336079, 39.418556205481195],
            [-120.971040322669069, 39.418677205481004],
            [-120.971238322668739, 39.418811272147479],
            [-120.971482322668351, 39.418883072147366],
            [-120.971703389334721, 39.418941072147277],
            [-120.971879389334447, 39.418957605480614],
            [-120.97205498933414, 39.418933605480618],
            [-120.972199922667244, 39.418895605480714],
            [-120.972321589333717, 39.418852605480765],
            [-120.972428922666893, 39.418809472147473],
            [-120.97257338933332, 39.418681272147694],
            [-120.972672389333184, 39.418448805481376],
            [-120.972749189333058, 39.418179872148471],
            [-120.972848589332898, 39.417933805482164],
            [-120.972977789332731, 39.417755872149144],
            [-120.973137722665797, 39.41762347214933],
            [-120.973328389332153, 39.417532272149458],
            [-120.973679789331641, 39.417434805482969],
            [-120.973970189331169, 39.417412805482968],
            [-120.974312922663955, 39.417382672149699],
            [-120.974702389330048, 39.417398472149671],
            [-120.975175522662653, 39.417429272149604],
            [-120.975411789328916, 39.417469472149548],
            [-120.975854189328231, 39.417504205482828],
            [-120.976335322660816, 39.417589072149383],
            [-120.976838389326701, 39.417665472149281],
            [-120.977219922659458, 39.417753072149139],
            [-120.97746398932577, 39.417797872149038],
            [-120.977738989325303, 39.417829672149026],
            [-120.978077255991479, 39.417866672148932],
            [-120.978081989324778, 39.41786720548231],
            [-120.978333789324381, 39.417871605482276],
            [-120.978623589323945, 39.417818072149032],
            [-120.978929589323457, 39.417733272149178],
            [-120.979142589323146, 39.417646872149305],
            [-120.979340789322862, 39.417542205482789],
            [-120.979501522655937, 39.417436872149608],
            [-120.979691989322305, 39.417246472149941],
            [-120.979822122655435, 39.417095605483496],
            [-120.979913789321927, 39.416935005483708],
            [-120.979951522655199, 39.416836605483866],
            [-120.980019922655117, 39.416603472150939],
            [-120.980020322655093, 39.416288205484761],
            [-120.979989589321804, 39.415967805485252],
            [-120.97994358932192, 39.415674205485686],
            [-120.979882522655316, 39.415425405486076],
            [-120.979832922655419, 39.415280272152984],
            [-120.979798922655448, 39.415180605486455],
            [-120.97966912265565, 39.414894605486893],
            [-120.979532189322526, 39.414585872154021],
            [-120.979440522656034, 39.414363472154378],
            [-120.979120122656525, 39.413646205488817],
            [-120.979006455990032, 39.413340138822662],
            [-120.979005589323378, 39.413337872155978],
            [-120.978914122656818, 39.413061472156414],
            [-120.978883122656896, 39.412853805490045],
            [-120.978896989323516, 39.412675005490371],
            [-120.978898122656858, 39.412660272157041],
            [-120.978951989323434, 39.412454005490702],
            [-120.978989722656706, 39.41230140549095],
            [-120.97905878932329, 39.412149472157807],
            [-120.979134922656499, 39.412029205491365],
            [-120.979348589322854, 39.411839205491617],
            [-120.979615522655763, 39.411722205491799],
            [-120.979768389322146, 39.411634672158641],
            [-120.979951189321866, 39.411583872158701],
            [-120.980279389321367, 39.411612072158675],
            [-120.980561989320961, 39.411702605491882],
            [-120.980759922653988, 39.41186367215829],
            [-120.980858989320495, 39.412153672157842],
            [-120.980935389320337, 39.412524405490558],
            [-120.980989322653613, 39.412917272156619],
            [-120.981088122653432, 39.413270405489413],
            [-120.981202722653279, 39.413578672155609],
            [-120.981385989319676, 39.413942272155055],
            [-120.981538322652739, 39.414125072154775],
            [-120.981744189319102, 39.414232272154607],
            [-120.981988189318713, 39.414254472154539],
            [-120.982278589318298, 39.414228005487928],
            [-120.982515189317894, 39.414133005488054],
            [-120.982659789317665, 39.414022872154931],
            [-120.982805389317434, 39.413836272155208],
            [-120.982911589317268, 39.413626405488856],
            [-120.982948589317232, 39.413554605488969],
            [-120.983125389316967, 39.413211072156173],
            [-120.983262589316723, 39.412934205489933],
            [-120.983446122649809, 39.412635605490379],
            [-120.98362892264953, 39.412413472157425],
            [-120.983804589315923, 39.412263405490989],
            [-120.983995389315623, 39.412140605491174],
            [-120.984239322648591, 39.411964605491448],
            [-120.984460922648225, 39.411833272158333],
            [-120.984658922647895, 39.41173747215845],
            [-120.984864789314258, 39.411669005491888],
            [-120.984907522647518, 39.411649938825292],
            [-120.985078789313945, 39.411573605492038],
            [-120.985345789313499, 39.411501672158806],
            [-120.985612589313121, 39.411465672158897],
            [-120.985978522645894, 39.411463072158881],
            [-120.986344789311943, 39.411496405492187],
            [-120.986611922644897, 39.411550605492096],
            [-120.986733722644715, 39.411586738825349],
            [-120.986901989311093, 39.411636672158636],
            [-120.987313922643807, 39.411756472158459],
            [-120.988321322642207, 39.412215405491054],
            [-120.988346389308845, 39.412225738824361],
            [-120.989104722641002, 39.412538605490568],
            [-120.989198722640879, 39.412577405490481],
            [-120.989534522640326, 39.412740872156917],
            [-120.989938922639737, 39.412991072156501],
            [-120.990320522639138, 39.413200472156177],
            [-120.990701722638562, 39.413450272155785],
            [-120.990998922638084, 39.413640072155488],
            [-120.991243589304361, 39.413847072155193],
            [-120.991418922637422, 39.413985272155003],
            [-120.991655122637042, 39.414151472154742],
            [-120.991823122636788, 39.414267005487886],
            [-120.991998722636538, 39.414351072154432],
            [-120.99201772263649, 39.414356138821063],
            [-120.992144189302962, 39.414389672154357],
            [-120.99227318930275, 39.414396405487651],
            [-120.99240332263588, 39.414416672154289],
            [-120.992525389302386, 39.414414272154318],
            [-120.992585884093955, 39.414428703404269],
            [-120.992702522635454, 39.414392472154361],
            [-120.99308132263485, 39.414085872154828],
            [-120.993528522634165, 39.413721272155385],
            [-120.993528789300797, 39.413721005488696],
            [-120.993886322633614, 39.413485005489065],
            [-120.994192589299757, 39.413356072155977],
            [-120.994570389299213, 39.413247205489483],
            [-120.994647876799093, 39.41321850965619],
            [-120.994973916381923, 39.413126949239654],
            [-120.995735522630696, 39.412827472156778],
            [-120.996392322629731, 39.412369272157491],
            [-120.99665918929594, 39.412105605491206],
            [-120.997466575753037, 39.411569488825421],
            [-120.997599389294521, 39.411480805492204],
            [-120.998090789293713, 39.41109427215946],
            [-120.998483122626453, 39.410817805493252],
            [-120.998592989292945, 39.410751205493341],
            [-120.998729855959425, 39.410668272160137],
            [-120.999260322625275, 39.410346805493987],
            [-120.999857589290968, 39.40995460549459],
            [-121.000057655957335, 39.409787672161485],
            [-121.00025132262374, 39.409626005495056],
            [-121.000742122622967, 39.409261805495646],
            [-121.001062922622452, 39.409026405496036],
            [-121.001648455954864, 39.408825138829627],
            [-121.002388589287079, 39.408348405497065],
            [-121.002867589286325, 39.407890472164411],
            [-121.002928789286216, 39.40783200549788],
            [-121.003378589285546, 39.407492405498374],
            [-121.003914522618004, 39.407040872165737],
            [-121.004124989284378, 39.406863605499382],
            [-121.004707055950121, 39.406410338833382],
            [-121.005102989282875, 39.406067405500607],
            [-121.0053590559491, 39.405845538834285],
            [-121.00601245594811, 39.405219672168585],
            [-121.006504522614023, 39.404850072169154],
            [-121.00676845594694, 39.40470193883607],
            [-121.006864455946754, 39.404648072169493],
            [-121.00732832261275, 39.404469005503074],
            [-121.007651189278874, 39.404415338836486],
            [-121.00793358927848, 39.404368472169892],
            [-121.008537922610856, 39.40442347216981],
            [-121.009204989276498, 39.404548338836321],
            [-121.009562055942581, 39.404672472169409],
            [-121.010147655941694, 39.404876005502445],
            [-121.010671989274215, 39.405056672168826],
            [-121.011642922606029, 39.405378072168332],
            [-121.012894055937409, 39.405459938834895],
            [-121.013692655936211, 39.405576472168036],
            [-121.013719389269454, 39.40558273883471],
            [-121.014480455934972, 39.405761605501084],
            [-121.01491698926759, 39.405763605501079],
            [-121.015062322600727, 39.405764272167744],
            [-121.015542722600003, 39.405448072168213],
            [-121.01570192259976, 39.405070938835479],
            [-121.015550989266615, 39.404527805502994],
            [-121.015438189266831, 39.403798338837476],
            [-121.015439055933484, 39.403576738837785],
            [-121.015440989266779, 39.403054272171971],
            [-121.015344322600299, 39.402598272172668],
            [-121.01528472260037, 39.402317072173105],
            [-121.014898055934339, 39.401712338840696],
            [-121.014373322601784, 39.401427138841143],
            [-121.013448855936588, 39.401330138841274],
            [-121.012461922604757, 39.401337672174634],
            [-121.011478055939619, 39.401227538841454],
            [-121.01139605593977, 39.401181938841546],
            [-121.010720722607459, 39.400806205508786],
            [-121.010132322608399, 39.400545138842517],
            [-121.009888122608743, 39.400436805509344],
            [-121.009267922609695, 39.400276205509613],
            [-121.008762389277194, 39.400161472176421],
            [-121.008336322611171, 39.400224938842996],
            [-121.007920255945123, 39.40045460550931],
            [-121.0078672559452, 39.400483805509282],
            [-121.007712989278787, 39.400501805509236],
            [-121.007590522612304, 39.40051607217589],
            [-121.007508189279122, 39.400394205509429],
            [-121.007430322612549, 39.400278938842916],
            [-121.007364589279348, 39.399690205510524],
            [-121.007333055946049, 39.399349405511032],
            [-121.007485122612479, 39.399018072178194],
            [-121.007852789278559, 39.398781605511886],
            [-121.008512189277553, 39.398603405512176],
            [-121.009600722609207, 39.398323138845967],
            [-121.01057378927436, 39.397989938846479],
            [-121.011443922606361, 39.397565538847118],
            [-121.012149322605239, 39.3972529388476],
            [-121.012238922605093, 39.397232805514307],
            [-121.01300338927058, 39.397060405514594],
            [-121.013507522603163, 39.397073338847918],
            [-121.014229922601999, 39.397055938847927],
            [-121.014741189267909, 39.396852472181592],
            [-121.015124322600627, 39.396630672181914],
            [-121.015613589266536, 39.396299005515743],
            [-121.015743389266333, 39.396198472182562],
            [-121.01577272259965, 39.396175738849308],
            [-121.015881122599467, 39.396091805516107],
            [-121.016546855931779, 39.396039205516161],
            [-121.017025189264359, 39.395943005516301],
            [-121.017646389263405, 39.395781205516585],
            [-121.018218189262484, 39.395526338850289],
            [-121.018564189261951, 39.395252738850729],
            [-121.018945122594687, 39.394822405518084],
            [-121.019151922594403, 39.394424672185323],
            [-121.019452189260562, 39.393951605519419],
            [-121.019633589260309, 39.39353580552006],
            [-121.019887722593239, 39.393280538853787],
            [-121.020223789259376, 39.393090672187384],
            [-121.020616122592116, 39.392944338854306],
            [-121.021038255924793, 39.392721138854654],
            [-121.021467855924129, 39.392372605521871],
            [-121.021997655923315, 39.391811938856051],
            [-121.022327522589421, 39.391350805523473],
            [-121.022816055922021, 39.390831805524272],
            [-121.023289855921291, 39.390402072191591],
            [-121.0236369225874, 39.390063938858759],
            [-121.024068922586764, 39.389590805526154],
            [-121.024518389252705, 39.389257005526702],
            [-121.024996455918654, 39.389098472193609],
            [-121.025221389251612, 39.389098072193633],
            [-121.025536255917814, 39.389161472193507],
            [-121.025859122583938, 39.389339405526584],
            [-121.026164189250153, 39.389507472192975],
            [-121.026552055916227, 39.389924938858996],
            [-121.0268159225825, 39.390309405525045],
            [-121.026970722582234, 39.390534872191381],
            [-121.027510322581406, 39.391309272190199],
            [-121.027838189247575, 39.391884005522627],
            [-121.027957255914032, 39.392096272188951],
            [-121.02822038924694, 39.392498605521666],
            [-121.028493989246556, 39.393021272187525],
            [-121.02868358924627, 39.393295405520405],
            [-121.028993589245772, 39.393643538853212],
            [-121.029582055911533, 39.394073938852557],
            [-121.029582357994855, 39.394074165935876],
            [-121.030201122577239, 39.394368872185453],
            [-121.030358855910322, 39.394520072185173],
            [-121.030688589243141, 39.394836272184705],
            [-121.031129322575794, 39.395326338850623],
            [-121.031566855908466, 39.395658538850114],
            [-121.031646522574988, 39.395719005516639],
            [-121.032146589240881, 39.395816072183209],
            [-121.03227618924069, 39.395810005516523],
            [-121.032691722573361, 39.39579040551655],
            [-121.033440122572188, 39.395677338850078],
            [-121.033754322571724, 39.395629872183463],
            [-121.034279122570922, 39.395490472183667],
            [-121.034501589237209, 39.395431405517115],
            [-121.035048322569708, 39.395284472184017],
            [-121.035365789235868, 39.395168005517519],
            [-121.0355751225689, 39.395091205517645],
            [-121.036032922568154, 39.39490700551795],
            [-121.036351522567657, 39.394714205518198],
            [-121.036483322567449, 39.394292272185567],
            [-121.036428122567543, 39.393937405519409],
            [-121.03629365590109, 39.393568805519976],
            [-121.036221989234548, 39.393372405520324],
            [-121.036190055901272, 39.392969605520932],
            [-121.036214389234544, 39.392638938854759],
            [-121.036316189234412, 39.392298805521989],
            [-121.036558122567385, 39.391980738855807],
            [-121.037063589233242, 39.391720872189524],
            [-121.037915922565276, 39.391307538856836],
            [-121.038358655897923, 39.391010072190625],
            [-121.038792855897213, 39.390718338857766],
            [-121.039495655896133, 39.390269805525122],
            [-121.039766722562376, 39.389966805525603],
            [-121.039862322562215, 39.389859938859104],
            [-121.040072789228589, 39.389448738859755],
            [-121.040278722561595, 39.38880880552739],
            [-121.040467855894633, 39.388483605527881],
            [-121.040594389227749, 39.388266005528237],
            [-121.040976722560515, 39.388004805528624],
            [-121.041019989227095, 39.387975205528676],
            [-121.04158985589288, 39.387928472195426],
            [-121.042001322558917, 39.388010005528656],
            [-121.042081255892128, 39.388025805528628],
            [-121.042725655891104, 39.388218805528311],
            [-121.043371922556787, 39.388593472194373],
            [-121.043516189223226, 39.388799138860747],
            [-121.043740655889565, 39.389119138860224],
            [-121.044127122555608, 39.389502872192963],
            [-121.044609589221523, 39.389650138859395],
            [-121.044701189221371, 39.38967807219268],
            [-121.045145789220669, 39.389716405525974],
            [-121.04561885588663, 39.389646138859405],
            [-121.046364722552141, 39.389154072193548],
            [-121.04651298921857, 39.38905627219367],
            [-121.046773589218162, 39.388912538860552],
            [-121.047039255884442, 39.38885613886066],
            [-121.047433455883834, 39.388923205527192],
            [-121.047704055883401, 39.389102272193611],
            [-121.047881322549756, 39.389466338859677],
            [-121.047882989216419, 39.389494872192984],
            [-121.047901922549727, 39.389822338859176],
            [-121.047829989216552, 39.390119538858698],
            [-121.047701789216717, 39.390649205524539],
            [-121.047525322550314, 39.390959672190718],
            [-121.047131255884267, 39.391646538856321],
            [-121.046989589217844, 39.392196672188788],
            [-121.047001722551158, 39.392855938854439],
            [-121.047045789217748, 39.393467005520165],
            [-121.047304722550678, 39.394043605519244],
            [-121.047640322550137, 39.394486272185247],
            [-121.047941389216362, 39.394844605518017],
            [-121.048201589215978, 39.395161338850869],
            [-121.04865958921522, 39.395569605516869],
            [-121.04887365588155, 39.395736538849974],
            [-121.049702255880277, 39.39610413884941],
            [-121.050910255878421, 39.396368338849015],
            [-121.05154218921075, 39.396381805515659],
            [-121.051960055876805, 39.396394672182282],
            [-121.052176189209774, 39.396367538849006],
            [-121.052490122542622, 39.396328138849071],
            [-121.053076789208376, 39.396169538849279],
            [-121.053616055874215, 39.39599460551625],
            [-121.05418858920666, 39.395992672182899],
            [-121.054645589205961, 39.39600073884958],
            [-121.054815989205679, 39.396007805516206],
            [-121.055273922538333, 39.396026805516215],
            [-121.05605705587044, 39.395921405516333],
            [-121.056578789202945, 39.39571107218336],
            [-121.056958055869018, 39.395445672183769],
            [-121.057208055868614, 39.395163138850876],
            [-121.058050989200638, 39.395222338850772],
            [-121.058504789199958, 39.395271605517337],
            [-121.058853389199442, 39.395309472183953],
            [-121.05907112253243, 39.395253138850705],
            [-121.059461522531819, 39.395152138850904],
            [-121.059782722531281, 39.39488507218465],
            [-121.059954722531018, 39.39458520551841],
            [-121.059999922530949, 39.393914138852779],
            [-121.060277989197232, 39.393391938853597],
            [-121.060563255863428, 39.392985538854248],
            [-121.060925655862889, 39.39246127218837],
            [-121.061168455862514, 39.391810538856078],
            [-121.061470922528713, 39.391342805523436],
            [-121.061865722528069, 39.390893538857483],
            [-121.06234058919398, 39.390615672191245],
            [-121.062800055859952, 39.390556138858017],
            [-121.063288389192508, 39.390631538857917],
            [-121.06380532252507, 39.390836605524271],
            [-121.064219989191088, 39.39098407219069],
            [-121.06470398919032, 39.391039205523953],
            [-121.065233455856173, 39.391041672190568],
            [-121.066047455854914, 39.391219738856989],
            [-121.066700522520591, 39.391410205523357],
            [-121.067354591269577, 39.391814875314367],
            [-121.067566322519212, 39.391945872189183],
            [-121.0683393891847, 39.392641405521431],
            [-121.068439722517894, 39.392731672187949],
            [-121.068778255850702, 39.393005538854197],
            [-121.069116922516798, 39.393279472187146],
            [-121.06973218918256, 39.393606205519916],
            [-121.07028772251499, 39.393630272186556],
            [-121.070863922514093, 39.393402072186916],
            [-121.072075589178894, 39.392892738854357],
            [-121.072841122511022, 39.392909472187682],
            [-121.073589989176526, 39.393242405520482],
            [-121.073811255842884, 39.39333620552037],
            [-121.074266055842145, 39.393528938853422],
            [-121.075015989174346, 39.393638672186569],
            [-121.075386589173775, 39.393662605519864],
            [-121.076163655839196, 39.393712738853139],
            [-121.076998255837907, 39.393710672186444],
            [-121.077477855837174, 39.393686805519792],
            [-121.077746655836734, 39.393673472186492],
            [-121.078246389169294, 39.393484805520131],
            [-121.078350589169133, 39.393445472186841],
            [-121.078997855834814, 39.393237672187183],
            [-121.079519389167331, 39.393159472187278],
            [-121.080307189166092, 39.393197138853907],
            [-121.081238789164672, 39.393414738853551],
            [-121.082030989163457, 39.393648205519867],
            [-121.082804522495564, 39.394005672185983],
            [-121.083397322494648, 39.394521672185192],
            [-121.083635655827607, 39.394798738851421],
            [-121.08380678916069, 39.394771672184788],
            [-121.084104122493557, 39.394724605518206],
            [-121.084453389159705, 39.394345538852122],
            [-121.084782189159171, 39.39384660551957],
            [-121.084886589158998, 39.393536005520048],
            [-121.085058389158746, 39.393024672187494],
            [-121.085119255825305, 39.392632472188097],
            [-121.085288989158357, 39.391538805523169],
            [-121.08510658915867, 39.39072773885772],
            [-121.085271522491723, 39.389967338858924],
            [-121.085287389158395, 39.389679472192711],
            [-121.085324055824969, 39.38901700552708],
            [-121.085460655824761, 39.388148405528398],
            [-121.085491455824751, 39.387952538862066],
            [-121.085555122491314, 39.387787872195645],
            [-121.085778922490931, 39.387208805529895],
            [-121.086114722490436, 39.386830205530487],
            [-121.086444989156576, 39.386588005530825],
            [-121.086897189155877, 39.386384805531179],
            [-121.087388189155149, 39.386181005531455],
            [-121.088031455820783, 39.386118205531545],
            [-121.088679655819817, 39.386001072198439],
            [-121.089325989152144, 39.385967805531777],
            [-121.090002055817763, 39.385980738865101],
            [-121.09045938915034, 39.386064138864981],
            [-121.090944522482914, 39.386277672197991],
            [-121.091467455815462, 39.386442672197745],
            [-121.092091389147811, 39.386488805530973],
            [-121.092560922480459, 39.386453338864385],
            [-121.092871255813293, 39.386429872197766],
            [-121.093562055812185, 39.386347872197859],
            [-121.094006522478196, 39.386442272197712],
            [-121.094385122477604, 39.386680472197384],
            [-121.094685322477119, 39.386793805530544],
            [-121.094778722476974, 39.386829005530444],
            [-121.095173855809719, 39.387003738863541],
            [-121.095307055809485, 39.387046605530145],
            [-121.095614389142384, 39.387145405529964],
            [-121.095931055808535, 39.387249538863159],
            [-121.096375855807821, 39.387349138862987],
            [-121.096902455807026, 39.387346272196339],
            [-121.096998922473517, 39.387264272196433],
            [-121.097053455806815, 39.387176738863275],
            [-121.097122389139997, 39.387066072196774],
            [-121.097247655806484, 39.386668605530701],
            [-121.097273122473098, 39.386178205531451],
            [-121.097353322472998, 39.385705938865556],
            [-121.097733189139092, 39.385273272199527],
            [-121.098437389137985, 39.384844938866877],
            [-121.099136789136878, 39.384462138867491],
            [-121.09931752246996, 39.384363205534271],
            [-121.099884655802384, 39.383960672201567],
            [-121.100311122468383, 39.383531672202253],
            [-121.100474922468152, 39.38320100553608],
            [-121.100558055801343, 39.382794138870054],
            [-121.100590322467951, 39.382636205536983],
            [-121.100626789134594, 39.382220938870944],
            [-121.10063598913456, 39.381916672204738],
            [-121.100800322467649, 39.381432205538829],
            [-121.101042389133909, 39.381247272205769],
            [-121.10156672246643, 39.381092538872679],
            [-121.102569855798208, 39.380810805539795],
            [-121.103119722464044, 39.38069733887329],
            [-121.103803655796298, 39.380554472206882],
            [-121.104142055795762, 39.380494272206988],
            [-121.104358522462121, 39.38045580554035],
            [-121.104675389128317, 39.380355605540501],
            [-121.10486032246132, 39.380322672207228],
            [-121.105518589126973, 39.38030827220723],
            [-121.106079455792781, 39.380487472206994],
            [-121.106717855791771, 39.380848605539768],
            [-121.107039589124611, 39.381099338872673],
            [-121.107465789123978, 39.381388272205584],
            [-121.107906522456631, 39.381517938872037],
            [-121.108127055789623, 39.381582805538585],
            [-121.108330122455982, 39.381625405538557],
            [-121.10861512245549, 39.381577872205298],
            [-121.108784322455222, 39.381558138871981],
            [-121.109383789121011, 39.381488205538744],
            [-121.110199989119735, 39.381396872205585],
            [-121.111006322451829, 39.381315805539032],
            [-121.111654522450806, 39.381208938872533],
            [-121.111981522450264, 39.381155005539256],
            [-121.112690789115845, 39.381016605539457],
            [-121.112867322448892, 39.380896338873015],
            [-121.113285789114911, 39.380611072206761],
            [-121.11384052244739, 39.379967272207807],
            [-121.11427558911339, 39.379339872208732],
            [-121.114402522446539, 39.379156672209035],
            [-121.114584789112939, 39.378845138876216],
            [-121.114738855779365, 39.378694272209771],
            [-121.114888189112435, 39.378548005543337],
            [-121.115630855777965, 39.378353605543623],
            [-121.116202189110425, 39.378503805543403],
            [-121.116308722443591, 39.378556338876649],
            [-121.116845722442747, 39.378821072209576],
            [-121.117722722441385, 39.379001672209256],
            [-121.118363655773692, 39.379259138875568],
            [-121.118846655772984, 39.379559538875071],
            [-121.119114455772547, 39.379690738874899],
            [-121.119391855772108, 39.379826605541325],
            [-121.119641322438383, 39.379826538874681],
            [-121.119744855771557, 39.379826538874681],
            [-121.120237789104124, 39.379479072208539],
            [-121.120995522436317, 39.378586738876606],
            [-121.121512989102143, 39.378518605543377],
            [-121.121649455768591, 39.37856360554332],
            [-121.121922055768209, 39.378653538876506],
            [-121.122314989100914, 39.378826272209551],
            [-121.122872322433409, 39.378976605542675],
            [-121.123563055765658, 39.379273938875542],
            [-121.124321855764492, 39.37948980554188],
            [-121.124776855763741, 39.379722672208175],
            [-121.125334722429557, 39.379934605541166],
            [-121.125756122428925, 39.380059072207644],
            [-121.126066555761781, 39.380137505540858],
            [-121.126855722427194, 39.380278472207294],
            [-121.126986389093645, 39.380269805540649],
            [-121.127481122426218, 39.380236605540688],
            [-121.127887522425624, 39.380044205540969],
            [-121.128006789092069, 39.379752005541434],
            [-121.127994589092111, 39.379725472208179],
            [-121.127795455759099, 39.379291138875487],
            [-121.127774989092416, 39.379246472208877],
            [-121.127383722426373, 39.378876872209446],
            [-121.127022589093599, 39.3786202055432],
            [-121.126705789094103, 39.378381605543552],
            [-121.126357122427976, 39.378081872210714],
            [-121.126151189094969, 39.377862205544375],
            [-121.126066389095115, 39.377683072211312],
            [-121.125944855761929, 39.377220938878736],
            [-121.125905189095363, 39.375938405547345],
            [-121.125956055761947, 39.375618872214545],
            [-121.12606352242841, 39.375204405548516],
            [-121.126110122428372, 39.375089405548692],
            [-121.126126189094975, 39.37496011700722],
            [-121.126126189094975, 39.374959738882239],
            [-121.126128389095015, 39.374891672215654],
            [-121.126398522427905, 39.374436272216371],
            [-121.12651725576103, 39.374134938883515],
            [-121.126603989094235, 39.373914805550498],
            [-121.126814322427265, 39.373218472218241],
            [-121.127073206801867, 39.372694585760712],
            [-121.12713592242676, 39.372567672219247],
            [-121.127312989093127, 39.372295805552994],
            [-121.127515122426189, 39.372190738886502],
            [-121.127966189092149, 39.372217272219814],
            [-121.128855255757401, 39.372458805552753],
            [-121.128935722423989, 39.37248067221941],
            [-121.129262189090127, 39.372439272219481],
            [-121.129649255756192, 39.372123405553282],
            [-121.129994655755638, 39.372030272220115],
            [-121.130973455754145, 39.372080605553379],
            [-121.131773255752876, 39.372150138886582],
            [-121.132119655752376, 39.372180205553207],
            [-121.132706722418106, 39.37206427222003],
            [-121.133512389083535, 39.371905138886973],
            [-121.134054389082678, 39.371707138887245],
            [-121.134071055749359, 39.371672405553966],
            [-121.134234989082415, 39.371330538887833],
            [-121.134296122415662, 39.370933272221805],
            [-121.134361122415555, 39.370442938889255],
            [-121.134366722415564, 39.370400872222604],
            [-121.134250122415722, 39.36992967222335],
            [-121.134171989082517, 39.369613672223863],
            [-121.13431312241562, 39.369026672224777],
            [-121.134324055748948, 39.369016538891458],
            [-121.134583055748521, 39.368777805558466],
            [-121.135644055746866, 39.368650072225364],
            [-121.13590312241314, 39.368638605558715],
            [-121.136226789079331, 39.368624338892062],
            [-121.136633455745368, 39.368629605558738]
          ]
        ]
      }
    },
    {
      "type": "Feature",
      "properties": {
        "GNIS_Name": "North Yuba River",
        "segment": "headwater",
        "flow_order": 1
      },
      "geometry": {
        "type": "MultiLineString",
        "coordinates": [
          [
            [-120.495765923406793, 39.622390471831466],
            [-120.495796590073383, 39.622328071831589],
            [-120.495834790073332, 39.622274871831678],
            [-120.495987590073071, 39.622016871832045],
            [-120.496048390072986, 39.621923671832235],
            [-120.496154990072853, 39.621817871832377],
            [-120.496261990072696, 39.621734605165841],
            [-120.496307790072592, 39.621677005165907],
            [-120.496399723405773, 39.621593405166038],
            [-120.496452923405684, 39.621509005166217],
            [-120.49650579007232, 39.621397471833006],
            [-120.496544523405589, 39.621272205166576],
            [-120.496567190072199, 39.621128605166803],
            [-120.496612990072151, 39.620926805167073],
            [-120.496659123405379, 39.620761071834011],
            [-120.496696923405352, 39.620577205167649],
            [-120.496788323405212, 39.620408005167917],
            [-120.496895523405044, 39.620198605168241],
            [-120.497017390071505, 39.620007605168496],
            [-120.497246123404466, 39.619764805168927],
            [-120.497314723404372, 39.619698671835692],
            [-120.497353390070998, 39.619613871835782],
            [-120.497383323404279, 39.619551471835905],
            [-120.497398990070906, 39.61954280516926],
            [-120.49745259007085, 39.619368271836208],
            [-120.497543723404021, 39.619244205169707],
            [-120.497719123403726, 39.619040805170016],
            [-120.498085390069832, 39.61869727183722],
            [-120.498268990069562, 39.618512071837529],
            [-120.498398190069338, 39.618321205171128],
            [-120.498573523402399, 39.618081671838183],
            [-120.498672923402239, 39.617948671838406],
            [-120.498825390068703, 39.617816871838613],
            [-120.498947723401841, 39.617756405172031],
            [-120.499084590068264, 39.61767380517216],
            [-120.499190323401479, 39.617589271838938],
            [-120.499221790068077, 39.6175642051723],
            [-120.49924005673472, 39.617545471839037],
            [-120.499397990067791, 39.617383271839287],
            [-120.499542590067563, 39.61721067183953],
            [-120.499725990067304, 39.617048005173103],
            [-120.499939590066958, 39.616840871840111],
            [-120.500153390066657, 39.61664280517374],
            [-120.500379456732958, 39.616485738507322],
            [-120.500404990066215, 39.616468005173999],
            [-120.500733123399073, 39.616191271841103],
            [-120.500938590065402, 39.616065071841319],
            [-120.501045990065222, 39.615972805174806],
            [-120.501487923397917, 39.615770605175101],
            [-120.501839523397337, 39.615611471841987],
            [-120.502289123396679, 39.615355405175762],
            [-120.502685923396029, 39.615170205176014],
            [-120.503097790062043, 39.615034871842909],
            [-120.503479390061443, 39.614989071842956],
            [-120.503883790060854, 39.614979805176347],
            [-120.504097390060508, 39.614993405176335],
            [-120.504334190060149, 39.615025471842898],
            [-120.504547390059827, 39.61508860517614],
            [-120.504928923392526, 39.615250005175881],
            [-120.505196390058813, 39.615363805175718],
            [-120.505364123391871, 39.61541700517563],
            [-120.505577790058226, 39.615466605175584],
            [-120.505753190057931, 39.615510871842162],
            [-120.505829590057829, 39.615530605175479],
            [-120.505898190057735, 39.615527605175487],
            [-120.505940323390973, 39.615519538508806],
            [-120.506088790057447, 39.6154910718422],
            [-120.506348190056997, 39.615402071842311],
            [-120.506508723390084, 39.615351471842416],
            [-120.506607723389948, 39.615313071842479],
            [-120.506722323389795, 39.615302005175806],
            [-120.506782923389665, 39.61531680517578],
            [-120.506935923389449, 39.615374205175726],
            [-120.507126190055828, 39.615508871842167],
            [-120.50734799005545, 39.615698271841893],
            [-120.507492390055233, 39.615872605174957],
            [-120.507569323388452, 39.61598227184146],
            [-120.507798323388101, 39.616153871841163],
            [-120.508072590054326, 39.616340005174209],
            [-120.50837759005384, 39.616544671840586],
            [-120.508522990053621, 39.616633405173786],
            [-120.508736590053331, 39.616705605173649],
            [-120.50904892338616, 39.61676627184022],
            [-120.509292990052472, 39.616780605173517],
            [-120.509598723385295, 39.616782605173512],
            [-120.509819523384976, 39.616778405173534],
            [-120.510315390050835, 39.616753005173564],
            [-120.51064372338368, 39.61671500517366],
            [-120.510887723383291, 39.616670605173681],
            [-120.511185190049503, 39.616577871840491],
            [-120.511483190049034, 39.616431205174081],
            [-120.511887323381757, 39.616264071840988],
            [-120.512192990047936, 39.61614447184121],
            [-120.512459523380869, 39.616082605174597],
            [-120.512825790046975, 39.616018405174714],
            [-120.513016923380007, 39.615986471841438],
            [-120.513199923379716, 39.61598140517475],
            [-120.513344590046131, 39.616007005174708],
            [-120.513466390045949, 39.616050671841322],
            [-120.513504790045886, 39.616064471841298],
            [-120.513634923379016, 39.616170871841121],
            [-120.513779523378844, 39.616363071840851],
            [-120.514168723378191, 39.616677805173708],
            [-120.514427923377809, 39.616877005173365],
            [-120.514794390043903, 39.617074005173095],
            [-120.51523659004323, 39.617227605172843],
            [-120.515473123376182, 39.617291271839406],
            [-120.515679723375854, 39.617336205172649],
            [-120.515855123375616, 39.617380471839283],
            [-120.516266990041629, 39.617506405172378],
            [-120.516503523374581, 39.617628605172229],
            [-120.516557656707846, 39.617667671838831],
            [-120.516709390040944, 39.61777720517199],
            [-120.516923123373942, 39.618011471838315],
            [-120.517205590040192, 39.618314805171167],
            [-120.517418723373169, 39.618422871837652],
            [-120.517655190039477, 39.618486605170858],
            [-120.517968390038959, 39.61856527183744],
            [-120.518220323371906, 39.61860667183737],
            [-120.518479390038181, 39.618607805170711],
            [-120.51878512337106, 39.618591805170695],
            [-120.519196323370409, 39.618533005170832],
            [-120.519478923369945, 39.618467005170942],
            [-120.519745990036199, 39.618369071837719],
            [-120.520043390035767, 39.618258271837931],
            [-120.520280323368752, 39.618227405171297],
            [-120.52046332336846, 39.618199671837999],
            [-120.520722190034689, 39.618187205171353],
            [-120.521027590034237, 39.61821627183798],
            [-120.521264390033878, 39.61825287183791],
            [-120.521546523366737, 39.618344471837759],
            [-120.521866790032902, 39.618590005170745],
            [-120.522233323365697, 39.618827605170338],
            [-120.522492990031935, 39.618977271836798],
            [-120.522706123364969, 39.619166471836479],
            [-120.522889723364699, 39.619305605169586],
            [-120.522972990031235, 39.6194380051694],
            [-120.523095523364361, 39.619598205169154],
            [-120.523293590030733, 39.61986367183539],
            [-120.523438990030513, 39.620195605168249],
            [-120.523515523363699, 39.620440471834513],
            [-120.523644990030164, 39.620749605167362],
            [-120.523904123363081, 39.621097405166836],
            [-120.524087723362811, 39.621299471833197],
            [-120.524400390028973, 39.621490871832862],
            [-120.524667390028583, 39.621622671832711],
            [-120.524995323361395, 39.621715271832556],
            [-120.52525492336099, 39.621783871832406],
            [-120.525335856694198, 39.621793605165749],
            [-120.525483323360675, 39.621811271832371],
            [-120.525757790026887, 39.621790071832436],
            [-120.526010123359811, 39.621781871832411],
            [-120.526269323359429, 39.621737871832522],
            [-120.526605323358922, 39.621709005165883],
            [-120.527055523358229, 39.62166007183265],
            [-120.527513390024183, 39.621620271832683],
            [-120.527787323357074, 39.621698205165899],
            [-120.528108323356548, 39.621763605165825],
            [-120.52830692335624, 39.621808271832379],
            [-120.528474190022678, 39.621829871832347],
            [-120.528718190022289, 39.621830605165712],
            [-120.528970390021925, 39.621863005165665],
            [-120.52944352335453, 39.621886605165628],
            [-120.529954323353707, 39.62187487183229],
            [-120.530290390019843, 39.62184147183234],
            [-120.530686923352562, 39.62180940516572],
            [-120.531000123352101, 39.621744005165851],
            [-120.531190723351813, 39.621666871832588],
            [-120.531388590018139, 39.621567471832748],
            [-120.531525923351296, 39.621453271832934],
            [-120.531610123351129, 39.621338005166479],
            [-120.531884990017375, 39.62101947183362],
            [-120.532159523350288, 39.62077307183398],
            [-120.53237339001663, 39.620593005167621],
            [-120.53264752334951, 39.620459205167833],
            [-120.533029323348956, 39.620264605168131],
            [-120.533349990015097, 39.620154271834963],
            [-120.533593590014732, 39.620118871835018],
            [-120.534013390014081, 39.620069271835121],
            [-120.534463723346732, 39.620078805168419],
            [-120.534783923346197, 39.620103605168367],
            [-120.535043123345815, 39.620140671834974],
            [-120.535280190012088, 39.620231271834825],
            [-120.535600323344966, 39.620382205167971],
            [-120.535821590011267, 39.620505205167774],
            [-120.535844523344565, 39.620518005167753],
            [-120.536020190010959, 39.620652405167505],
            [-120.536218390010674, 39.620895271833831],
            [-120.536539123343516, 39.621276005166578],
            [-120.536806123343069, 39.621551871832821],
            [-120.53713432334257, 39.621698471832588],
            [-120.537477523342034, 39.621836405165709],
            [-120.537774723341556, 39.621914805165545],
            [-120.538049990007835, 39.621992671832118],
            [-120.53830879000742, 39.622083805165289],
            [-120.538400923340589, 39.622157805165159],
            [-120.538476590007122, 39.622281005165007],
            [-120.538499723340465, 39.62243020516479],
            [-120.538484590007158, 39.622569471831241],
            [-120.538484723340446, 39.622624405164458],
            [-120.538484923340491, 39.622727205164324],
            [-120.538538190007046, 39.622926471830681],
            [-120.538713590006807, 39.623132871830364],
            [-120.538919590006458, 39.623281405163425],
            [-120.539003390006314, 39.623319205163398],
            [-120.539643923338645, 39.623445405163181],
            [-120.540033123338048, 39.623498671829793],
            [-120.540300190004302, 39.623522405163044],
            [-120.54050619000401, 39.623544805163021],
            [-120.540719923337008, 39.62357180516301],
            [-120.540910923336696, 39.623607405162943],
            [-120.541177723336261, 39.623640071829527],
            [-120.541406590002623, 39.623671871829515],
            [-120.541605190002315, 39.623739205162735],
            [-120.541948123335089, 39.62388607182919],
            [-120.542154723334761, 39.623971605162353],
            [-120.54236052333448, 39.624039005162274],
            [-120.542596590000755, 39.624116005162136],
            [-120.542947790000198, 39.624173005162049],
            [-120.543230523333079, 39.624188005162011],
            [-120.543374989999563, 39.624200071828682],
            [-120.543588523332573, 39.624276671828568],
            [-120.543756589998964, 39.624361271828434],
            [-120.544016189998558, 39.624655071827988],
            [-120.544148389998327, 39.624867938494333],
            [-120.544169189998286, 39.62490147182757],
            [-120.544275523331464, 39.624962405160829],
            [-120.544367189998013, 39.625004805160756],
            [-120.544450723331181, 39.625051605160706],
            [-120.54455038999771, 39.625139271827209],
            [-120.544603989997654, 39.625208005160459],
            [-120.544717789997435, 39.625323071826926],
            [-120.544756123330728, 39.625436471826788],
            [-120.544763589997387, 39.625553671826594],
            [-120.544763389997399, 39.625679871826378],
            [-120.544786389997341, 39.625815471826172],
            [-120.544817123330631, 39.625955805159265],
            [-120.544870789997219, 39.626042471825826],
            [-120.544916389997127, 39.626093005159078],
            [-120.545007789996987, 39.626162471825637],
            [-120.545191189996729, 39.626247471825479],
            [-120.54553458999618, 39.626380805158647],
            [-120.545824523329088, 39.626499605158472],
            [-120.54615992332856, 39.626628271824927],
            [-120.546449923328112, 39.626747005158052],
            [-120.54661018999451, 39.626827005157963],
            [-120.546693789994379, 39.626891805157811],
            [-120.546724523327669, 39.626951005157764],
            [-120.546730189994321, 39.626960138491086],
            [-120.546769989994289, 39.62702407182428],
            [-120.546785389994227, 39.627141471824132],
            [-120.546770523327609, 39.627258271823962],
            [-120.546770523327609, 39.627298805157182],
            [-120.546724923327702, 39.627351871823805],
            [-120.546693789994379, 39.62738727182375],
            [-120.546648323327815, 39.627417871823695],
            [-120.546587123327868, 39.627479605156907],
            [-120.546533789994669, 39.627546071823474],
            [-120.546480523328057, 39.627635005156662],
            [-120.546404123328159, 39.627737005156519],
            [-120.546373789994902, 39.627790405156418],
            [-120.546335589994953, 39.627861671822984],
            [-120.5462593233284, 39.627999671822806],
            [-120.546197923328521, 39.62808847182265],
            [-120.546113923328619, 39.628176805155817],
            [-120.546060389995375, 39.628270271822373],
            [-120.545953723328864, 39.628488805155371],
            [-120.54591572332896, 39.628636605155123],
            [-120.545900789995642, 39.628766871821597],
            [-120.545908323328945, 39.628884205154748],
            [-120.545938523328914, 39.62902000515453],
            [-120.545976723328863, 39.62911540515438],
            [-120.54603832332873, 39.629206671820896],
            [-120.54611398999532, 39.629307405154066],
            [-120.546328323328282, 39.629469605153815],
            [-120.546434589994817, 39.629593471820328],
            [-120.546556789994611, 39.629699671820163],
            [-120.54661772332787, 39.629768471820057],
            [-120.546679189994393, 39.629859871819917],
            [-120.546716989994366, 39.629964271819745],
            [-120.546721723327664, 39.629991005153045],
            [-120.546739523327631, 39.630090871819561],
            [-120.546770789994298, 39.630217671819366],
            [-120.546823989994209, 39.63033587181917],
            [-120.54689992332743, 39.630495205152272],
            [-120.546945589993982, 39.630604271818754],
            [-120.547014189993888, 39.630704805151936],
            [-120.547113923327061, 39.63081047181845],
            [-120.547220589993572, 39.630880271818341],
            [-120.547304389993428, 39.630918205151602],
            [-120.547404123326601, 39.630942805151562],
            [-120.547541323326413, 39.630995205151464],
            [-120.547724323326122, 39.631071205151329],
            [-120.547929923325796, 39.631165605151182],
            [-120.548029123325648, 39.631248805151074],
            [-120.548250923325327, 39.631379605150869],
            [-120.548364923325153, 39.63147207181737],
            [-120.548555789991497, 39.6316338051505],
            [-120.548700589991256, 39.631781005150231],
            [-120.548898789990972, 39.632023871816557],
            [-120.549066789990718, 39.632194071816286],
            [-120.549204389990507, 39.632341071816029],
            [-120.549349523323599, 39.632582871815657],
            [-120.549486723323412, 39.632716471815456],
            [-120.549578389989904, 39.632781471815349],
            [-120.549700589989698, 39.632847071815263],
            [-120.549837323322834, 39.632913005148509],
            [-120.550020789989219, 39.632957471815075],
            [-120.550181123322318, 39.632974271815044],
            [-120.550364389988715, 39.632960205148436],
            [-120.55045558998853, 39.632953071815109],
            [-120.550569923321689, 39.632933005148459],
            [-120.550738123321423, 39.632891471815185],
            [-120.55089818998789, 39.632831805148612],
            [-120.551005189987677, 39.632771005148697],
            [-120.551134723320843, 39.63267467181555],
            [-120.551187923320754, 39.632630671815605],
            [-120.551226123320703, 39.632559471815682],
            [-120.551287123320606, 39.632502205149137],
            [-120.551378789987098, 39.632463605149212],
            [-120.551531189986861, 39.632435271815893],
            [-120.551661189986703, 39.632447005149231],
            [-120.551844189986411, 39.632459871815854],
            [-120.5520351899861, 39.632495405149143],
            [-120.55224072331913, 39.63255380514903],
            [-120.552408989985508, 39.632611405148964],
            [-120.552561323318628, 39.632668671815566],
            [-120.552690989985081, 39.632707471815479],
            [-120.552835923318185, 39.632728471815426],
            [-120.552996323317927, 39.632745405148739],
            [-120.553194723317631, 39.63273607181543],
            [-120.553377523317351, 39.632712871815443],
            [-120.553515323317129, 39.63268880514886],
            [-120.553644989983582, 39.632664471815531],
            [-120.553759123316752, 39.632630871815593],
            [-120.553888923316549, 39.632543471815723],
            [-120.554056723316307, 39.632452471815895],
            [-120.554140323316176, 39.632413671815925],
            [-120.554209389982702, 39.632334071816047],
            [-120.554270123315973, 39.632263271816157],
            [-120.55435398998253, 39.632134405149714],
            [-120.554407589982418, 39.632041005149858],
            [-120.554499323315611, 39.631939271816691],
            [-120.554590723315471, 39.631824071816823],
            [-120.554674723315316, 39.631713271817034],
            [-120.554751323315202, 39.631647271817144],
            [-120.554797123315154, 39.63158967181721],
            [-120.554849789981745, 39.631536805150631],
            [-120.554964989981556, 39.631453605150739],
            [-120.555094389981377, 39.631397805150868],
            [-120.555216589981171, 39.631337271817586],
            [-120.555361389980931, 39.631299805151002],
            [-120.555506523314023, 39.631275805151006],
            [-120.555635789980499, 39.631260471817711],
            [-120.555757923313649, 39.631249605151083],
            [-120.555887789980147, 39.631238805151099],
            [-120.556040589979887, 39.631264471817701],
            [-120.556185189979658, 39.631272005151061],
            [-120.556284323312866, 39.631292071817654],
            [-120.556566723312415, 39.631293471817685],
            [-120.556681323312205, 39.631305005150978],
            [-120.556780789978745, 39.63131607181765],
            [-120.556879789978609, 39.631336205150944],
            [-120.55702432331168, 39.631325671817649],
            [-120.557154189978178, 39.631319405150975],
            [-120.557329923311215, 39.631291605151034],
            [-120.557459723311013, 39.631244805151084],
            [-120.557558923310864, 39.631219805151147],
            [-120.557680589977338, 39.631195405151175],
            [-120.557795589977161, 39.631157205151226],
            [-120.557879323310374, 39.631114005151289],
            [-120.557970923310222, 39.631016805151432],
            [-120.558039589976772, 39.630946205151531],
            [-120.558138389976648, 39.630849071818375],
            [-120.558229989976496, 39.63072947181854],
            [-120.558268123309745, 39.630685205151963],
            [-120.558329389976336, 39.630637005152039],
            [-120.558367389976297, 39.630592671818761],
            [-120.558428789976176, 39.630544405152193],
            [-120.558474189976096, 39.630513871818891],
            [-120.558581189975939, 39.63049807181892],
            [-120.558657323309149, 39.630486205152238],
            [-120.558794789975593, 39.630489071818943],
            [-120.558909523308785, 39.630500471818891],
            [-120.559015723308619, 39.63052080515223],
            [-120.559099589975119, 39.630518005152226],
            [-120.559198923308315, 39.630529071818842],
            [-120.559321323308097, 39.630527205152191],
            [-120.559450923307907, 39.630511871818896],
            [-120.559626323307668, 39.630470471818967],
            [-120.559755923307478, 39.630428205152327],
            [-120.559870523307268, 39.630399071819056],
            [-120.559954789973801, 39.630364805152453],
            [-120.560061523306956, 39.630331005152527],
            [-120.560144989973537, 39.630296671819224],
            [-120.560187056640132, 39.63028107181924],
            [-120.560190789973433, 39.630279671819267],
            [-120.560243989973344, 39.630276271819241],
            [-120.560351189973176, 39.630274071819258],
            [-120.560458323306364, 39.630271805152574],
            [-120.560587789972828, 39.630274471819234],
            [-120.560724723305952, 39.630272871819272],
            [-120.56090798997235, 39.630258671819263],
            [-120.561076123305384, 39.630239671819311],
            [-120.561190323305198, 39.630224071819327],
            [-120.561365789971603, 39.630182805152742],
            [-120.561480123304761, 39.630162605152748],
            [-120.561640789971193, 39.630148005152762],
            [-120.561803656637608, 39.630128405152789],
            [-120.561831589970893, 39.63012500515282],
            [-120.562067523303881, 39.630125405152796],
            [-120.562396123303358, 39.630100805152836],
            [-120.562555989969781, 39.630090605152873],
            [-120.562655189969632, 39.630061205152913],
            [-120.562754323302784, 39.630040671819643],
            [-120.562884523302614, 39.630025471819636],
            [-120.563021589969026, 39.630019271819663],
            [-120.563151123302191, 39.630040071819622],
            [-120.563296323301984, 39.630079205152867],
            [-120.563364923301833, 39.630094071819542],
            [-120.563410723301786, 39.630095071819539],
            [-120.563578523301544, 39.630148071819463],
            [-120.56362432330144, 39.630171605152725],
            [-120.563654989968086, 39.630208271819356],
            [-120.563708123301296, 39.630231871819319],
            [-120.563776789967903, 39.630246871819281],
            [-120.563830323301147, 39.6302570051526],
            [-120.56391452330098, 39.630245271819319],
            [-120.564020989967503, 39.630216005152704],
            [-120.564074389967402, 39.630190071819413],
            [-120.564158189967259, 39.630169271819398],
            [-120.564211789967203, 39.63013440515283],
            [-120.564250323300485, 39.630117205152828],
            [-120.5642881233004, 39.630095471819516],
            [-120.564394723300268, 39.630088671819522],
            [-120.564471523300142, 39.630099271819518],
            [-120.564554923300022, 39.630110005152858],
            [-120.564654323299862, 39.630098471819508],
            [-120.564761189966362, 39.630082805152881],
            [-120.564875389966176, 39.630067071819553],
            [-120.564997523299326, 39.630029205152994],
            [-120.565160523299085, 39.629967405153081],
            [-120.565211589965656, 39.62994807181974],
            [-120.565340923298777, 39.629892205153169],
            [-120.565478189965233, 39.629841071819953],
            [-120.565699789964867, 39.629688005153525],
            [-120.565760523298138, 39.62961727182028],
            [-120.565920789964537, 39.629467471820533],
            [-120.565982189964473, 39.629378671820632],
            [-120.566065789964341, 39.629299271820742],
            [-120.566134789964224, 39.629201671820908],
            [-120.566217989964059, 39.62913140515434],
            [-120.566324989963903, 39.629030005154505],
            [-120.56658498996353, 39.628823671821522],
            [-120.566714189963307, 39.628709271821663],
            [-120.566798323296496, 39.628657005155105],
            [-120.566874389963061, 39.628604605155203],
            [-120.567012123296195, 39.628539871821943],
            [-120.567141923295992, 39.628493071821993],
            [-120.567271189962469, 39.628441671822088],
            [-120.567339989962363, 39.628429671822119],
            [-120.567439123295514, 39.62838667182217],
            [-120.567485123295455, 39.628360605155535],
            [-120.567599323295269, 39.628322471822287],
            [-120.56772872329509, 39.628307205155636],
            [-120.567919923294767, 39.628297671822338],
            [-120.56817172329437, 39.628280405155692],
            [-120.568377389960744, 39.628248671822405],
            [-120.568516256627163, 39.628245738489056],
            [-120.568697989960242, 39.628241871822411],
            [-120.568828123293372, 39.628249071822381],
            [-120.568987789959806, 39.628261471822384],
            [-120.569110123292944, 39.628282071822355],
            [-120.569201589959448, 39.628311005155638],
            [-120.569285789959338, 39.628339805155576],
            [-120.569407989959132, 39.628387405155536],
            [-120.569491923292333, 39.628402671822187],
            [-120.5696289232921, 39.628419005155479],
            [-120.569750723291918, 39.628435071822082],
            [-120.570155389957961, 39.628439071822129],
            [-120.570277589957811, 39.628423605155433],
            [-120.570376189957642, 39.628412205155485],
            [-120.570475523290838, 39.62838267182218],
            [-120.570552123290668, 39.628339271822256],
            [-120.570704789957119, 39.628301871822316],
            [-120.570811189956942, 39.628299605155632],
            [-120.571040189956591, 39.628245871822401],
            [-120.571208323289682, 39.628168271822517],
            [-120.57134538995615, 39.628121605155911],
            [-120.571521123289187, 39.628030671822728],
            [-120.571658189955656, 39.627961471822857],
            [-120.571841589955341, 39.627861671822984],
            [-120.572024789955094, 39.627743871823156],
            [-120.572238389954748, 39.627590671823441],
            [-120.572398323287814, 39.627494871823558],
            [-120.572612389954145, 39.627328205157141],
            [-120.572756789953928, 39.627259205157259],
            [-120.572871589953763, 39.627180471824033],
            [-120.573001323286917, 39.627075071824208],
            [-120.573138123286697, 39.626951805157773],
            [-120.573214923286571, 39.626858805157894],
            [-120.573306523286419, 39.626761671824681],
            [-120.573351789952994, 39.626713071824781],
            [-120.573420523286245, 39.626665005158202],
            [-120.573481523286148, 39.626607671824956],
            [-120.573558189952678, 39.626559671825021],
            [-120.573656923285853, 39.626525805158394],
            [-120.5738249899523, 39.6264436718252],
            [-120.57395512328543, 39.626369805158674],
            [-120.574084323285206, 39.626295871825448],
            [-120.574190989951717, 39.626244071825511],
            [-120.574359189951451, 39.626180071825615],
            [-120.574458389951303, 39.626155071825622],
            [-120.574519589951194, 39.626133871825687],
            [-120.574618523284357, 39.62611340515906],
            [-120.574816989950762, 39.626081471825785],
            [-120.574885389950623, 39.626060405159137],
            [-120.575015389950408, 39.626031605159199],
            [-120.575129989950256, 39.626002471825871],
            [-120.575488189949681, 39.625897405159378],
            [-120.57564852328278, 39.62583307182615],
            [-120.575778389949221, 39.625781805159534],
            [-120.575999723282223, 39.625700805159681],
            [-120.576159723281989, 39.625641071826465],
            [-120.576251189948493, 39.62560700515985],
            [-120.57635052328169, 39.625555005159924],
            [-120.576495523281494, 39.625490471826708],
            [-120.576647989947901, 39.625439605160068],
            [-120.576701189947812, 39.625418205160145],
            [-120.57673212328109, 39.625409805160132],
            [-120.576755323281077, 39.625414805160119],
            [-120.57678558994769, 39.625419871826807],
            [-120.576938323280785, 39.6253646051602],
            [-120.577006989947336, 39.625316471826977],
            [-120.577075123280565, 39.625281805160341],
            [-120.577197589947048, 39.625234805160403],
            [-120.577251123280291, 39.625204405160446],
            [-120.577365389946806, 39.625143805160576],
            [-120.577426189946664, 39.625109005160596],
            [-120.577517989946557, 39.62506587182736],
            [-120.577586923279796, 39.625035805160735],
            [-120.577700989946266, 39.625020071827407],
            [-120.577762323279501, 39.625016871827427],
            [-120.577868589945979, 39.625014471827399],
            [-120.577975389945834, 39.625021271827393],
            [-120.578074789945674, 39.625032271827365],
            [-120.578150723278895, 39.625047405160728],
            [-120.578212389945463, 39.625053205160668],
            [-120.578265723278719, 39.6250498051607],
            [-120.578326589945277, 39.625037605160742],
            [-120.578364923278571, 39.625024871827407],
            [-120.578410723278523, 39.625003271827438],
            [-120.578471523278381, 39.624973071827469],
            [-120.578508989945021, 39.624901805160903],
            [-120.578586123278228, 39.624754671827816],
            [-120.578708123278034, 39.624577071828071],
            [-120.578830189944483, 39.624480471828235],
            [-120.579028589944187, 39.624390071828373],
            [-120.579249589943856, 39.624336071828452],
            [-120.579600789943299, 39.624266871828581],
            [-120.579761189943042, 39.624216205161986],
            [-120.579875189942868, 39.624164471828749],
            [-120.579982189942712, 39.624103671828834],
            [-120.580188323275763, 39.623954805162384],
            [-120.580318123275561, 39.623862871829203],
            [-120.580401989942061, 39.623797071829301],
            [-120.580744989941536, 39.62352500516306],
            [-120.581065989941067, 39.623171271830302],
            [-120.581401123273849, 39.622872005164083],
            [-120.581614723273503, 39.622655671831069],
            [-120.581852856606474, 39.622383271831495],
            [-120.581927923273042, 39.622297405164943],
            [-120.582088123272797, 39.622107005165276],
            [-120.582225589939242, 39.621799071832413],
            [-120.582316789939114, 39.621521671832852],
            [-120.582385723272353, 39.621153805166728],
            [-120.582416323272298, 39.620690405167466],
            [-120.582431589938949, 39.620483471834461],
            [-120.582461523272229, 39.620416471834574],
            [-120.582492723272139, 39.620358605167951],
            [-120.582659923271876, 39.620218005168169],
            [-120.582820523271664, 39.620104205168388],
            [-120.582957589938133, 39.620012471835196],
            [-120.583018989938012, 39.619941671835306],
            [-120.583041989937954, 39.619847471835442],
            [-120.583071923271234, 39.619740071835622],
            [-120.58312532327119, 39.619606005169146],
            [-120.583216989937682, 39.619378205169482],
            [-120.583362123270831, 39.619056871836676],
            [-120.583522323270586, 39.618826005170376],
            [-120.583781723270135, 39.618592671837405],
            [-120.583995323269846, 39.618371871837724],
            [-120.584047856603092, 39.618326938504481],
            [-120.584231723269454, 39.618169605171374],
            [-120.584491389935749, 39.617985805171656],
            [-120.584735589935349, 39.617810671838583],
            [-120.584926189935061, 39.617688605172134],
            [-120.585185323267979, 39.617482271839094],
            [-120.585375989934334, 39.617400605172577],
            [-120.585490989934158, 39.617358005172662],
            [-120.58562812326727, 39.617333805172677],
            [-120.585826589933674, 39.617337871839311],
            [-120.586260989932953, 39.617365005172644],
            [-120.586764723265503, 39.617474605172447],
            [-120.587107789931679, 39.617549271838982],
            [-120.587405589931222, 39.617591471838921],
            [-120.587710789930725, 39.617588805172261],
            [-120.5880623232635, 39.617551005172345],
            [-120.588382589929665, 39.61746747183912],
            [-120.588725389929152, 39.617321471839375],
            [-120.589045923262006, 39.617170471839586],
            [-120.589351123261508, 39.616978671839888],
            [-120.589801389927459, 39.616654671840422],
            [-120.590221323260153, 39.616343605174222],
            [-120.590480723259759, 39.61614627184116],
            [-120.590595123259561, 39.616040471841359],
            [-120.590808189925895, 39.615878271841609],
            [-120.590915589925771, 39.61576340517513],
            [-120.591075189925505, 39.61558647184205],
            [-120.591449323258246, 39.61531947184244],
            [-120.591861389924304, 39.614981205176321],
            [-120.592166589923806, 39.614789405176623],
            [-120.592349589923515, 39.614694071843417],
            [-120.592509723256626, 39.614656805176821],
            [-120.592685523256364, 39.614624405176869],
            [-120.592792323256162, 39.614671671843496],
            [-120.592891189922682, 39.614696271843457],
            [-120.592937323255967, 39.614710671843397],
            [-120.593165989922284, 39.614706471843419],
            [-120.593417523255198, 39.614675671843486],
            [-120.593791789921283, 39.614588805176936],
            [-120.594180723253999, 39.614457071843788],
            [-120.594531389920121, 39.614320271844008],
            [-120.594730123253157, 39.614216271844157],
            [-120.595065589919329, 39.61411507184431],
            [-120.595599589918493, 39.613914471844623],
            [-120.595920389917978, 39.61379500517819],
            [-120.596179589917597, 39.61371027184498],
            [-120.59667612325012, 39.613585405178469],
            [-120.59707998991621, 39.613503671845308],
            [-120.597438723248956, 39.613425471845403],
            [-120.597675123248621, 39.613344805178883],
            [-120.597865789914977, 39.613240671845688],
            [-120.598049189914661, 39.613118271845906],
            [-120.598201523247781, 39.613049405179311],
            [-120.598338923247582, 39.613011671846039],
            [-120.598552523247236, 39.613002605179418],
            [-120.598705589913664, 39.612978805179409],
            [-120.598842723246776, 39.612927471846206],
            [-120.599231523246203, 39.61277787184639],
            [-120.599605589912244, 39.612655005179931],
            [-120.599872389911866, 39.612538871846766],
            [-120.60016272324475, 39.61239627184699],
            [-120.600391189911022, 39.612270405180539],
            [-120.600521123244164, 39.612155871847392],
            [-120.600627723244031, 39.61195987184766],
            [-120.600742123243833, 39.611683005181419],
            [-120.600871723243642, 39.611343271848625],
            [-120.600986389910133, 39.610931205182624],
            [-120.601200123243132, 39.61051667184995],
            [-120.601398123242802, 39.610264071850338],
            [-120.60153598990928, 39.610109271850547],
            [-120.601802989908833, 39.609966071850749],
            [-120.602130923241702, 39.609788205184373],
            [-120.602359723241307, 39.609653271851244],
            [-120.602565723241014, 39.609572005184702],
            [-120.60283572324056, 39.609487138518205],
            [-120.602848323240551, 39.609483205184858],
            [-120.603015723240276, 39.609419071851619],
            [-120.603466123239627, 39.609194205185304],
            [-120.604076589905333, 39.608819405185898],
            [-120.604442723238094, 39.608570205186254],
            [-120.604732523237658, 39.608396005186535],
            [-120.604821656570834, 39.608348671853264],
            [-120.605189989903579, 39.608153205186909],
            [-120.605457189903177, 39.608068605187043],
            [-120.605640589902919, 39.607964271853859],
            [-120.605762923236057, 39.607858671854046],
            [-120.605838523235946, 39.607734071854225],
            [-120.605930389902426, 39.607582805187803],
            [-120.606022189902319, 39.607368471854784],
            [-120.606051989902255, 39.607197871855078],
            [-120.606059789902247, 39.6068692051889],
            [-120.606075123235541, 39.606572271856066],
            [-120.606120989902138, 39.606339005189739],
            [-120.606237989901956, 39.606064538523526],
            [-120.606280923235261, 39.605963871857],
            [-120.606422123235006, 39.605768871857265],
            [-120.606502589901538, 39.605657671857443],
            [-120.606716123234548, 39.605378271857887],
            [-120.606975723234143, 39.605108805191662],
            [-120.60713572323391, 39.604986005191847],
            [-120.607288389900361, 39.604863005192044],
            [-120.607387723233501, 39.604770471858842],
            [-120.607441123233457, 39.604677005192343],
            [-120.607509523233318, 39.604466671859313],
            [-120.607540189899964, 39.604165471859801],
            [-120.607555523233259, 39.603661271860574],
            [-120.607532389899973, 39.603377071861019],
            [-120.607539923233276, 39.603098005194795],
            [-120.607509523233318, 39.602944205195001],
            [-120.607440989900113, 39.602758071861956],
            [-120.607414856566834, 39.602683138528732],
            [-120.607319123233651, 39.60240867186252],
            [-120.607166389900499, 39.601874071863335],
            [-120.607021723234084, 39.601596271863741],
            [-120.606876523234291, 39.601372605197469],
            [-120.606738923234502, 39.601099471864529],
            [-120.606685923234579, 39.600904671864839],
            [-120.606715789901216, 39.600711605198455],
            [-120.606777523234484, 39.600636205198612],
            [-120.606868389900967, 39.600552471865399],
            [-120.607028923234054, 39.600456671865516],
            [-120.607219589900467, 39.600330005199055],
            [-120.607418323233446, 39.600181005199317],
            [-120.607547389899935, 39.600026005199538],
            [-120.607631323233136, 39.599807005199864],
            [-120.607708323232998, 39.599538271866948],
            [-120.607715056566349, 39.599161671867535],
            [-120.607715523233026, 39.599137605200895],
            [-120.607715389899681, 39.598920138534595],
            [-120.607715323232981, 39.598849271868005],
            [-120.607746323232959, 39.598327405202156],
            [-120.60777632323294, 39.598048671869265],
            [-120.607845389899467, 39.597775405203038],
            [-120.608005589899221, 39.597476871870185],
            [-120.608165589898988, 39.597331471870405],
            [-120.608501389898436, 39.597176271870637],
            [-120.608936723231125, 39.596987071870899],
            [-120.609508589896905, 39.596760071871302],
            [-120.609722323229903, 39.59666087187145],
            [-120.609806189896403, 39.596590471871536],
            [-120.609951189896208, 39.596458405205055],
            [-120.610240989895772, 39.596306671871957],
            [-120.610591989895227, 39.596070671872326],
            [-120.610782923228271, 39.595894271872623],
            [-120.610919989894683, 39.595717005206211],
            [-120.611011923227863, 39.595520671873203],
            [-120.610996589894569, 39.59539420520673],
            [-120.610965789894635, 39.59523140520696],
            [-120.610919789894695, 39.594937671874106],
            [-120.610912589894724, 39.594685271874482],
            [-120.610980989894585, 39.594448005208221],
            [-120.611126189894378, 39.594288805208464],
            [-120.611255923227532, 39.594052671875488],
            [-120.611499923227143, 39.593751405209275],
            [-120.611599389893627, 39.593505671876301],
            [-120.611621989893592, 39.593272005209997],
            [-120.611538123227092, 39.593126071876895],
            [-120.611370189893989, 39.592910871877223],
            [-120.611285789894112, 39.592738005210833],
            [-120.611187323227625, 39.592452205211316],
            [-120.611087923227785, 39.592125871878466],
            [-120.610965989894623, 39.591519805212727],
            [-120.610927723228031, 39.591172071879953],
            [-120.610881789894734, 39.590982005213561],
            [-120.610797989894877, 39.590669471880744],
            [-120.610660789895121, 39.590256671881377],
            [-120.61053812322865, 39.59001547188177],
            [-120.610385723228887, 39.589728471882211],
            [-120.610302389895651, 39.589506071882511],
            [-120.610340123228923, 39.589340205216104],
            [-120.610431389895439, 39.589139405216429],
            [-120.610470189895409, 39.588942005216722],
            [-120.61046538989541, 39.58883427188357],
            [-120.610462389895417, 39.588766205217041],
            [-120.610401389895515, 39.588638805217215],
            [-120.610271523229017, 39.588496471884127],
            [-120.610027523229405, 39.588167071884641],
            [-120.609760189896519, 39.587855271885076],
            [-120.609431923230318, 39.587519671885616],
            [-120.608935989897759, 39.586914871886563],
            [-120.60876052323141, 39.586618405220349],
            [-120.608692123231492, 39.586427871887338],
            [-120.608691589898172, 39.586103471887839],
            [-120.608660989898226, 39.585702005221776],
            [-120.608608323231635, 39.585457671888832],
            [-120.608577123231669, 39.585285871889084],
            [-120.60856218989835, 39.585064805222771],
            [-120.608532123231726, 39.584672271890042],
            [-120.608539123231708, 39.584384205223841],
            [-120.60858492323166, 39.58419140522409],
            [-120.608615389898262, 39.584025405224395],
            [-120.608585189898349, 39.583592271891689],
            [-120.608531523231761, 39.583334471892101],
            [-120.608485989898497, 39.583090271892502],
            [-120.608432589898541, 39.58265680522652],
            [-120.608378723231965, 39.582317805227035],
            [-120.608325923232087, 39.581906805227675],
            [-120.608371189898662, 39.581709605227957],
            [-120.608386523231957, 39.581457605228366],
            [-120.608325789898743, 39.581042005228994],
            [-120.608272323232143, 39.580734605229509],
            [-120.608216123232239, 39.580571205229717],
            [-120.608164989898967, 39.580426005229981],
            [-120.608081923232419, 39.580262205230213],
            [-120.607959589899281, 39.580115471897102],
            [-120.607906123232738, 39.58002427189723],
            [-120.607768723232937, 39.579890871897476],
            [-120.607539989899919, 39.579728471897738],
            [-120.607257589900371, 39.579560471897992],
            [-120.607082389900654, 39.579430805231482],
            [-120.607079723233994, 39.579425605231506],
            [-120.607036123234082, 39.57933967189831],
            [-120.60700558990078, 39.579231005231804],
            [-120.607082123233965, 39.579056871898729],
            [-120.607127789900574, 39.578828071899125],
            [-120.607188523233845, 39.578608605232773],
            [-120.607189123233809, 39.578446471899724],
            [-120.607211789900475, 39.578208071900065],
            [-120.607242123233732, 39.577961005233817],
            [-120.607279989900348, 39.577853671900641],
            [-120.607341323233584, 39.577782871900752],
            [-120.607373723233536, 39.577752005234117],
            [-120.607425589900117, 39.577703471900861],
            [-120.607845123232835, 39.577482405234548],
            [-120.608058589899144, 39.577365205234742],
            [-120.608386723231945, 39.577155805235066],
            [-120.608600523231644, 39.577011471901926],
            [-120.60876798989807, 39.576794205235615],
            [-120.609050723230951, 39.576444205236157],
            [-120.609410723230383, 39.575985605236838],
            [-120.609645789896661, 39.575686205237332],
            [-120.60982138989641, 39.575469071904308],
            [-120.60986678989633, 39.575352871904499],
            [-120.609905389896255, 39.57529060523791],
            [-120.609965989896182, 39.575242271904699],
            [-120.610064989896046, 39.575194805238084],
            [-120.610171789895844, 39.575161005238158],
            [-120.610301523228998, 39.57515460523814],
            [-120.610446389895458, 39.575171071904776],
            [-120.610607189895177, 39.575215005238078],
            [-120.610835589894805, 39.575278205237964],
            [-120.611118123227754, 39.575338071904525],
            [-120.611415923227241, 39.575393805237752],
            [-120.611636989893611, 39.575438871904396],
            [-120.61172858989346, 39.575463271904312],
            [-120.611835589893303, 39.575442871904386],
            [-120.612010523226331, 39.575410471904434],
            [-120.612186123226081, 39.57536007190447],
            [-120.612315989892522, 39.575308671904565],
            [-120.612468123225653, 39.57519920523805],
            [-120.612620923225393, 39.575071671904936],
            [-120.612766189891829, 39.574930471905134],
            [-120.612888323224979, 39.574703271905491],
            [-120.612956923224885, 39.574483871905841],
            [-120.613002789891482, 39.57425060523957],
            [-120.613109323224649, 39.573987071906629],
            [-120.613261989891043, 39.573670405240421],
            [-120.613315389891, 39.573450805240782],
            [-120.613381856557567, 39.573253271907788],
            [-120.613429723224158, 39.573110805241299],
            [-120.613620989890535, 39.572709271908593],
            [-120.61378838989026, 39.572474005242327],
            [-120.614086189889804, 39.572083671909581],
            [-120.614207723222933, 39.571892471909848],
            [-120.6143227898894, 39.57165607191024],
            [-120.614467523222515, 39.571447405243873],
            [-120.614665389888899, 39.571190205244307],
            [-120.614848989888628, 39.570910205244729],
            [-120.61500932322167, 39.570499071912025],
            [-120.615062589888282, 39.57025687191242],
            [-120.615070189888286, 39.570058871912693],
            [-120.615085589888224, 39.569883471912988],
            [-120.615085189888248, 39.569622271913374],
            [-120.615013123221672, 39.569270805247299],
            [-120.615009123221682, 39.56925127191397],
            [-120.614970923221733, 39.569070405247601],
            [-120.614955723221783, 39.568961871914439],
            [-120.615001123221703, 39.568890805247861],
            [-120.61510872322151, 39.568766871914704],
            [-120.615276323221281, 39.568608205248324],
            [-120.615527989887539, 39.568419605248607],
            [-120.615710723220616, 39.568328671915424],
            [-120.615810523220432, 39.56830367191543],
            [-120.615977723220169, 39.568244071915558],
            [-120.616229789886461, 39.568127671915704],
            [-120.616832723218863, 39.568090471915752],
            [-120.617572789884377, 39.568083071915794],
            [-120.618015523217025, 39.568096671915782],
            [-120.618549189882856, 39.568062605249168],
            [-120.619105989881973, 39.568011005249218],
            [-120.61977778988097, 39.567939205249331],
            [-120.620166789880329, 39.567879605249459],
            [-120.620357723213374, 39.567851871916162],
            [-120.620662323212912, 39.567795071916237],
            [-120.621082589878938, 39.567763205249605],
            [-120.62145598987837, 39.567757271916321],
            [-120.621791789877818, 39.567786671916224],
            [-120.62200592321085, 39.567845205249512],
            [-120.622219323210516, 39.567921605249353],
            [-120.622277123210381, 39.567953005249308],
            [-120.622486523210057, 39.568066671915801],
            [-120.62269958987639, 39.568192671915597],
            [-120.622882989876132, 39.56825500524883],
            [-120.623127189875731, 39.568327605248726],
            [-120.623615789874975, 39.568423071915277],
            [-120.623825723208029, 39.568456871915203],
            [-120.623936323207829, 39.568474671915169],
            [-120.624156989874166, 39.568488271915157],
            [-120.624317389873909, 39.568478005248494],
            [-120.62446998987366, 39.568440605248554],
            [-120.624568789873535, 39.568402071915273],
            [-120.624630323206759, 39.568349271915395],
            [-120.624660923206704, 39.568304871915416],
            [-120.624698589873333, 39.568179471915641],
            [-120.62470618987328, 39.568062605249168],
            [-120.624721723206619, 39.567864671916141],
            [-120.624691189873317, 39.567647805249806],
            [-120.624607123206772, 39.567429871916829],
            [-120.624546323206857, 39.567185405250541],
            [-120.624515989873601, 39.566964071917539],
            [-120.62450072320695, 39.56666640525134],
            [-120.624515523206924, 39.566427871918336],
            [-120.624576723206815, 39.566231005252007],
            [-120.624645189873377, 39.566079205252208],
            [-120.624752389873208, 39.565941805252464],
            [-120.624912723206307, 39.565764871919384],
            [-120.625057723206112, 39.565632671919616],
            [-120.625202523205871, 39.565500605253135],
            [-120.625278523205736, 39.565407471919968],
            [-120.625377589872244, 39.565337471920031],
            [-120.625530123205351, 39.565282005253493],
            [-120.625683189871779, 39.565249071920164],
            [-120.625858189871508, 39.565239205253533],
            [-120.626049189871196, 39.565270071920168],
            [-120.626629389870288, 39.565408071919933],
            [-120.626811923203377, 39.565429805253245],
            [-120.626942189869851, 39.56545047191986],
            [-120.627056723202998, 39.56548440525313],
            [-120.627200989869436, 39.565541405253043],
            [-120.627392123202469, 39.565567805253011],
            [-120.62762892320211, 39.565581671919688],
            [-120.627781323201873, 39.565589271919634],
            [-120.627979523201532, 39.56557980525298],
            [-120.628918189866738, 39.565445805253205],
            [-120.629047923199892, 39.565417005253266],
            [-120.629116389866454, 39.565350805253388],
            [-120.629200323199655, 39.565239871920198],
            [-120.629230723199612, 39.565136871920345],
            [-120.629299523199506, 39.564976071920626],
            [-120.629436923199307, 39.56476267192096],
            [-120.62951312319916, 39.564683205254426],
            [-120.629695989865581, 39.564461671921435],
            [-120.629917589865215, 39.564317605254985],
            [-120.62998638986511, 39.564287471921659],
            [-120.630107923198238, 39.564222405255123],
            [-120.630176923198121, 39.564183205255176],
            [-120.630253123198031, 39.564121671921953],
            [-120.630360323197863, 39.564074405255326],
            [-120.630558323197533, 39.564046871922073],
            [-120.630711123197329, 39.564027471922088],
            [-120.631092123196709, 39.564053271922035],
            [-120.631412923196251, 39.564118405255272],
            [-120.631656723195874, 39.564154871921858],
            [-120.631900789862129, 39.564209405255156],
            [-120.632107123195169, 39.564281205255043],
            [-120.632809323194067, 39.564579271921218],
            [-120.633762989859235, 39.564923005254002],
            [-120.633869523192402, 39.56495667192064],
            [-120.634022189858854, 39.564982271920599],
            [-120.634106523192031, 39.564984005253905],
            [-120.634136923191988, 39.564966605253971],
            [-120.634174656525261, 39.564918871920725],
            [-120.634182523191953, 39.564908871920693],
            [-120.634220523191857, 39.564797071920907],
            [-120.634266189858465, 39.564626871921178],
            [-120.634281923191793, 39.564402005254863],
            [-120.634259123191782, 39.564176271921838],
            [-120.63428158985846, 39.56402807192211],
            [-120.634311789858373, 39.563952071922188],
            [-120.634372789858276, 39.563867805255654],
            [-120.634480123191452, 39.563793405255808],
            [-120.634648189857842, 39.563729205255868],
            [-120.634937789857418, 39.563618005256046],
            [-120.635487123189876, 39.563512071922901],
            [-120.635730923189499, 39.563445005256312],
            [-120.636082523188975, 39.563371005256442],
            [-120.636196989855478, 39.563341805256471],
            [-120.636410123188455, 39.563323671923172],
            [-120.636692589854704, 39.56331587192318],
            [-120.636712456521309, 39.563317671923187],
            [-120.63688332318776, 39.56333327192317],
            [-120.637013323187546, 39.563363005256463],
            [-120.637287389853782, 39.563431605256369],
            [-120.637371389853627, 39.563442271923009],
            [-120.637485989853474, 39.563471671922969],
            [-120.637699523186484, 39.563525605256189],
            [-120.638150123185767, 39.56362480525604],
            [-120.638531523185179, 39.563727205255873],
            [-120.63878298985145, 39.563777271922447],
            [-120.639026989851061, 39.563809271922423],
            [-120.63918732318416, 39.563821605255725],
            [-120.639370323183869, 39.563811805255739],
            [-120.639500189850366, 39.563778405255789],
            [-120.639836123183159, 39.563614005256056],
            [-120.639866389849772, 39.563596605256066],
            [-120.640072723182811, 39.56345667192295],
            [-120.640126123182711, 39.563385671923072],
            [-120.640240523182513, 39.563248405256616],
            [-120.640423589848922, 39.563062871923592],
            [-120.6406367898486, 39.562846471923933],
            [-120.640843123181583, 39.562639005257552],
            [-120.641010589848008, 39.562484671924494],
            [-120.641239723180945, 39.562313671924755],
            [-120.6414533898473, 39.562191871924938],
            [-120.641566056513796, 39.562142138591696],
            [-120.641629123180394, 39.562114271925054],
            [-120.641850123180006, 39.562033205258501],
            [-120.642147323179586, 39.561935671925312],
            [-120.642452589845732, 39.561856271925478],
            [-120.642727723178666, 39.561807805258866],
            [-120.642956523178327, 39.561798871925532],
            [-120.64317758984464, 39.561821405258854],
            [-120.643307589844426, 39.561833071925491],
            [-120.643429723177576, 39.56187607192544],
            [-120.643528589844095, 39.561923205258665],
            [-120.643620189843944, 39.561988071925271],
            [-120.643712123177124, 39.562089005258429],
            [-120.643986789843382, 39.562464005257823],
            [-120.644009389843347, 39.562523005257731],
            [-120.644062523176615, 39.562609671924292],
            [-120.64409312317656, 39.562695871924177],
            [-120.644116189843146, 39.562741405257441],
            [-120.644207389843018, 39.562797271924012],
            [-120.644306723176214, 39.562853405257215],
            [-120.644451789842662, 39.562910405257128],
            [-120.645123323174971, 39.563036605256968],
            [-120.64549712317438, 39.563062205256927],
            [-120.64577178984058, 39.563067671923591],
            [-120.646092323173434, 39.563015671923665],
            [-120.64616892317332, 39.563008205257006],
            [-120.64628298983979, 39.562970005257057],
            [-120.646412923172932, 39.562914071923785],
            [-120.646526923172758, 39.562853271923927],
            [-120.646648923172563, 39.562774671924046],
            [-120.646893189838863, 39.562671471924205],
            [-120.647091589838567, 39.562590005257675],
            [-120.647290389838247, 39.562521871924446],
            [-120.647411989838076, 39.562452271924542],
            [-120.647519123171207, 39.562382405257949],
            [-120.647633723171054, 39.562285605258126],
            [-120.647961323170534, 39.56193187192531],
            [-120.64835832316993, 39.56159307192587],
            [-120.648441923169798, 39.561531671925934],
            [-120.648548723169654, 39.561470805259376],
            [-120.648686789836063, 39.561410605259482],
            [-120.648961123168988, 39.561321471926306],
            [-120.64913618983536, 39.561262005259721],
            [-120.64922038983525, 39.561245671926429],
            [-120.649245256501899, 39.561247271926391],
            [-120.649327189835105, 39.561252405259722],
            [-120.649456723168214, 39.561295471926314],
            [-120.649563723168058, 39.561356205259585],
            [-120.649647789834603, 39.561430005259467],
            [-120.649822923167676, 39.561586671925852],
            [-120.649953189834093, 39.561670405259065],
            [-120.650112989833872, 39.561804271925553],
            [-120.650273389833615, 39.561947205258662],
            [-120.65038018983347, 39.562016871925209],
            [-120.650563323166523, 39.562043071925189],
            [-120.651090123165659, 39.562040271925184],
            [-120.651303523165325, 39.562031071925162],
            [-120.651532389831686, 39.562040205258484],
            [-120.651776123164609, 39.562081205258437],
            [-120.652066123164161, 39.562109605258399],
            [-120.652806123163032, 39.562084005258441],
            [-120.652966789829463, 39.562064671925157],
            [-120.653157323162475, 39.562023471925215],
            [-120.653409123162078, 39.561979005258593],
            [-120.654072523161062, 39.561825671925476],
            [-120.65428618982736, 39.561748871925602],
            [-120.654507523160362, 39.561658805259071],
            [-120.654683123160112, 39.561585805259199],
            [-120.654778123159986, 39.561551338592608],
            [-120.654812723159921, 39.561538805259261],
            [-120.654896723159766, 39.561549471925957],
            [-120.65497352315964, 39.561582605259218],
            [-120.655110523159465, 39.561662005259109],
            [-120.655263523159192, 39.561764071925609],
            [-120.655392989825657, 39.561892871925409],
            [-120.655667723158558, 39.562051605258489],
            [-120.655812723158363, 39.562131071925023],
            [-120.655919523158161, 39.56217827192495],
            [-120.656046523158011, 39.562216138591566],
            [-120.65604912315797, 39.562216871924875],
            [-120.656247123157698, 39.562234405258209],
            [-120.656423189824068, 39.562233471924856],
            [-120.656567723157195, 39.56221840525825],
            [-120.656720923156968, 39.562208005258242],
            [-120.656811589823462, 39.56223227192487],
            [-120.65691118982329, 39.562279405258153],
            [-120.65726232315609, 39.562439605257907],
            [-120.657338789822631, 39.562477205257835],
            [-120.657483789822436, 39.562516071924449],
            [-120.657613389822245, 39.562532271924397],
            [-120.657872523155163, 39.562551005257717],
            [-120.657986723154977, 39.562508271924457],
            [-120.658147323154708, 39.562471005257805],
            [-120.658352789821095, 39.562394005257943],
            [-120.658513723154158, 39.562302671924783],
            [-120.658627389820651, 39.562210405258213],
            [-120.659032523153371, 39.562020271925178],
            [-120.659077923153291, 39.562012205258554],
            [-120.659169323153151, 39.562018605258515],
            [-120.659253123153007, 39.562033805258523],
            [-120.659352589819548, 39.562062805258449],
            [-120.659482523152633, 39.562115005258363],
            [-120.659627523152437, 39.562194471924954],
            [-120.659833589818788, 39.562297671924796],
            [-120.660000989818514, 39.562400205257916],
            [-120.660176589818263, 39.562480271924471],
            [-120.660359389817984, 39.562515471924428],
            [-120.660543189817702, 39.56252380525774],
            [-120.661130589816764, 39.562535605257722],
            [-120.661206789816617, 39.562519071924442],
            [-120.661442789816306, 39.562510271924452],
            [-120.661649123149289, 39.562519005257741],
            [-120.661831923149009, 39.562513671924421],
            [-120.662007589815403, 39.562521671924401],
            [-120.662065923148646, 39.562530938591067],
            [-120.662137123148511, 39.562542271924372],
            [-120.662861923147432, 39.562795671923993],
            [-120.663022723147151, 39.562880005257171],
            [-120.663190389813565, 39.562977871923692],
            [-120.663297389813408, 39.563065671923596],
            [-120.663427189813206, 39.563185405256718],
            [-120.663533589813028, 39.56330920525653],
            [-120.663662989812849, 39.563442405256296],
            [-120.66445692314494, 39.564084471922001],
            [-120.664563723144795, 39.564176671921871],
            [-120.664670589811294, 39.564287005255039],
            [-120.664777523144437, 39.564415271921462],
            [-120.664884323144292, 39.564507471921331],
            [-120.6649833898108, 39.564590605254523],
            [-120.665113123143897, 39.564692271921047],
            [-120.665227389810411, 39.564775671920927],
            [-120.665387789810154, 39.564873471920748],
            [-120.665517123143275, 39.564943671920673],
            [-120.665677589809718, 39.564996405253908],
            [-120.665921323142641, 39.565037405253861],
            [-120.666249989808819, 39.565089005253753],
            [-120.666707789808129, 39.565147805253673],
            [-120.667279989807241, 39.565181805253644],
            [-120.667447989806931, 39.565203205253567],
            [-120.667661323139953, 39.565221005253591],
            [-120.667913323139544, 39.565253071920154],
            [-120.668134723139246, 39.565271005253464],
            [-120.668394123138796, 39.565280671920164],
            [-120.668714389805018, 39.565273605253481],
            [-120.669011589804541, 39.565261605253511],
            [-120.669103123137745, 39.565245405253506],
            [-120.669202189804253, 39.565260871920145],
            [-120.669293789804101, 39.565285271920118],
            [-120.669363123137316, 39.565322671920057],
            [-120.669408523137236, 39.56535507192001],
            [-120.669439189803882, 39.56537380525333],
            [-120.669477189803786, 39.565415071919915],
            [-120.669560789803654, 39.565502271919797],
            [-120.670019389802974, 39.56627727191858],
            [-120.670171789802737, 39.566483071918299],
            [-120.670263389802585, 39.566593005251434],
            [-120.67034692313581, 39.566684805251271],
            [-120.670453789802309, 39.56677247191783],
            [-120.670522789802192, 39.566841471917712],
            [-120.670644389802021, 39.56688440525096],
            [-120.670728789801842, 39.566904071917634],
            [-120.670873723134946, 39.566902471917615],
            [-120.67104892313472, 39.566883471917663],
            [-120.671300923134311, 39.566852605251029],
            [-120.671498923133981, 39.566847471917697],
            [-120.671628789800479, 39.56685907191769],
            [-120.671812189800164, 39.566898805250958],
            [-120.671964523133283, 39.566956005250859],
            [-120.672200923132891, 39.567068805250699],
            [-120.672407323132575, 39.567163005250563],
            [-120.672620923132285, 39.567234871917094],
            [-120.672879989798503, 39.567298605250357],
            [-120.673002323131698, 39.567314605250317],
            [-120.67339892313106, 39.567444205250126],
            [-120.674222923129776, 39.567712805249698],
            [-120.674993389795247, 39.567840871916189],
            [-120.675153389795014, 39.567862071916124],
            [-120.675344523128047, 39.567892871916058],
            [-120.675557923127712, 39.567888205249403],
            [-120.675748589794068, 39.567883005249428],
            [-120.675977723127062, 39.567865071916117],
            [-120.676191189793371, 39.567833271916186],
            [-120.676344189793156, 39.56780480524958],
            [-120.676549989792818, 39.567741405249649],
            [-120.676687389792619, 39.567676605249744],
            [-120.676863123125656, 39.567603471916527],
            [-120.67712972312529, 39.56752767191665],
            [-120.677297989791668, 39.567477071916755],
            [-120.677457589791402, 39.567381071916884],
            [-120.678015189790528, 39.56715807191722],
            [-120.678083523123803, 39.567136871917285],
            [-120.678167189790315, 39.567111471917315],
            [-120.678304589790116, 39.567051205250721],
            [-120.678434389789913, 39.566999805250816],
            [-120.678541323123056, 39.566934271917546],
            [-120.6787017897895, 39.566833871917709],
            [-120.678869323122569, 39.56669760525125],
            [-120.67898392312236, 39.566555805251483],
            [-120.67909858978885, 39.56643200525167],
            [-120.679258523121973, 39.566327005251821],
            [-120.679418789788372, 39.566276205251938],
            [-120.680097923120684, 39.56617707191873],
            [-120.680204789787183, 39.56617927191877],
            [-120.680311723120326, 39.566203871918731],
            [-120.680372589786884, 39.566250205251947],
            [-120.680463789786756, 39.566333071918507],
            [-120.680570989786588, 39.566456871918319],
            [-120.680670323119784, 39.566553405251511],
            [-120.680838189786186, 39.56664687191801],
            [-120.680884123119426, 39.566666671917972],
            [-120.681013189785915, 39.566722405251255],
            [-120.681173523119014, 39.566757205251179],
            [-120.681341389785416, 39.566783071917826],
            [-120.681539589785075, 39.566773471917827],
            [-120.681768789784712, 39.566773605251171],
            [-120.682027989784331, 39.566787805251124],
            [-120.682348323117139, 39.566825671917741],
            [-120.682409323117042, 39.566831405251037],
            [-120.68247852311697, 39.566828271917757],
            [-120.682531589783537, 39.566806805251076],
            [-120.682554789783524, 39.566784671917787],
            [-120.682561989783494, 39.5667444052512],
            [-120.68258512311678, 39.566686271917945],
            [-120.682762789783169, 39.566117871918834],
            [-120.682783789783173, 39.566050605252258],
            [-120.682844589783087, 39.565970671919047],
            [-120.682920989782929, 39.565882071919191],
            [-120.682974523116172, 39.565829205252612],
            [-120.683043189782779, 39.565776471919378],
            [-120.683074123116057, 39.565765338586061],
            [-120.683149923115934, 39.565738071919441],
            [-120.683202789782513, 39.565721071919427],
            [-120.683317389782303, 39.565709805252823],
            [-120.683508323115348, 39.565677471919514],
            [-120.683714123115067, 39.565659071919526],
            [-120.683943323114704, 39.56561407191964],
            [-120.684034189781187, 39.565593405252969],
            [-120.684194789780975, 39.56555607191973],
            [-120.684347389780726, 39.565496071919824],
            [-120.684553323113732, 39.565405605253261],
            [-120.684934923113133, 39.565264471920159],
            [-120.685033923112996, 39.565217005253544],
            [-120.685240123112692, 39.565099471920405],
            [-120.685331389779208, 39.565047205253848],
            [-120.685499389778954, 39.564983005253907],
            [-120.685614123112089, 39.564967271920636],
            [-120.6857207897786, 39.564973871920586],
            [-120.685827789778443, 39.564994005253936],
            [-120.685888323111669, 39.565004205253899],
            [-120.685980389778194, 39.565019605253894],
            [-120.686140523111249, 39.565063271920451],
            [-120.686361923110951, 39.56514427192036],
            [-120.687330989776115, 39.565492471919811],
            [-120.687742789775484, 39.565622271919608],
            [-120.688368589774484, 39.565878005252557],
            [-120.688658323107347, 39.566005405252326],
            [-120.688817989773781, 39.566058071918917],
            [-120.688962989773586, 39.566097005252232],
            [-120.689007323106807, 39.566104805252166],
            [-120.689077989773409, 39.566117271918813],
            [-120.689215589773198, 39.566120071918817],
            [-120.689345189772951, 39.566113605252156],
            [-120.689438989772839, 39.566119738585485],
            [-120.689443923106126, 39.566120071918817],
            [-120.689551123105957, 39.566113205252179],
            [-120.68964238977253, 39.566101471918842],
            [-120.689718523105739, 39.566089471918872],
            [-120.689803189772249, 39.566059671918936],
            [-120.68995532310538, 39.566013071918974],
            [-120.690298523104843, 39.565907405252517],
            [-120.69090872310386, 39.565716805252805],
            [-120.691717789769314, 39.565471605253151],
            [-120.691931589768956, 39.565430805253243],
            [-120.692129923101959, 39.565376205253301],
            [-120.692318523101676, 39.565302738586752],
            [-120.692328123101674, 39.565299005253451],
            [-120.692549789768009, 39.565195271920288],
            [-120.692740123101032, 39.56511347192037],
            [-120.692953589767342, 39.565018671920541],
            [-120.693167389767041, 39.564876605254085],
            [-120.693434123099962, 39.564699405254373],
            [-120.693594789766394, 39.564590005254558],
            [-120.693739523099509, 39.564462071921412],
            [-120.693823589765998, 39.56431960525498],
            [-120.693929989765877, 39.564114471921926],
            [-120.693937923099156, 39.564092205255292],
            [-120.693953389765795, 39.564065471922049],
            [-120.693983389765776, 39.564016471922116],
            [-120.694029189765672, 39.563972405255527],
            [-120.694113789765595, 39.563924471922235],
            [-120.694273989765293, 39.563833071922375],
            [-120.69446398976504, 39.563737805255869],
            [-120.694723989764611, 39.563621271922727],
            [-120.695044189764133, 39.563488005256261],
            [-120.695249923097151, 39.563402005256364],
            [-120.695539789763359, 39.563304071923199],
            [-120.695974789762658, 39.563240671923324],
            [-120.696280123095562, 39.563201671923366],
            [-120.696715189761505, 39.563156271923447],
            [-120.697164456427515, 39.563129005256826],
            [-120.697218923094056, 39.563125671923501],
            [-120.697424789760419, 39.563102805256847],
            [-120.697638723093405, 39.563080005256893],
            [-120.697905589759671, 39.563080805256902],
            [-120.698195189759247, 39.563082005256888],
            [-120.698474056425482, 39.563095938590209],
            [-120.69849292309209, 39.563096871923506],
            [-120.6988437897582, 39.563130871923477],
            [-120.699072589757861, 39.563144405256764],
            [-120.699324323090821, 39.563167405256763],
            [-120.699584323090392, 39.563226605256659],
            [-120.699889123089918, 39.563291205256576],
            [-120.700995389754894, 39.563538405256168],
            [-120.701598189753952, 39.563703471922565],
            [-120.701994723086671, 39.563832871922386],
            [-120.702124723086456, 39.563862471922334],
            [-120.702231123086278, 39.563900671922283],
            [-120.702475523085923, 39.563991071922146],
            [-120.702688923085589, 39.564049405255389],
            [-120.703429389751136, 39.564230671921791],
            [-120.704131523083333, 39.564402205254851],
            [-120.704245789749848, 39.564445005254754],
            [-120.704360123083006, 39.564483271921404],
            [-120.704505189749455, 39.564562805254582],
            [-120.704604189749261, 39.564627805254474],
            [-120.70474132308243, 39.564747605254297],
            [-120.704848323082217, 39.564857805254121],
            [-120.70496998974869, 39.564959271920657],
            [-120.705054389748568, 39.565028605253872],
            [-120.70509292308185, 39.565051805253802],
            [-120.705168923081715, 39.565084871920419],
            [-120.705298323081536, 39.565132471920379],
            [-120.705832523080687, 39.565368271920022],
            [-120.705939723080519, 39.56540640525327],
            [-120.706030923080391, 39.565417205253254],
            [-120.706214389746776, 39.565434405253257],
            [-120.706381789746501, 39.565433205253214],
            [-120.706511523079655, 39.565426671919909],
            [-120.706725589745986, 39.565399405253288],
            [-120.706931323079004, 39.565340271920036],
            [-120.707258989745185, 39.565238671920213],
            [-120.707465389744868, 39.56520220525357],
            [-120.707648189744532, 39.565151805253663],
            [-120.707839123077576, 39.565119471920411],
            [-120.708075589743885, 39.565074605253812],
            [-120.708442189743323, 39.564987205253942],
            [-120.708655523076345, 39.564959871920621],
            [-120.708853589742716, 39.564932271920668],
            [-120.709113323075599, 39.564910405254068],
            [-120.709304323075344, 39.564896071920714],
            [-120.70950972307503, 39.564913671920692],
            [-120.709608789741537, 39.564929205254032],
            [-120.7098231230745, 39.56498287192062],
            [-120.710028723074174, 39.565036605253852],
            [-120.710158723074017, 39.565066071920455],
            [-120.710425923073558, 39.565125471920396],
            [-120.71095885640608, 39.565247271920214],
            [-120.711310389738856, 39.565327605253401],
            [-120.711615789738403, 39.565401205253295],
            [-120.711753123071503, 39.565430871919887],
            [-120.711913523071246, 39.565443071919901],
            [-120.712043123071055, 39.56543660525324],
            [-120.712119189737621, 39.56542460525327],
            [-120.712249123070762, 39.565391071919976],
            [-120.712615323070168, 39.565249671920185],
            [-120.712775989736599, 39.565207805253578],
            [-120.712875189736451, 39.565200671920252],
            [-120.713034923069529, 39.565212871920266],
            [-120.713119123069418, 39.565237071920194],
            [-120.713194989735939, 39.565274605253478],
            [-120.713324723069093, 39.565358205253347],
            [-120.713455123068854, 39.565441871919916],
            [-120.713629789735251, 39.565548871919702],
            [-120.713805923068321, 39.565633471919568],
            [-120.713968056401427, 39.565715205252786],
            [-120.713973389734747, 39.565717871919446],
            [-120.714065323067928, 39.565778205252684],
            [-120.714141589734481, 39.565824805252646],
            [-120.714179323067754, 39.565870605252542],
            [-120.714210123067687, 39.565907205252472],
            [-120.714301323067559, 39.565945005252445],
            [-120.714393389734084, 39.565955871919073],
            [-120.714454523067332, 39.565957071919115],
            [-120.71451538973389, 39.565940205252446],
            [-120.714591923067132, 39.565914671919131],
            [-120.714654256400365, 39.565886271919226],
            [-120.714705589733626, 39.565862871919251],
            [-120.714804923066765, 39.565810805252625],
            [-120.714874189733337, 39.56575807191939],
            [-120.714942589733255, 39.565691871919512],
            [-120.715064323066372, 39.565572671919711],
            [-120.715194589732846, 39.565462605253174],
            [-120.715263189732752, 39.56540987191994],
            [-120.71541572306586, 39.565349805253391],
            [-120.715514589732322, 39.565288671920143],
            [-120.71572112306535, 39.565225205253569],
            [-120.715904123065059, 39.56516567192034],
            [-120.716140523064723, 39.56510280525373],
            [-120.716879923063573, 39.564937205254012],
            [-120.717040523063304, 39.564899805254072],
            [-120.71717058972979, 39.5648572719208],
            [-120.717323123062897, 39.564801671920861],
            [-120.717429989729396, 39.564736271920992],
            [-120.717605123062413, 39.564631605254476],
            [-120.717742323062225, 39.564530671921318],
            [-120.717864723062007, 39.564456405254759],
            [-120.718024923061762, 39.564405471921475],
            [-120.718055589728408, 39.564391205254879],
            [-120.71810852306163, 39.564366605254918],
            [-120.718169789728222, 39.564313805254983],
            [-120.718299589728019, 39.564239805255113],
            [-120.718482723061072, 39.564157805255206],
            [-120.718665923060769, 39.564093805255311],
            [-120.718749789727326, 39.564086405255352],
            [-120.718848723060489, 39.564088405255347],
            [-120.718909523060404, 39.56409860525531],
            [-120.719031923060243, 39.564159471921869],
            [-120.719321389726417, 39.564336405254949],
            [-120.719435989726264, 39.564460271921405],
            [-120.719535589726092, 39.56454780525462],
            [-120.719603789726023, 39.564621205254468],
            [-120.719726323059149, 39.56474527192097],
            [-120.719893989725563, 39.564888205254078],
            [-120.720435523058029, 39.565461871919865],
            [-120.72048952305795, 39.565521471919737],
            [-120.720595589724439, 39.565591205252986],
            [-120.720725523057581, 39.565643271919555],
            [-120.72082518972411, 39.565667671919527],
            [-120.721022923057149, 39.565716671919461],
            [-120.721040589723771, 39.565722071919424],
            [-120.721259923056778, 39.565788871919324],
            [-120.72144298972313, 39.565860005252546],
            [-120.721626123056183, 39.565935671919135],
            [-120.721900589722452, 39.56608520525225],
            [-120.72209158972214, 39.566183605252093],
            [-120.72221318972197, 39.566271471918583],
            [-120.722335189721775, 39.566386471918406],
            [-120.72240398972167, 39.566509471918209],
            [-120.722541189721426, 39.566714871917895],
            [-120.722579589721363, 39.566832805251067],
            [-120.722625323054672, 39.566928271917561],
            [-120.722625323054672, 39.566991271917459],
            [-120.722633323054652, 39.567081605250678],
            [-120.722633123054607, 39.567176205250519],
            [-120.722640923054598, 39.567293471917026],
            [-120.722633123054607, 39.567464471916765],
            [-120.722602589721362, 39.567554005249917],
            [-120.722549123054762, 39.567697071916371],
            [-120.722495523054874, 39.567822071916169],
            [-120.722412189721638, 39.567924071916025],
            [-120.72233578972174, 39.568080405249134],
            [-120.722274189721873, 39.568250271915531],
            [-120.72221318972197, 39.568447271915204],
            [-120.722175589721985, 39.568752871914739],
            [-120.722205589721966, 39.56878947191467],
            [-120.722236123055268, 39.568812671914657],
            [-120.722342989721767, 39.568859805247939],
            [-120.72235052305507, 39.568873471914571],
            [-120.722419323054964, 39.5689062719145],
            [-120.722526189721464, 39.568931005247805],
            [-120.722655989721261, 39.568965005247776],
            [-120.72278558972107, 39.568985605247747],
            [-120.722915523054212, 39.568997071914396],
            [-120.723075389720634, 39.569022805247641],
            [-120.723251523053648, 39.569066805247587],
            [-120.723540923053235, 39.569158071914103],
            [-120.723663323053017, 39.569219005247362],
            [-120.723846389719426, 39.56936220524716],
            [-120.724028989719159, 39.569496471913567],
            [-120.724448789718508, 39.569896605246299],
            [-120.724509989718399, 39.569915805246296],
            [-120.724523323051699, 39.569917605246246],
            [-120.724586123051608, 39.569926271912948],
            [-120.724639789718196, 39.569931805246256],
            [-120.724739189718036, 39.569920271912963],
            [-120.724860789717866, 39.569913605246256],
            [-120.725013989717581, 39.569903071912961],
            [-120.72554018971681, 39.569850271913026],
            [-120.72567032304994, 39.569834805246387],
            [-120.725875389716293, 39.569834271913066],
            [-120.726035789716036, 39.569846471913024],
            [-120.726249989715711, 39.569882205246302],
            [-120.726791523048178, 39.569919805246286],
            [-120.727043389714481, 39.569938271912918],
            [-120.727226523047477, 39.569968871912863],
            [-120.727500989713747, 39.570005805246126],
            [-120.727699523046795, 39.570009671912771],
            [-120.727889789713117, 39.570017871912796],
            [-120.728050123046216, 39.570034471912777],
            [-120.728439123045632, 39.570127671912587],
            [-120.72863012304532, 39.570185471912509],
            [-120.729683123043685, 39.570399805245529],
            [-120.729789589710208, 39.570437871912134],
            [-120.729919389710005, 39.570472005245392],
            [-120.730102389709714, 39.570552205245292],
            [-120.730285923042743, 39.570609805245226],
            [-120.730499389709109, 39.570645471911803],
            [-120.730850589708552, 39.570719871911706],
            [-120.731125856374774, 39.57077260524494],
            [-120.731689389707242, 39.570880471911437],
            [-120.731895389706949, 39.570898005244771],
            [-120.732093989706641, 39.57089740524475],
            [-120.732117389706559, 39.570895338578111],
            [-120.732261789706342, 39.570882605244776],
            [-120.732391323039508, 39.570862605244827],
            [-120.732491123039324, 39.570837605244833],
            [-120.732589789705855, 39.570798871911563],
            [-120.732696589705654, 39.570756005244959],
            [-120.732879723038707, 39.57067400524511],
            [-120.733131323038322, 39.570543671911992],
            [-120.733143123038303, 39.570539471911957],
            [-120.733695923037487, 39.570343005245604],
            [-120.733802923037274, 39.57029560524569],
            [-120.733940123037087, 39.57026220524574],
            [-120.734039123036951, 39.570259605245724],
            [-120.734191989703334, 39.570280605245728],
            [-120.734359723036448, 39.570315471912295],
            [-120.734604189702736, 39.570333671912294],
            [-120.734772123035782, 39.570341471912286],
            [-120.735061789702002, 39.570333605245651],
            [-120.735176389701849, 39.570367405245577],
            [-120.735359789701533, 39.570411471912166],
            [-120.735611389701148, 39.570461471912097],
            [-120.735809389700876, 39.570501405245352],
            [-120.735969789700619, 39.570513471912022],
            [-120.736076523033773, 39.570520071912028],
            [-120.736206189700226, 39.570491071912045],
            [-120.736320523033385, 39.570470805245407],
            [-120.73691632303246, 39.570252671912442],
            [-120.737121923032134, 39.570148471912603],
            [-120.73728218969859, 39.57003000524611],
            [-120.737564123031461, 39.569814671913093],
            [-120.737655923031298, 39.56976700524649],
            [-120.737755589697827, 39.569701405246633],
            [-120.737869323030964, 39.56962700524673],
            [-120.738029589697419, 39.569508471913593],
            [-120.738281989696986, 39.569351205247131],
            [-120.738526123029942, 39.569184805247403],
            [-120.738754589696271, 39.56902707191432],
            [-120.739105523029082, 39.568795205248023],
            [-120.739204923028922, 39.568756605248097],
            [-120.739349589695337, 39.568691805248193],
            [-120.739502389695133, 39.568645271914932],
            [-120.739639923028221, 39.568602871915004],
            [-120.739830323027945, 39.568543471915063],
            [-120.74005198969428, 39.568480271915178],
            [-120.740249923027307, 39.568457071915191],
            [-120.740517123026848, 39.568453271915189],
            [-120.740685523026627, 39.568446071915218],
            [-120.740806989693112, 39.568440871915243],
            [-120.741172989692529, 39.568439005248592],
            [-120.741249323025727, 39.56844047191521],
            [-120.74140978969217, 39.568452605248524],
            [-120.741600123025194, 39.568483405248514],
            [-120.741821989691516, 39.568528205248413],
            [-120.742019989691187, 39.568572605248335],
            [-120.74212698969103, 39.568615205248307],
            [-120.742203589690916, 39.568675271914856],
            [-120.742264189690843, 39.568780071914716],
            [-120.742385989690661, 39.569061671914255],
            [-120.742431923023901, 39.569125671914151],
            [-120.742485389690501, 39.569158205247447],
            [-120.742561789690342, 39.569182205247444],
            [-120.74264618969022, 39.569183871914106],
            [-120.742966523023085, 39.569176605247435],
            [-120.743080523022911, 39.569160805247463],
            [-120.743180189689383, 39.569140205247493],
            [-120.743271523022599, 39.569105871914189],
            [-120.743355523022444, 39.569071471914242],
            [-120.743630323022046, 39.568941671914445],
            [-120.743736789688569, 39.568889805247863],
            [-120.74381318968841, 39.568823671914629],
            [-120.744049723021362, 39.568531005248417],
            [-120.744171789687869, 39.56844320524857],
            [-120.744263189687729, 39.567981005249294],
            [-120.744285989687683, 39.567904871916085],
            [-120.744347523020906, 39.567802471916195],
            [-120.744369723020895, 39.56769927191641],
            [-120.744392989687526, 39.567587205249879],
            [-120.744415323020803, 39.567416405250128],
            [-120.744446389687425, 39.567286405250343],
            [-120.744484589687374, 39.5671880052505],
            [-120.744545789687265, 39.56707207191738],
            [-120.74463732302047, 39.566920671917615],
            [-120.744712923020359, 39.566787071917815],
            [-120.744736189686989, 39.566742471917848],
            [-120.74478218968693, 39.566671205251339],
            [-120.744873923020123, 39.566555871918183],
            [-120.744972723019941, 39.566449671918349],
            [-120.745094923019792, 39.566312405251892],
            [-120.745224789686233, 39.566166271918746],
            [-120.745346723019395, 39.566042471918934],
            [-120.745476123019159, 39.565932405252454],
            [-120.745583389685692, 39.565857871919263],
            [-120.745819589685311, 39.565731871919411],
            [-120.745979723018422, 39.565662871919528],
            [-120.746024923018297, 39.565644205252909],
            [-120.746551923017535, 39.565426205253232],
            [-120.746719989683925, 39.565357405253337],
            [-120.746872923017008, 39.565306271920122],
            [-120.747116789683275, 39.565234471920235],
            [-120.747360789682944, 39.565158071920337],
            [-120.747582189682589, 39.565081405253807],
            [-120.747820056348871, 39.564941605253978],
            [-120.747856723015502, 39.56492000525401],
            [-120.747986789681931, 39.564855005254117],
            [-120.748131523015047, 39.564790205254212],
            [-120.748322189681403, 39.56471727192104],
            [-120.748482456347858, 39.564634471921124],
            [-120.748490189681149, 39.564630471921134],
            [-120.748611789680979, 39.564538205254621],
            [-120.748695789680824, 39.564458805254731],
            [-120.748756989680771, 39.564410405254819],
            [-120.748779723014025, 39.564293671921689],
            [-120.748794989680675, 39.564136405255226],
            [-120.748779589680737, 39.56405047192203],
            [-120.748757323014104, 39.563951005255547],
            [-120.748726389680826, 39.563873805255639],
            [-120.748611789680979, 39.563727405255861],
            [-120.748489989681161, 39.563558405256117],
            [-120.748276389681507, 39.563324471923181],
            [-120.747994123015246, 39.563075805256915],
            [-120.74788712301546, 39.562992605257023],
            [-120.74781092301555, 39.56291907192383],
            [-120.747727123015693, 39.562809405257326],
            [-120.747696589682391, 39.562673605257544],
            [-120.747681389682441, 39.562556205257692],
            [-120.747635589682488, 39.562262471924839],
            [-120.747589989682581, 39.562054405258493],
            [-120.747536123016005, 39.561877671925402],
            [-120.747524723015999, 39.56180793859221],
            [-120.747508923016028, 39.561711805258994],
            [-120.747505723016047, 39.561692405259066],
            [-120.747490589682741, 39.561507405259306],
            [-120.747513723016027, 39.561287205259646],
            [-120.747520989682641, 39.561129671926608],
            [-120.747536323015993, 39.560927205260214],
            [-120.747551589682644, 39.560769871927164],
            [-120.747574389682597, 39.560648671927311],
            [-120.747612723015834, 39.560500805260915],
            [-120.747650589682451, 39.560361871927796],
            [-120.747681189682396, 39.56027240526123],
            [-120.747727389682325, 39.560214671928009],
            [-120.747750189682336, 39.560183605261386],
            [-120.74785692301549, 39.560122605261483],
            [-120.747940989682036, 39.560088205261536],
            [-120.748039523015223, 39.560054071928278],
            [-120.748199923014965, 39.560021205261648],
            [-120.748635123014253, 39.559948405261764],
            [-120.748917389680514, 39.559899871928508],
            [-120.749222789680005, 39.559860671928561],
            [-120.749466523012984, 39.559815871928606],
            [-120.749672389679347, 39.559792871928664],
            [-120.749862989679059, 39.559769471928689],
            [-120.750015989678786, 39.559718405262117],
            [-120.75016092301189, 39.559667205262201],
            [-120.750336189678308, 39.559603005262261],
            [-120.750362456344931, 39.559589871928949],
            [-120.750526923011364, 39.559507605262411],
            [-120.750664323011108, 39.559465205262484],
            [-120.750824723010851, 39.559432271929211],
            [-120.751054123010533, 39.559468271929177],
            [-120.751183323010309, 39.559502271929091],
            [-120.751396989676664, 39.55952440526238],
            [-120.751701723009489, 39.559552871929043],
            [-120.751976989675768, 39.559585205262294],
            [-120.752319789675198, 39.55962787192891],
            [-120.752656123008023, 39.559693005262147],
            [-120.753113523007301, 39.559832405261943],
            [-120.753395789673561, 39.559986471928369],
            [-120.753555789673328, 39.560124805261466],
            [-120.753616923006518, 39.560216071927982],
            [-120.75371612300637, 39.560317071927841],
            [-120.75388452300615, 39.560487005260939],
            [-120.754067389672514, 39.560702271927255],
            [-120.754250789672199, 39.560994071926814],
            [-120.754441389671911, 39.561196005259831],
            [-120.754632123004967, 39.561397871926147],
            [-120.754906789671224, 39.56161040525916],
            [-120.755097323004236, 39.561722205259002],
            [-120.755227389670722, 39.561774205258928],
            [-120.755364589670478, 39.56180387192552],
            [-120.755684989669987, 39.56181460525886],
            [-120.75589078966965, 39.561796071925528],
            [-120.756173389669243, 39.561765471925582],
            [-120.756546989668664, 39.56168260525908],
            [-120.756867323001472, 39.561585205259234],
            [-120.757103723001137, 39.561472605259382],
            [-120.757233523000934, 39.561376005259547],
            [-120.757363389667375, 39.561270405259677],
            [-120.757455323000556, 39.561195605259798],
            [-120.757576989667086, 39.56105380526003],
            [-120.757714123000198, 39.560907671926941],
            [-120.757897789666572, 39.560672605260606],
            [-120.7580727229996, 39.560459671927617],
            [-120.758187122999459, 39.560272671927919],
            [-120.758293922999258, 39.560027005261645],
            [-120.75852332299894, 39.559590005262294],
            [-120.758873922998362, 39.558894071930069],
            [-120.758942789664957, 39.558742205263627],
            [-120.759041589664776, 39.558676605263713],
            [-120.759087589664716, 39.558672871930412],
            [-120.759171989664594, 39.558670071930408],
            [-120.759271122997745, 39.558667471930391],
            [-120.759362589664306, 39.558669205263755],
            [-120.759461789664158, 39.558707205263659],
            [-120.759575722997283, 39.55873640526363],
            [-120.759743922997018, 39.558780205263588],
            [-120.759980522996671, 39.558816271930198],
            [-120.760269922996201, 39.558844405263471],
            [-120.760483789662544, 39.558844005263438],
            [-120.760750789662154, 39.558799605263516],
            [-120.761063922994992, 39.558742605263603],
            [-120.761445389661048, 39.55864180526379],
            [-120.761750589660608, 39.558494605264002],
            [-120.76198712299356, 39.558377471930839],
            [-120.762131589659987, 39.558227005264428],
            [-120.762231522993147, 39.558084805264627],
            [-120.762375789659586, 39.557871405264962],
            [-120.762482922992774, 39.557711271931908],
            [-120.762597322992576, 39.557501671932187],
            [-120.76270432299242, 39.55713887193275],
            [-120.762757922992364, 39.557009271932998],
            [-120.762795989658969, 39.556911005266443],
            [-120.762887589658817, 39.55680007193331],
            [-120.763017189658626, 39.556658471933531],
            [-120.76314658965839, 39.556593405266938],
            [-120.763322589658117, 39.556529205267054],
            [-120.763566722991072, 39.556448271933846],
            [-120.763736789657514, 39.556391605267265],
            [-120.763962922990459, 39.556316271934065],
            [-120.764313989656614, 39.556282471934082],
            [-120.764497189656311, 39.55621400526752],
            [-120.764642189656115, 39.556162671934317],
            [-120.764802722989202, 39.556057671934468],
            [-120.765030922988842, 39.555926871934673],
            [-120.765176389655267, 39.555857671934746],
            [-120.765267789655127, 39.555818871934832],
            [-120.76543538965484, 39.555790605268214],
            [-120.765557589654691, 39.555765871934909],
            [-120.765717789654445, 39.555760005268269],
            [-120.766137522987094, 39.555826605268123],
            [-120.766701789652871, 39.555923005267971],
            [-120.76681672298605, 39.555947805267976],
            [-120.76700698965243, 39.555933405267979],
            [-120.767144789652207, 39.555899871934685],
            [-120.767404389651801, 39.555819271934809],
            [-120.767633322984807, 39.555666071935036],
            [-120.767743656317919, 39.555603005268495],
            [-120.767945989650968, 39.55548740526865],
            [-120.768105989650735, 39.555395871935502],
            [-120.768251389650516, 39.555286071935654],
            [-120.768380922983624, 39.555239005269073],
            [-120.768663189649828, 39.555100271935942],
            [-120.768884322982842, 39.554987405269458],
            [-120.769197522982381, 39.554817671936405],
            [-120.76956332298181, 39.55464007193666],
            [-120.769998189647765, 39.554504271936878],
            [-120.770173522980826, 39.554435605270328],
            [-120.770311189647316, 39.554406671936988],
            [-120.770547389646936, 39.554366205270412],
            [-120.770791589646535, 39.55432580527048],
            [-120.771112322979377, 39.554241871937279],
            [-120.771417389645592, 39.554135071937424],
            [-120.77163058964527, 39.554044605270917],
            [-120.772027989644641, 39.553881005271194],
            [-120.772325389644152, 39.553724471938096],
            [-120.772798389643413, 39.553512805271737],
            [-120.773141789642921, 39.553375271938592],
            [-120.773523122975632, 39.553211405272179],
            [-120.773828322975191, 39.553109071939048],
            [-120.774225189641243, 39.553022071939154],
            [-120.774621722973961, 39.552975671939237],
            [-120.77518632297307, 39.552923405272679],
            [-120.775674522972281, 39.552851671939436],
            [-120.775971922971848, 39.552807805272835],
            [-120.776178322971532, 39.552771271939548],
            [-120.776437322971105, 39.552744671939593],
            [-120.77665098963746, 39.552681205273018],
            [-120.776803989637187, 39.552607605273124],
            [-120.777071189636786, 39.55246400527335],
            [-120.777566989636057, 39.552198671940459],
            [-120.77773458963577, 39.552075671940656],
            [-120.777841589635614, 39.551983205274098],
            [-120.77793338963545, 39.551885805274253],
            [-120.778001722968668, 39.551797005274409],
            [-120.778085522968581, 39.551677005274598],
            [-120.778162189635111, 39.551529805274811],
            [-120.778237989634988, 39.551364605275069],
            [-120.778383389634769, 39.551142071942081],
            [-120.778482722967965, 39.551040405275558],
            [-120.778634922967683, 39.550894671942444],
            [-120.778757122967534, 39.550802405275931],
            [-120.778925189633924, 39.550756071942658],
            [-120.779024122967087, 39.550731005276077],
            [-120.779146122966893, 39.550737805276071],
            [-120.779275989633391, 39.55074927194272],
            [-120.779481789633053, 39.550771205275964],
            [-120.779665389632783, 39.550833271942565],
            [-120.77983312296584, 39.550998671942295],
            [-120.780115189632056, 39.551233805275274],
            [-120.780351589631721, 39.551504071941508],
            [-120.78051192296482, 39.551700871941193],
            [-120.780603722964656, 39.55178820527442],
            [-120.780633922964626, 39.55182480527435],
            [-120.780672122964518, 39.551902071940901],
            [-120.780687122964537, 39.551933871940832],
            [-120.780832189630985, 39.552058271940666],
            [-120.780931389630837, 39.552141271940513],
            [-120.781091522963891, 39.552230005273714],
            [-120.781221722963664, 39.552300005273594],
            [-120.781427522963384, 39.55239400527347],
            [-120.781656589629677, 39.552439005273413],
            [-120.781778122962805, 39.552459271940052],
            [-120.781915789629295, 39.552457405273401],
            [-120.781992522962469, 39.552445405273374],
            [-120.78211392296231, 39.552425205273437],
            [-120.782305389628675, 39.552352205273564],
            [-120.782533922961647, 39.552253005273712],
            [-120.782778322961292, 39.552118005273883],
            [-120.783243789627193, 39.551915205274213],
            [-120.783464389626886, 39.551860805274316],
            [-120.783693189626547, 39.551847205274328],
            [-120.783891589626194, 39.551828405274364],
            [-120.784204722959089, 39.551843271940982],
            [-120.784570456291817, 39.551843738607658],
            [-120.784708722958271, 39.551843871941003],
            [-120.78522738962414, 39.5518448052743],
            [-120.785837322956525, 39.551829405274361],
            [-120.786111989622782, 39.551884205274291],
            [-120.78642512295562, 39.551989271940784],
            [-120.786455922955554, 39.552025871940714],
            [-120.786509189622166, 39.552067471940632],
            [-120.786577522955383, 39.552158805273848],
            [-120.78663858962193, 39.552272605273686],
            [-120.786753122955133, 39.552630671939767],
            [-120.786821789621683, 39.552780605272858],
            [-120.78690558962154, 39.552890271939361],
            [-120.786974322954791, 39.552968205272578],
            [-120.787066322954615, 39.553051071939137],
            [-120.787172989621126, 39.55310720527234],
            [-120.787302389620947, 39.553154671938955],
            [-120.787592322953799, 39.553209671938873],
            [-120.787828789620107, 39.553232271938839],
            [-120.788119122952992, 39.553251271938791],
            [-120.788363522952579, 39.553251405272135],
            [-120.788653189618799, 39.553243405272156],
            [-120.788858922951817, 39.553247405272145],
            [-120.789064922951525, 39.553287271938757],
            [-120.789278322951191, 39.553349871938678],
            [-120.789454389617561, 39.553438871938511],
            [-120.789537922950785, 39.553490005271783],
            [-120.789558722950744, 39.553507871938393],
            [-120.789698589617217, 39.553628205271536],
            [-120.789843122950288, 39.5538426719379],
            [-120.789911922950182, 39.553988071937681],
            [-120.78998832295008, 39.554147271937438],
            [-120.789942322950139, 39.554335605270467],
            [-120.789911922950182, 39.554447605270298],
            [-120.789858389616938, 39.554644805269959],
            [-120.789782189617085, 39.554774005269792],
            [-120.789705522950499, 39.554898605269614],
            [-120.78962192295063, 39.555059205269345],
            [-120.789568922950707, 39.555170805269142],
            [-120.789568522950731, 39.555251871935695],
            [-120.78958398961737, 39.555315271935626],
            [-120.789621789617343, 39.555428605268787],
            [-120.789698322950528, 39.555448071935416],
            [-120.78975158961714, 39.555485071935323],
            [-120.789858389616938, 39.555514205268651],
            [-120.789911789616895, 39.555528671935292],
            [-120.789988389616724, 39.555521205268633],
            [-120.790041589616692, 39.55551767193532],
            [-120.790155989616494, 39.55548827193536],
            [-120.79030872294959, 39.555441671935398],
            [-120.790483789615962, 39.555381871935481],
            [-120.790629122949099, 39.555339605268898],
            [-120.790743389615557, 39.555292271935627],
            [-120.790888722948694, 39.555277005268977],
            [-120.791033322948465, 39.55523467193575],
            [-120.79130818961471, 39.555167871935851],
            [-120.791499122947755, 39.555090405269311],
            [-120.791674189614127, 39.555093671935936],
            [-120.791963789613703, 39.555090205269266],
            [-120.792208322946635, 39.555112871935933],
            [-120.792376056279693, 39.55516380526916],
            [-120.792635522946, 39.55524267193573],
            [-120.792994789612067, 39.555384605268841],
            [-120.793284722944975, 39.555511671935278],
            [-120.793559189611187, 39.555616071935162],
            [-120.793772789610898, 39.555669605268406],
            [-120.793978989610537, 39.555705005268351],
            [-120.794176989610264, 39.555734871934931],
            [-120.794184589610211, 39.555736005268272],
            [-120.794367989609952, 39.555734871934931],
            [-120.794558722943009, 39.555729471934967],
            [-120.794749589609353, 39.55571967193498],
            [-120.795008722942271, 39.555738071934968],
            [-120.7951837896087, 39.55579100526819],
            [-120.795489122941547, 39.55584180526813],
            [-120.795801922941052, 39.555888271934691],
            [-120.795962122940807, 39.555904805268028],
            [-120.796374589606842, 39.555881071934721],
            [-120.796633922939748, 39.555890605268019],
            [-120.796953789605936, 39.555919071934682],
            [-120.797282522938758, 39.555992871934563],
            [-120.797694322938128, 39.556126871934339],
            [-120.797969189604373, 39.556289805267454],
            [-120.798083122937499, 39.556413471933922],
            [-120.798205189604005, 39.556555471933677],
            [-120.798472189603558, 39.556758805266725],
            [-120.798785322936453, 39.556962871933024],
            [-120.799082789602608, 39.557121671932805],
            [-120.799494722935322, 39.557278071932558],
            [-120.799685322935034, 39.557322271932492],
            [-120.799945389601305, 39.557403805265722],
            [-120.799979322934576, 39.557410738599003],
            [-120.800212122934226, 39.557458405265606],
            [-120.800456322933826, 39.557485471932239],
            [-120.800562789600349, 39.557501071932222],
            [-120.800685189600131, 39.557494405265572],
            [-120.800814989599928, 39.557460805265634],
            [-120.800899122933174, 39.557426405265687],
            [-120.80098232293301, 39.557391871932396],
            [-120.801135522932782, 39.557354271932468],
            [-120.801333589599153, 39.55732647193247],
            [-120.80159352293208, 39.557295405265847],
            [-120.801852322931666, 39.557300205265847],
            [-120.802012722931408, 39.557312205265816],
            [-120.802165189597872, 39.557342071932453],
            [-120.802332789597585, 39.5573812719324],
            [-120.802524122930606, 39.557448005265655],
            [-120.802534322930626, 39.557451938598945],
            [-120.803362722929307, 39.557774671931782],
            [-120.803622589595591, 39.557838205265],
            [-120.803813389595291, 39.55787780526498],
            [-120.804004189594991, 39.557872405264959],
            [-120.804118789594838, 39.557861071931654],
            [-120.804233122927997, 39.557836205265005],
            [-120.804507522927565, 39.557760271931784],
            [-120.804743922927173, 39.557692671931932],
            [-120.804965389593519, 39.557611271932046],
            [-120.805133589593254, 39.557560405265463],
            [-120.80534698959292, 39.557505871932221],
            [-120.805606189592481, 39.557474671932255],
            [-120.805934589592027, 39.557395405265709],
            [-120.806247189591488, 39.557306671932508],
            [-120.806498722924459, 39.557243805265955],
            [-120.806827122923949, 39.557214005266019],
            [-120.806832056257292, 39.557213805265974],
            [-120.807116922923512, 39.557201471932672],
            [-120.807559522922816, 39.557241271932639],
            [-120.807918122922274, 39.557311205265819],
            [-120.808353322921562, 39.557463471932294],
            [-120.808459522921396, 39.557533071932141],
            [-120.808589189587906, 39.557643671931999],
            [-120.808749722920936, 39.557813405265051],
            [-120.808910389587368, 39.558046071931358],
            [-120.809008989587255, 39.558241671931057],
            [-120.809062722920487, 39.558427405264126],
            [-120.809123922920378, 39.558703271930369],
            [-120.809154322920335, 39.559100271929708],
            [-120.809184922920281, 39.559375671929331],
            [-120.809199722920255, 39.559763271928716],
            [-120.809299522920128, 39.560035471928302],
            [-120.809375389586648, 39.560212605261313],
            [-120.809497389586454, 39.560381605261057],
            [-120.809550122919745, 39.560415271927695],
            [-120.809649989586205, 39.560479071927602],
            [-120.809856389585889, 39.560555005260824],
            [-120.810038989585621, 39.560599005260713],
            [-120.810252922918608, 39.560625605260725],
            [-120.810520189584906, 39.56063960526069],
            [-120.810847722917686, 39.560632271927375],
            [-120.81085318958435, 39.560631738593997],
            [-120.81108412291735, 39.560609671927409],
            [-120.811404989583536, 39.560516605260887],
            [-120.811893122916103, 39.560399605261068],
            [-120.812037189582554, 39.56034373859444],
            [-120.812114722915737, 39.560313671927872],
            [-120.812274522915516, 39.560208605261323],
            [-120.812434789581914, 39.560063005261554],
            [-120.812602789581661, 39.559876871928509],
            [-120.812740189581461, 39.55971740526212],
            [-120.812823722914629, 39.559606271928942],
            [-120.812885322914553, 39.559454271929155],
            [-120.81295392291446, 39.559284405262758],
            [-120.813015189580995, 39.559209005262915],
            [-120.813167389580769, 39.559040671929836],
            [-120.813201589580729, 39.55900207192991],
            [-120.813297122913923, 39.558894471930046],
            [-120.813457189580333, 39.558640671930448],
            [-120.813663389580029, 39.558302271930984],
            [-120.81386912291299, 39.558098871931293],
            [-120.814059922912747, 39.557931271931523],
            [-120.814273522912401, 39.557800205265096],
            [-120.814494922912047, 39.557723271931877],
            [-120.81456392291193, 39.557729071931874],
            [-120.814639922911795, 39.557739471931825],
            [-120.81476938957826, 39.557764471931819],
            [-120.814883989578107, 39.557820671931722],
            [-120.815158922910996, 39.557916005264929],
            [-120.815380122910653, 39.557960671931482],
            [-120.815738522910124, 39.558035005264742],
            [-120.815944789576463, 39.558092805264607],
            [-120.816173589576124, 39.558128671931229],
            [-120.816356989575809, 39.558145605264542],
            [-120.816524189575546, 39.558148805264523],
            [-120.816775922908505, 39.558149005264568],
            [-120.817310189574357, 39.558136471931221],
            [-120.817439789574166, 39.558134405264582],
            [-120.817707189573753, 39.558166471931202],
            [-120.818317189572781, 39.558223005264438],
            [-120.818539122905747, 39.55824520526437],
            [-120.818798122905378, 39.558290605264347],
            [-120.818973922905116, 39.558298405264281],
            [-120.819233122904677, 39.55833480526428],
            [-120.819637589570732, 39.558428005264091],
            [-120.820163522903272, 39.558618005263838],
            [-120.820423122902866, 39.558713005263655],
            [-120.82051458956937, 39.558764271930272],
            [-120.820988122901952, 39.558930805263344],
            [-120.821506522901188, 39.559125205263001],
            [-120.821987522900429, 39.559237805262853],
            [-120.822353989566523, 39.559334805262722],
            [-120.822643722899386, 39.559376271929295],
            [-120.822887989565686, 39.559380805262606],
            [-120.823154922898595, 39.559403871929248],
            [-120.823299522898367, 39.559384071929287],
            [-120.823559122897962, 39.559343871929343],
            [-120.823803522897606, 39.559294271929446],
            [-120.824016922897272, 39.559239671929504],
            [-120.824154589563705, 39.5591882719296],
            [-120.82427612289689, 39.559141005263029],
            [-120.824405989563331, 39.559057805263137],
            [-120.824535389563152, 39.558965671929968],
            [-120.82468838956288, 39.558819871930154],
            [-120.824940189562483, 39.558558805263885],
            [-120.8251153895622, 39.558449471930714],
            [-120.825298722895297, 39.558358271930899],
            [-120.825320589561898, 39.558349738597542],
            [-120.825474722895024, 39.558289471931005],
            [-120.825634122894769, 39.558261005264342],
            [-120.825786989561209, 39.558236805264414],
            [-120.825939522894259, 39.558221671931108],
            [-120.826107322894018, 39.558229271931111],
            [-120.826374522893616, 39.558220805264455],
            [-120.826657122893153, 39.558208071931119],
            [-120.82678692289295, 39.558201471931113],
            [-120.826901122892764, 39.558199071931142],
            [-120.827083989559185, 39.558234071931054],
            [-120.827213589558994, 39.558254471931036],
            [-120.827709722891541, 39.558394405264153],
            [-120.827954122891128, 39.558538605263948],
            [-120.828037722890997, 39.55863027193044],
            [-120.828106589557592, 39.558708205263656],
            [-120.828236322890689, 39.558818671930169],
            [-120.828365989557199, 39.558902205263394],
            [-120.828480389557001, 39.558989871929896],
            [-120.828579722890197, 39.559117871929686],
            [-120.828717189556642, 39.559327671929395],
            [-120.828839189556447, 39.559474071929174],
            [-120.829159522889256, 39.559606205262298],
            [-120.829356722888974, 39.559668871928864],
            [-120.829918589554779, 39.55979947192867],
            [-120.83000998955464, 39.559806405261952],
            [-120.830573389553763, 39.55984887192858],
            [-120.83094258955316, 39.559752071928699],
            [-120.831039989553005, 39.5597072052621],
            [-120.831712522885312, 39.559477871929118],
            [-120.832139922884664, 39.559088405263083],
            [-120.832330922884353, 39.558832671930134],
            [-120.832427589550889, 39.558596071930538],
            [-120.832467989550821, 39.558444671930772],
            [-120.832434989550848, 39.558070871931307],
            [-120.832126989551341, 39.557636605265316],
            [-120.831755322885272, 39.557242471932625],
            [-120.831738522885303, 39.557211205266015],
            [-120.831586522885516, 39.556928271933089],
            [-120.831581056218852, 39.556800871933319],
            [-120.831576189552209, 39.556686205266828],
            [-120.831618389552148, 39.55663467193358],
            [-120.831715522885304, 39.556516005267099],
            [-120.832049322884814, 39.556404671933933],
            [-120.832388189550954, 39.556417871933888],
            [-120.832734789550386, 39.556472671933818],
            [-120.833115589549834, 39.556576605266969],
            [-120.833358589549448, 39.5567020052668],
            [-120.833713122882216, 39.556884871933164],
            [-120.834152389548194, 39.557121271932829],
            [-120.834547522880939, 39.557336005265824],
            [-120.835148389546646, 39.557540671932145],
            [-120.835775989545652, 39.557746005265187],
            [-120.835951322878714, 39.557808471931764],
            [-120.836226389545004, 39.55790640526493],
            [-120.836705589544238, 39.558150405264541],
            [-120.836788722877429, 39.558220538597766],
            [-120.836931789543883, 39.558341271930885],
            [-120.836998722877127, 39.558487671930664],
            [-120.837061322876991, 39.558772205263551],
            [-120.837118122876916, 39.558953005263277],
            [-120.837157256210219, 39.558998871929873],
            [-120.837255989543394, 39.559114471929718],
            [-120.837425122876425, 39.559207605262884],
            [-120.837707789542662, 39.559302671929402],
            [-120.838130389542016, 39.559355471929337],
            [-120.838313389541725, 39.559358871929305],
            [-120.838553589541391, 39.559387471929313],
            [-120.838860122874223, 39.559438205262552],
            [-120.839016322873988, 39.5594410719292],
            [-120.839261922873618, 39.559442071929197],
            [-120.839557722873167, 39.559406205262576],
            [-120.839961122872523, 39.559358405262685],
            [-120.840309522871962, 39.559351071929314],
            [-120.840414922871787, 39.559351471929347],
            [-120.840800589537878, 39.559353271929353],
            [-120.841063722870786, 39.559292471929439],
            [-120.841480789536831, 39.559234605262873],
            [-120.841945722869411, 39.559219005262889],
            [-120.842095189535883, 39.559149205262997],
            [-120.842254989535604, 39.55903460526315],
            [-120.842429922868689, 39.558865071930086],
            [-120.8428027228681, 39.558509071930644],
            [-120.843025122867743, 39.558243671931052],
            [-120.843092322867676, 39.558213205264451],
            [-120.843215389534123, 39.558157271931179],
            [-120.843431522867149, 39.558099071931281],
            [-120.843780589533253, 39.558071005264651],
            [-120.844155122866027, 39.558091671931322],
            [-120.844510589532149, 39.558146671931183],
            [-120.844768589531725, 39.55817920526448],
            [-120.845088122864581, 39.558240405264371],
            [-120.84531038953088, 39.558272205264359],
            [-120.845566389530461, 39.5583668052642],
            [-120.845884389529999, 39.558483271930697],
            [-120.846202322862837, 39.558599671930494],
            [-120.846565189528917, 39.558703271930369],
            [-120.847523922860773, 39.559032071929835],
            [-120.848194789526417, 39.559286405262753],
            [-120.848648789525726, 39.559403871929248],
            [-120.848655389525675, 39.559405605262612],
            [-120.849055989525084, 39.559447471929218],
            [-120.849458322857799, 39.559434205262562],
            [-120.849781722857301, 39.55937107192932],
            [-120.850249122856553, 39.559276071929446],
            [-120.850509189522825, 39.559239405262872],
            [-120.850934789522171, 39.559192005262901],
            [-120.851664122854345, 39.558998071929864],
            [-120.852208989520193, 39.558704005263678],
            [-120.852430989519803, 39.558518005263977],
            [-120.852749922852638, 39.558250805264379],
            [-120.853268389518519, 39.557789338598411],
            [-120.853457589518257, 39.557620871932045],
            [-120.853548722851428, 39.557539805265492],
            [-120.854020522850703, 39.557154471932733],
            [-120.854701789516298, 39.556489605267132],
            [-120.854910922849285, 39.556078671934415],
            [-120.855113122848991, 39.555605471935166],
            [-120.855321122848693, 39.555084005269293],
            [-120.855824389514567, 39.554402005270333],
            [-120.855908522847756, 39.554286805270522],
            [-120.856262589513904, 39.553801871937935],
            [-120.856538589513434, 39.553247005272169],
            [-120.856754322846427, 39.55276707193957],
            [-120.856967789512794, 39.552211071940405],
            [-120.857176522845805, 39.551919271940903],
            [-120.85718252284579, 39.551910871940891],
            [-120.85750078951196, 39.551432871941643],
            [-120.857739589511596, 39.551168805275381],
            [-120.858133989510975, 39.550732605276039],
            [-120.858734722843394, 39.550073205277101],
            [-120.859120589509416, 39.549783471944181],
            [-120.859273989509234, 39.549668405277714],
            [-120.859836389508359, 39.549381471944798],
            [-120.860428989507398, 39.549129671945195],
            [-120.861110589506382, 39.548741271945801],
            [-120.861190389506248, 39.548675871945932],
            [-120.861522789505727, 39.548403271946313],
            [-120.861938989505063, 39.547933871947066],
            [-120.862458722837573, 39.547438871947804],
            [-120.862801256170371, 39.546945271948573],
            [-120.86313132283658, 39.546469671949353],
            [-120.863761522835546, 39.545789338617055],
            [-120.86389312283535, 39.5456472719506],
            [-120.864250789501455, 39.545335871951124],
            [-120.86456792283434, 39.545189671951334],
            [-120.864610789500944, 39.545183071951328],
            [-120.865249589499911, 39.545084605284842],
            [-120.865769322832477, 39.545025071951557],
            [-120.866254922831729, 39.545002205284959],
            [-120.866296922831623, 39.545000205284964],
            [-120.867031589497174, 39.544916871951727],
            [-120.867560122829673, 39.544712271952051],
            [-120.868286589495199, 39.544310871952689],
            [-120.868857589494326, 39.544023871953129],
            [-120.869003122827451, 39.543950671953269],
            [-120.869472989493374, 39.543765805286853],
            [-120.869888322826057, 39.543614405287087],
            [-120.870417989491898, 39.543520405287268],
            [-120.870913989491157, 39.543501871953936],
            [-120.871732189489876, 39.543606805287141],
            [-120.872400122822171, 39.54366740528701],
            [-120.873247989487538, 39.543676005287011],
            [-120.874133522819477, 39.543623005287088],
            [-120.875069722818012, 39.543543738620542],
            [-120.875073389484669, 39.54354340528721],
            [-120.875335389484292, 39.543489005287313],
            [-120.875868522816802, 39.543378205287468],
            [-120.87605952281649, 39.543328405287525],
            [-120.877010589481699, 39.543142471954525],
            [-120.877686789480606, 39.542940471954807],
            [-120.878486322812705, 39.542778405288402],
            [-120.878531589479337, 39.542769205288437],
            [-120.879267722811505, 39.542651205288621],
            [-120.879958589477098, 39.542546205288772],
            [-120.880747589475902, 39.542450005288913],
            [-120.881412522808148, 39.542316871955791],
            [-120.88196818947398, 39.542257805289182],
            [-120.883452589471688, 39.542056671956175],
            [-120.884326122803657, 39.541823471956548],
            [-120.884849789469513, 39.541639471956842],
            [-120.885258789468878, 39.54140480529054],
            [-120.885695722801529, 39.541136205290968],
            [-120.885898989467876, 39.540911671957986],
            [-120.886185589467459, 39.540591871958441],
            [-120.886560589466853, 39.540156005292488],
            [-120.886959922799576, 39.539361071960343],
            [-120.887208989465819, 39.538805405294568],
            [-120.887359722798919, 39.538545405294997],
            [-120.88745252279881, 39.538465071961753],
            [-120.887570722798614, 39.538362471961932],
            [-120.887751189465007, 39.538303605295368],
            [-120.887797789464912, 39.538302205295338],
            [-120.88789418946476, 39.538299205295345],
            [-120.888044722797872, 39.538343471961923],
            [-120.888184789464333, 39.538436005295125],
            [-120.888255122797545, 39.538769071961269],
            [-120.888300122797489, 39.539343871960398],
            [-120.888316589464125, 39.539980471959382],
            [-120.888410722797289, 39.540411005292071],
            [-120.888617189463673, 39.540750471958233],
            [-120.888631922796947, 39.540774605291517],
            [-120.888941322796484, 39.54087700529135],
            [-120.889235589462714, 39.540896205291347],
            [-120.889779322795164, 39.540788471958138],
            [-120.890356789460952, 39.540591471958464],
            [-120.891041989459893, 39.54038267195881],
            [-120.891644322792274, 39.540255271958983],
            [-120.892048589458341, 39.540179605292451],
            [-120.892378589457849, 39.540192471959074],
            [-120.892575322790833, 39.540258471958964],
            [-120.892705789457295, 39.540302205292221],
            [-120.89288738945703, 39.540499071958607],
            [-120.893393189456219, 39.54119980529083],
            [-120.893898522788788, 39.541471805290428],
            [-120.894174789455008, 39.541490671957092],
            [-120.894720789454198, 39.54145207195711],
            [-120.895447322786367, 39.541354605290621],
            [-120.896274922785096, 39.541162071957558],
            [-120.896530522784701, 39.541085271957684],
            [-120.896860789450841, 39.540985871957844],
            [-120.897530789449831, 39.540686871958314],
            [-120.898023722782398, 39.540481405291985],
            [-120.898476789448353, 39.540369271958809],
            [-120.898518722781603, 39.540359005292146],
            [-120.898734322781308, 39.540321271958874],
            [-120.899144122780626, 39.540356405292187],
            [-120.899805522779616, 39.540638071958369],
            [-120.900764989444781, 39.541104871957657],
            [-120.901261322777373, 39.541261205290766],
            [-120.901463989443698, 39.541325005290673],
            [-120.902303189442421, 39.541630205290176],
            [-120.902484389442122, 39.541696071956721],
            [-120.903174922774383, 39.541902271956417],
            [-120.903577589440431, 39.541874871956452],
            [-120.903919989439885, 39.541777271956619],
            [-120.904155322772851, 39.541659871956824],
            [-120.90442792277247, 39.541523671957009],
            [-120.905554522770728, 39.540887005291324],
            [-120.906847922768691, 39.540204871959077],
            [-120.907305922767989, 39.539825871959636],
            [-120.907473922767736, 39.539586871960012],
            [-120.907613122767486, 39.539112205294089],
            [-120.907773322767241, 39.538541071961617],
            [-120.908193522766624, 39.538078271962377],
            [-120.90855098943274, 39.537773605296195],
            [-120.909119589431839, 39.537576271963133],
            [-120.909633789431041, 39.537405805296714],
            [-120.90994478943054, 39.537362205296802],
            [-120.90998358943051, 39.537356671963494],
            [-120.910491589429682, 39.537393471963412],
            [-120.911630322761255, 39.537545471963199],
            [-120.913068322759045, 39.537695671962979],
            [-120.913192189425502, 39.537670205296308],
            [-120.913562589424942, 39.537594005296455],
            [-120.914106789424068, 39.537313271963569],
            [-120.914569989423399, 39.537058805297249],
            [-120.915081989422561, 39.536964205297409],
            [-120.915510789421887, 39.536958071964079],
            [-120.915646722755014, 39.53697067196407],
            [-120.91606298942105, 39.53700940529734],
            [-120.916473589420434, 39.537016805297355],
            [-120.91736012275237, 39.53679060529771],
            [-120.917767722751762, 39.536604271964677],
            [-120.918016322751384, 39.53635287196505],
            [-120.918428122750697, 39.535724005299357],
            [-120.918684922750344, 39.535500405299672],
            [-120.918935389416617, 39.53548407196638],
            [-120.919131189416305, 39.535508405299709],
            [-120.919378389415897, 39.535602671966217],
            [-120.920282989414488, 39.536116805298718],
            [-120.920933589413494, 39.536315071965078],
            [-120.921569189412537, 39.536264271965194],
            [-120.921993789411829, 39.536105871965447],
            [-120.922228322744843, 39.535902871965732],
            [-120.922369589411289, 39.535780671965938],
            [-120.922466322744469, 39.535424605299795],
            [-120.922479922744458, 39.535374605299864],
            [-120.922497989411056, 39.535070605300348],
            [-120.922574922744275, 39.534290471968234],
            [-120.922744789410672, 39.533830205302309],
            [-120.922759056077325, 39.533812338635641],
            [-120.923190322743324, 39.533271071969807],
            [-120.923545722742801, 39.533028405303526],
            [-120.923590189409367, 39.533012205303578],
            [-120.923979189408783, 39.532870205303766],
            [-120.925208256073518, 39.532371071971227],
            [-120.925479789406438, 39.532260805304702],
            [-120.925755589406037, 39.531996005305132],
            [-120.926617389404669, 39.531098471973223],
            [-120.927111989403897, 39.530685405307167],
            [-120.927610722736461, 39.530431471974225],
            [-120.928066922735752, 39.530254071974525],
            [-120.928188922735558, 39.530206671974554],
            [-120.929070922734184, 39.529828271975191],
            [-120.929365189400414, 39.529647138642133],
            [-120.929392389400391, 39.529630405308808],
            [-120.929671389399914, 39.52945860530906],
            [-120.93024852273237, 39.528970871976526],
            [-120.93068038939839, 39.528563605310467],
            [-120.931706789396799, 39.527828071978263],
            [-120.931710989396777, 39.527825471978304],
            [-120.932161722729404, 39.527545671978714],
            [-120.932261789395909, 39.527502405312134],
            [-120.932713589395235, 39.52730660531239],
            [-120.933345122727587, 39.527089605312767],
            [-120.934247522726139, 39.526773671979925],
            [-120.934663189392211, 39.526608205313494],
            [-120.934962589391716, 39.5263972719805],
            [-120.935116789391486, 39.526288671980637],
            [-120.935141989391468, 39.526270871980671],
            [-120.936103322723284, 39.525776205314799],
            [-120.93710132272173, 39.525247605315599],
            [-120.937718522720786, 39.524927471982778],
            [-120.937926589387132, 39.524819605316281],
            [-120.938454322719622, 39.524642271983225],
            [-120.939171989385216, 39.524530471983383],
            [-120.940186922716919, 39.524631471983241],
            [-120.940944989382444, 39.5246656053165],
            [-120.94134065604851, 39.524613405316586],
            [-120.941823589381045, 39.52454967198338],
            [-120.942408989380169, 39.524380405316947],
            [-120.942759522712947, 39.524153005317316],
            [-120.943114589379093, 39.523922605317694],
            [-120.94384352271129, 39.523430605318424],
            [-120.944567522710145, 39.523104471985619],
            [-120.944793989376478, 39.523048471985703],
            [-120.945116322709282, 39.522969005319169],
            [-120.945759989374949, 39.522938871985843],
            [-120.94622232270757, 39.523009271985757],
            [-120.946503389373788, 39.523166271985531],
            [-120.947135589372806, 39.523986605317589],
            [-120.947693789371954, 39.524743405316372],
            [-120.948187456037886, 39.52521827198234],
            [-120.948479389370732, 39.525499071981869],
            [-120.948536122704013, 39.52555360531511],
            [-120.949041722703214, 39.525970471981168],
            [-120.94956138936908, 39.526214805314112],
            [-120.949959922701794, 39.526332471980595],
            [-120.950246122701344, 39.526316805313968],
            [-120.950356322701168, 39.526294471980634],
            [-120.950434722701061, 39.526278605314019],
            [-120.950626056034082, 39.526159471980861],
            [-120.950866789367012, 39.526009605314414],
            [-120.951373389366267, 39.525486005315258],
            [-120.951580922699236, 39.525109271982501],
            [-120.951604722699244, 39.524604871983286],
            [-120.951629589365837, 39.524363271983646],
            [-120.951846122698839, 39.523986671984233],
            [-120.952160589365008, 39.523618805318165],
            [-120.952365522698017, 39.52348980531832],
            [-120.952588122697705, 39.523349671985216],
            [-120.953083322696955, 39.523213205318768],
            [-120.953739322695924, 39.523376871985192],
            [-120.9541881226952, 39.523599205318192],
            [-120.954522189361342, 39.523778005317865],
            [-120.955016989360615, 39.524111671984031],
            [-120.955023456027277, 39.524114071984059],
            [-120.955405722693342, 39.524256871983823],
            [-120.955726789359517, 39.524269405317114],
            [-120.956078456025637, 39.52420067198392],
            [-120.956148922692194, 39.524186871983943],
            [-120.956461122691678, 39.523895071984384],
            [-120.956707589357961, 39.523408405318492],
            [-120.956787522691172, 39.522884605319291],
            [-120.956795989357829, 39.522829005319352],
            [-120.956612989358121, 39.522369405320092],
            [-120.956395389358477, 39.522026605320605],
            [-120.956342589358542, 39.521899938654144],
            [-120.956061589358967, 39.521225471988544],
            [-120.955839989359333, 39.520564605322875],
            [-120.955747122692799, 39.520078805323635],
            [-120.955488389359857, 39.519002405325296],
            [-120.955302789360132, 39.5180682719934],
            [-120.9552939226935, 39.518023805326834],
            [-120.955227589360277, 39.517393271994479],
            [-120.95534525602676, 39.517027605328394],
            [-120.955384722693339, 39.516905071995211],
            [-120.955470322693202, 39.516829605328667],
            [-120.955595322693057, 39.516719338662199],
            [-120.955623122692998, 39.516694805328882],
            [-120.956121389358884, 39.516447671995934],
            [-120.956474189358346, 39.516294871996195],
            [-120.95652905602492, 39.516290938662848],
            [-120.956939389357615, 39.516261605329532],
            [-120.957519322690018, 39.51627867199619],
            [-120.958481722688532, 39.516344005329415],
            [-120.959071322687635, 39.516333605329464],
            [-120.959996189352864, 39.516269405329524],
            [-120.960185189352558, 39.516256271996212],
            [-120.961092322684522, 39.516078471996536],
            [-120.961585322683732, 39.515806671996927],
            [-120.961772922683451, 39.515703271997097],
            [-120.962248722682716, 39.515310405331036],
            [-120.962271722682658, 39.515282138664418],
            [-120.962609789348789, 39.514867271998412],
            [-120.962787789348511, 39.514275605332614],
            [-120.962892322681682, 39.513910871999883],
            [-120.962996989348198, 39.513691472000232],
            [-120.963366189347653, 39.513276005334205],
            [-120.963553589347327, 39.512920138668051],
            [-120.963564722680644, 39.51289907200146],
            [-120.963723922680401, 39.512646005335171],
            [-120.964080989346542, 39.5123410720023],
            [-120.964492589345866, 39.512002472002848],
            [-120.965161922678192, 39.511557672003505],
            [-120.965629589344132, 39.511441472003696],
            [-120.966093522676715, 39.51144960533702],
            [-120.966343122676335, 39.511478205336971],
            [-120.966378389342935, 39.511482272003661],
            [-120.966900322675485, 39.511650405336695],
            [-120.968020789340414, 39.51210567200269],
            [-120.968885122672418, 39.512473472002114],
            [-120.969126589338714, 39.51253267200201],
            [-120.969705122671144, 39.512674605335121],
            [-120.970789989336083, 39.512824872001545],
            [-120.971270589335347, 39.512912472001403],
            [-120.971713589334684, 39.512993205334624],
            [-120.972088522667434, 39.512999672001285],
            [-120.972581722666689, 39.512925205334739],
            [-120.973096922665889, 39.512865072001489],
            [-120.973854389331336, 39.512912805334736],
            [-120.97462918933013, 39.512981672001331],
            [-120.97533518932903, 39.512959472001342],
            [-120.976070922661222, 39.512833872001522],
            [-120.976408389327389, 39.51278493866829],
            [-120.97641158932737, 39.512784472001613],
            [-120.976816789326733, 39.512515005335388],
            [-120.977382322659196, 39.512053072002743],
            [-120.977438722659144, 39.512007005336159],
            [-120.977931989325043, 39.511621405336768],
            [-120.978548989324054, 39.511279472003935],
            [-120.978789522657053, 39.511198805337415],
            [-120.978999789323382, 39.511128205337513],
            [-120.979500722655928, 39.511067205337611],
            [-120.979546322655835, 39.511061672004303],
            [-120.980046122655096, 39.511070272004304],
            [-120.980796122653885, 39.511221672004069],
            [-120.982040189318639, 39.511734272003252],
            [-120.983902922649065, 39.512465005335457],
            [-120.984516989314784, 39.512810072001571],
            [-120.984601389314662, 39.512857472001485],
            [-120.984746389314466, 39.51309520533448],
            [-120.984791189314365, 39.513704605333544],
            [-120.984876389314252, 39.513973871999781],
            [-120.984995722647398, 39.514351271999203],
            [-120.98527558931363, 39.514861005331738],
            [-120.985704522646301, 39.515470005330769],
            [-120.985756989312904, 39.515531005330672],
            [-120.98614512264561, 39.515982605330009],
            [-120.987277189310532, 39.516507005329174],
            [-120.987764922643123, 39.516626071995631],
            [-120.989246389307482, 39.516651671995646],
            [-120.98969898930676, 39.516766405328781],
            [-120.989919989306429, 39.516822405328696],
            [-120.990583522638701, 39.517041405328371],
            [-120.990977989304781, 39.517132338661554],
            [-120.992237589302817, 39.517422671994439],
            [-120.99285172263518, 39.517640605327415],
            [-120.993077389301504, 39.51772067199397],
            [-120.994696522632353, 39.518239605326471],
            [-120.99589838929711, 39.51851620532608],
            [-120.996781589295779, 39.518545271992707],
            [-120.99729972262827, 39.518525205326057],
            [-120.997523522627944, 39.518516471992712],
            [-120.99820192262689, 39.518528205326049],
            [-120.998799589292616, 39.518545471992695],
            [-121.000219322623764, 39.518701271992427],
            [-121.000877922622749, 39.518774805325677],
            [-121.001065322622424, 39.518771405325651],
            [-121.001624589288269, 39.518836405325544],
            [-121.001847855954566, 39.518869538658862],
            [-121.002094189287504, 39.518906071992149],
            [-121.002218122620661, 39.518924471992079],
            [-121.002380322620411, 39.518941671992081],
            [-121.002905522619585, 39.518997471991952],
            [-121.003593189285198, 39.519059405325208],
            [-121.003929322617978, 39.519097205325181],
            [-121.004409189283933, 39.519151205325045],
            [-121.004634322616937, 39.519161538658409],
            [-121.004990189283035, 39.519177871991701],
            [-121.005508589282215, 39.519131205325095],
            [-121.005642522615346, 39.519113205325141],
            [-121.005912322614904, 39.519076871991842],
            [-121.006650522613768, 39.518883671992171],
            [-121.007638722612228, 39.518478005326131],
            [-121.007829389278641, 39.518365071992946],
            [-121.00866152261068, 39.517872471993712],
            [-121.00945272260941, 39.517404005327762],
            [-121.009503655942694, 39.517373871994494],
            [-121.009538122609285, 39.517353471994511],
            [-121.010298589274782, 39.516877005328581],
            [-121.010369722608004, 39.516844671995329],
            [-121.010909789273853, 39.51659827199569],
            [-121.01091558927385, 39.516596205329051],
            [-121.011125722606835, 39.516520805329151],
            [-121.011649989272712, 39.516332805329455],
            [-121.012155522605212, 39.516230205329634],
            [-121.012717989271039, 39.516150805329744],
            [-121.012726789271028, 39.516149005329737],
            [-121.013837522602614, 39.515925205330063],
            [-121.01463218926807, 39.515760671996986],
            [-121.014832989267745, 39.51570627199709],
            [-121.015442722600142, 39.515541005330704],
            [-121.016209989265633, 39.515331605331028],
            [-121.016595122598346, 39.515113738664695],
            [-121.016706322598168, 39.515050805331441],
            [-121.016928922597799, 39.514798671998506],
            [-121.016937322597812, 39.514728938665257],
            [-121.016961722597785, 39.514526671998908],
            [-121.017005189264353, 39.514010205333079],
            [-121.017068122597607, 39.513566205333746],
            [-121.017073522597627, 39.513537672000439],
            [-121.017144122597472, 39.513167072001011],
            [-121.017154389264135, 39.51313313866774],
            [-121.017294722597285, 39.512669005335113],
            [-121.017525122596908, 39.512144472002603],
            [-121.01784052259643, 39.51153247200358],
            [-121.017946855929608, 39.511350338670525],
            [-121.018036722596094, 39.511196472004087],
            [-121.018165589262594, 39.510959472004458],
            [-121.018189789262522, 39.510865272004594],
            [-121.018218322595828, 39.510493205338491],
            [-121.018240989262438, 39.510434338671928],
            [-121.018388789262247, 39.510051005339221],
            [-121.018390055928876, 39.510048338672561],
            [-121.018716989261691, 39.509366872006922],
            [-121.01890538926142, 39.508930605340936],
            [-121.019108322594434, 39.508361205341828],
            [-121.01918625592765, 39.508298338675274],
            [-121.019358122594042, 39.508159672008787],
            [-121.019364255927371, 39.508155605342154],
            [-121.019724122593516, 39.507915472009188],
            [-121.020089922592945, 39.507677072009528],
            [-121.020298922592588, 39.507555072009723],
            [-121.02078912259185, 39.507269005343517],
            [-121.021263989257761, 39.506959805344025],
            [-121.021663322590484, 39.506699805344397],
            [-121.022273522589558, 39.506198472011818],
            [-121.022742922588805, 39.505850405345711],
            [-121.02304232258831, 39.505677605345966],
            [-121.023239189254696, 39.505569605346182],
            [-121.023500322587608, 39.505473872012942],
            [-121.024094522586722, 39.505339005346514],
            [-121.024161589253254, 39.505323872013207],
            [-121.024327989252981, 39.505380738679776],
            [-121.024538522585999, 39.505452605346363],
            [-121.02478998925227, 39.505701672012606],
            [-121.025064122585206, 39.506162405345208],
            [-121.025514389251157, 39.506743005344333],
            [-121.025873055917259, 39.507158938677037],
            [-121.02600112258375, 39.507307472010098],
            [-121.026638589249444, 39.50786900534257],
            [-121.026894789249013, 39.508201605342094],
            [-121.026963722582252, 39.508342738675196],
            [-121.02743238924819, 39.509301672007041],
            [-121.027563522581318, 39.509570072006625],
            [-121.02794412258072, 39.510552138671756],
            [-121.02796498924738, 39.510606005338332],
            [-121.028510455913192, 39.511277738670628],
            [-121.028537522579825, 39.511311072003934],
            [-121.028962855912482, 39.511805738669807],
            [-121.029197055912107, 39.512078138669381],
            [-121.029566389244906, 39.512507672002073],
            [-121.030020855910834, 39.513028872001257],
            [-121.030198255910591, 39.513232272000948],
            [-121.030585522576644, 39.51367640533357],
            [-121.030959455909397, 39.514013138666371],
            [-121.031208789242328, 39.51423760533271],
            [-121.031623389241702, 39.514556205332212],
            [-121.032247989240716, 39.514817005331793],
            [-121.032633722573451, 39.514890271998354],
            [-121.03303218923952, 39.51489147199834],
            [-121.033487589238803, 39.514787871998521],
            [-121.034030322571255, 39.5146414053321],
            [-121.034450989237314, 39.514492805332281],
            [-121.03488458923664, 39.514399871999103],
            [-121.035216389236098, 39.514349871999173],
            [-121.035430389235785, 39.514323805332594],
            [-121.035576722568862, 39.514305871999284],
            [-121.036237122567854, 39.514061205332951],
            [-121.036785722567004, 39.513959205333151],
            [-121.037201722566351, 39.513977405333094],
            [-121.037406189232684, 39.514020671999731],
            [-121.037601389232407, 39.51406200533296],
            [-121.038438722564422, 39.514421005332395],
            [-121.038951389230306, 39.514574271998868],
            [-121.039270922563162, 39.514621138665461],
            [-121.039294789229757, 39.514624605332074],
            [-121.039494789229479, 39.514661271998705],
            [-121.039617322562606, 39.514638205332062],
            [-121.039927989228772, 39.514579671998831],
            [-121.040463189227978, 39.514444005332393],
            [-121.040867389227344, 39.514373005332516],
            [-121.041386389226545, 39.514303805332588],
            [-121.041531189226305, 39.5142902719993],
            [-121.042091922558768, 39.514237805332698],
            [-121.043150322557153, 39.514144405332843],
            [-121.043414055890025, 39.514132938666194],
            [-121.04425758922207, 39.514096271999563],
            [-121.044829922554527, 39.514172671999461],
            [-121.045341389220368, 39.5143704053325],
            [-121.04547932255349, 39.514447871999039],
            [-121.045708989219804, 39.514576871998827],
            [-121.046164055885754, 39.51495213866491],
            [-121.046424989218735, 39.515167405331283],
            [-121.04659585588513, 39.515319471997714],
            [-121.046985589217854, 39.515666271997134],
            [-121.047122322550933, 39.515776871996991],
            [-121.047533189217006, 39.51610927199647],
            [-121.048265789215861, 39.516622271995686],
            [-121.0487429892151, 39.517019605328358],
            [-121.049419322547408, 39.517764938660548],
            [-121.049460589213993, 39.517810405327168],
            [-121.049674389213692, 39.518381405326295],
            [-121.049708589213594, 39.518589005325964],
            [-121.049748189213574, 39.518827605325555],
            [-121.049688789213633, 39.519405071991343],
            [-121.049548789213873, 39.520303871989938],
            [-121.049605722547085, 39.520838805322455],
            [-121.049727722546891, 39.521096671988744],
            [-121.050096322546324, 39.521269805321765],
            [-121.050695189212092, 39.521424405321568],
            [-121.051194922544653, 39.521509005321434],
            [-121.051424389210922, 39.521547871988048],
            [-121.051909522543554, 39.521667271987837],
            [-121.052576789209184, 39.521945471987408],
            [-121.05321638920816, 39.522189805320352],
            [-121.053713922540737, 39.522237605320299],
            [-121.053918322540426, 39.522257205320273],
            [-121.054207522539969, 39.522272471986923],
            [-121.054534989206104, 39.522289805320213],
            [-121.055555322537884, 39.522271071986893],
            [-121.056439322536505, 39.522254871986945],
            [-121.057315722535122, 39.522247271986942],
            [-121.057426789201656, 39.522235338653616],
            [-121.05786005586765, 39.522188805320354],
            [-121.058122589200536, 39.52216060532038],
            [-121.058586322533188, 39.52201260532064],
            [-121.059254789198803, 39.521734471987713],
            [-121.059529655865049, 39.521554671987985],
            [-121.059752322531381, 39.521409071988217],
            [-121.059902522531104, 39.521251871988454],
            [-121.060181322530696, 39.520960071988952],
            [-121.060621722530016, 39.520622605322785],
            [-121.0610007891961, 39.520417605323132],
            [-121.061146789195845, 39.520377938656509],
            [-121.061348189195542, 39.52032320532328],
            [-121.061484722528689, 39.520317338656582],
            [-121.061908989194649, 39.520299205323283],
            [-121.063299789192513, 39.520133271990233],
            [-121.064117789191243, 39.519924805323853],
            [-121.064640922523779, 39.519791538657387],
            [-121.064775389190231, 39.519757271990784],
            [-121.066312322521185, 39.519237805324963],
            [-121.067179389186492, 39.519061405325203],
            [-121.067930189185347, 39.518908671992108],
            [-121.070269389181703, 39.518725005325734],
            [-121.070468722514704, 39.51871100532577],
            [-121.07131465584672, 39.518651605325829],
            [-121.071550189179732, 39.518635071992549],
            [-121.072411989178363, 39.518638205325885],
            [-121.0733253225103, 39.518853605325546],
            [-121.073459322510075, 39.518885271992133],
            [-121.073881789176085, 39.51898520532535],
            [-121.074283789175468, 39.518991871992],
            [-121.075409922507049, 39.518911205325423],
            [-121.075672589173337, 39.51889240532546],
            [-121.075979255839513, 39.518880871992167],
            [-121.077728789170123, 39.518815205325609],
            [-121.078490789168939, 39.518800938658956],
            [-121.07867732250196, 39.518797471992286],
            [-121.078711522501919, 39.518801205325644],
            [-121.079241722501081, 39.518859205325555],
            [-121.079636789167182, 39.518902405325434],
            [-121.080448122499206, 39.519171671991728],
            [-121.081590055830816, 39.519590671991068],
            [-121.082289522496353, 39.51984727199067],
            [-121.08268445582911, 39.520049271990331],
            [-121.083323589161409, 39.520376071989858],
            [-121.083814655827325, 39.520553005322881],
            [-121.084262322493316, 39.520714205322633],
            [-121.08469745582596, 39.520793405322536],
            [-121.084934122492257, 39.520836471989128],
            [-121.085493589158091, 39.52085680532241],
            [-121.08598338915732, 39.520809271989151],
            [-121.086110055823781, 39.520784938655879],
            [-121.086676589156241, 39.520676005322684],
            [-121.088271789153737, 39.519856805323968],
            [-121.088954589152706, 39.519578671991098],
            [-121.089173322485692, 39.519523471991135],
            [-121.089243789152249, 39.519505671991169],
            [-121.089903322484531, 39.519549805324459],
            [-121.090435122483711, 39.519880805323965],
            [-121.090454189150364, 39.51989267199059],
            [-121.09072772248328, 39.520268671989982],
            [-121.090855589149726, 39.520444405323076],
            [-121.091072789149393, 39.520904071989037],
            [-121.0912167891492, 39.521418205321538],
            [-121.091265722482433, 39.522253405320271],
            [-121.091395322482242, 39.523290071985343],
            [-121.091483989148742, 39.524248271983822],
            [-121.091662989148517, 39.525052271982588],
            [-121.091942589148061, 39.525335005315469],
            [-121.092037922481268, 39.525361271982092],
            [-121.092199189147664, 39.525405871982059],
            [-121.092586922480393, 39.525412205315376],
            [-121.094177855811267, 39.525032071982594],
            [-121.094285922477752, 39.525006271982647],
            [-121.095081122476529, 39.52481900531626],
            [-121.095538989142483, 39.524882071982859],
            [-121.095701855808898, 39.525030138649299],
            [-121.095762589142112, 39.525085338649205],
            [-121.095875522475296, 39.525188005315727],
            [-121.095875722475284, 39.52537700531542],
            [-121.095875989141973, 39.525593338648434],
            [-121.095876122475261, 39.525688671981584],
            [-121.095706122475576, 39.526130871980911],
            [-121.095647055808968, 39.526286805313987],
            [-121.095396322476006, 39.526949005312986],
            [-121.095240322476286, 39.527402605312261],
            [-121.095226922476286, 39.52789187197817],
            [-121.09523238914295, 39.527914005311459],
            [-121.095382189142697, 39.528517405310538],
            [-121.09559738914237, 39.529055005309715],
            [-121.095997189141769, 39.529406405309146],
            [-121.096133122474896, 39.529447871975776],
            [-121.096328522474607, 39.529507605308993],
            [-121.096381922474507, 39.529523871975641],
            [-121.097361922472999, 39.529406471975847],
            [-121.098528722471144, 39.529292071975988],
            [-121.099175522470148, 39.52928040530935],
            [-121.099747389135928, 39.529378671975849],
            [-121.100094122468761, 39.529447271975755],
            [-121.100604789134593, 39.529548471975602],
            [-121.101204522467015, 39.529680605308727],
            [-121.101591589133079, 39.529709205308677],
            [-121.101864789132662, 39.529702605308671],
            [-121.102500522464993, 39.529568271975563],
            [-121.102811989131169, 39.52948667197569],
            [-121.103339789130359, 39.529348405309236],
            [-121.1036433891299, 39.529275471976007],
            [-121.103821389129621, 39.528960938643195],
            [-121.103967789129399, 39.528702271976897],
            [-121.104474589128586, 39.52803187197793],
            [-121.105099722460977, 39.52723000531256],
            [-121.105792989126542, 39.526562605313586],
            [-121.106641789125263, 39.526082538647643],
            [-121.106901922458178, 39.525935471981199],
            [-121.107282322457593, 39.525804271981428],
            [-121.107394922457388, 39.525765471981458],
            [-121.107563522457156, 39.525755671981472],
            [-121.108143122456227, 39.52572200531489],
            [-121.10841772245584, 39.525764605314805],
            [-121.108764322455272, 39.525818405314737],
            [-121.108944122455, 39.525846271981322],
            [-121.109622789120635, 39.526053671981003],
            [-121.110098122453223, 39.526198805314152],
            [-121.110182389119757, 39.526200938647492],
            [-121.111060722451725, 39.526222871980735],
            [-121.111562789117613, 39.526235471980726],
            [-121.112169722450005, 39.526250671980733],
            [-121.112616655782631, 39.52626180531405],
            [-121.112631922449282, 39.526262205314026],
            [-121.113702789114257, 39.526306338647316],
            [-121.114185122446884, 39.526326205313921],
            [-121.114496455779715, 39.526339071980601],
            [-121.114855989112471, 39.526353871980575],
            [-121.115541389111399, 39.526387205313824],
            [-121.115888922444242, 39.526404071980494],
            [-121.116405789110104, 39.52641247198045],
            [-121.117418522441824, 39.525883671981262],
            [-121.117519589108383, 39.525729871981525],
            [-121.118043855774204, 39.524932738649454],
            [-121.118062722440868, 39.524904005316159],
            [-121.118372922440358, 39.524554338650034],
            [-121.118714589106503, 39.524169205317264],
            [-121.120160122437596, 39.523302605318634],
            [-121.120775122436612, 39.522877871985941],
            [-121.120994389102975, 39.522726405319531],
            [-121.121217122435951, 39.522487205319919],
            [-121.121586189102061, 39.522090805320488],
            [-121.1218859891016, 39.521950071987419],
            [-121.122385322434127, 39.521715671987749],
            [-121.12312112243302, 39.521370205321602],
            [-121.123670389098834, 39.521396271988237],
            [-121.124541322430787, 39.521437605321523],
            [-121.125485922429334, 39.521564071987996],
            [-121.126069189095062, 39.521518471988088],
            [-121.127578522426063, 39.52127587198845],
            [-121.12758752242604, 39.521274271988432],
            [-121.128486389091336, 39.520151271990187],
            [-121.128962789090622, 39.519556071991133],
            [-121.129849989089223, 39.518728805325736],
            [-121.130359789088402, 39.518206005326533],
            [-121.130394655755026, 39.518025671993485],
            [-121.130529455754811, 39.51732833866123],
            [-121.130641589087986, 39.516748005328793],
            [-121.130605189088044, 39.516637271995648],
            [-121.130261255755272, 39.515590471997257],
            [-121.130190789088715, 39.515376138664294],
            [-121.130078389088851, 39.515034071998116],
            [-121.130036989088921, 39.51490807199832],
            [-121.129476589089791, 39.514168805332815],
            [-121.128895989090722, 39.51340280533401],
            [-121.128770655757535, 39.512945072001401],
            [-121.128617389091119, 39.51238520533559],
            [-121.128625922424476, 39.512361405335639],
            [-121.128675389091029, 39.512223205335829],
            [-121.128774122424204, 39.511946738669565],
            [-121.128936722423987, 39.511491605336971],
            [-121.12958345575629, 39.510936672004505],
            [-121.130189189088696, 39.510416872005294],
            [-121.130398522421672, 39.51018987200564],
            [-121.130551189088123, 39.510024272005921],
            [-121.130938922420853, 39.509603805339907],
            [-121.131079989087311, 39.509450805340123],
            [-121.131181522420491, 39.50893020534096],
            [-121.131324522420243, 39.50819660534205],
            [-121.131287189087004, 39.508084205342243],
            [-121.131264455753694, 39.508015672009037],
            [-121.130819055754387, 39.506673205344441],
            [-121.130549055754784, 39.505859538679033],
            [-121.130534122421466, 39.505814472012446],
            [-121.129357055756657, 39.504332872014743],
            [-121.128758922424254, 39.503579872015905],
            [-121.128645722424437, 39.503417672016155],
            [-121.12833232242491, 39.502968472016846],
            [-121.128368722424852, 39.502686672017319],
            [-121.128436989091426, 39.502158005351475],
            [-121.128452322424721, 39.502039005351662],
            [-121.128937655757284, 39.501552805352389],
            [-121.129245789090135, 39.501244138686218],
            [-121.129427989089891, 39.501061605353129],
            [-121.129752722422722, 39.500736272020333],
            [-121.130902189087578, 39.50034627202092],
            [-121.131226189087101, 39.500278005354346],
            [-121.132164389085631, 39.500080205354664],
            [-121.133887722416262, 39.499492672022257],
            [-121.135962789079713, 39.498785205356683],
            [-121.136067922412906, 39.498488338690493],
            [-121.136354322412444, 39.497679672025072],
            [-121.136869389078299, 39.496225472027334],
            [-121.136885189078271, 39.496133538694153],
            [-121.137055322411356, 39.495143272028997],
            [-121.137185722411175, 39.494384472030163],
            [-121.137226855744416, 39.494145138697206],
            [-121.137271322411038, 39.493886272030977],
            [-121.137294722411013, 39.493750872031171],
            [-121.1376241224105, 39.492444005366508],
            [-121.137830322410139, 39.49162587203449],
            [-121.138286189076098, 39.49086373870233],
            [-121.138613522408946, 39.490316472036511],
            [-121.138815055741986, 39.490226272036637],
            [-121.139574722407474, 39.48988613870381],
            [-121.140764189072286, 39.489353672037964],
            [-121.141398389071298, 39.489209138704894],
            [-121.141711255737448, 39.489137805371683],
            [-121.142010455737022, 39.489069605371753],
            [-121.142570989069498, 39.488941872038652],
            [-121.142932255735559, 39.488828672038778],
            [-121.144472389066493, 39.488346072039576],
            [-121.144645389066227, 39.488157405373158],
            [-121.144957855732457, 39.487816672040367],
            [-121.144976722399065, 39.487796072040396],
            [-121.144996389065682, 39.487774672040416],
            [-121.145102789065561, 39.486733272042045],
            [-121.145176322398754, 39.486013338709824],
            [-121.145178522398737, 39.485991872043201],
            [-121.145206389065379, 39.485883005376706],
            [-121.14537232239843, 39.485234472044397],
            [-121.145514922398263, 39.484677405378591],
            [-121.145557589064822, 39.484510472045486],
            [-121.145846389064388, 39.483381872047289],
            [-121.145863389064345, 39.48274107204827],
            [-121.145872855731, 39.482386605382146],
            [-121.145876189064325, 39.48226053871565],
            [-121.145885189064302, 39.481921405382877],
            [-121.145887655730974, 39.481890405382899],
            [-121.145996789064156, 39.480508205385036],
            [-121.146002522397453, 39.48043567205184],
            [-121.146020522397464, 39.480207405385499],
            [-121.146021522397461, 39.480202538718856],
            [-121.14652012239668, 39.477733872056035],
            [-121.146790922396235, 39.477347738723267],
            [-121.147392922395341, 39.47648953872465],
            [-121.147453122395234, 39.476403672058098],
            [-121.148115189060888, 39.476190405391776],
            [-121.148962189059546, 39.475917605392169],
            [-121.149274789059064, 39.475910938725519],
            [-121.150619609890327, 39.475882201225545],
            [-121.152076322388041, 39.475851072058958],
            [-121.152420055720825, 39.475823805392338],
            [-121.153733884885469, 39.475719426225794],
            [-121.154265322384674, 39.475677205392572],
            [-121.154974497383535, 39.475739552267441],
            [-121.157161322380148, 39.475931805392179],
            [-121.159021284877269, 39.475905618933893],
            [-121.160125589042252, 39.475890072058917],
            [-121.161037989040835, 39.475877205392237],
            [-121.162769189038102, 39.47490727206042],
            [-121.163333922370555, 39.474030205395138],
            [-121.163611589036805, 39.473598672062451],
            [-121.163677522370051, 39.472231405397906],
            [-121.163367922370526, 39.471484405399053],
            [-121.16254392237181, 39.470961205399874],
            [-121.161235789040518, 39.470639005400358],
            [-121.159836722375985, 39.470361805400785],
            [-121.158498722378056, 39.470039205401292],
            [-121.157869189045698, 39.46987347206823],
            [-121.157280389046662, 39.469718405401807],
            [-121.157125922380203, 39.469136805402684],
            [-121.156914522380532, 39.46834067207061],
            [-121.15680412238072, 39.467925005404595],
            [-121.156854455713983, 39.46766220540502],
            [-121.15701232238041, 39.466838272072948],
            [-121.158502189044725, 39.465180472075531],
            [-121.158676789044478, 39.464986272075805],
            [-121.158264589045132, 39.463031672078841],
            [-121.157355789046505, 39.462321472079964],
            [-121.156345589048101, 39.461545538747828],
            [-121.156223455714951, 39.46145173874794],
            [-121.156153522381715, 39.461398005414708],
            [-121.155967122382037, 39.460889005415481],
            [-121.155734989049051, 39.460254872083169],
            [-121.155657789049144, 39.459327738751256],
            [-121.155644122382512, 39.459163472084867],
            [-121.155748122382363, 39.458998738751802],
            [-121.156049922381897, 39.45852060541921],
            [-121.157291989046598, 39.457937272086781],
            [-121.158085922378746, 39.457323672087682],
            [-121.158035841128822, 39.456191463756113],
            [-121.158010989045522, 39.455629605423667],
            [-121.157911522378981, 39.455397205424049],
            [-121.157390989046462, 39.45418187209259],
            [-121.156173014048363, 39.453886113759722],
            [-121.15463328592574, 39.453512224176961],
            [-121.154121189051523, 39.453387872093799],
            [-121.151076122389611, 39.453154005427507],
            [-121.150479522390526, 39.452985872094416],
            [-121.148284922393941, 39.452367405428731],
            [-121.148215389060738, 39.452278338762198],
            [-121.147981589061089, 39.45197860542936],
            [-121.147774122394708, 39.451712738763092],
            [-121.147708989061471, 39.451629272096568],
            [-121.147447189061893, 39.451293738763752],
            [-121.147265589062158, 39.451061072097446],
            [-121.14718552239566, 39.450958405430924],
            [-121.146947389062689, 39.450577138764856],
            [-121.146312589063655, 39.449560672099778],
            [-121.145785122397797, 39.448716072101092],
            [-121.14569332239796, 39.448569072101293],
            [-121.143697122401079, 39.447145672103488],
            [-121.140027722406728, 39.445649272105811],
            [-121.139737255740556, 39.445396005439534],
            [-121.138767722408716, 39.444550472107551],
            [-121.138568455742359, 39.444376738774451],
            [-121.137786189076905, 39.443694472108859],
            [-121.137632655743801, 39.443560605442428],
            [-121.136899055744948, 39.442920805443407],
            [-121.136606722412068, 39.442665805443767],
            [-121.135836189079953, 39.441993805444838],
            [-121.134533122415291, 39.440857272113249],
            [-121.134025722416084, 39.440414738780646],
            [-121.133863455749633, 39.440273138780867],
            [-121.13374312241649, 39.440168205447662],
            [-121.133525389083502, 39.439574072115249],
            [-121.1324607224185, 39.43666880545311],
            [-121.132100789085712, 39.434904405455825],
            [-121.132088122419077, 39.434842072122592],
            [-121.131720322419653, 39.433039072125382],
            [-121.131887465127704, 39.431666617960843],
            [-121.13242998908521, 39.427211805467778],
            [-121.132830922417952, 39.423919472139573],
            [-121.133352522417113, 39.423543472140125],
            [-121.134782189081534, 39.422512872141738],
            [-121.13709952241129, 39.422235272142188],
            [-121.139221789074668, 39.421981005475914],
            [-121.141755922404059, 39.421140205477229],
            [-121.142762189069174, 39.420266805478548],
            [-121.143959722400666, 39.419227272146827],
            [-121.144515722399774, 39.418039472148678],
            [-121.145037189065647, 39.416925405483767],
            [-121.144942989065783, 39.416532805484337],
            [-121.144839522399309, 39.416101872151671],
            [-121.144444922399884, 39.414457605487598],
            [-121.144432122399905, 39.414285138821185],
            [-121.1444255890666, 39.414196672154674],
            [-121.144397789066659, 39.413822205488543],
            [-121.144380389066669, 39.413588538822239],
            [-121.144356655733361, 39.413268738822751],
            [-121.144304122400115, 39.412561072157189],
            [-121.144218522400251, 39.411407005492322],
            [-121.144020922400557, 39.40874400549643],
            [-121.143997322400594, 39.408426472163626],
            [-121.143938322400686, 39.407631205498149],
            [-121.143325855734986, 39.405890872167561],
            [-121.143245189068409, 39.405661805501211],
            [-121.142847722402394, 39.404532338836304],
            [-121.142466989069646, 39.403450338838013],
            [-121.142282589069907, 39.402926272172124],
            [-121.142214722403367, 39.402733405505785],
            [-121.141246455738212, 39.400682405508974],
            [-121.141131589071733, 39.400439205509315],
            [-121.140912922405391, 39.399976005510041],
            [-121.138815389075319, 39.396788405514997],
            [-121.138868789075218, 39.396644005515213],
            [-121.139439455741012, 39.395100672184299],
            [-121.139628455740706, 39.394589472185089],
            [-121.139974789073506, 39.393652872186522],
            [-121.140321522406282, 39.393284272187088],
            [-121.140812989072174, 39.392761872187918],
            [-121.141351589071348, 39.392580472188229],
            [-121.141772189070707, 39.392373205521835],
            [-121.142043122403607, 39.392239472188749],
            [-121.142674989069292, 39.39195840552253],
            [-121.143221989068479, 39.391652805522995],
            [-121.143401122401542, 39.391482605523265],
            [-121.143485322401375, 39.391315605523516],
            [-121.14355412240127, 39.391186005523707],
            [-121.143706322401044, 39.390999272190641],
            [-121.143874389067435, 39.39087127219085],
            [-121.144095589067092, 39.390739672191046],
            [-121.144217989066931, 39.390615472191257],
            [-121.144219922400225, 39.390597472191303],
            [-121.144240589066897, 39.390417605524874],
            [-121.144209989066951, 39.390232472191826],
            [-121.144142455733686, 39.39008453885873],
            [-121.144118789067079, 39.390032805525493],
            [-121.14408058906713, 39.389910472192355],
            [-121.143912989067417, 39.389453472193054],
            [-121.143745122400958, 39.38890960552726],
            [-121.143660722401137, 39.388696472194226],
            [-121.143530989067983, 39.388523272194504],
            [-121.14337058906824, 39.388363005528106],
            [-121.143241189068419, 39.388176272195039],
            [-121.143080922402021, 39.38787187219549],
            [-121.143006122402142, 39.387492605529417],
            [-121.142777722402457, 39.386857472197107],
            [-121.142678855735994, 39.386558538864222],
            [-121.142623455736043, 39.386391005531152],
            [-121.142602322402752, 39.386327005531257],
            [-121.142535322402864, 39.385910672198577],
            [-121.142486789069608, 39.385633072198971],
            [-121.142404789069758, 39.385363605532746],
            [-121.142331389069852, 39.385189405533026],
            [-121.142192322403389, 39.384971005533373],
            [-121.14182198907065, 39.384428672200841],
            [-121.141508789071111, 39.384051672201451],
            [-121.141161122404981, 39.383708805535321],
            [-121.140492589072721, 39.383274205535997],
            [-121.139801722407128, 39.382847872203286],
            [-121.139507655740886, 39.382640538870305],
            [-121.13937498907444, 39.382547005537106],
            [-121.139152389074752, 39.382110805537764],
            [-121.139131989074826, 39.382031738871262],
            [-121.139036322408288, 39.381660205538481],
            [-121.138995789075011, 39.38150280553873],
            [-121.139095122408207, 39.380699872206662],
            [-121.139155855741421, 39.380468005540365],
            [-121.139243989074657, 39.380131272207507],
            [-121.139232900532988, 39.379926447207822],
            [-121.139228989074638, 39.379854205541278],
            [-121.139180722408071, 39.379576605541729],
            [-121.139110322408158, 39.379290005542146],
            [-121.139059789074906, 39.378882605542799],
            [-121.139127189074827, 39.378442472210168],
            [-121.13923765574134, 39.378258538877105],
            [-121.139302122407855, 39.378151205543929],
            [-121.139563322407469, 39.377973672210885],
            [-121.139664922407292, 39.377943472210916],
            [-121.140226189073132, 39.377776605544511],
            [-121.140264389073025, 39.377766005544515],
            [-121.140787722405548, 39.3776212722114],
            [-121.141359522404684, 39.37749200554498],
            [-121.141864589070565, 39.377361672211805],
            [-121.142426722403002, 39.377180272212115],
            [-121.143529389067965, 39.376791405546044],
            [-121.144077122400461, 39.376523205546448],
            [-121.144721322399448, 39.376295605546829],
            [-121.145189122398733, 39.376099805547142],
            [-121.145443522398352, 39.375961072214011],
            [-121.145591922398125, 39.375829405547563],
            [-121.145639589064729, 39.375741138880983],
            [-121.145691522397954, 39.37564487221448],
            [-121.145757989064521, 39.375447072214797],
            [-121.145769389064526, 39.375226672215149],
            [-121.145740722397875, 39.375048805548772],
            [-121.145739522397889, 39.374890605549012],
            [-121.145602855731454, 39.374015138883692],
            [-121.145565122398182, 39.373895938883891],
            [-121.145481389064969, 39.373631538884297],
            [-121.145325789065168, 39.373139805551716],
            [-121.145021255732331, 39.372536138886005],
            [-121.144427055733274, 39.371824405553753],
            [-121.144192655733605, 39.371584605554119],
            [-121.143862522400809, 39.371246938887964],
            [-121.143457122401458, 39.370936205555154],
            [-121.143312322401641, 39.370825272221964],
            [-121.143215789068449, 39.370751272222094],
            [-121.14298492240215, 39.370409938889281],
            [-121.142752789069164, 39.370284872222783],
            [-121.142602255736108, 39.370203738889586],
            [-121.142151189070148, 39.370191605556272],
            [-121.141719255737485, 39.370257738889507],
            [-121.141419855737922, 39.370256538889521],
            [-121.140869122405434, 39.370254205556193],
            [-121.140348789072902, 39.370144872223023],
            [-121.140104055739982, 39.370093472223118],
            [-121.139905589073635, 39.370051738889856],
            [-121.139363455741091, 39.369851205556813],
            [-121.139177855741423, 39.369660472223757],
            [-121.138848589075224, 39.369497405557354],
            [-121.138155189076315, 39.369195138891143],
            [-121.137793389076876, 39.369118538891314],
            [-121.137522589077321, 39.369061272224712],
            [-121.137031322411417, 39.368807672225103],
            [-121.136633455745368, 39.368629605558738]
          ]
        ]
      }
    },
    {
      "type": "Feature",
      "properties": {
        "GNIS_Name": "South Yuba River",
        "segment": "headwater",
        "flow_order": 1
      },
      "geometry": {
        "type": "MultiLineString",
        "coordinates": [
          [
            [-120.326538523669456, 39.324590472293721],
            [-120.326589723669372, 39.32422707229432],
            [-120.326626123669314, 39.323269405629105],
            [-120.326614923669354, 39.323198272295883],
            [-120.326451523669562, 39.322159272297483],
            [-120.326451753877905, 39.322158194172516],
            [-120.326504523669485, 39.321911405631226],
            [-120.326527190336151, 39.321713072298223],
            [-120.326610990336007, 39.321568072298419],
            [-120.326725923669187, 39.321388805632068],
            [-120.326924390335535, 39.321106605632451],
            [-120.327053990335344, 39.320900605632801],
            [-120.327190923668411, 39.320675472299797],
            [-120.327374323668153, 39.320332272300334],
            [-120.327496723667991, 39.320088205634079],
            [-120.327611123667793, 39.319882205634372],
            [-120.327664857001025, 39.319776005634537],
            [-120.327732723667623, 39.319641672301429],
            [-120.327877990334059, 39.319439605635068],
            [-120.327983923667205, 39.319302672301944],
            [-120.328060990333768, 39.319203005635416],
            [-120.32825159033348, 39.318978005635756],
            [-120.328403923666542, 39.318817672302714],
            [-120.328702123666119, 39.318489672303201],
            [-120.328768790332674, 39.318429605636652],
            [-120.328984190332335, 39.318238005636942],
            [-120.329022390332284, 39.318207605636985],
            [-120.329113523665455, 39.318134805637101],
            [-120.329228190331946, 39.317997472303944],
            [-120.329518190331498, 39.317673405637834],
            [-120.329678323664552, 39.317429005638189],
            [-120.32980812366435, 39.317272605638436],
            [-120.329892190330895, 39.317196405638526],
            [-120.329990790330783, 39.317101205638721],
            [-120.330227723663711, 39.317009472305529],
            [-120.33033059033022, 39.316977738972241],
            [-120.330425723663438, 39.316948405638925],
            [-120.330685590329665, 39.316918072305668],
            [-120.330914323662682, 39.316872072305728],
            [-120.331128323662313, 39.316830205639121],
            [-120.331288323662079, 39.316757672305869],
            [-120.331402790328582, 39.316685405639362],
            [-120.331440523661854, 39.316643205639423],
            [-120.331471190328443, 39.316582272306164],
            [-120.331471523661776, 39.316477472306303],
            [-120.331470990328455, 39.316433605639759],
            [-120.331471590328476, 39.316246672306704],
            [-120.331524523661699, 39.316151272306854],
            [-120.331692523661445, 39.315964272307099],
            [-120.331921723661083, 39.315712472307496],
            [-120.332035790327609, 39.315609472307699],
            [-120.332341190327099, 39.315315872308133],
            [-120.33260819032671, 39.315045005641878],
            [-120.33273752365983, 39.314941872308736],
            [-120.332867590326316, 39.31487327230883],
            [-120.333096323659277, 39.314770405642321],
            [-120.333294590325636, 39.314682605642474],
            [-120.333561923658522, 39.314571872309273],
            [-120.333798190324842, 39.314457405642827],
            [-120.333912923657977, 39.314415605642864],
            [-120.334035123657827, 39.31434680564297],
            [-120.334110990324348, 39.31429340564307],
            [-120.334217723657559, 39.314156205643258],
            [-120.334347590324001, 39.313942672310247],
            [-120.334515590323747, 39.313717405643956],
            [-120.334774523656677, 39.313427672311036],
            [-120.334851323656551, 39.313351072311207],
            [-120.335011123656273, 39.313210072311392],
            [-120.33516765698937, 39.313118672311532],
            [-120.335377323655734, 39.31299627231175],
            [-120.33585819032163, 39.312698805645539],
            [-120.336086990321292, 39.312515672312486],
            [-120.336247123654402, 39.312325072312774],
            [-120.336387523654139, 39.312226472312943],
            [-120.336415523654125, 39.312206805646269],
            [-120.336567523653912, 39.312115072313077],
            [-120.336750923653597, 39.312019872313272],
            [-120.336956590319971, 39.311890072313474],
            [-120.337132590319698, 39.311741472313656],
            [-120.337338123652671, 39.311539272314008],
            [-120.337468123652513, 39.311398072314205],
            [-120.337651123652222, 39.311199605647857],
            [-120.337803923651961, 39.31105107231474],
            [-120.337940790318441, 39.310917405648297],
            [-120.338062923651535, 39.310814272315099],
            [-120.338192123651368, 39.310695672315319],
            [-120.338261190317894, 39.310631405648735],
            [-120.338422723650979, 39.310483005648962],
            [-120.338497790317547, 39.310413805649091],
            [-120.338589123650763, 39.310258805649312],
            [-120.338673523650641, 39.310116272316179],
            [-120.338702990317245, 39.310064872316275],
            [-120.338772790317137, 39.309944872316464],
            [-120.338841390317043, 39.309838605649986],
            [-120.338917590316896, 39.309719605650173],
            [-120.339001190316765, 39.309578472317014],
            [-120.339085123649966, 39.309410605650612],
            [-120.339207190316472, 39.309307472317471],
            [-120.33934472364956, 39.309197005650958],
            [-120.339365256982887, 39.309191405650949],
            [-120.339512390315974, 39.309151272317706],
            [-120.339703190315674, 39.309109072317767],
            [-120.339787523648909, 39.309082605651156],
            [-120.340023790315172, 39.309044405651207],
            [-120.340306390314765, 39.308972005651299],
            [-120.34051252364776, 39.308907205651394],
            [-120.340695523647469, 39.3088384723182],
            [-120.340862790313906, 39.308766005651648],
            [-120.341153323646779, 39.308636272318495],
            [-120.341282590313256, 39.308571405651946],
            [-120.341298123646538, 39.308544672318646],
            [-120.341343523646458, 39.308552205651949],
            [-120.341480990312903, 39.308536805652011],
            [-120.341587923646102, 39.308510272318699],
            [-120.341717523645912, 39.30847607231874],
            [-120.341801323645768, 39.308441605652149],
            [-120.341962123645487, 39.308369072318897],
            [-120.342091523645308, 39.30828127231905],
            [-120.342244323645048, 39.30818987231919],
            [-120.342434790311415, 39.308079205652689],
            [-120.342617790311181, 39.308010472319495],
            [-120.342831323644134, 39.307941805652888],
            [-120.342907256977355, 39.307948472319595],
            [-120.34296139031062, 39.307953272319537],
            [-120.34306832364382, 39.307961005652885],
            [-120.34315219031032, 39.307930272319595],
            [-120.343311990310099, 39.307938205652931],
            [-120.343404123643268, 39.307976272319536],
            [-120.343487990309825, 39.308056205652747],
            [-120.343647990309535, 39.308117272319294],
            [-120.343953190309094, 39.308193805652536],
            [-120.344166390308771, 39.308285072319052],
            [-120.344194323642057, 39.308303472319039],
            [-120.34435739030846, 39.308411072318847],
            [-120.344471790308262, 39.308529405651996],
            [-120.344521323641516, 39.308561205651927],
            [-120.344677590307981, 39.308662672318462],
            [-120.344699790307914, 39.30868827231842],
            [-120.34477692364112, 39.308777272318309],
            [-120.344822590307729, 39.308837205651514],
            [-120.344891523640968, 39.308929672318072],
            [-120.344914523640909, 39.309166205651024],
            [-120.344922123640913, 39.30930740565077],
            [-120.344953123640892, 39.309391405650672],
            [-120.345036523640715, 39.309444872317272],
            [-120.345127990307276, 39.30947900565053],
            [-120.345235123640407, 39.309482872317176],
            [-120.345341390306942, 39.309471472317227],
            [-120.345433523640111, 39.309448605650573],
            [-120.34554792363997, 39.309395205650674],
            [-120.345654190306448, 39.309345472317375],
            [-120.345746190306329, 39.30930740565077],
            [-120.345906123639395, 39.309277005650813],
            [-120.346082123639121, 39.309280672317527],
            [-120.346302723638757, 39.309311272317473],
            [-120.346501790305126, 39.30935687231738],
            [-120.346806523638008, 39.30938760565067],
            [-120.347111923637499, 39.309360805650726],
            [-120.347508390303574, 39.309284472317472],
            [-120.347912923636272, 39.309147272317716],
            [-120.348401190302184, 39.30888387231812],
            [-120.348553590301947, 39.308800072318263],
            [-120.348668123635093, 39.30868560565176],
            [-120.348737190301676, 39.308586405651909],
            [-120.348782390301608, 39.308559805651953],
            [-120.348881923634792, 39.308552005651961],
            [-120.348932256967998, 39.308555205651942],
            [-120.34894272363465, 39.308555872318607],
            [-120.349011390301257, 39.308578805651905],
            [-120.349087523634466, 39.308636072318507],
            [-120.349171990300988, 39.308719872318363],
            [-120.349278590300798, 39.308777272318309],
            [-120.34946199030054, 39.30881520565157],
            [-120.349568190300374, 39.308823005651561],
            [-120.34966752363357, 39.308803872318265],
            [-120.349726323633433, 39.308803872318265],
            [-120.349781990300016, 39.308803872318265],
            [-120.349873523633221, 39.30881920565156],
            [-120.349911990299859, 39.30883447231821],
            [-120.349942190299771, 39.308880205651462],
            [-120.349896323633175, 39.30892580565137],
            [-120.349904523633199, 39.308975605651312],
            [-120.349957923633099, 39.309021272317921],
            [-120.350041590299611, 39.309051872317866],
            [-120.350293523632558, 39.309021405651265],
            [-120.350514723632216, 39.308979405651314],
            [-120.350621123632095, 39.308926005651358],
            [-120.350651923632029, 39.308876405651461],
            [-120.350682523631974, 39.308834272318222],
            [-120.350667590298656, 39.308769405651617],
            [-120.350644190298681, 39.308658805651817],
            [-120.350621723632059, 39.308601672318559],
            [-120.350636923632067, 39.308544405651958],
            [-120.350697790298625, 39.308487272318757],
            [-120.350858123631724, 39.308426072318809],
            [-120.351064123631375, 39.308384272318904],
            [-120.351201323631187, 39.308395672318852],
            [-120.351212990297824, 39.308400672318839],
            [-120.351308390297675, 39.308441405652161],
            [-120.351342790297622, 39.308477738985403],
            [-120.351384323630896, 39.308521672318705],
            [-120.351437723630795, 39.30864367231851],
            [-120.351437990297484, 39.308712405651704],
            [-120.351384523630884, 39.308746672318307],
            [-120.351261990297758, 39.308765872318304],
            [-120.351216523631138, 39.308781072318254],
            [-120.351178590297877, 39.308807805651554],
            [-120.351163123631238, 39.30883447231821],
            [-120.351246723631107, 39.308864872318168],
            [-120.351376723630892, 39.308895405651413],
            [-120.351475923630744, 39.308937405651363],
            [-120.351582923630588, 39.309021472317909],
            [-120.351636390297188, 39.309162605651011],
            [-120.351712323630352, 39.309284472317472],
            [-120.351827123630187, 39.309372205650675],
            [-120.35195679029664, 39.309429405650576],
            [-120.352063323629807, 39.309414072317281],
            [-120.352124523629755, 39.309383672317324],
            [-120.352147390296352, 39.309353205650723],
            [-120.352132123629701, 39.309299672317479],
            [-120.352193523629637, 39.309208205650918],
            [-120.352338590296085, 39.309109005651123],
            [-120.352437590295892, 39.30907467231782],
            [-120.352544523629092, 39.309048072317864],
            [-120.352628323628949, 39.309055605651167],
            [-120.352727523628801, 39.309097605651118],
            [-120.352871990295228, 39.309204472317617],
            [-120.35294852362847, 39.309288472317462],
            [-120.352971590295112, 39.309368405650673],
            [-120.352948590295114, 39.309441005650569],
            [-120.35287232362856, 39.309486605650534],
            [-120.352772990295421, 39.309544005650423],
            [-120.352711990295518, 39.309586005650374],
            [-120.352696790295511, 39.30962387231699],
            [-120.352788590295347, 39.309685072316881],
            [-120.352834190295312, 39.309707872316835],
            [-120.352894990295226, 39.309708072316823],
            [-120.352971590295112, 39.309677472316878],
            [-120.353055590294957, 39.30962387231699],
            [-120.353131523628178, 39.309570472317034],
            [-120.353238790294654, 39.30953240565043],
            [-120.353322190294534, 39.309528605650428],
            [-120.353413723627739, 39.309562872317088],
            [-120.353474723627642, 39.309597405650322],
            [-120.353505390294288, 39.309666005650229],
            [-120.353543790294225, 39.309784272316733],
            [-120.353612590294119, 39.309845205649935],
            [-120.353757323627178, 39.309906272316539],
            [-120.353871523627049, 39.309952205649779],
            [-120.354161323626556, 39.309956005649781],
            [-120.354238056959787, 39.309980405649753],
            [-120.354268790293077, 39.30999020564974],
            [-120.354321923626344, 39.310024672316331],
            [-120.354367523626252, 39.31010080564954],
            [-120.354375723626219, 39.31023047231605],
            [-120.354314190292996, 39.310574005648846],
            [-120.354268523626388, 39.310672872315365],
            [-120.35424832362645, 39.310750405648548],
            [-120.35424559029309, 39.310760805648556],
            [-120.354276123626391, 39.310833272315108],
            [-120.354291723626375, 39.310863672315065],
            [-120.354398390292886, 39.310917072314965],
            [-120.354474390292751, 39.310939872314918],
            [-120.354588990292598, 39.31097440564821],
            [-120.354695590292408, 39.311012472314815],
            [-120.354741390292361, 39.311085072314711],
            [-120.354856323625484, 39.311268205647764],
            [-120.355015923625274, 39.311435872314178],
            [-120.355237590291551, 39.311535005647329],
            [-120.355343990291431, 39.311558005647328],
            [-120.355717990290827, 39.311600005647222],
            [-120.356122323623538, 39.311641805647184],
            [-120.356221390290045, 39.311645805647174],
            [-120.356366723623125, 39.311695272313727],
            [-120.356465523623001, 39.31172587231373],
            [-120.356603523622766, 39.311970005646685],
            [-120.356755390289209, 39.312111205646431],
            [-120.356885590289039, 39.312160605646341],
            [-120.357014990288803, 39.312187472312985],
            [-120.357152590288592, 39.312153205646382],
            [-120.3572517236218, 39.312233205646237],
            [-120.35731312362168, 39.312298072312842],
            [-120.357343523621637, 39.312431472312596],
            [-120.357403990288219, 39.312500072312503],
            [-120.357488390288097, 39.312511605645795],
            [-120.357586190287918, 39.312512872312482],
            [-120.357778190287604, 39.312515405645797],
            [-120.358022523620605, 39.312511605645795],
            [-120.358457190286572, 39.312557472312392],
            [-120.358937990285824, 39.312629805645656],
            [-120.359502190284957, 39.312660405645602],
            [-120.359578723618142, 39.312648872312252],
            [-120.359593923618149, 39.312629805645656],
            [-120.359624790284784, 39.31256120564575],
            [-120.359632123618098, 39.312481205645838],
            [-120.359685390284653, 39.312393405645992],
            [-120.35978472361785, 39.312355272312743],
            [-120.359868923617739, 39.312370472312693],
            [-120.359952390284263, 39.312408672312642],
            [-120.360028590284116, 39.312481205645838],
            [-120.360128323617289, 39.312607005645646],
            [-120.360196390283875, 39.312740472312157],
            [-120.360272990283761, 39.31286260564525],
            [-120.360334190283652, 39.312893205645253],
            [-120.360395390283543, 39.312942672311806],
            [-120.360418123616853, 39.313053272311663],
            [-120.360357190283651, 39.313186805644762],
            [-120.360357190283651, 39.31326320564466],
            [-120.360395190283555, 39.31331267231127],
            [-120.360448590283511, 39.313339605644558],
            [-120.360555323616666, 39.313335805644556],
            [-120.360708123616405, 39.31330120564462],
            [-120.360905923616087, 39.313244005644663],
            [-120.361135123615725, 39.313202205644757],
            [-120.361257190282231, 39.313194472311409],
            [-120.361333790282117, 39.313221005644721],
            [-120.361455990281911, 39.31330520564461],
            [-120.361562723615066, 39.313339405644513],
            [-120.361638923614976, 39.313335472311223],
            [-120.361676923614937, 39.313308805644567],
            [-120.361714790281496, 39.313244005644663],
            [-120.361799190281374, 39.313102872311561],
            [-120.361912990281212, 39.31287007231191],
            [-120.36204332361433, 39.312721405645505],
            [-120.362195923614081, 39.31261467231235],
            [-120.362363723613839, 39.312545872312455],
            [-120.362539190280245, 39.312523072312445],
            [-120.36262319028009, 39.312507805645851],
            [-120.362851923613107, 39.312515605645785],
            [-120.363157190279253, 39.312534605645794],
            [-120.363165990279242, 39.312535538979091],
            [-120.3634091236122, 39.31256120564575],
            [-120.363591790278576, 39.312618472312295],
            [-120.363714190278415, 39.312679272312209],
            [-120.363742723611722, 39.312708805645514],
            [-120.363828590278217, 39.312797605645358],
            [-120.363935390278073, 39.312984672311757],
            [-120.363957656944706, 39.313004872311694],
            [-120.364057323611235, 39.313095272311557],
            [-120.364170323611063, 39.313151672311506],
            [-120.364171923611025, 39.313152472311515],
            [-120.364377923610732, 39.313148672311513],
            [-120.364621923610343, 39.313156205644816],
            [-120.364628723610338, 39.313158005644823],
            [-120.36478192361011, 39.313198072311422],
            [-120.365232390276049, 39.313381205644475],
            [-120.365424256942447, 39.313452072311009],
            [-120.365728590275296, 39.313564405644172],
            [-120.366002590274888, 39.313774205643881],
            [-120.36617839027457, 39.313842872310431],
            [-120.3663839236076, 39.31390780564368],
            [-120.36667412360714, 39.313961072310235],
            [-120.366902790273457, 39.313968805643583],
            [-120.367131723606462, 39.313972605643528],
            [-120.367398790272716, 39.313964805643536],
            [-120.367742590272144, 39.314037405643433],
            [-120.368047923605047, 39.314109872309984],
            [-120.36829972360465, 39.314102272310038],
            [-120.368588990270837, 39.314060205643443],
            [-120.36884879027042, 39.31405260564344],
            [-120.368986190270221, 39.314098472310036],
            [-120.369138390269995, 39.314159605643283],
            [-120.369191723603251, 39.314243272309795],
            [-120.36920719026989, 39.31435400564294],
            [-120.369222323603196, 39.314396005642891],
            [-120.369476990269447, 39.31436687230962],
            [-120.370614990267711, 39.314236872309834],
            [-120.373178323597074, 39.314921205642065],
            [-120.373651723596311, 39.315358472308048],
            [-120.374415656928477, 39.316064005640328],
            [-120.374532190261618, 39.316171605640136],
            [-120.375383590260299, 39.317806272304267],
            [-120.375603990259947, 39.318333672303424],
            [-120.375675790259834, 39.318505272303184],
            [-120.375749190259739, 39.31856260563643],
            [-120.376036123592598, 39.318324472303459],
            [-120.376495323591882, 39.318846205635964],
            [-120.377207790257444, 39.320284472300443],
            [-120.377668323590115, 39.320583405633272],
            [-120.377737323589997, 39.320640472299885],
            [-120.377783190256594, 39.320671072299831],
            [-120.377859123589815, 39.320716872299727],
            [-120.37794312358966, 39.320796805632938],
            [-120.378027390256193, 39.320850272299538],
            [-120.37810372358939, 39.320922872299434],
            [-120.378172390255997, 39.321006672299291],
            [-120.378286590255811, 39.321071805632528],
            [-120.378362790255665, 39.321109805632489],
            [-120.37849279025545, 39.32114027229909],
            [-120.378568790255372, 39.321163072299044],
            [-120.378614590255268, 39.321178272299051],
            [-120.37865319025525, 39.321212872298986],
            [-120.378769723588391, 39.321335205632124],
            [-120.379049390254636, 39.321628605631645],
            [-120.379217323587682, 39.321754272298165],
            [-120.379316790254222, 39.321807805631408],
            [-120.379408390254071, 39.321857405631306],
            [-120.379499790253931, 39.321895472297911],
            [-120.379568523587125, 39.321918472297909],
            [-120.379629323587039, 39.321941205631163],
            [-120.37966812358701, 39.321952805631156],
            [-120.379873590253339, 39.321979405631112],
            [-120.380247390252748, 39.322082405630965],
            [-120.380674923585445, 39.322284605630671],
            [-120.380747323585297, 39.322325872297256],
            [-120.381017790251576, 39.322479205630373],
            [-120.381078790251479, 39.322494405630323],
            [-120.381208923584609, 39.322563272296861],
            [-120.3813235902511, 39.322635672296769],
            [-120.381498790250816, 39.322719472296626],
            [-120.38166639025053, 39.322833872296485],
            [-120.381872923583558, 39.322933205629624],
            [-120.382147190249782, 39.323043805629482],
            [-120.382353390249477, 39.323135205629342],
            [-120.382514190249253, 39.32321560562923],
            [-120.382602923582454, 39.323259938962451],
            [-120.382627990249034, 39.323272472295798],
            [-120.383024790248442, 39.323577605628657],
            [-120.383154790248227, 39.323669205628505],
            [-120.383269123581385, 39.323696005628449],
            [-120.383337723581292, 39.323703472295108],
            [-120.38342932358114, 39.323695872295104],
            [-120.383459723581097, 39.323677005628497],
            [-120.383513123580997, 39.323642672295193],
            [-120.383589723580883, 39.323593072295296],
            [-120.383703923580697, 39.323524472295389],
            [-120.383802990247204, 39.323490072295442],
            [-120.383863790247119, 39.323493672295456],
            [-120.383963590246992, 39.323520472295399],
            [-120.384222323579934, 39.32363860562856],
            [-120.384271723579843, 39.32368107229513],
            [-120.384444323579544, 39.32382940562826],
            [-120.384588990246016, 39.323974472294708],
            [-120.384642390245915, 39.324010738961306],
            [-120.384779790245716, 39.324104072294517],
            [-120.384954923578789, 39.324249205627609],
            [-120.38507759024526, 39.324325272294175],
            [-120.385168390245099, 39.324416872294023],
            [-120.385245323578317, 39.324493272293864],
            [-120.385298923578262, 39.324535272293815],
            [-120.385359390244844, 39.324562005627115],
            [-120.385413123578076, 39.32458087229378],
            [-120.38556532357785, 39.324581005627067],
            [-120.385649590244384, 39.324577205627065],
            [-120.385755990244206, 39.324600205627064],
            [-120.385862723577361, 39.324634405627023],
            [-120.386175590243568, 39.324760205626831],
            [-120.386259390243424, 39.32478687229343],
            [-120.386397323576546, 39.324840405626674],
            [-120.386549590242964, 39.324878405626635],
            [-120.386664323576099, 39.324893672293285],
            [-120.386816590242574, 39.324893672293285],
            [-120.386938723575724, 39.324886072293282],
            [-120.387159990242026, 39.324878605626623],
            [-120.38727419024184, 39.324886205626626],
            [-120.387373790241668, 39.324920405626585],
            [-120.387465390241573, 39.324970005626483],
            [-120.38754919024143, 39.325019672293081],
            [-120.387617790241336, 39.32510380562627],
            [-120.387678990241227, 39.325252272292687],
            [-120.387747523574433, 39.325378272292539],
            [-120.387839190240982, 39.325485072292338],
            [-120.387946323574113, 39.325568872292195],
            [-120.388228190240341, 39.325805472291847],
            [-120.388434190240048, 39.325939005625003],
            [-120.388716390239608, 39.32610667229136],
            [-120.388930123572607, 39.326209805624558],
            [-120.389234990238776, 39.326335672291009],
            [-120.389708723571403, 39.326465405624162],
            [-120.39043312357029, 39.326576005623963],
            [-120.390997590236054, 39.326721005623767],
            [-120.391280190235648, 39.326801072290323],
            [-120.391493523568613, 39.326896472290173],
            [-120.391668923568375, 39.326995605623324],
            [-120.391753190234908, 39.32706820562322],
            [-120.391829723568094, 39.327194072289672],
            [-120.391859790234719, 39.327320005622823],
            [-120.391898190234656, 39.327495472289229],
            [-120.391882523568029, 39.327682272288939],
            [-120.39188312356805, 39.327846205621995],
            [-120.391882923568005, 39.328025472288402],
            [-120.391936390234605, 39.32810580562159],
            [-120.39196699023455, 39.328163072288191],
            [-120.391997523567852, 39.328178205621498],
            [-120.392035323567768, 39.328197272288151],
            [-120.392073523567717, 39.328220072288104],
            [-120.392119123567682, 39.328243072288046],
            [-120.392164923567577, 39.328258205621353],
            [-120.392333190234012, 39.328315472287954],
            [-120.392798323566581, 39.328479605621055],
            [-120.393225723565934, 39.328647405620757],
            [-120.393363123565734, 39.328731272287314],
            [-120.393484723565564, 39.328815072287171],
            [-120.393586990232052, 39.328932005620345],
            [-120.393614790231993, 39.328964072286965],
            [-120.393693123565185, 39.329100072286735],
            [-120.393714323565177, 39.329135605620024],
            [-120.393790390231743, 39.329272872286481],
            [-120.393836190231639, 39.329368272286331],
            [-120.39389692356491, 39.329429405619578],
            [-120.393973390231452, 39.329517205619425],
            [-120.394049923564637, 39.329586005619319],
            [-120.39410292356456, 39.329643072285876],
            [-120.394179523564446, 39.329669605619188],
            [-120.394240723564337, 39.329681072285837],
            [-120.394293923564305, 39.329692805619175],
            [-120.394369990230814, 39.329692472285842],
            [-120.394415923564111, 39.32968867228584],
            [-120.394468923564034, 39.329685072285827],
            [-120.394507523563959, 39.329681205619181],
            [-120.394568123563829, 39.329669605619188],
            [-120.394644723563715, 39.329654405619237],
            [-120.394789790230163, 39.329616272285932],
            [-120.39490439023001, 39.329612405619287],
            [-120.395048790229794, 39.329627672285937],
            [-120.395186190229538, 39.32963920561923],
            [-120.395308323562688, 39.329650672285879],
            [-120.395423323562511, 39.329658272285883],
            [-120.395529923562378, 39.329654472285881],
            [-120.39559832356224, 39.329650672285879],
            [-120.395644390228824, 39.329639072285886],
            [-120.395758790228683, 39.329604805619283],
            [-120.396033590228228, 39.329524805619428],
            [-120.396147723561398, 39.329498072286128],
            [-120.39626959022786, 39.329494272286126],
            [-120.396437390227618, 39.329486472286135],
            [-120.39659052356069, 39.329482872286121],
            [-120.396757923560472, 39.329463805619525],
            [-120.397116590226574, 39.329391072286285],
            [-120.397300190226304, 39.329330205619726],
            [-120.397460523559346, 39.329250072286527],
            [-120.397544123559214, 39.329223272286526],
            [-120.397635190225742, 39.32923087228653],
            [-120.397719123558943, 39.329254005619816],
            [-120.397734723558926, 39.329265272286477],
            [-120.397757990225557, 39.329280672286473],
            [-120.397803590225521, 39.329322472286378],
            [-120.397948190225293, 39.329509272286089],
            [-120.398169790224927, 39.329849005618883],
            [-120.398413923557882, 39.330169472285093],
            [-120.398573923557649, 39.330371472284753],
            [-120.398673523557477, 39.33050127228455],
            [-120.398757323557334, 39.330570005617801],
            [-120.398810790223934, 39.330631072284348],
            [-120.398948390223723, 39.330733872284213],
            [-120.399551123556137, 39.331119205616915],
            [-120.399764723555791, 39.331245005616722],
            [-120.399817723555714, 39.331283072283327],
            [-120.399855923555663, 39.331325072283278],
            [-120.399886523555608, 39.331359472283225],
            [-120.3999477902222, 39.331428205616476],
            [-120.400015923555372, 39.331508272282974],
            [-120.400053990222034, 39.331577005616225],
            [-120.400100390221951, 39.331653072282791],
            [-120.400130790221908, 39.331714405616026],
            [-120.400183990221819, 39.331782872282588],
            [-120.400282923554983, 39.331855405615784],
            [-120.400303523554953, 39.331867138949121],
            [-120.400390123554814, 39.331916405615686],
            [-120.400473990221371, 39.331981272282292],
            [-120.400558190221204, 39.332038405615492],
            [-120.400634123554426, 39.332080405615443],
            [-120.400756323554276, 39.332172005615291],
            [-120.40079432355418, 39.332217872281888],
            [-120.400840323554121, 39.332290205615095],
            [-120.400870590220734, 39.332393272281649],
            [-120.400924323553966, 39.332546072281389],
            [-120.400946923553931, 39.332622205614598],
            [-120.400969990220574, 39.332683272281201],
            [-120.401000123553899, 39.332732672281111],
            [-120.401015923553871, 39.332793872281002],
            [-120.401068923553737, 39.33289300561421],
            [-120.401160323553597, 39.333007405614012],
            [-120.40129032355344, 39.33317920561376],
            [-120.40139692355325, 39.333312472280227],
            [-120.401420123553237, 39.333354672280109],
            [-120.401450790219826, 39.333423205613371],
            [-120.401465790219788, 39.333488005613276],
            [-120.401473390219792, 39.333560605613172],
            [-120.401504123553082, 39.33361020561307],
            [-120.40159572355293, 39.333721005612915],
            [-120.401664323552836, 39.333766605612823],
            [-120.401740123552713, 39.333816205612777],
            [-120.401824190219259, 39.33387720561268],
            [-120.401969390219051, 39.333949672279232],
            [-120.402045723552249, 39.333980072279189],
            [-120.402083723552209, 39.333995405612484],
            [-120.402319990218473, 39.334014405612436],
            [-120.402655990217966, 39.334048672279039],
            [-120.402739923551167, 39.334071672279038],
            [-120.402793723551099, 39.334106072278985],
            [-120.402854590217657, 39.334144272278934],
            [-120.402930523550879, 39.334209072278782],
            [-120.403007190217409, 39.334331272278632],
            [-120.403060323550676, 39.334384605611888],
            [-120.403083590217307, 39.334422805611837],
            [-120.403129190217214, 39.334445472278446],
            [-120.403166990217187, 39.334461005611729],
            [-120.403204990217091, 39.334472205611746],
            [-120.403227456883769, 39.33447227227839],
            [-120.403243523550373, 39.33447227227839],
            [-120.403319990216914, 39.334479805611693],
            [-120.403380723550185, 39.3344682722784],
            [-120.403510723549971, 39.334422672278492],
            [-120.40373972354962, 39.334231872278792],
            [-120.404288390215413, 39.33370560561292],
            [-120.404449390215177, 39.333568072279775],
            [-120.404670323548203, 39.333457605613319],
            [-120.404799590214623, 39.333389005613412],
            [-120.404858390214542, 39.333343605613493],
            [-120.4048839902145, 39.333323872280175],
            [-120.405013523547666, 39.333232472280315],
            [-120.405135790214104, 39.333102872280506],
            [-120.405257390213933, 39.332931072280815],
            [-120.405504123546905, 39.332722538947792],
            [-120.405555323546821, 39.332679272281155],
            [-120.405700323546569, 39.332561072281351],
            [-120.405807190213068, 39.332473405614849],
            [-120.405913523546246, 39.332343672281695],
            [-120.405998123546112, 39.332233005615194],
            [-120.406043523546032, 39.332141405615346],
            [-120.406088923545951, 39.3319734722823],
            [-120.406150590212519, 39.331676205616077],
            [-120.406150523545875, 39.331485272283032],
            [-120.406150123545899, 39.331298405616678],
            [-120.406149990212555, 39.331203205616816],
            [-120.406158190212523, 39.331100072283618],
            [-120.406195923545795, 39.331000872283767],
            [-120.406234390212433, 39.33084440561737],
            [-120.40626479021239, 39.330745405617506],
            [-120.406699323545013, 39.330211205618355],
            [-120.406814123544848, 39.3301044722852],
            [-120.406974323544603, 39.329989805618709],
            [-120.407103923544412, 39.329894672285491],
            [-120.407286990210764, 39.329726805619089],
            [-120.407368723543982, 39.329634005619255],
            [-120.407455123543855, 39.329535872286044],
            [-120.407554190210362, 39.329383405619637],
            [-120.407653590210202, 39.329265072286489],
            [-120.4077299235434, 39.329181205619932],
            [-120.407813590209969, 39.329112672286726],
            [-120.407920523543112, 39.329043805620131],
            [-120.408294390209221, 39.328952205620283],
            [-120.408425523542348, 39.328935938953634],
            [-120.408568990208778, 39.328918072287024],
            [-120.408836123541732, 39.328910472287021],
            [-120.409354990207589, 39.328956072286985],
            [-120.409835523540153, 39.329059205620126],
            [-120.409861190206811, 39.32907000562011],
            [-120.410514323539076, 39.329345405619677],
            [-120.410896190205165, 39.329490205619493],
            [-120.411218856871358, 39.329602872285932],
            [-120.411223923537989, 39.329604672285939],
            [-120.411544790204175, 39.329734272285748],
            [-120.411643590203994, 39.329783805619002],
            [-120.411803723537105, 39.32984867228555],
            [-120.411879990203659, 39.329863872285557],
            [-120.411887390203617, 39.329864405618878],
            [-120.412085990203309, 39.329879205618852],
            [-120.412215723536463, 39.329864072285545],
            [-120.412467790202754, 39.329829672285598],
            [-120.412533923535989, 39.329806272285623],
            [-120.41312372353508, 39.32959720561928],
            [-120.414237723533347, 39.329036405620172],
            [-120.414680523532638, 39.328788272287227],
            [-120.41487859019901, 39.328666272287421],
            [-120.414895256865634, 39.328654872287416],
            [-120.414941790198895, 39.328623205620829],
            [-120.415009390198804, 39.328576738954212],
            [-120.415023523532113, 39.328567005620926],
            [-120.415099590198679, 39.328490805621016],
            [-120.415168123531885, 39.328422205621109],
            [-120.415229323531776, 39.328357072287872],
            [-120.415290323531678, 39.328292272287968],
            [-120.415344190198255, 39.328128472288256],
            [-120.415465923531428, 39.327857472288656],
            [-120.415633923531175, 39.327468272289252],
            [-120.415717790197675, 39.32735387228945],
            [-120.41577859019759, 39.327300605622838],
            [-120.415854990197488, 39.327251005622941],
            [-120.415923790197382, 39.327216472289649],
            [-120.416030523530537, 39.327189872289694],
            [-120.416137323530393, 39.327186072289692],
            [-120.416198323530296, 39.327201605623031],
            [-120.416274790196837, 39.327212805622992],
            [-120.41633572353004, 39.327231872289644],
            [-120.416396390196667, 39.327254872289586],
            [-120.416488323529848, 39.327262272289602],
            [-120.41657999019634, 39.327250805622953],
            [-120.416953790195748, 39.3271782722897],
            [-120.417419190195062, 39.327140205623095],
            [-120.41767112352801, 39.327132872289781],
            [-120.418105923527321, 39.327136605623139],
            [-120.418708723526379, 39.32716707228974],
            [-120.419166523525689, 39.327201072289711],
            [-120.419410590191944, 39.327205205622988],
            [-120.41970019019152, 39.327197472289697],
            [-120.420455990190362, 39.327147805623099],
            [-120.420699723523285, 39.327121205623143],
            [-120.421035590189433, 39.327056205623251],
            [-120.421325190189009, 39.32698747229],
            [-120.42203499018791, 39.326850272290244],
            [-120.422316990187426, 39.326751005623692],
            [-120.422370790187358, 39.326728272290438],
            [-120.422424323520602, 39.326712805623799],
            [-120.422553990187055, 39.32669380562379],
            [-120.422645790186948, 39.326682272290498],
            [-120.422737190186808, 39.326678672290484],
            [-120.422836323519959, 39.326667072290491],
            [-120.422919990186529, 39.326659405623843],
            [-120.423057390186329, 39.326628872290598],
            [-120.423255723519333, 39.326579472290632],
            [-120.423354923519184, 39.326538738957368],
            [-120.423980723518184, 39.326282005624421],
            [-120.424300723517717, 39.326155872291281],
            [-120.424445990184154, 39.326087272291431],
            [-120.424667123517111, 39.325950072291619],
            [-120.425430390182612, 39.325595272292162],
            [-120.426810923513813, 39.324641605626994],
            [-120.426994390180198, 39.324542405627142],
            [-120.427230590179818, 39.324466205627289],
            [-120.427466923512782, 39.32442800562734],
            [-120.427650323512523, 39.324408805627343],
            [-120.427856123512186, 39.324370805627439],
            [-120.428039590178571, 39.32434780562744],
            [-120.428291123511485, 39.324290605627539],
            [-120.428871323510634, 39.324069472294525],
            [-120.429183790176808, 39.32398547229468],
            [-120.429519523509612, 39.323947272294731],
            [-120.429756123509264, 39.323901472294779],
            [-120.429916723508995, 39.323871005628177],
            [-120.429995323508876, 39.323847805628247],
            [-120.430084523508754, 39.323821472294924],
            [-120.430191123508564, 39.323779405628329],
            [-120.430305323508378, 39.323749005628372],
            [-120.43038932350828, 39.32371447229508],
            [-120.430656190174489, 39.323430805628846],
            [-120.430471590174818, 39.323122405629363],
            [-120.430031523508831, 39.322752405629899],
            [-120.42984652350907, 39.322460005630376],
            [-120.429867856842407, 39.322285272297336],
            [-120.429875790175743, 39.322220472297431],
            [-120.430108323508705, 39.322065405631008],
            [-120.430296723508377, 39.321989605631131],
            [-120.430856390174199, 39.321905805631218],
            [-120.431320723506815, 39.321892005631241],
            [-120.432236590172067, 39.321936272297876],
            [-120.432516790171633, 39.32188640563129],
            [-120.433082390170739, 39.32164267229831],
            [-120.433612323503269, 39.321246005632247],
            [-120.43384212350287, 39.320882805632834],
            [-120.433957723502715, 39.320541005633345],
            [-120.434120123502453, 39.320328405633688],
            [-120.434252390168922, 39.320091072300727],
            [-120.434350123502099, 39.319957072300951],
            [-120.43445492350196, 39.319911272300999],
            [-120.435237790167378, 39.319784605634538],
            [-120.435943790166277, 39.319648005634747],
            [-120.436015923499497, 39.319623872301463],
            [-120.436235923499169, 39.319550272301569],
            [-120.43647139016548, 39.319315272301935],
            [-120.436809590164955, 39.318802272302719],
            [-120.437011990164649, 39.318622605636335],
            [-120.437273923497571, 39.318508205636533],
            [-120.43750292349722, 39.318449205636625],
            [-120.437678590163614, 39.318437072303311],
            [-120.438090323496283, 39.318454205636613],
            [-120.438394190162512, 39.318316672303467],
            [-120.438639523495453, 39.318089872303801],
            [-120.438837590161825, 39.317814805637568],
            [-120.438889190161717, 39.317743072304381],
            [-120.439255523494467, 39.317454872304836],
            [-120.439518790160776, 39.317300605638366],
            [-120.439956590160079, 39.317166005638569],
            [-120.440648723492302, 39.317125205638661],
            [-120.441153990158227, 39.317120272305317],
            [-120.441464990157726, 39.317071072305396],
            [-120.441985990156923, 39.31692100563896],
            [-120.442058790156807, 39.316900005639013],
            [-120.442694390155793, 39.316713805639324],
            [-120.443226990154983, 39.316525272306251],
            [-120.443896790153929, 39.31638787230645],
            [-120.444285390153368, 39.316336338973201],
            [-120.444777323485937, 39.316271072306677],
            [-120.445275990151799, 39.316162005640138],
            [-120.445759390151068, 39.315908405640528],
            [-120.446102123483854, 39.315555472307778],
            [-120.446333923483508, 39.315136272308393],
            [-120.446654723482993, 39.314815005642231],
            [-120.446701856816276, 39.314797472308953],
            [-120.446999590149119, 39.31468647230912],
            [-120.447311123481995, 39.314621205642538],
            [-120.447641923481456, 39.31459640564259],
            [-120.447868590147777, 39.314601405642577],
            [-120.448208923480593, 39.314737005642371],
            [-120.448409723480268, 39.314885472308788],
            [-120.448948190146098, 39.31509747230848],
            [-120.449211390145706, 39.315231405641612],
            [-120.449223123479044, 39.315242472308228],
            [-120.449530190145197, 39.31553467230782],
            [-120.449847323478025, 39.315885872307263],
            [-120.449965190144553, 39.316174272306796],
            [-120.449989323477837, 39.316233272306704],
            [-120.450178123477542, 39.316429605639712],
            [-120.450339123477306, 39.316537272306221],
            [-120.450801523476571, 39.316579405639516],
            [-120.451222590142606, 39.316620672306101],
            [-120.451362856809055, 39.31664200563938],
            [-120.451653123475239, 39.316686205639314],
            [-120.451885323474869, 39.316859605639081],
            [-120.451929123474827, 39.31689240563901],
            [-120.452181723474439, 39.317034072305489],
            [-120.452396523474079, 39.317078805638744],
            [-120.45275732347352, 39.317078605638756],
            [-120.453326990139317, 39.317003005638867],
            [-120.453700390138749, 39.316939072305615],
            [-120.45403119013821, 39.316914405639011],
            [-120.454297723471143, 39.316952205638927],
            [-120.45457152347069, 39.317078405638711],
            [-120.454725123470496, 39.317105672305331],
            [-120.454962590136802, 39.317094805638703],
            [-120.455492323469286, 39.316986272305542],
            [-120.455501790135941, 39.316986272305542],
            [-120.455791323468816, 39.316984872305568],
            [-120.456108323468357, 39.317055805638745],
            [-120.456425523467828, 39.317118872305343],
            [-120.456621323467516, 39.317123205638666],
            [-120.456849590133857, 39.317080072305373],
            [-120.45699719013362, 39.316987272305539],
            [-120.457149590133383, 39.316766405639214],
            [-120.457297190133147, 39.316673472306036],
            [-120.457704923465883, 39.316658405639373],
            [-120.458090590131917, 39.316826872305796],
            [-120.45870339013095, 39.3172646723051],
            [-120.459004990130495, 39.317479472304797],
            [-120.459113323463669, 39.317618005637883],
            [-120.459045190130439, 39.317792605637635],
            [-120.459055590130447, 39.318073072303832],
            [-120.459234123463489, 39.318269205636909],
            [-120.459403190129876, 39.3184410056366],
            [-120.459616190129566, 39.318533805636491],
            [-120.459842523462555, 39.318546672303114],
            [-120.460050590128901, 39.318495205636509],
            [-120.460119323462095, 39.318429872303284],
            [-120.460338923461791, 39.318221272303617],
            [-120.46062319012799, 39.318051272303876],
            [-120.460844190127659, 39.317928005637384],
            [-120.460960390127468, 39.317850472304201],
            [-120.461388123460154, 39.317139205638625],
            [-120.461555323459891, 39.316990672305508],
            [-120.461661123459692, 39.316896672305688],
            [-120.461792923459484, 39.316779605639169],
            [-120.462108523458994, 39.316602405639458],
            [-120.462716190124752, 39.316471472306318],
            [-120.463160590124062, 39.316441205639705],
            [-120.463357990123768, 39.316397472306448],
            [-120.463659923456589, 39.316315872306575],
            [-120.463867723456303, 39.316272405640007],
            [-120.464188123455813, 39.316247405640013],
            [-120.464439590122083, 39.316132805640223],
            [-120.464706390121648, 39.315882272307249],
            [-120.464912523454643, 39.31559847230767],
            [-120.465186590120936, 39.315428405641285],
            [-120.465618723453588, 39.315165472308365],
            [-120.466108590119461, 39.315016005641951],
            [-120.466544923452147, 39.314921472308754],
            [-120.466921323451572, 39.314845605642176],
            [-120.467011190118058, 39.314810605642265],
            [-120.467217723451085, 39.314730672309054],
            [-120.467255723451046, 39.314741872309014],
            [-120.467301523450942, 39.314738072309012],
            [-120.467461390117364, 39.314707605642411],
            [-120.467575990117211, 39.31466560564246],
            [-120.46767479011703, 39.314616205642551],
            [-120.467705923450353, 39.314581672309259],
            [-120.467942323449961, 39.314558872309306],
            [-120.468086790116388, 39.31452827230936],
            [-120.468232190116169, 39.31447880564275],
            [-120.468315990116025, 39.314444405642803],
            [-120.468407923449263, 39.314429205642853],
            [-120.468491723449119, 39.314417672309503],
            [-120.468621523448917, 39.314413805642857],
            [-120.468664656782153, 39.314407205642851],
            [-120.468720723448769, 39.314398605642907],
            [-120.468941590115094, 39.314345405642996],
            [-120.469086923448174, 39.314333805643003],
            [-120.469186123448026, 39.314318605642995],
            [-120.469269523447906, 39.314295605643053],
            [-120.469376723447738, 39.314276472309757],
            [-120.469521590114198, 39.314261405643094],
            [-120.469689590113944, 39.314223072309801],
            [-120.469811190113717, 39.314188872309899],
            [-120.469895190113618, 39.31415067230995],
            [-120.470002590113438, 39.314089672310047],
            [-120.470230923446422, 39.313807472310486],
            [-120.47040672344616, 39.313513672310933],
            [-120.470505390112635, 39.313368605644484],
            [-120.470680990112385, 39.313143405644837],
            [-120.470826123445477, 39.31293747231183],
            [-120.470887390112068, 39.312869005645268],
            [-120.470956123445262, 39.312811605645379],
            [-120.471016923445177, 39.312773472312074],
            [-120.471131523445024, 39.31275067231212],
            [-120.471276323444783, 39.312735605645457],
            [-120.471451790111189, 39.312754472312122],
            [-120.471657590110851, 39.312815605645369],
            [-120.471985723443709, 39.312941272311832],
            [-120.472169190110094, 39.313021472311675],
            [-120.472375190109744, 39.313116872311525],
            [-120.4724819901096, 39.313151005644841],
            [-120.472588990109443, 39.313200672311439],
            [-120.472725923442567, 39.313238872311331],
            [-120.472848323442349, 39.313265472311343],
            [-120.473007990108783, 39.313296005644588],
            [-120.473595590107834, 39.313303605644592],
            [-120.473771523440917, 39.313311405644583],
            [-120.474175190106962, 39.313311405644583],
            [-120.474610523439594, 39.31329980564459],
            [-120.474831390105919, 39.313326605644534],
            [-120.475167523438756, 39.313353205644489],
            [-120.475495323438224, 39.313448805644384],
            [-120.475683123437932, 39.313503605644257],
            [-120.475716923437915, 39.313513472310945],
            [-120.475861923437662, 39.313536405644243],
            [-120.475937723437539, 39.313544005644189],
            [-120.475991123437495, 39.313547672310904],
            [-120.476036790104047, 39.313547805644191],
            [-120.476090790103967, 39.313540205644244],
            [-120.476121323437269, 39.313517272310946],
            [-120.476136790103908, 39.31349060564429],
            [-120.476136523437219, 39.313456205644343],
            [-120.476121323437269, 39.313418205644439],
            [-120.476105523437298, 39.313391272311094],
            [-120.476105790103986, 39.313364605644495],
            [-120.476090923437312, 39.313315272311229],
            [-120.47609032343729, 39.313269405644633],
            [-120.47613659010392, 39.313212072311387],
            [-120.476189790103831, 39.313162605644834],
            [-120.476685523436402, 39.312987005645084],
            [-120.477036790102488, 39.312830672311975],
            [-120.477219990102242, 39.312735272312125],
            [-120.477471523435156, 39.312495005645872],
            [-120.477578190101667, 39.312410872312626],
            [-120.477716123434789, 39.312304405646159],
            [-120.477807390101304, 39.312201272312961],
            [-120.477860056767895, 39.312162805646381],
            [-120.477890790101185, 39.312140405646403],
            [-120.477998190101005, 39.31207540564651],
            [-120.478097190100868, 39.312044872313209],
            [-120.478264923433926, 39.311995272313311],
            [-120.478379390100429, 39.311980072313304],
            [-120.478532190100168, 39.31198000564666],
            [-120.47863892343338, 39.311995272313311],
            [-120.478692190099935, 39.312025672313268],
            [-120.478714923433245, 39.312041072313207],
            [-120.478776123433136, 39.312052605646556],
            [-120.478829323433047, 39.312063872313161],
            [-120.478898190099642, 39.312063872313161],
            [-120.479035590099386, 39.31207140564652],
            [-120.47918859009917, 39.312071672313152],
            [-120.479417190098843, 39.312021872313267],
            [-120.479615390098502, 39.311953405646705],
            [-120.48019552343095, 39.311705205647058],
            [-120.480444856763881, 39.31162300564722],
            [-120.480866590096582, 39.311484072314101],
            [-120.481095723429576, 39.3114000723142],
            [-120.481377923429136, 39.311354405647592],
            [-120.481568990095468, 39.311323872314347],
            [-120.481996190094833, 39.311354272314304],
            [-120.482232456761096, 39.311385138980881],
            [-120.482346790094255, 39.3114000723142],
            [-120.482506923427366, 39.311423072314199],
            [-120.482690123427062, 39.311468872314094],
            [-120.482789590093603, 39.311503205647398],
            [-120.482850390093517, 39.311525872314007],
            [-120.48285792342682, 39.311560405647299],
            [-120.4828659234268, 39.311598605647248],
            [-120.4828659234268, 39.311659405647163],
            [-120.482888390093422, 39.311739605647006],
            [-120.482911723426753, 39.311800605646908],
            [-120.482942190093354, 39.31185787231351],
            [-120.482972790093299, 39.311892272313457],
            [-120.483018323426563, 39.311918872313413],
            [-120.483071323426486, 39.311934072313363],
            [-120.483132590093078, 39.311964672313309],
            [-120.483231590092885, 39.311972272313312],
            [-120.483376790092677, 39.311945472313369],
            [-120.483521723425781, 39.311888405646812],
            [-120.483651523425578, 39.311804472313611],
            [-120.483750590092086, 39.311690072313752],
            [-120.483895323425202, 39.311514405647358],
            [-120.483949190091778, 39.311445805647452],
            [-120.483987190091739, 39.3114000723142],
            [-120.484048190091642, 39.311354405647592],
            [-120.484085990091558, 39.31133140564765],
            [-120.484162590091444, 39.311316072314355],
            [-120.484238990091342, 39.311289405647699],
            [-120.484292190091253, 39.311278072314394],
            [-120.484391390091105, 39.311285605647697],
            [-120.484498590090936, 39.311304805647694],
            [-120.484666123424006, 39.311323872314347],
            [-120.485101523423339, 39.311392405647553],
            [-120.485276723423056, 39.311419272314197],
            [-120.48533565675632, 39.311418138980855],
            [-120.485482723422763, 39.311415272314207],
            [-120.48577259008897, 39.311392605647541],
            [-120.485879723422102, 39.311358272314294],
            [-120.486031990088577, 39.311297072314346],
            [-120.486131323421716, 39.311213072314501],
            [-120.486191923421643, 39.311121805647986],
            [-120.486222723421577, 39.311072072314744],
            [-120.48624552342153, 39.311041605648086],
            [-120.486276123421533, 39.311014872314786],
            [-120.486278056754827, 39.311013872314788],
            [-120.48629899008813, 39.311003272314849],
            [-120.486337123421436, 39.310992072314832],
            [-120.486374923421351, 39.310988005648198],
            [-120.486406123421318, 39.310988205648187],
            [-120.486435990087898, 39.311003205648149],
            [-120.486481790087851, 39.311041605648086],
            [-120.486512790087829, 39.311106205648002],
            [-120.486550590087745, 39.311201672314496],
            [-120.486565723421052, 39.311266672314446],
            [-120.486566123421028, 39.311316205647699],
            [-120.486611590087648, 39.311342872314299],
            [-120.486664923420904, 39.311373272314256],
            [-120.486771590087415, 39.311388472314206],
            [-120.486840590087297, 39.311385005647594],
            [-120.48689172342057, 39.311379805647562],
            [-120.486916990087195, 39.311377272314246],
            [-120.487000523420363, 39.311350405647602],
            [-120.487107590086907, 39.311297005647702],
            [-120.487206990086747, 39.311194072314549],
            [-120.487290723419903, 39.311121605647998],
            [-120.487595723419474, 39.311064272314752],
            [-120.487801790085825, 39.311018605648144],
            [-120.487993123418846, 39.310938605648289],
            [-120.488145523418609, 39.310869805648395],
            [-120.488290323418369, 39.3107742723152],
            [-120.488427790084813, 39.310659805648697],
            [-120.488541990084684, 39.310587405648789],
            [-120.488649190084516, 39.310530272315589],
            [-120.488748390084311, 39.310492272315628],
            [-120.488862390084137, 39.310404272315736],
            [-120.488999590083949, 39.310297472315938],
            [-120.489121723417099, 39.310186872316081],
            [-120.489221390083628, 39.310095272316232],
            [-120.489426790083257, 39.309965672316423],
            [-120.489586990083012, 39.309882005649911],
            [-120.489686790082885, 39.309842138983299],
            [-120.489778190082745, 39.309805605650013],
            [-120.489946190082492, 39.309771205650065],
            [-120.490151990082154, 39.309752272316757],
            [-120.49034272341521, 39.309771205650065],
            [-120.490472590081652, 39.309786472316716],
            [-120.490632190081385, 39.309839672316627],
            [-120.490747123414565, 39.309912272316524],
            [-120.490830523414445, 39.309969605649769],
            [-120.49092259008097, 39.310011472316376],
            [-120.491028990080792, 39.310057205649628],
            [-120.491105190080702, 39.310072405649578],
            [-120.491380190080235, 39.310064805649631],
            [-120.491921790079402, 39.310122072316176],
            [-120.492280590078849, 39.310224872316041],
            [-120.492455723411922, 39.310331805649184],
            [-120.492616123411665, 39.310427272315735],
            [-120.492666390078227, 39.310463938982309],
            [-120.492799123411373, 39.310560672315489],
            [-120.492967523411096, 39.310675205648693],
            [-120.4931125234109, 39.310736072315251],
            [-120.493211190077432, 39.310770605648543],
            [-120.493303190077256, 39.31079347231514],
            [-120.493378990077133, 39.310804872315146],
            [-120.493440590077057, 39.310804805648445],
            [-120.493485990076977, 39.310812472315149],
            [-120.493531990076917, 39.310824005648442],
            [-120.493562123410186, 39.310850605648398],
            [-120.493561990076842, 39.31089640564835],
            [-120.493562323410174, 39.310968805648201],
            [-120.493547323410212, 39.311064205648051],
            [-120.493539323410232, 39.311125405647999],
            [-120.493539190076888, 39.311167272314549],
            [-120.493562523410219, 39.311224472314507],
            [-120.493608390076815, 39.311281805647752],
            [-120.493698790076678, 39.311326938980983],
            [-120.493699523409987, 39.311327272314315],
            [-120.493775590076552, 39.311346405647612],
            [-120.493829590076473, 39.311358005647605],
            [-120.493928790076268, 39.311361805647607],
            [-120.49403552340948, 39.311377072314258],
            [-120.494081190076031, 39.311377205647602],
            [-120.494149523409305, 39.311369405647611],
            [-120.494218723409176, 39.311342672314311],
            [-120.494302323409045, 39.311293005647713],
            [-120.494332523409014, 39.311258672314409],
            [-120.494340390075649, 39.311220605647804],
            [-120.494348123408997, 39.31119007231456],
            [-120.494340190075661, 39.311144405647951],
            [-120.494317790075684, 39.311121405647953],
            [-120.494271590075755, 39.311098605647999],
            [-120.494096523409382, 39.311068072314754],
            [-120.494058523409421, 39.311056605648105],
            [-120.493997323409531, 39.311026005648102],
            [-120.493982123409523, 39.311003072314804],
            [-120.493935923409595, 39.3109382723149],
            [-120.493928723409624, 39.31089640564835],
            [-120.49390539007635, 39.310858205648401],
            [-120.4939205900763, 39.310839072315105],
            [-120.494012323409493, 39.310686472315297],
            [-120.494210990075828, 39.310583605648787],
            [-120.494446990075517, 39.31054920564884],
            [-120.494660990075147, 39.310522472315597],
            [-120.494859523408195, 39.310465405648984],
            [-120.495057523407866, 39.310381272315794],
            [-120.495202923407646, 39.310309005649231],
            [-120.495492390073878, 39.31019840564943],
            [-120.495698923406906, 39.310141205649472],
            [-120.495771456740101, 39.310119072316184],
            [-120.495911990073239, 39.31007620564958],
            [-120.49601912340637, 39.31002280564968],
            [-120.49610332340626, 39.309957872316431],
            [-120.496209723406082, 39.309900805649875],
            [-120.496331590072543, 39.309877805649933],
            [-120.496461323405697, 39.309877805649933],
            [-120.496522990072265, 39.309877872316576],
            [-120.496758790071908, 39.309870405649917],
            [-120.496995390071561, 39.309839672316627],
            [-120.497178723404602, 39.309801672316667],
            [-120.497308123404366, 39.30979007231673],
            [-120.49748379007076, 39.309783005650047],
            [-120.497498990070767, 39.309782405650083],
            [-120.497667190070501, 39.309782605650071],
            [-120.497873190070152, 39.309797805650021],
            [-120.498025990069948, 39.309843605649974],
            [-120.498147923403053, 39.309878005649921],
            [-120.4982625234029, 39.309897005649873],
            [-120.498369123402711, 39.309916005649825],
            [-120.49847599006921, 39.309927605649818],
            [-120.498842323402016, 39.309920005649815],
            [-120.499078323401648, 39.309927472316474],
            [-120.499276590068007, 39.309935205649822],
            [-120.49953639006759, 39.309946405649782],
            [-120.499772790067198, 39.309942672316481],
            [-120.499956323400284, 39.309961605649789],
            [-120.500306923399705, 39.310110472316239],
            [-120.500459390066169, 39.310183005649435],
            [-120.500535990066055, 39.310209672316034],
            [-120.500627390065915, 39.310228872316031],
            [-120.500718723399075, 39.31024780564934],
            [-120.500818123398915, 39.310247872315983],
            [-120.500926790065421, 39.310244072315982],
            [-120.501039390065273, 39.310240205649336],
            [-120.50113705673175, 39.310229005649376],
            [-120.501405523398034, 39.310198272316086],
            [-120.50196252339714, 39.310083805649583],
            [-120.502367190063183, 39.310019005649679],
            [-120.502557523396263, 39.309969272316437],
            [-120.502839990062455, 39.309931205649832],
            [-120.503152990061949, 39.309896872316529],
            [-120.503366723395004, 39.309896872316529],
            [-120.503641123394573, 39.309969205649793],
            [-120.503808590060942, 39.310026605649682],
            [-120.503946323394075, 39.31009147231623],
            [-120.50399239006066, 39.310098872316246],
            [-120.503999323393998, 39.310125805649534],
            [-120.50403039006062, 39.31017160564943],
            [-120.504068523393869, 39.310198272316086],
            [-120.50415252339377, 39.310244005649338],
            [-120.504221323393665, 39.310266872315992],
            [-120.504343390060114, 39.310255405649343],
            [-120.504556390059804, 39.310137205649482],
            [-120.50463299005969, 39.310102872316236],
            [-120.504655990059632, 39.310083872316227],
            [-120.504792990059457, 39.310026605649682],
            [-120.505022190059094, 39.309858672316579],
            [-120.505243523392039, 39.309748005650135],
            [-120.505510790058338, 39.309652672316929],
            [-120.505876723391054, 39.309553472317077],
            [-120.505931723390972, 39.309547872317069],
            [-120.506211990057238, 39.309519272317118],
            [-120.506471323390144, 39.309504005650467],
            [-120.506761923389718, 39.309507605650481],
            [-120.506952590056073, 39.309564872317083],
            [-120.50706712338922, 39.309648672316939],
            [-120.50714332338913, 39.309767205650076],
            [-120.507249523388964, 39.309919672316482],
            [-120.507288190055533, 39.309954005649786],
            [-120.507357123388772, 39.309973072316438],
            [-120.507562523388458, 39.309961672316433],
            [-120.507860123388014, 39.30997287231645],
            [-120.508096723387609, 39.31000360564974],
            [-120.50833352338725, 39.31004947231628],
            [-120.508501190053664, 39.31016760564944],
            [-120.508668790053434, 39.310324072315893],
            [-120.50872479005335, 39.310368738982504],
            [-120.508821790053162, 39.310446205649043],
            [-120.508945256719642, 39.31054740564889],
            [-120.509012590052862, 39.310602605648796],
            [-120.509096590052764, 39.310709205648607],
            [-120.509302590052414, 39.31086960564835],
            [-120.509363123385697, 39.310919272314948],
            [-120.509462723385525, 39.311014605648154],
            [-120.509630390051939, 39.311110005648004],
            [-120.509752190051756, 39.311190005647859],
            [-120.509813323384947, 39.311266205647769],
            [-120.509942990051456, 39.311388405647563],
            [-120.510050123384588, 39.311457072314113],
            [-120.510126323384497, 39.31147227231412],
            [-120.510271523384233, 39.311445472314119],
            [-120.5104315900507, 39.31140760564756],
            [-120.510445190050632, 39.311402605647515],
            [-120.51060712338375, 39.311342672314311],
            [-120.51078239005011, 39.311289072314366],
            [-120.510927323383271, 39.311270005647771],
            [-120.511179190049518, 39.311281605647707],
            [-120.511377923382554, 39.311319605647668],
            [-120.51156859004891, 39.31137687231427],
            [-120.51175139004863, 39.31143400564747],
            [-120.511873590048424, 39.311483605647425],
            [-120.512003323381578, 39.311525605647375],
            [-120.51202639004822, 39.31152940564732],
            [-120.512186723381262, 39.311548272313985],
            [-120.512308923381113, 39.311556005647276],
            [-120.512407590047587, 39.311632405647174],
            [-120.512552390047404, 39.311758272313682],
            [-120.512690190047181, 39.311960605646675],
            [-120.512827190046949, 39.312128205646388],
            [-120.512979590046712, 39.312326605646092],
            [-120.513117190046501, 39.312471805645885],
            [-120.513132590046496, 39.312509805645846],
            [-120.513262190046305, 39.312616805645632],
            [-120.513326856712865, 39.31265527231227],
            [-120.513338790046191, 39.312662405645597],
            [-120.513399523379405, 39.31268920564554],
            [-120.513452990046005, 39.312670072312244],
            [-120.513483590045951, 39.312585872312354],
            [-120.513613323379047, 39.312464005645893],
            [-120.513773123378826, 39.312330605646082],
            [-120.513971790045161, 39.312246405646249],
            [-120.51408612337832, 39.312193072312994],
            [-120.514536390044327, 39.31210527231309],
            [-120.514856923377124, 39.312059605646539],
            [-120.515146590043344, 39.312025205646592],
            [-120.515276523376485, 39.312021472313234],
            [-120.515330256709717, 39.312008472313266],
            [-120.515512723376105, 39.311964272313332],
            [-120.515726323375816, 39.311907005646731],
            [-120.515810323375661, 39.311868672313494],
            [-120.515848790042298, 39.311826805646888],
            [-120.515993523375357, 39.31175047231369],
            [-120.516092723375209, 39.31163227231383],
            [-120.5162073900417, 39.311483605647425],
            [-120.516382523374773, 39.311266072314424],
            [-120.516542923374516, 39.311155472314567],
            [-120.516645790041025, 39.311090938981351],
            [-120.516932190040563, 39.310911472314956],
            [-120.517077123373724, 39.310808472315102],
            [-120.517168323373539, 39.310732072315261],
            [-120.517245190040114, 39.310669138982007],
            [-120.517359390039928, 39.310575672315508],
            [-120.517427990039835, 39.310521672315588],
            [-120.517862523372457, 39.310182805649447],
            [-120.518030723372192, 39.309995672316404],
            [-120.518182790038622, 39.309835672316638],
            [-120.518191990038645, 39.309826538983316],
            [-120.518312790038465, 39.30970587231684],
            [-120.518396590038321, 39.309610605650334],
            [-120.518442323371573, 39.309549472317087],
            [-120.518503923371497, 39.30944640565059],
            [-120.518518723371471, 39.309335872317433],
            [-120.51855739003804, 39.309244272317585],
            [-120.518618190037955, 39.309145072317733],
            [-120.51865579003794, 39.309042272317868],
            [-120.518717123371175, 39.308950672318019],
            [-120.518762923371071, 39.30884380565152],
            [-120.518762990037771, 39.308614872318515],
            [-120.518716990037831, 39.308359405652254],
            [-120.518686523371173, 39.308134472319296],
            [-120.518648390037924, 39.307920672319597],
            [-120.518633323371262, 39.307710872319944],
            [-120.518632923371285, 39.307619272320096],
            [-120.518633723371295, 39.307558272320193],
            [-120.51863359003795, 39.307417005653747],
            [-120.518671523371211, 39.307203472320737],
            [-120.518734190037776, 39.307070938987579],
            [-120.518808590037679, 39.306913605654529],
            [-120.518976790037414, 39.306646405654931],
            [-120.519091123370572, 39.306486405655164],
            [-120.519243390036991, 39.306280205655469],
            [-120.519350590036822, 39.306116272322413],
            [-120.519396390036775, 39.306051405655865],
            [-120.5193729900368, 39.305772805656261],
            [-120.519266323370289, 39.305692805656406],
            [-120.519106123370534, 39.305612805656551],
            [-120.51905472337063, 39.305592605656557],
            [-120.519037523370628, 39.305586005656551],
            [-120.519007190037371, 39.305540272323299],
            [-120.518994390037392, 39.305453538990093],
            [-120.518991990037364, 39.305437205656801],
            [-120.519007190037371, 39.305376205656898],
            [-120.519052723370635, 39.305113072323991],
            [-120.51906812337063, 39.304922272324291],
            [-120.519056304620619, 39.304816976491111],
            [-120.519052723370635, 39.304785072324478],
            [-120.519053190037312, 39.304689672324628],
            [-120.518991523370744, 39.304609472324728],
            [-120.518996390037387, 39.304336272325202],
            [-120.518995456704033, 39.304320005658553],
            [-120.518979323370729, 39.304046205658949],
            [-120.519040790037309, 39.303849672325953],
            [-120.519083390037224, 39.303804605659309],
            [-120.519167590037114, 39.303770272326062],
            [-120.519213631703735, 39.30376645149272],
            [-120.519396523370119, 39.30375127232611],
            [-120.519533390036543, 39.303732205659458],
            [-120.519632723369739, 39.303736072326103],
            [-120.519716390036251, 39.303766605659405],
            [-120.519770323369528, 39.303777805659365],
            [-120.519876790035994, 39.303758805659413],
            [-120.520052190035756, 39.303716805659462],
            [-120.52016692336889, 39.303690205659507],
            [-120.520311390035317, 39.303663472326207],
            [-120.520380123368568, 39.303644405659611],
            [-120.520487590035088, 39.303579405659661],
            [-120.520563923368286, 39.303572005659703],
            [-120.520868590034468, 39.30352220565976],
            [-120.521051123367556, 39.303496672326503],
            [-120.521112590034079, 39.303488072326502],
            [-120.521448723366916, 39.303453805659899],
            [-120.521753923366418, 39.303407872326602],
            [-120.522043790032683, 39.303388805660006],
            [-120.522371590032151, 39.303343072326697],
            [-120.522661790031691, 39.303335472326751],
            [-120.522966990031193, 39.303350672326701],
            [-120.523151656697621, 39.303376005660027],
            [-120.523493590030398, 39.303423005659909],
            [-120.523743723363339, 39.303479938993178],
            [-120.523829323363202, 39.303499405659807],
            [-120.524103323362795, 39.303579605659706],
            [-120.524363390029066, 39.303686205659517],
            [-120.524653390028618, 39.303827472325963],
            [-120.524836656694958, 39.303901538992534],
            [-120.524889323361549, 39.303922872325813],
            [-120.525050123361325, 39.304029605658968],
            [-120.525179723361134, 39.304174605658773],
            [-120.525423590027401, 39.304411205658369],
            [-120.525490990027322, 39.304483272324944],
            [-120.525698190026958, 39.304704805657934],
            [-120.525972723359871, 39.304933605657595],
            [-120.526247790026105, 39.305151205657239],
            [-120.526453723359168, 39.305269205657055],
            [-120.526667390025466, 39.305376272323542],
            [-120.526926590025084, 39.305467672323402],
            [-120.527140190024738, 39.305494472323403],
            [-120.527399523357701, 39.305517405656701],
            [-120.527582723357398, 39.305525005656648],
            [-120.527873123356926, 39.30552887232335],
            [-120.527982723356786, 39.305525272323337],
            [-120.528246790023047, 39.305517272323357],
            [-120.528360990022861, 39.305524872323303],
            [-120.528643723355742, 39.30550207232335],
            [-120.528849523355404, 39.305463872323401],
            [-120.528964123355252, 39.305440805656815],
            [-120.52920779002153, 39.3053532723236],
            [-120.529452323354462, 39.305284472323706],
            [-120.529742323354014, 39.305238805657098],
            [-120.529886990020486, 39.305227205657104],
            [-120.530039723353582, 39.305193005657202],
            [-120.530489590019556, 39.305135605657256],
            [-120.530733790019156, 39.305093672324006],
            [-120.531077123351963, 39.305082472324045],
            [-120.531336790018202, 39.305055605657401],
            [-120.53158879001785, 39.304979272324204],
            [-120.531641723351072, 39.304979205657503],
            [-120.531801723350839, 39.304941272324243],
            [-120.531977523350577, 39.304910672324297],
            [-120.532198923350222, 39.304899272324292],
            [-120.532348256683349, 39.304871272324363],
            [-120.532503923349736, 39.304842072324391],
            [-120.532816790015943, 39.30480407232443],
            [-120.533152390015402, 39.304765805657837],
            [-120.533487990014919, 39.304762005657835],
            [-120.533691256681266, 39.304787738991138],
            [-120.533846790014309, 39.304807472324455],
            [-120.534159990013848, 39.304906872324295],
            [-120.534272923347032, 39.304942205657596],
            [-120.534403723346827, 39.304983205657493],
            [-120.534564190013214, 39.305017272324108],
            [-120.53474692334629, 39.305074672324054],
            [-120.534854190012766, 39.305135805657244],
            [-120.534862723346066, 39.305148072323902],
            [-120.534907323346033, 39.305212072323798],
            [-120.535014323345877, 39.305345472323609],
            [-120.53506779001242, 39.305391072323516],
            [-120.535151323345644, 39.305448405656762],
            [-120.535349923345336, 39.305570605656612],
            [-120.535476790011785, 39.305636005656481],
            [-120.535594123344936, 39.305696472323064],
            [-120.535991123344331, 39.305910205656062],
            [-120.536258123343941, 39.306024472322576],
            [-120.536413256677008, 39.306060205655854],
            [-120.536639190010021, 39.306112205655779],
            [-120.536997923342767, 39.306154205655673],
            [-120.53722699000906, 39.30617340565567],
            [-120.537471190008716, 39.306215072322232],
            [-120.537669390008375, 39.306268605655532],
            [-120.537913323341343, 39.30636020565538],
            [-120.538142123341004, 39.306470872321881],
            [-120.538363523340649, 39.306627072321646],
            [-120.538607923340294, 39.306768205654748],
            [-120.538890190006498, 39.306944005654486],
            [-120.539264123339251, 39.307130605654152],
            [-120.539554190005447, 39.307271872320598],
            [-120.53969859000523, 39.307382338987111],
            [-120.53969890458859, 39.307382548362114],
            [-120.53979799000507, 39.307512072320264],
            [-120.539943190004863, 39.307607472320115],
            [-120.540087923337978, 39.307779205653162],
            [-120.540377990004174, 39.308046072319428],
            [-120.54045459000406, 39.308114805652622],
            [-120.540469523337379, 39.308122405652625],
            [-120.54049819000403, 39.308131405652603],
            [-120.540652390003743, 39.308179672319227],
            [-120.540850790003446, 39.308267472319073],
            [-120.540983656669937, 39.308347672318973],
            [-120.5410339900032, 39.308378072318874],
            [-120.541117723336356, 39.308511672318673],
            [-120.541240390002883, 39.308713805651735],
            [-120.54142359000258, 39.309133272317752],
            [-120.541522190002411, 39.309423405650591],
            [-120.541598590002309, 39.309621805650295],
            [-120.541629190002254, 39.309800872316714],
            [-120.541713323335443, 39.310048805649615],
            [-120.54177392333537, 39.31014040564952],
            [-120.541827723335302, 39.310220405649375],
            [-120.542094523334868, 39.310506672315626],
            [-120.542223990001332, 39.310659205648676],
            [-120.542318190001197, 39.310770405648498],
            [-120.542369523334457, 39.310831005648424],
            [-120.5425299233342, 39.310949205648228],
            [-120.542697390000569, 39.31100647231483],
            [-120.542733590000523, 39.31100647231483],
            [-120.542827190000366, 39.311006405648129],
            [-120.543010323333419, 39.310975872314884],
            [-120.543162723333182, 39.310884272315036],
            [-120.543239523333114, 39.310804272315124],
            [-120.54329258999968, 39.310758405648528],
            [-120.543399523332823, 39.310704872315284],
            [-120.543673789999104, 39.310674405648683],
            [-120.543933389998699, 39.310674472315327],
            [-120.544208323331588, 39.310708672315286],
            [-120.544497923331107, 39.310800405648479],
            [-120.544657989997575, 39.310865072315039],
            [-120.544864323330557, 39.310956805648232],
            [-120.544948389997103, 39.310998605648194],
            [-120.545108589996858, 39.311036805648087],
            [-120.545314323329876, 39.311105405647993],
            [-120.54548198999629, 39.311200672314499],
            [-120.545604389996072, 39.311307672314342],
            [-120.545642589996021, 39.311353272314307],
            [-120.545802723329132, 39.311418272314199],
            [-120.54600838999545, 39.311486872314049],
            [-120.546168589995204, 39.311567072313949],
            [-120.54627185666169, 39.31164833898049],
            [-120.546367589994873, 39.31172367231369],
            [-120.546527189994663, 39.311841872313551],
            [-120.546763723327615, 39.311940805646714],
            [-120.547061789993847, 39.312040072313209],
            [-120.547244723326855, 39.312097405646455],
            [-120.547351589993355, 39.312169672313019],
            [-120.547587789993031, 39.312379672312716],
            [-120.547771123326072, 39.312551072312431],
            [-120.54793138999247, 39.312650405645627],
            [-120.548167989992123, 39.312726672312124],
            [-120.548420123325059, 39.31279527231203],
            [-120.54858792332476, 39.312863872311937],
            [-120.548636123324684, 39.312895738978568],
            [-120.548778589991173, 39.312989805645088],
            [-120.548870323324365, 39.313104405644879],
            [-120.548954189990866, 39.313192005644737],
            [-120.549083523324043, 39.313264472311289],
            [-120.549183123323871, 39.313298805644592],
            [-120.5494115899902, 39.313379005644492],
            [-120.549724723323038, 39.313481872311002],
            [-120.550113189989077, 39.313649672310703],
            [-120.550479989988503, 39.31385567231041],
            [-120.550762123321419, 39.3139970056435],
            [-120.551089989987588, 39.314176205643207],
            [-120.551242989987315, 39.314260205643109],
            [-120.551410923320418, 39.314328805643015],
            [-120.551631589986755, 39.314424072309521],
            [-120.551967323319559, 39.314565205642623],
            [-120.552253323319121, 39.31470167230907],
            [-120.552303123319007, 39.314725405642378],
            [-120.552738123318363, 39.314870472308826],
            [-120.553089123317818, 39.314988805641974],
            [-120.553309989984143, 39.31505740564188],
            [-120.553447923317265, 39.315091805641828],
            [-120.553630989983617, 39.315164072308391],
            [-120.553943589983135, 39.315305205641494],
            [-120.554066189982962, 39.315347138974744],
            [-120.554233723316031, 39.315404472307989],
            [-120.55458478998213, 39.315480872307887],
            [-120.554973523314857, 39.315538072307788],
            [-120.555263523314409, 39.31554187230779],
            [-120.555538189980666, 39.315541672307802],
            [-120.555743989980328, 39.315522672307793],
            [-120.555919789980067, 39.315511205641144],
            [-120.556110589979767, 39.315484472307844],
            [-120.556324123312777, 39.315476872307897],
            [-120.556659589978949, 39.315518805641148],
            [-120.556835123311998, 39.315580005641038],
            [-120.556972789978431, 39.315644805640943],
            [-120.557148189978193, 39.315789805640748],
            [-120.557196589978105, 39.315839405640645],
            [-120.557308523311235, 39.315954005640492],
            [-120.557468923310978, 39.316136872306856],
            [-120.557575189977513, 39.316331472306558],
            [-120.557674523310709, 39.316518205639625],
            [-120.557690856644001, 39.316542672306241],
            [-120.557834989977096, 39.316758605639222],
            [-120.558063723310056, 39.316999072305521],
            [-120.558284589976381, 39.317212605638531],
            [-120.558559323309282, 39.317441272304848],
            [-120.558758123309019, 39.317586272304595],
            [-120.558932124350406, 39.317782505637638],
            [-120.558971723308673, 39.318052005637242],
            [-120.559025189975273, 39.318116672303802],
            [-120.559070923308525, 39.318284605636848],
            [-120.559109123308474, 39.318372472303395],
            [-120.559238789974927, 39.318540072303108],
            [-120.559368723308069, 39.318681272302911],
            [-120.559429323307938, 39.318753605636118],
            [-120.559528389974446, 39.318803205636073],
            [-120.559689894140888, 39.318855062927639],
            [-120.559718989974158, 39.318864405635964],
            [-120.559946256640501, 39.318954472302494],
            [-120.559978589973753, 39.318967272302473],
            [-120.560110047265255, 39.319032950427356],
            [-120.560237989973359, 39.319096872302282],
            [-120.560428989973047, 39.319253405635379],
            [-120.560612189972801, 39.319425072301783],
            [-120.560818189972451, 39.319608072301492],
            [-120.561001123305516, 39.319749405634582],
            [-120.561298389971739, 39.319852205634447],
            [-120.561428389971525, 39.319928672300989],
            [-120.56166532330451, 39.320039205634146],
            [-120.561932323304063, 39.320119405633989],
            [-120.562297989970148, 39.320211005633894],
            [-120.562649123302947, 39.320310072300401],
            [-120.562938923302511, 39.320439805633498],
            [-120.563213723302056, 39.320584672299958],
            [-120.563473523301695, 39.320744872299713],
            [-120.563770723301218, 39.320890005632805],
            [-120.564152523300606, 39.321065405632567],
            [-120.56421358996721, 39.321090472299147],
            [-120.564495589966782, 39.321206405632324],
            [-120.564669056633136, 39.321278072298867],
            [-120.56467132329982, 39.321279005632221],
            [-120.564879256632821, 39.321321538965492],
            [-120.564968589966043, 39.321339872298779],
            [-120.565335323298768, 39.32142780563197],
            [-120.565571723298433, 39.321469605631933],
            [-120.565838789964687, 39.321523072298476],
            [-120.565960589964504, 39.321561072298437],
            [-120.565978589964459, 39.321581138965087],
            [-120.566059789964356, 39.321671805631581],
            [-120.566105123297575, 39.321763405631486],
            [-120.566189323297465, 39.321843472297985],
            [-120.566273589963998, 39.321900672297886],
            [-120.566441523297101, 39.321954072297842],
            [-120.566707989963334, 39.322064605630999],
            [-120.566921723296332, 39.322194405630796],
            [-120.567173789962624, 39.322388872297154],
            [-120.567265323295771, 39.322469072297054],
            [-120.567478989962126, 39.322682605630007],
            [-120.567639189961881, 39.322827672296455],
            [-120.567730189961765, 39.322942205629602],
            [-120.567791523295, 39.323098605629411],
            [-120.567844789961555, 39.32327407229576],
            [-120.567875789961533, 39.323384672295617],
            [-120.567913523294806, 39.323468605628818],
            [-120.568036123294576, 39.323552472295376],
            [-120.568165523294397, 39.323625005628571],
            [-120.568303123294186, 39.32373187229507],
            [-120.568493589960553, 39.323907272294775],
            [-120.568684123293565, 39.32407900562788],
            [-120.568746656626843, 39.324174605627718],
            [-120.568776389960135, 39.324220072294338],
            [-120.568829123293369, 39.324372605627389],
            [-120.568890789959937, 39.324517472293849],
            [-120.569004989959751, 39.324715805626852],
            [-120.569104323292947, 39.324883805626598],
            [-120.569302723292651, 39.325204272292808],
            [-120.569432189959116, 39.325505472292321],
            [-120.569539189958959, 39.325723072291964],
            [-120.569620656625489, 39.325894805625069],
            [-120.569691189958689, 39.326043605624818],
            [-120.569775523291923, 39.326249472291181],
            [-120.569775389958579, 39.326375272290989],
            [-120.569699189958669, 39.326528005624084],
            [-120.569615189958824, 39.326691805623796],
            [-120.56959232329217, 39.326825605623583],
            [-120.569615523292157, 39.326974205623344],
            [-120.569653189958728, 39.32714220562309],
            [-120.569661123292065, 39.327229872289649],
            [-120.569698923292037, 39.327329005622801],
            [-120.569760189958572, 39.327485405622554],
            [-120.5698293899585, 39.327645605622308],
            [-120.569928123291675, 39.327773272288823],
            [-120.569935523291633, 39.327782872288765],
            [-120.570095723291388, 39.327866805621966],
            [-120.570278989957785, 39.327912472288574],
            [-120.570403879540947, 39.327930987913533],
            [-120.570485389957469, 39.327943072288519],
            [-120.570627123290592, 39.327916672288552],
            [-120.570719323290461, 39.32793027228854],
            [-120.570805523290289, 39.327969805621819],
            [-120.570858923290189, 39.328019605621762],
            [-120.570873777456882, 39.32803129937173],
            [-120.570950723290082, 39.328091872288326],
            [-120.571049589956601, 39.328187405621463],
            [-120.571141123289806, 39.328244472288077],
            [-120.571278723289538, 39.328271272288021],
            [-120.571415989955995, 39.328305405621279],
            [-120.571614589955686, 39.328370405621229],
            [-120.571718523288894, 39.328417138954478],
            [-120.571835123288679, 39.328469605621024],
            [-120.572094723288274, 39.328660272287436],
            [-120.572384923287871, 39.328820605620479],
            [-120.572529923287618, 39.328904405620392],
            [-120.572804789953864, 39.329110272286698],
            [-120.57299732328687, 39.329241138953194],
            [-120.573102323286719, 39.329312472286404],
            [-120.57352912328605, 39.329594672285964],
            [-120.573865189952244, 39.329854272285559],
            [-120.574200323285027, 39.330079205618574],
            [-120.57442938995132, 39.330231805618325],
            [-120.574557989951131, 39.33028993895158],
            [-120.574674323284285, 39.330342472284826],
            [-120.574956389950501, 39.330548472284477],
            [-120.575246123283421, 39.330788805617431],
            [-120.575304759741641, 39.330850175409012],
            [-120.575406323283175, 39.330956472283845],
            [-120.575505589949671, 39.331189205616852],
            [-120.575559123282915, 39.331174005616845],
            [-120.575575784741204, 39.331197706658486],
            [-120.575604723282822, 39.331238872283393],
            [-120.575665589949438, 39.331322872283295],
            [-120.575703589949342, 39.331460205616395],
            [-120.575747989949321, 39.331578605616244],
            [-120.575749389949294, 39.331582272282901],
            [-120.575803323282514, 39.331681405616052],
            [-120.575902389949078, 39.331792072282553],
            [-120.575986389948923, 39.331856872282458],
            [-120.576199589948601, 39.331963805615601],
            [-120.576435989948209, 39.332043672282168],
            [-120.576726389947794, 39.332116405615409],
            [-120.57698201703073, 39.332175758740277],
            [-120.577032589947294, 39.332185072281959],
            [-120.577465923279988, 39.332152805615351],
            [-120.577756589946205, 39.332226872281865],
            [-120.577809923279403, 39.332234472281868],
            [-120.577839989946028, 39.332246005615161],
            [-120.577855907654339, 39.332257512906835],
            [-120.577924189945918, 39.332306872281777],
            [-120.578049622237415, 39.332404702489953],
            [-120.578061123279042, 39.332413672281575],
            [-120.578134589945591, 39.332513072281415],
            [-120.578191389945516, 39.332589272281325],
            [-120.578564789944949, 39.332799072280977],
            [-120.578648989944782, 39.332776072281035],
            [-120.578732989944683, 39.332799005614334],
            [-120.578808923277904, 39.332806672280981],
            [-120.578861587861127, 39.332805512905963],
            [-120.578984523277597, 39.332802805614335],
            [-120.579205589943911, 39.332783805614326],
            [-120.579423723276932, 39.332746405614387],
            [-120.579739789943119, 39.332703672281127],
            [-120.57996559827609, 39.332726912906082],
            [-120.58044952327532, 39.332772472281022],
            [-120.580457237858639, 39.332769563947693],
            [-120.580510523275223, 39.33274947228108],
            [-120.580632389941741, 39.332745605614434],
            [-120.580800789941463, 39.332761005614373],
            [-120.580816856608067, 39.332765272281051],
            [-120.580930123274584, 39.332795205614332],
            [-120.581181989940887, 39.332806872280969],
            [-120.581395723273886, 39.332833472280925],
            [-120.581515589940352, 39.332889005614163],
            [-120.581606785773545, 39.332931385822462],
            [-120.581609123273552, 39.332932472280788],
            [-120.58218481806432, 39.33298915561403],
            [-120.582189389939288, 39.332989605614046],
            [-120.582265723272485, 39.332963072280734],
            [-120.582338189939094, 39.332943805614093],
            [-120.582395389938995, 39.332928605614143],
            [-120.582563189938696, 39.33285607228089],
            [-120.582776723271706, 39.332802005614326],
            [-120.582915723271526, 39.332810805614315],
            [-120.583166189937799, 39.332863872280882],
            [-120.583326323270853, 39.332928872280775],
            [-120.583494123270611, 39.333025472280667],
            [-120.583524589937213, 39.333043072280589],
            [-120.583816458686783, 39.333160113947088],
            [-120.583829323270095, 39.333165272280439],
            [-120.583990123269814, 39.333191805613694],
            [-120.584372723269269, 39.333265805613621],
            [-120.584661123268802, 39.333390472280087],
            [-120.584722189935349, 39.333386605613441],
            [-120.584760387851986, 39.33340285353006],
            [-120.584775789935293, 39.333409405613395],
            [-120.584882789935136, 39.333481672279959],
            [-120.585004523268253, 39.333588672279745],
            [-120.585095923268113, 39.333714472279553],
            [-120.585096189934802, 39.333790805612807],
            [-120.585050323268206, 39.333859405612657],
            [-120.584973789934963, 39.333954872279207],
            [-120.584912723268417, 39.3340466056124],
            [-120.58483692326854, 39.334309605611963],
            [-120.584821789935233, 39.334580405611575],
            [-120.584834656601856, 39.334680872278057],
            [-120.58485212326849, 39.334817005611171],
            [-120.584920389935064, 39.335255605610541],
            [-120.584981789934943, 39.335492005610149],
            [-120.585035323268187, 39.335709605609793],
            [-120.585037477434867, 39.335712173318143],
            [-120.585255589934548, 39.335972072276093],
            [-120.585398670142638, 39.336284210817269],
            [-120.585400989934328, 39.336289272275565],
            [-120.585439789934242, 39.336323605608868],
            [-120.585484989934173, 39.336377205608756],
            [-120.585553523267436, 39.336449605608664],
            [-120.585599389933975, 39.336529672275219],
            [-120.585660576392229, 39.3367250160249],
            [-120.585745723267109, 39.336898872274617],
            [-120.585839323266953, 39.33698393894116],
            [-120.585891256600235, 39.337031072274442],
            [-120.586064687849955, 39.3371886972742],
            [-120.586103389933214, 39.337223872274137],
            [-120.586164189933129, 39.337246872274079],
            [-120.586225589933008, 39.337277405607381],
            [-120.586294323266259, 39.337304205607325],
            [-120.586373601391131, 39.337406714982194],
            [-120.586414789932746, 39.337453672273796],
            [-120.586648123265718, 39.337719672273352],
            [-120.587160189931581, 39.338338405605725],
            [-120.587257523264782, 39.338478472272186],
            [-120.587452189931128, 39.338758605605051],
            [-120.588031723263555, 39.339857538936712],
            [-120.588048989930201, 39.339890272269997],
            [-120.588565323262742, 39.340385672269235],
            [-120.588633189929283, 39.340444605602443],
            [-120.588752589929129, 39.340548205602317],
            [-120.588968789928799, 39.340535072269006],
            [-120.588989967012083, 39.340514521227362],
            [-120.589200989928429, 39.340310005602646],
            [-120.589284789928286, 39.340294805602696],
            [-120.589391989928117, 39.340279672269389],
            [-120.589544589927868, 39.340271805602754],
            [-120.589811523260778, 39.34029087226935],
            [-120.590069542010383, 39.340252076436116],
            [-120.590136523260298, 39.340242005602761],
            [-120.590626789926205, 39.339846805603372],
            [-120.590716723259391, 39.339775405603518],
            [-120.591070189925517, 39.339494605603932],
            [-120.591451389924941, 39.339299805604242],
            [-120.591508961799832, 39.339278220187623],
            [-120.591775068049401, 39.339274813937607],
            [-120.59198977325741, 39.339295120187558],
            [-120.592094508673938, 39.339318516020853],
            [-120.592165748257116, 39.339367179562487],
            [-120.592231807632061, 39.33941040768741],
            [-120.592260054506994, 39.339452928520643],
            [-120.592275910756996, 39.339476796228951],
            [-120.592318836798597, 39.339556161853864],
            [-120.592296771173608, 39.339643156645366],
            [-120.592010572215713, 39.339942233728266],
            [-120.591851652424282, 39.340235057686129],
            [-120.591610523257998, 39.340448805602477],
            [-120.591464789924885, 39.340727805602],
            [-120.591514789924815, 39.340922672268391],
            [-120.591523123258128, 39.341011005601558],
            [-120.591560146174743, 39.341054457684834],
            [-120.591554674299744, 39.341093513934766],
            [-120.591644643049619, 39.341158883726337],
            [-120.591728861799481, 39.341180304559657],
            [-120.592044123257324, 39.341374405601016],
            [-120.592241123257054, 39.341589872267377],
            [-120.59225702742367, 39.34162341080895],
            [-120.592294524298609, 39.341827885808641],
            [-120.592266998257003, 39.34196026601677],
            [-120.592260323256994, 39.342022872266682],
            [-120.592186729507091, 39.34211883372484],
            [-120.592086338882268, 39.342307255599565],
            [-120.592189968048785, 39.342432249349372],
            [-120.592496284714969, 39.342510156640913],
            [-120.592592189923153, 39.342601872265789],
            [-120.592934723255951, 39.342873405598709],
            [-120.593185923255589, 39.343160605598257],
            [-120.593352787838626, 39.343444483722806],
            [-120.593382097213578, 39.343489927472717],
            [-120.593556480546624, 39.343708050389068],
            [-120.593600524296562, 39.343749148305676],
            [-120.593740875338028, 39.343837791013868],
            [-120.59395053471269, 39.343864899347125],
            [-120.594015589920957, 39.343831005597224],
            [-120.594129589920783, 39.343804272263924],
            [-120.594236389920582, 39.343800272263934],
            [-120.594343789920458, 39.34379667226392],
            [-120.594572274295103, 39.343796605597277],
            [-120.594977723252782, 39.34386747226381],
            [-120.595782323251512, 39.343901672263769],
            [-120.596302323250711, 39.343965272263688],
            [-120.596558389916993, 39.344080005596823],
            [-120.596570589916951, 39.344085405596786],
            [-120.596651588875204, 39.344199747263303],
            [-120.59667430866682, 39.344317113929776],
            [-120.597119327416124, 39.34463778163763],
            [-120.597491473248851, 39.344845908720629],
            [-120.597742312831826, 39.344840260803949],
            [-120.598094810747966, 39.344765079554065],
            [-120.598256989914375, 39.344629472262625],
            [-120.598680723247014, 39.344336605596425],
            [-120.598896923246684, 39.344282338929816],
            [-120.599034389913129, 39.344247872263225],
            [-120.599314923246027, 39.344304605596449],
            [-120.599696589912128, 39.344504405596183],
            [-120.600293323244557, 39.344606805596015],
            [-120.600417262827648, 39.344650538929272],
            [-120.600509323244182, 39.344634805595945],
            [-120.600710923243867, 39.344638872262635],
            [-120.600822923243697, 39.344609872262652],
            [-120.600901389910234, 39.34456547226273],
            [-120.601015040951722, 39.344552750387777],
            [-120.601024597201729, 39.344535059762791],
            [-120.601025003451753, 39.344558316012751],
            [-120.601353923242868, 39.344682605595892],
            [-120.601774923242203, 39.344725472262496],
            [-120.60215337219995, 39.344664188929244],
            [-120.602256757616487, 39.344666463929229],
            [-120.603089398240172, 39.344626766012652],
            [-120.603200320115036, 39.344681010804209],
            [-120.603630553447658, 39.344627035804308],
            [-120.60388553469727, 39.344349405596404],
            [-120.604170789905197, 39.344242672263249],
            [-120.60444532323811, 39.344143472263397],
            [-120.604712389904364, 39.344051872263549],
            [-120.604963923237278, 39.343971805596993],
            [-120.605215723236881, 39.343884072263791],
            [-120.605551789903018, 39.343704872264084],
            [-120.605596923236305, 39.343678205597428],
            [-120.605652232611192, 39.343682721222422],
            [-120.60592518990245, 39.343705005597428],
            [-120.605986523235686, 39.343693472264079],
            [-120.606001769068996, 39.343692672264069],
            [-120.606062789902239, 39.343689472264089],
            [-120.606185123235377, 39.343697405597425],
            [-120.606291389901912, 39.343727672264038],
            [-120.606386533651744, 39.343808868097256],
            [-120.606420989901665, 39.343838272263838],
            [-120.606559989901484, 39.34383007226387],
            [-120.606707341984588, 39.343747850388979],
            [-120.606757123234502, 39.343720072264034],
            [-120.60693212323423, 39.343586605597579],
            [-120.607023989900767, 39.343510205597681],
            [-120.607092789900662, 39.343468272264431],
            [-120.607105353442307, 39.343460694139424],
            [-120.607130589900578, 39.343445472264477],
            [-120.60720712323382, 39.343434072264472],
            [-120.607538323233257, 39.343387472264567],
            [-120.607777189899593, 39.343430089972856],
            [-120.607903883649385, 39.343441003514499],
            [-120.608182723232289, 39.343537872264335],
            [-120.608409589898599, 39.343723672264048],
            [-120.608446789898551, 39.34376673893064],
            [-120.608646189898252, 39.343997872263628],
            [-120.609074389897557, 39.344202472263305],
            [-120.609629723230057, 39.344375472263039],
            [-120.610309123229001, 39.344604872262664],
            [-120.610434523228776, 39.344616672262646],
            [-120.610525989895336, 39.344589872262702],
            [-120.610587123228527, 39.3445860722627],
            [-120.610655923228421, 39.344589672262714],
            [-120.610711979478367, 39.344600134762686],
            [-120.610922389894711, 39.344639405595956],
            [-120.611166723227655, 39.344708005595862],
            [-120.611433723227265, 39.344788205595705],
            [-120.611807589893317, 39.344883672262256],
            [-120.61209812322619, 39.344959672262121],
            [-120.612233154475973, 39.34505745351197],
            [-120.612235389892646, 39.345059072261961],
            [-120.612627993017043, 39.345240345178354],
            [-120.612631589892032, 39.345242005595026],
            [-120.612753789891826, 39.345276405594973],
            [-120.612890923224995, 39.345337472261519],
            [-120.613020789891436, 39.345398405594779],
            [-120.613227165932813, 39.345554987886203],
            [-120.613753389890292, 39.345692205594332],
            [-120.613849648223493, 39.345709545177613],
            [-120.614112389889726, 39.345756872260893],
            [-120.614523723222419, 39.345879205594031],
            [-120.614527497180745, 39.345879976427341],
            [-120.614960589888426, 39.345968405593908],
            [-120.615749123220553, 39.346146205593584],
            [-120.616675256552412, 39.346370272259946],
            [-120.616743589885687, 39.346386805593227],
            [-120.617824189884004, 39.346879005592484],
            [-120.619028523215434, 39.347065272258874],
            [-120.620540523213094, 39.347038872258906],
            [-120.620720323212822, 39.346148938926945],
            [-120.620827523212654, 39.345618472261094],
            [-120.622326523210347, 39.34437120559636],
            [-120.622680056543118, 39.343529405597678],
            [-120.623227989875602, 39.342224672266354],
            [-120.623879989874581, 39.34067200560213],
            [-120.623886989874563, 39.340669272268769],
            [-120.624554523206882, 39.340411338935837],
            [-120.626044389871197, 39.339835605603412],
            [-120.627529923202246, 39.338639672271938],
            [-120.62806392320141, 39.33820973893927],
            [-120.628955123200058, 39.33749220560702],
            [-120.629743389865496, 39.336857538941388],
            [-120.630557323197536, 39.336202205609027],
            [-120.632126189861765, 39.33516360561066],
            [-120.634482256524791, 39.333104472280525],
            [-120.636795589854557, 39.331082605616984],
            [-120.639259589850724, 39.328929005620353],
            [-120.640395256515603, 39.328102072288289],
            [-120.640642123181919, 39.327922272288561],
            [-120.641663256513652, 39.327178672289733],
            [-120.642274589846011, 39.326733472290414],
            [-120.642294789846005, 39.326700272290452],
            [-120.642798530470202, 39.326656469165528],
            [-120.642874389845076, 39.326649872290545],
            [-120.643088422136429, 39.326631253540597],
            [-120.643347989844358, 39.326608672290604],
            [-120.643506723177438, 39.326528672290749],
            [-120.645492523174369, 39.324524072293855],
            [-120.645621789840845, 39.324428672294005],
            [-120.645683323174069, 39.324348605627449],
            [-120.645835989840521, 39.324245605627596],
            [-120.646064723173481, 39.324149872294413],
            [-120.646163989839977, 39.324108272294495],
            [-120.646281723173161, 39.32405813896122],
            [-120.646522123172758, 39.323955672294744],
            [-120.646903989838847, 39.32378800562833],
            [-120.647193789838411, 39.323665672295192],
            [-120.647483989837951, 39.323528472295379],
            [-120.64765178983771, 39.323433072295529],
            [-120.647872923170667, 39.323238405629183],
            [-120.647964589837215, 39.323139272295975],
            [-120.648262323170059, 39.322868605629765],
            [-120.648552123169623, 39.322635672296769],
            [-120.64883345650253, 39.322424805630419],
            [-120.648842123169175, 39.322418272297114],
            [-120.649085989835442, 39.322212272297406],
            [-120.649322189835118, 39.322067205631015],
            [-120.649343656501742, 39.322058205630981],
            [-120.649696389834503, 39.32191100563125],
            [-120.650001123167385, 39.321815472298056],
            [-120.650474523166622, 39.321666805631594],
            [-120.650673189833014, 39.321601872298402],
            [-120.650818189832762, 39.321533272298495],
            [-120.650878589832701, 39.321483805631885],
            [-120.651061589832409, 39.321365605632081],
            [-120.65129218983202, 39.321250205632282],
            [-120.651343989831958, 39.321224272298934],
            [-120.651558189831633, 39.321151805632383],
            [-120.651694923164769, 39.321113805632478],
            [-120.651816989831218, 39.321083272299177],
            [-120.651893189831128, 39.321079472299175],
            [-120.652008323164239, 39.321087072299179],
            [-120.652168589830694, 39.321170872299035],
            [-120.65219838983063, 39.321190072299032],
            [-120.652244989830535, 39.321251005632234],
            [-120.652274789830528, 39.321312072298838],
            [-120.652328723163748, 39.321369272298739],
            [-120.652359189830406, 39.321411205631989],
            [-120.652442789830275, 39.321491205631901],
            [-120.652534189830135, 39.321556072298449],
            [-120.652603389830006, 39.321567605631742],
            [-120.652694323163189, 39.321556205631794],
            [-120.652793923163017, 39.32150667229854],
            [-120.652908189829532, 39.32142647229864],
            [-120.65319858982906, 39.321197605632335],
            [-120.653335589828885, 39.321109872299132],
            [-120.653510456495269, 39.321028938965924],
            [-120.653541789828523, 39.321014405632638],
            [-120.653732723161568, 39.320987672299339],
            [-120.65422238982751, 39.320973005632709],
            [-120.654243523160801, 39.320972605632676],
            [-120.654388123160572, 39.320961072299383],
            [-120.654648123160143, 39.320926672299436],
            [-120.654922589826413, 39.320873405632824],
            [-120.655159523159341, 39.320812272299577],
            [-120.65528912315915, 39.320774072299685],
            [-120.655487123158878, 39.320705405633078],
            [-120.655677989825222, 39.320610205633272],
            [-120.65576158982509, 39.320560605633318],
            [-120.655792123158392, 39.320514672300078],
            [-120.655908989824866, 39.320495605633425],
            [-120.656016923158063, 39.320043405634124],
            [-120.656202989824408, 39.319719072301325],
            [-120.656335789824197, 39.319560805634865],
            [-120.656572589823838, 39.319392205635154],
            [-120.656879656490048, 39.319209605635422],
            [-120.656995523156525, 39.319140672302183],
            [-120.657324123156002, 39.318844005635981],
            [-120.657515189822391, 39.318612605636361],
            [-120.657661123155492, 39.318299805636855],
            [-120.657882389821793, 39.317877072304157],
            [-120.657907056488455, 39.317817005637608],
            [-120.658099189821485, 39.317349005638334],
            [-120.658404323154343, 39.317045605638782],
            [-120.658790923153731, 39.316923405638988],
            [-120.658953856486789, 39.316875805639029],
            [-120.659068589819981, 39.316842272305792],
            [-120.65950172315263, 39.316758205639246],
            [-120.660070323151729, 39.316676672306016],
            [-120.660436856484523, 39.31663347230608],
            [-120.660518389817696, 39.316623872306081],
            [-120.660901723150459, 39.316600605639451],
            [-120.66140998981632, 39.316654072306051],
            [-120.66178038981576, 39.316779205639193],
            [-120.661860389815615, 39.316844472305775],
            [-120.661974389815441, 39.31693787230563],
            [-120.661977589815422, 39.317080272305418],
            [-120.661922589815561, 39.317295872305067],
            [-120.661912923148861, 39.317324938971694],
            [-120.661745389815792, 39.317830872304228],
            [-120.661576523149392, 39.318353805636775],
            [-120.661508789816196, 39.318711405636179],
            [-120.661570723149396, 39.319009872302388],
            [-120.661599323149346, 39.319052738968992],
            [-120.661775589815761, 39.31931727230193],
            [-120.661830189815703, 39.319512005634977],
            [-120.661868189815607, 39.319647272301438],
            [-120.662012789815378, 39.319854472301074],
            [-120.662419989814737, 39.320203205633902],
            [-120.662427323148108, 39.320209472300519],
            [-120.662688723147653, 39.320499472300071],
            [-120.662822523147497, 39.320787005632951],
            [-120.663141923146952, 39.321010072299316],
            [-120.663276323146761, 39.321081538965871],
            [-120.663674389812797, 39.321293205632173],
            [-120.664186323145373, 39.321483005631876],
            [-120.664770323144467, 39.321655672298277],
            [-120.665437923143429, 39.321712405631558],
            [-120.666250923142172, 39.321592472298391],
            [-120.666704389808103, 39.321378672298749],
            [-120.66700118980765, 39.321081272299182],
            [-120.667269589807233, 39.320630872299887],
            [-120.667321923140491, 39.32054300563334],
            [-120.667626989806706, 39.3202394723005],
            [-120.667702989806571, 39.320208405633878],
            [-120.668030989806027, 39.320074272300758],
            [-120.668069389806021, 39.320071805634086],
            [-120.668325523138947, 39.32005533896745],
            [-120.668470323138706, 39.32004600563414],
            [-120.668842723138141, 39.320109072300681],
            [-120.669228123137543, 39.320265472300434],
            [-120.669294123137433, 39.320309205633691],
            [-120.669536189803694, 39.320469672300135],
            [-120.669821456469947, 39.320860138966168],
            [-120.66996312313637, 39.321054005632561],
            [-120.670042789802949, 39.321532272298498],
            [-120.67002198980299, 39.32216327229753],
            [-120.669928723136422, 39.322811472296507],
            [-120.669628923136884, 39.323678405628471],
            [-120.669514123137105, 39.324016605627946],
            [-120.669281123137466, 39.324909605626601],
            [-120.669297989804079, 39.32546353895907],
            [-120.669300189804062, 39.325535205625613],
            [-120.669362056470675, 39.325669538958721],
            [-120.669450189803854, 39.325860872291742],
            [-120.669478589803816, 39.32592260562501],
            [-120.66977018980333, 39.326262805624481],
            [-120.669927589803137, 39.326364005624328],
            [-120.670624923135335, 39.326812272290283],
            [-120.671306989800996, 39.327158338956394],
            [-120.671361723134225, 39.327186072289692],
            [-120.671702323133673, 39.327490072289208],
            [-120.67179552313354, 39.32780767228877],
            [-120.671805989800191, 39.32845167228777],
            [-120.671786389800218, 39.328921805620325],
            [-120.671489923134004, 39.329448272286186],
            [-120.671060323134668, 39.329904072285501],
            [-120.670849989801695, 39.330234072284952],
            [-120.670752723135138, 39.330523205617851],
            [-120.670670389801955, 39.330843405617372],
            [-120.670679389801933, 39.331233538950073],
            [-120.67068838980191, 39.331623805616175],
            [-120.670677523135282, 39.332193205615283],
            [-120.670699256468595, 39.332305938948423],
            [-120.670718189801903, 39.332404405614966],
            [-120.671212123134467, 39.333138672280484],
            [-120.671644656467095, 39.333705205612944],
            [-120.67173538980029, 39.333824005612712],
            [-120.671937923133328, 39.334447072278465],
            [-120.672062656466437, 39.334913672277708],
            [-120.672100989799731, 39.33505700561085],
            [-120.672351789799336, 39.3354137389436],
            [-120.672405589799268, 39.335490272276843],
            [-120.672745389798763, 39.335827405609621],
            [-120.672787589798645, 39.335869272276227],
            [-120.673118456464806, 39.335976138942726],
            [-120.673237189797987, 39.33601447227602],
            [-120.673893523130289, 39.336176205609092],
            [-120.674689189795743, 39.336464605608626],
            [-120.67536012312803, 39.336663672274994],
            [-120.675394189794645, 39.336671805608319],
            [-120.675700323127501, 39.336744805608191],
            [-120.676071723126881, 39.336962672274524],
            [-120.676605189792724, 39.337462405607084],
            [-120.677063723125343, 39.337824405606511],
            [-120.677470323124737, 39.338024205606246],
            [-120.677667723124443, 39.338121272272758],
            [-120.678206989790283, 39.338447672272252],
            [-120.678506589789777, 39.338788005605011],
            [-120.678600723122997, 39.339074672271238],
            [-120.678657589789566, 39.339527672270549],
            [-120.678800923122651, 39.340013472269789],
            [-120.6788573231226, 39.34024093893612],
            [-120.678915723122486, 39.340476138935742],
            [-120.678952189789129, 39.340623205602185],
            [-120.678974323122418, 39.340844338935199],
            [-120.679006123122349, 39.341162872268001],
            [-120.679058923122284, 39.341733472267151],
            [-120.679042589788935, 39.342228405599712],
            [-120.679016523122357, 39.342421605599384],
            [-120.67895272312245, 39.342895205598666],
            [-120.678953723122447, 39.342926005598599],
            [-120.678972523122411, 39.343502272264402],
            [-120.679138589788806, 39.344025605596926],
            [-120.6791587231221, 39.344051405596872],
            [-120.679276189788595, 39.344201672263296],
            [-120.679449056454985, 39.344343005596386],
            [-120.679540789788177, 39.34441800559631],
            [-120.679571323121479, 39.344442872262903],
            [-120.680001523120779, 39.344692872262556],
            [-120.680083523120686, 39.344786338929055],
            [-120.680228189787101, 39.344951272262108],
            [-120.680520923120014, 39.345260405595013],
            [-120.680600656453237, 39.345287338928301],
            [-120.680852123119507, 39.3453722722615],
            [-120.681105589785773, 39.345420672261412],
            [-120.6814809897852, 39.345403405594766],
            [-120.681752123118088, 39.345387405594806],
            [-120.681952323117798, 39.345375605594825],
            [-120.682207323117382, 39.345380672261456],
            [-120.682768323116534, 39.345534272261204],
            [-120.682983989782826, 39.345520005594608],
            [-120.683923523114743, 39.34569373892765],
            [-120.684184589780955, 39.345742005594218],
            [-120.684239123114253, 39.345745472260887],
            [-120.684900789779874, 39.345787205594149],
            [-120.685340589779173, 39.345746472260885],
            [-120.685888389778313, 39.345577805594473],
            [-120.686372923110923, 39.345389272261457],
            [-120.686594189777225, 39.345377072261499],
            [-120.687031923109885, 39.345352872261515],
            [-120.68752912310913, 39.34535140559484],
            [-120.687702723108828, 39.34535087226152],
            [-120.687845189775317, 39.345350472261487],
            [-120.688935589773621, 39.345409272261406],
            [-120.689501389772715, 39.345420472261424],
            [-120.689812923105592, 39.345481405594626],
            [-120.689889523105478, 39.3454962722613],
            [-120.690957589770449, 39.345870405594042],
            [-120.691757323102536, 39.346041005593747],
            [-120.691950256435575, 39.346097338926995],
            [-120.692325923101691, 39.346207072260199],
            [-120.692998323100653, 39.34636900559326],
            [-120.693302923100134, 39.346435605593172],
            [-120.693465389766573, 39.34647107225976],
            [-120.693971989765771, 39.346593672259587],
            [-120.694663789764718, 39.346761072259312],
            [-120.69484772309778, 39.346806272259244],
            [-120.695430923096865, 39.346949605592386],
            [-120.696062189762529, 39.347154005592074],
            [-120.696367323095387, 39.347333405591769],
            [-120.696543389761814, 39.347494672258165],
            [-120.696754189761464, 39.347687805591193],
            [-120.697446523093731, 39.349069605589079],
            [-120.697702789760001, 39.349761805588003],
            [-120.697654989760053, 39.350491472253509],
            [-120.697580589760207, 39.350811872253018],
            [-120.697693589760036, 39.351253672252369],
            [-120.698380923092259, 39.352301072250725],
            [-120.698998123091314, 39.352691005583438],
            [-120.699311989757518, 39.353087205582824],
            [-120.699551723090451, 39.35345000558226],
            [-120.699631123090342, 39.353570205582116],
            [-120.699942589756517, 39.353706805581851],
            [-120.700562589755577, 39.353978672248104],
            [-120.700770056421902, 39.353999072248087],
            [-120.701269989754451, 39.354048272248008],
            [-120.701805856420322, 39.354008605581384],
            [-120.70227638975291, 39.353973738914817],
            [-120.702588923085727, 39.353950605581474],
            [-120.70333192308459, 39.353909472248233],
            [-120.704313389749757, 39.354009272248049],
            [-120.704864123082189, 39.353754072248478],
            [-120.705324589748159, 39.353482538915557],
            [-120.7053925230814, 39.353442472248958],
            [-120.706100923080271, 39.353239805582575],
            [-120.706501589746324, 39.353179605582682],
            [-120.706940389745682, 39.353169672249351],
            [-120.708125523077172, 39.353384872249023],
            [-120.70902518974242, 39.35367507224862],
            [-120.709505923075028, 39.353845472248338],
            [-120.709784123074598, 39.353875672248307],
            [-120.710073989740806, 39.353788472248425],
            [-120.710453656406855, 39.353674738915231],
            [-120.710597523073318, 39.353631672248639],
            [-120.710717856406461, 39.35366567224861],
            [-120.710974789739396, 39.353738205581806],
            [-120.711508189738595, 39.354005605581392],
            [-120.711914923071276, 39.354252005581031],
            [-120.712298523070672, 39.354470005580708],
            [-120.712836723069813, 39.354777672246883],
            [-120.713154723069351, 39.355050205579801],
            [-120.713386189735672, 39.355290005579434],
            [-120.713542056402105, 39.355401405579244],
            [-120.713676923068533, 39.355422605579236],
            [-120.714068189734576, 39.355405472245934],
            [-120.714886123066663, 39.355452472245815],
            [-120.715106589732954, 39.355504072245765],
            [-120.715270456399367, 39.355542405579001],
            [-120.715305389732691, 39.355550605579026],
            [-120.71560118973224, 39.355776072245305],
            [-120.715848523065176, 39.356013205578279],
            [-120.716560389730716, 39.356376872244425],
            [-120.717045123063315, 39.356429672244303],
            [-120.71784452306207, 39.356371205577716],
            [-120.718021323061805, 39.356357205577751],
            [-120.719189723059969, 39.356264405577917],
            [-120.719264523059849, 39.356252805577924],
            [-120.719722589725791, 39.356182005578034],
            [-120.721589589722896, 39.356029672244915],
            [-120.722428323054942, 39.355984205578352],
            [-120.723204389720422, 39.355914272245116],
            [-120.72350012305327, 39.355887605578516],
            [-120.725521589716834, 39.355642405578863],
            [-120.726142389715847, 39.355556672245655],
            [-120.726346589715547, 39.355528472245737],
            [-120.726392656382131, 39.355516938912388],
            [-120.727126523047673, 39.35533320557937],
            [-120.728005189712974, 39.355061805579794],
            [-120.72942618971075, 39.354622872247148],
            [-120.730273923042773, 39.354298872247625],
            [-120.730687323042105, 39.354090272247959],
            [-120.730878523041838, 39.35385247224832],
            [-120.731073789708205, 39.353608805582041],
            [-120.731364189707733, 39.353503005582184],
            [-120.731707323040553, 39.353497272248887],
            [-120.732072323039972, 39.353553872248767],
            [-120.732483523039321, 39.353661005581955],
            [-120.733021389705186, 39.353795272248419],
            [-120.733788389703989, 39.353995872248106],
            [-120.73434878970312, 39.354174072247815],
            [-120.734895323035573, 39.35441367224746],
            [-120.73571592303432, 39.354931205579987],
            [-120.736422723033229, 39.355266805579447],
            [-120.736966923032412, 39.355450805579153],
            [-120.737131523032133, 39.355452872245849],
            [-120.737875723030982, 39.355462205579158],
            [-120.74015272302745, 39.35520307224624],
            [-120.740506123026876, 39.355176205579596],
            [-120.741447723025431, 39.355104472246353],
            [-120.744062989688018, 39.354934938913289],
            [-120.744240589687763, 39.354923405579996],
            [-120.744616189687179, 39.354899672246688],
            [-120.7450603230198, 39.354976472246562],
            [-120.746327189684507, 39.355564405579003],
            [-120.746929123016912, 39.355941272245047],
            [-120.746957989683551, 39.35597240557837],
            [-120.747318323016316, 39.356360405577732],
            [-120.747419656349507, 39.356429872244291],
            [-120.747680056349111, 39.356608338910689],
            [-120.747950389681989, 39.356793672243725],
            [-120.748503123014473, 39.357213005576455],
            [-120.748787589680717, 39.357540405575946],
            [-120.748857923013929, 39.357838872242155],
            [-120.748934589680459, 39.358184938908266],
            [-120.748983323013761, 39.35840467224125],
            [-120.749047789680276, 39.358876472240524],
            [-120.749273389679956, 39.359920872238888],
            [-120.749556389679526, 39.360545405571258],
            [-120.74975612301256, 39.360784605570871],
            [-120.749999989678827, 39.360888272237389],
            [-120.750168523011894, 39.360869872237402],
            [-120.750288189678372, 39.360856805570791],
            [-120.750555923011291, 39.360713405571005],
            [-120.750774123010956, 39.360537072237946],
            [-120.750817923010857, 39.360501672238001],
            [-120.750932389677359, 39.360411072238151],
            [-120.751049789677211, 39.360301005571614],
            [-120.751769923009419, 39.360224405571785],
            [-120.752157323008817, 39.360275805571689],
            [-120.752647123008046, 39.360465472238047],
            [-120.753254789673747, 39.360696405571048],
            [-120.753590589673252, 39.360790672237556],
            [-120.753841656339546, 39.360842738904125],
            [-120.754264123005555, 39.360930405570684],
            [-120.754872923004598, 39.361016605570512],
            [-120.754901389671204, 39.361020605570502],
            [-120.755569523003487, 39.361130872237027],
            [-120.756350923002287, 39.361326205570037],
            [-120.756388456335571, 39.361333338903364],
            [-120.757236723000915, 39.361494272236428],
            [-120.757525323000493, 39.361499872236436],
            [-120.757532789667152, 39.361497805569797],
            [-120.757734323000136, 39.361440605569896],
            [-120.757893722999881, 39.361360872236673],
            [-120.758228522999389, 39.361099405570428],
            [-120.758417122999106, 39.360893405570721],
            [-120.758747589665234, 39.360568472237901],
            [-120.759216256331172, 39.360278472238349],
            [-120.759282189664418, 39.360237672238384],
            [-120.760043522996568, 39.359789472239129],
            [-120.760593522995691, 39.359468805572931],
            [-120.760994856328409, 39.359295272239876],
            [-120.761089922994927, 39.359254205573279],
            [-120.761317989661279, 39.359185472240029],
            [-120.761601589660813, 39.359147072240091],
            [-120.762162722993253, 39.359167605573418],
            [-120.762500789659441, 39.35918607224005],
            [-120.762713989659062, 39.359197805573331],
            [-120.762935856325385, 39.359194138906673],
            [-120.76366852299094, 39.359182005573359],
            [-120.764089922990308, 39.359148472240122],
            [-120.764606122989505, 39.359107405573468],
            [-120.765573656321294, 39.359078872240218],
            [-120.765608122987942, 39.359077872240221],
            [-120.765648322987886, 39.359081138906845],
            [-120.766152722987101, 39.359122472240131],
            [-120.766884522985947, 39.359199872240026],
            [-120.767483922985036, 39.359299072239878],
            [-120.768436189650231, 39.359648605572659],
            [-120.768612722983278, 39.359718405572551],
            [-120.769161389649071, 39.359935272238886],
            [-120.769775389648146, 39.360166405571874],
            [-120.770284389647315, 39.360346672238222],
            [-120.770387056313837, 39.360375338904873],
            [-120.770978122979614, 39.360540205571283],
            [-120.771453122978869, 39.360602872237848],
            [-120.77180052297831, 39.360625138904481],
            [-120.77199798964466, 39.360637805571116],
            [-120.772380722977402, 39.360645005571087],
            [-120.772505789643901, 39.360636605571131],
            [-120.772663189643652, 39.360626072237778],
            [-120.772663589643628, 39.360626072237778],
            [-120.772942589643208, 39.360538805571252],
            [-120.773134589642893, 39.360420672238149],
            [-120.773277722976047, 39.360262672238377],
            [-120.773483789642341, 39.359998605572116],
            [-120.773514522975631, 39.359624005572698],
            [-120.773504989642333, 39.359487072239574],
            [-120.773475722975718, 39.359067872240246],
            [-120.773457189642386, 39.35856340557433],
            [-120.773455522975723, 39.358516872241069],
            [-120.773429589642433, 39.358248472241485],
            [-120.773533722975628, 39.357933805575328],
            [-120.773695922975378, 39.357766272242259],
            [-120.773699856308724, 39.357763805575587],
            [-120.773964722974938, 39.357600872242472],
            [-120.774313189641077, 39.35750040557599],
            [-120.774667589640558, 39.357404872242796],
            [-120.775097322973181, 39.357310805576276],
            [-120.775482122972619, 39.357249872243017],
            [-120.775922522971939, 39.357219405576416],
            [-120.776590722970866, 39.357222405576408],
            [-120.777010122970239, 39.35725960557636],
            [-120.777920122968794, 39.357457272242698],
            [-120.778412922968073, 39.357554272242567],
            [-120.778857722967359, 39.357577472242554],
            [-120.779362922966584, 39.357582205575852],
            [-120.779702922966067, 39.357544872242613],
            [-120.780221789631923, 39.357408605576154],
            [-120.780571789631381, 39.357259405576372],
            [-120.78082932296428, 39.357054805576695],
            [-120.781124322963819, 39.35685580557697],
            [-120.78140472296343, 39.3567198055772],
            [-120.781815922962778, 39.35661560557736],
            [-120.782273189628711, 39.356546272244145],
            [-120.78266892296142, 39.356534405577463],
            [-120.782930589627711, 39.356593005577395],
            [-120.783066522960837, 39.356663805577284],
            [-120.783109989627405, 39.356701405577212],
            [-120.783164189627371, 39.356748472243794],
            [-120.783306722960447, 39.35760380557582],
            [-120.783502389626847, 39.358163005574966],
            [-120.783618389626611, 39.358662205574205],
            [-120.783674389626526, 39.359174805573389],
            [-120.783674589626571, 39.359564605572757],
            [-120.78360932295999, 39.360045672238698],
            [-120.783521722960131, 39.360433805571461],
            [-120.783307456293812, 39.361187805570239],
            [-120.783277989627152, 39.361291605570102],
            [-120.783193856293963, 39.361711338902808],
            [-120.783188522960643, 39.361738072236051],
            [-120.783172922960659, 39.362035005568941],
            [-120.783229922960572, 39.362216405568688],
            [-120.783361989627053, 39.362397805568378],
            [-120.783395322960303, 39.36244360556833],
            [-120.783605389626644, 39.362550005568153],
            [-120.784093322959222, 39.36260307223472],
            [-120.784482189625294, 39.362610472234735],
            [-120.784719189624923, 39.362658805568003],
            [-120.785117189624316, 39.362773605567781],
            [-120.78535538962393, 39.362783005567792],
            [-120.785952322956348, 39.362765205567825],
            [-120.786278322955866, 39.362776272234441],
            [-120.786521922955444, 39.362815005567711],
            [-120.787043389621317, 39.362898005567615],
            [-120.787060789621307, 39.362895872234276],
            [-120.787446589620686, 39.362852005567674],
            [-120.788083189619726, 39.3627666722345],
            [-120.788281722952718, 39.362638872234697],
            [-120.788467789619119, 39.362311072235173],
            [-120.78873178961868, 39.361902005569164],
            [-120.788841522951884, 39.361759405569387],
            [-120.789019789618237, 39.361527405569745],
            [-120.789233322951247, 39.361326872236702],
            [-120.790016989616731, 39.360854605570808],
            [-120.790710122948951, 39.360570472237896],
            [-120.791393789614574, 39.360183872238508],
            [-120.791903522947109, 39.359945072238872],
            [-120.792581322946035, 39.359743472239188],
            [-120.79273405627913, 39.359721338905899],
            [-120.793085789611951, 39.359670272239271],
            [-120.793461789611342, 39.359687205572584],
            [-120.793760722944228, 39.359761072239166],
            [-120.794194989610219, 39.35992520557221],
            [-120.794574989609657, 39.360215005571774],
            [-120.795193722942031, 39.360899072237373],
            [-120.795620989607983, 39.361180005570304],
            [-120.796416522940092, 39.361433805569902],
            [-120.796765989606229, 39.361494072236439],
            [-120.797199389605566, 39.361487672236478],
            [-120.797655522938157, 39.361350072236689],
            [-120.798157589604045, 39.361155005570311],
            [-120.798661189603308, 39.3609062055707],
            [-120.799055322935999, 39.360748072237641],
            [-120.799469322935352, 39.36045380557141],
            [-120.799747322934934, 39.359996205572088],
            [-120.800121189601043, 39.359681672239276],
            [-120.80067612293351, 39.359200072240014],
            [-120.800990722933022, 39.358977005573706],
            [-120.801342989599107, 39.358647405574231],
            [-120.801487789598923, 39.358564672241016],
            [-120.801739189598493, 39.358421072241242],
            [-120.801885322931639, 39.358358272241333],
            [-120.802184522931157, 39.358229672241521],
            [-120.802674722930419, 39.358010005575181],
            [-120.803130122929701, 39.35789667224202],
            [-120.803535722929041, 39.357772872242208],
            [-120.803872189595211, 39.357647672242422],
            [-120.804258389594622, 39.357440605576073],
            [-120.804543589594175, 39.357153672243214],
            [-120.804760322927166, 39.356845872243696],
            [-120.804877989593649, 39.356497272244212],
            [-120.804895389593639, 39.356407005577694],
            [-120.804952789593528, 39.356109005578162],
            [-120.804984989593493, 39.355731872245372],
            [-120.805040189593399, 39.355521605579042],
            [-120.805127589593269, 39.355189005579575],
            [-120.805146922926554, 39.355111272246347],
            [-120.805296322926324, 39.354510005580607],
            [-120.805448922926075, 39.354244872247705],
            [-120.805668122925738, 39.354059005581348],
            [-120.805952989591958, 39.353981605581453],
            [-120.806282522924789, 39.353880605581594],
            [-120.8066115229243, 39.353794205581721],
            [-120.807458389589613, 39.353605605582061],
            [-120.807714922922571, 39.353561405582127],
            [-120.808376389588204, 39.353447405582301],
            [-120.808643789587791, 39.353325805582472],
            [-120.808989522920569, 39.353108205582828],
            [-120.809365122919985, 39.352935005583049],
            [-120.809524189586455, 39.352882872249836],
            [-120.809688522919487, 39.35282900558326],
            [-120.810047389585634, 39.352791805583308],
            [-120.810329722918539, 39.352797205583272],
            [-120.810336322918488, 39.352798605583303],
            [-120.810875189584351, 39.352914605583123],
            [-120.811407522916852, 39.353148805582748],
            [-120.811875389582781, 39.353440205582274],
            [-120.812349189582051, 39.35394600558152],
            [-120.812878522914559, 39.354482072247322],
            [-120.813282122913904, 39.354821072246807],
            [-120.813356656247151, 39.354871605580058],
            [-120.813840456246396, 39.355199338912882],
            [-120.813844389579742, 39.355202005579542],
            [-120.813884189579653, 39.355222472246169],
            [-120.814208922912485, 39.355389072245941],
            [-120.814563589578597, 39.355523605579037],
            [-120.814587322911905, 39.355532605579015],
            [-120.814831322911516, 39.355556605579011],
            [-120.815019189577924, 39.355565005578967],
            [-120.815074456244474, 39.35554533891235],
            [-120.815292189577463, 39.355467805579167],
            [-120.815537389577116, 39.355253205579459],
            [-120.815595122910338, 39.355065272246406],
            [-120.815628189576955, 39.354957672246599],
            [-120.815656122910241, 39.35466587224704],
            [-120.815660122910231, 39.354134872247869],
            [-120.815717322910132, 39.353853872248294],
            [-120.815734189576801, 39.353770872248447],
            [-120.815867522909912, 39.353519872248853],
            [-120.816063189576255, 39.353280005582519],
            [-120.816327322909217, 39.352963405583012],
            [-120.816717322908573, 39.352732005583391],
            [-120.81721158957447, 39.352560472250332],
            [-120.817250189574452, 39.352547072250331],
            [-120.818009989573284, 39.352332272250692],
            [-120.818686522905523, 39.352169605584265],
            [-120.818744322905445, 39.352153872250938],
            [-120.81900578957169, 39.35208287225106],
            [-120.81927678957129, 39.352009272251166],
            [-120.819575722904176, 39.351928072251326],
            [-120.820087189570017, 39.351625805585115],
            [-120.820675589569134, 39.351271405585635],
            [-120.821237189568251, 39.350970072252778],
            [-120.821660722900901, 39.350768472253094],
            [-120.822002389567047, 39.350682405586554],
            [-120.822387322899772, 39.350611605586664],
            [-120.822719322899275, 39.350632405586623],
            [-120.823031389565472, 39.35068687225322],
            [-120.823340922898296, 39.350824272253021],
            [-120.823780789564296, 39.351207672252428],
            [-120.824109589563761, 39.351489338918668],
            [-120.824135389563764, 39.351511472251957],
            [-120.82430198956348, 39.351602272251796],
            [-120.8245381895631, 39.351674872251692],
            [-120.824699456229553, 39.351703338918298],
            [-120.824847189562661, 39.351729405584933],
            [-120.825130389562219, 39.351705472251638],
            [-120.825428722895083, 39.351594205585172],
            [-120.825519389561578, 39.351540205585252],
            [-120.825658922894718, 39.35145707225206],
            [-120.825918789561001, 39.351169672252468],
            [-120.826169989560583, 39.350760205586425],
            [-120.826333989560339, 39.350529405586826],
            [-120.826593589559934, 39.350256605587219],
            [-120.82661752289323, 39.35023847225392],
            [-120.827004522892651, 39.34994640558773],
            [-120.827078722892509, 39.349890405587814],
            [-120.827495389558521, 39.349605872254926],
            [-120.827678856224907, 39.349538872255039],
            [-120.827774722891434, 39.34950387225507],
            [-120.827989322891085, 39.349464072255103],
            [-120.828195989557457, 39.349477605588447],
            [-120.828369589557155, 39.349544205588359],
            [-120.828571989556849, 39.349694072254749],
            [-120.82889298955638, 39.35007040558753],
            [-120.829092189556036, 39.35032260558711],
            [-120.829251789555826, 39.350437672253634],
            [-120.8293151895557, 39.350454405586902],
            [-120.829469722888803, 39.350495272253511],
            [-120.829675589555166, 39.350492472253507],
            [-120.829767989555023, 39.350491205586877],
            [-120.829822056221587, 39.350449472253615],
            [-120.829915922888119, 39.350377005587063],
            [-120.829938722888073, 39.350245872253936],
            [-120.829871389554853, 39.349986405587629],
            [-120.829897922888165, 39.349738405588027],
            [-120.829979122888005, 39.34954980558831],
            [-120.830127122887802, 39.349430805588497],
            [-120.830279922887541, 39.349360605588629],
            [-120.830842722886644, 39.349220072255491],
            [-120.831043722886363, 39.349177272255588],
            [-120.831158589552842, 39.349152805588972],
            [-120.831425322885764, 39.349050605589127],
            [-120.831603789552162, 39.34896140558925],
            [-120.831885722885033, 39.348814005589475],
            [-120.83220658955122, 39.348646205589716],
            [-120.832439789550847, 39.348514938923245],
            [-120.832877122883531, 39.348268805590294],
            [-120.833332522882813, 39.347950872257456],
            [-120.833964989548463, 39.347540405591474],
            [-120.834456322881067, 39.347221472258582],
            [-120.834757789547268, 39.346998405592274],
            [-120.834860922880409, 39.346922072259076],
            [-120.834980256213555, 39.346868538925833],
            [-120.835236389546537, 39.346753672259354],
            [-120.835672522879179, 39.346649672259502],
            [-120.836208122878361, 39.346581605592917],
            [-120.836552789544498, 39.346592872259578],
            [-120.837002589543772, 39.346659672259477],
            [-120.837231589543421, 39.34671480559274],
            [-120.837728189542645, 39.346834005592541],
            [-120.838050656208793, 39.346867605592479],
            [-120.838241189541861, 39.34688740559244],
            [-120.83871978954113, 39.347025138925574],
            [-120.838838322874267, 39.347059272258889],
            [-120.839368989540105, 39.347147072258736],
            [-120.839494989539901, 39.347152405592055],
            [-120.839575789539765, 39.347155805592024],
            [-120.839833722872697, 39.347136205592051],
            [-120.840518589538306, 39.347007605592296],
            [-120.840981122870915, 39.346860272259164],
            [-120.841019656204196, 39.346847272259197],
            [-120.84141872287023, 39.346712472259412],
            [-120.841888989536187, 39.346521472259724],
            [-120.841958722869435, 39.346489538926392],
            [-120.842175322869082, 39.34639040559324],
            [-120.842488189535288, 39.346215872260188],
            [-120.842719122868232, 39.346054472260448],
            [-120.843164722867527, 39.345746072260908],
            [-120.84330052286731, 39.345606405594424],
            [-120.843433256200456, 39.345469872261333],
            [-120.843495189533712, 39.34540620559477],
            [-120.843883789533095, 39.345009005595386],
            [-120.844230922865904, 39.344742605595798],
            [-120.844735589531751, 39.344449872262885],
            [-120.845222322864345, 39.344234672263269],
            [-120.845588522863807, 39.344163605596691],
            [-120.846052122863057, 39.344181872263334],
            [-120.846228922862792, 39.344203538929946],
            [-120.846614922862216, 39.344250805596573],
            [-120.847074522861476, 39.344277605596517],
            [-120.847103389528115, 39.344279272263179],
            [-120.847390989527639, 39.344313805596471],
            [-120.847933389526816, 39.344426205596278],
            [-120.848957989525218, 39.344679005595879],
            [-120.84976512285732, 39.344961872262104],
            [-120.850103722856772, 39.345172805595098],
            [-120.850122989523413, 39.345190605595121],
            [-120.850561389522738, 39.345595405594452],
            [-120.850787122855706, 39.345804205594163],
            [-120.851285122854961, 39.346247005593455],
            [-120.851667589521014, 39.346458672259814],
            [-120.851921922853933, 39.346556005592959],
            [-120.852221322853495, 39.346615072259567],
            [-120.852446522853143, 39.34663867225953],
            [-120.852716522852745, 39.346634005592875],
            [-120.853146722852046, 39.346520072259693],
            [-120.853372322851726, 39.346357672259956],
            [-120.853377589518345, 39.34635380559331],
            [-120.85364072285131, 39.345964005593885],
            [-120.85384752285097, 39.345558605594533],
            [-120.85414578951719, 39.344935472262136],
            [-120.85420238951707, 39.34485753892892],
            [-120.854466789516664, 39.344493205596166],
            [-120.854525456183239, 39.344408538929656],
            [-120.854690122849661, 39.344170872263362],
            [-120.854940389515946, 39.343985472263626],
            [-120.855366789515244, 39.343788605597297],
            [-120.855880122847793, 39.343627472264188],
            [-120.856531122846775, 39.34347387226444],
            [-120.857002189512741, 39.343308738931341],
            [-120.857098789512577, 39.343274805598071],
            [-120.857526322845274, 39.343039072265128],
            [-120.857963589511257, 39.342901005598662],
            [-120.858550522843643, 39.342790005598829],
            [-120.859370789509057, 39.342644272265716],
            [-120.859897322841562, 39.342573605599171],
            [-120.860104789507943, 39.342545672265885],
            [-120.860391722840802, 39.342476072265981],
            [-120.860534589507267, 39.342441472266046],
            [-120.861205522839555, 39.342254072266314],
            [-120.861761389505318, 39.34213267226653],
            [-120.861898256171798, 39.342096072266543],
            [-120.861982789505021, 39.342073405599933],
            [-120.862564989504108, 39.3420158722667],
            [-120.863129922836549, 39.342006872266722],
            [-120.863405322836115, 39.342031405599982],
            [-120.863729189502294, 39.342110405599897],
            [-120.864088922835037, 39.342248472266306],
            [-120.864519522834371, 39.342534205599236],
            [-120.864709389500774, 39.342683805598995],
            [-120.86498292283369, 39.342976272265219],
            [-120.865462922832933, 39.343389472264562],
            [-120.865648656166002, 39.343456938931126],
            [-120.865717389499196, 39.34348187226442],
            [-120.865968122832157, 39.343491405597717],
            [-120.866213389498455, 39.343471472264412],
            [-120.866644122831076, 39.343338072264658],
            [-120.867102389497063, 39.343127205598307],
            [-120.867382189496595, 39.343000805598479],
            [-120.867528322829742, 39.342945005598608],
            [-120.867611789496266, 39.342936072265275],
            [-120.867723522829408, 39.342924272265293],
            [-120.867951722829048, 39.342952805598543],
            [-120.868175589495365, 39.343028205598443],
            [-120.86834918949512, 39.343086672265031],
            [-120.868546389494838, 39.343202405598163],
            [-120.868658789494646, 39.343280138931391],
            [-120.868669389494642, 39.343287472264706],
            [-120.868931789494241, 39.343940272263694],
            [-120.869100722827284, 39.344167472263337],
            [-120.869497322826646, 39.344540205596104],
            [-120.869770789492918, 39.344832672262328],
            [-120.869853722826122, 39.344926405595515],
            [-120.870086322825784, 39.345189205595091],
            [-120.870253856158854, 39.345310538928231],
            [-120.87041778949191, 39.345429205594712],
            [-120.870896989491143, 39.345662072261007],
            [-120.871058122824252, 39.345683272260999],
            [-120.871197122824015, 39.345701605594286],
            [-120.871480522823617, 39.34566780559436],
            [-120.871850322823036, 39.345474805594677],
            [-120.872227722822458, 39.345238072261679],
            [-120.872534789488611, 39.345044005595298],
            [-120.872756322821601, 39.344979805595415],
            [-120.872981922821282, 39.344988805595392],
            [-120.873237789487519, 39.345037272262005],
            [-120.873535989487095, 39.345135405595158],
            [-120.873550122820404, 39.345141405595143],
            [-120.874164789486088, 39.345405072261428],
            [-120.874899522818282, 39.345803405594154],
            [-120.875182656151196, 39.34591660559397],
            [-120.875537989483973, 39.346058672260426],
            [-120.875953589483288, 39.346222072260161],
            [-120.8760555228165, 39.346255005593434],
            [-120.876398589482619, 39.346391405593238],
            [-120.876430322815906, 39.34639840559322],
            [-120.876646322815589, 39.346421872259839],
            [-120.876916322815134, 39.346431672259826],
            [-120.877098922814866, 39.346418005593193],
            [-120.877326322814497, 39.346378205593226],
            [-120.877665322813982, 39.346286805593365],
            [-120.8780399228134, 39.346146005593596],
            [-120.878605989479183, 39.345933072260607],
            [-120.879165389478317, 39.345718872260932],
            [-120.8795139894778, 39.345622805594417],
            [-120.879917989477178, 39.345561805594514],
            [-120.880183522810057, 39.345508072261282],
            [-120.880753989475863, 39.345342805594839],
            [-120.881117975933648, 39.345271849344954],
            [-120.881326122808332, 39.345231272261685],
            [-120.881682789474439, 39.345281672261592],
            [-120.881987589473965, 39.34538480559479],
            [-120.88215178947371, 39.345460872261356],
            [-120.882415122806606, 39.345582805594461],
            [-120.882799989472687, 39.345741072260921],
            [-120.882885656139194, 39.345761205594215],
            [-120.883024722805658, 39.345793872260799],
            [-120.883199589472042, 39.345826405594096],
            [-120.883392989471758, 39.345827605594081],
            [-120.883607989471443, 39.345829005594112],
            [-120.884257722803738, 39.345748072260903],
            [-120.884674522803095, 39.345677605594346],
            [-120.88519572280228, 39.345482072261291],
            [-120.885579322801732, 39.345264672261635],
            [-120.885845589467976, 39.345050072261984],
            [-120.885875522801257, 39.345026072262044],
            [-120.886314389467259, 39.344643805595922],
            [-120.886724522799909, 39.344124872263421],
            [-120.88684672279976, 39.343970272263675],
            [-120.887043789466077, 39.34368607226412],
            [-120.887164789465942, 39.343424672264518],
            [-120.887361189465594, 39.343160005598236],
            [-120.887512789465347, 39.342921272265301],
            [-120.887532789465354, 39.342889805598645],
            [-120.887604122798564, 39.342706472265604],
            [-120.887621322798566, 39.342662205599026],
            [-120.887674389465133, 39.342360605599481],
            [-120.887750989465019, 39.341903405600192],
            [-120.887832922798225, 39.341582872267338],
            [-120.887963522798032, 39.341419272267615],
            [-120.8881625227977, 39.341276605601195],
            [-120.888357989464055, 39.341045872268182],
            [-120.888495322797155, 39.340909005601759],
            [-120.888655989463587, 39.340748805602004],
            [-120.888765322796758, 39.340649538935452],
            [-120.888856322796642, 39.340567005602281],
            [-120.88902378946301, 39.340428472269139],
            [-120.889196989462732, 39.340309672269314],
            [-120.88942038946243, 39.340196672269485],
            [-120.889451389462351, 39.34018533893618],
            [-120.88967452279536, 39.340103672269663],
            [-120.889766189461852, 39.34007200560302],
            [-120.890693589460454, 39.339751405603522],
            [-120.891227789459606, 39.339536605603882],
            [-120.891306922792808, 39.339515605603879],
            [-120.891759922792119, 39.339395005604104],
            [-120.89198872279178, 39.339306405604248],
            [-120.892063922791635, 39.339276072270934],
            [-120.892185922791441, 39.339227005604357],
            [-120.892523722790941, 39.339067272271279],
            [-120.892803522790473, 39.338955205604748],
            [-120.893761189455688, 39.338552872272089],
            [-120.894300989454848, 39.338362672272353],
            [-120.894694922787551, 39.338218472272558],
            [-120.895113722786903, 39.338079805606128],
            [-120.895406122786483, 39.337968005606285],
            [-120.895521989452959, 39.337906805606394],
            [-120.895674322786022, 39.337826405606506],
            [-120.895927789452287, 39.33765040560678],
            [-120.896231122785196, 39.337382672273861],
            [-120.896426722784895, 39.337147205607607],
            [-120.89669752278445, 39.336703205608273],
            [-120.896862989450881, 39.336423205608696],
            [-120.897028722783944, 39.33619240560904],
            [-120.897049789450591, 39.33616300560908],
            [-120.89721138945032, 39.336014805609352],
            [-120.897256789450239, 39.335987872276064],
            [-120.897371322783385, 39.335920072276167],
            [-120.897687922782893, 39.335838005609617],
            [-120.89797458944912, 39.335706472276456],
            [-120.898299122781964, 39.335570872276719],
            [-120.898331789448605, 39.335555072276691],
            [-120.898687989448035, 39.335382805610323],
            [-120.898955989447586, 39.335241205610544],
            [-120.899222789447208, 39.33514840561071],
            [-120.899770989446324, 39.334987472277589],
            [-120.900325722778803, 39.334929205611047],
            [-120.900767322778108, 39.334868872277809],
            [-120.901266722777336, 39.334765672277967],
            [-120.901691122776697, 39.334651272278109],
            [-120.902077722776085, 39.334541205611629],
            [-120.902759122775024, 39.334338805611935],
            [-120.903017789441321, 39.334329005611949],
            [-120.903281189440918, 39.334319005611974],
            [-120.903581789440409, 39.334353605611909],
            [-120.903835789440052, 39.334470405611739],
            [-120.903924789439884, 39.334553672278275],
            [-120.904159722772874, 39.334773805611292],
            [-120.904307922772659, 39.334864405611143],
            [-120.904537589438974, 39.334956272277623],
            [-120.904793922771887, 39.335000005610937],
            [-120.905252389437862, 39.335110672277381],
            [-120.90547412277084, 39.335261072277149],
            [-120.905581322770672, 39.335458072276879],
            [-120.90564432277057, 39.335664205609874],
            [-120.905728122770427, 39.336012072275992],
            [-120.90583112277028, 39.3363506056088],
            [-120.905978722770044, 39.336670405608345],
            [-120.906274922769569, 39.336935072274571],
            [-120.906290789436241, 39.33694927227458],
            [-120.906631589435676, 39.33721400560745],
            [-120.906915789435232, 39.337375272273903],
            [-120.907295722768026, 39.337489405607073],
            [-120.907383522767873, 39.337498605607038],
            [-120.907521122767662, 39.337513005607036],
            [-120.907782722767251, 39.337522538940334],
            [-120.90778478943389, 39.337522605606978],
            [-120.908138189433373, 39.337470405607064],
            [-120.908568122766042, 39.337380605607223],
            [-120.908952989432066, 39.337328872273986],
            [-120.909236389431669, 39.337304672274001],
            [-120.909275589431616, 39.337303672274004],
            [-120.909456522764629, 39.337298872274005],
            [-120.910254722763398, 39.337396205607206],
            [-120.910590789429534, 39.337550738940308],
            [-120.910607989429536, 39.337558672273587],
            [-120.910804922762566, 39.337698805606749],
            [-120.910963122762325, 39.337872405606447],
            [-120.911120389428731, 39.338075272272818],
            [-120.911303722761772, 39.338249272272549],
            [-120.911451189428192, 39.338359272272385],
            [-120.912298922760215, 39.338771005605054],
            [-120.91244232276, 39.338840605604958],
            [-120.91281752275944, 39.339039872271314],
            [-120.913123189425619, 39.339202272271052],
            [-120.913212322758795, 39.339249605604323],
            [-120.913559989424925, 39.339392472270788],
            [-120.914051389424174, 39.339557405603841],
            [-120.914423989423597, 39.339705605603626],
            [-120.914734389423131, 39.339833072270096],
            [-120.915316189422242, 39.340131405602961],
            [-120.915695922754935, 39.340357805602594],
            [-120.916193322754168, 39.340537405602333],
            [-120.916424722753845, 39.340570805602283],
            [-120.91658672275355, 39.340581805602255],
            [-120.916619122753502, 39.340584005602238],
            [-120.916821522753196, 39.340538872269008],
            [-120.916987256086315, 39.340427538935842],
            [-120.917026722752894, 39.340401072269174],
            [-120.91718352275268, 39.340199005602869],
            [-120.917368589419027, 39.339890005603309],
            [-120.917389456085687, 39.339855272270029],
            [-120.917626389418615, 39.339460405603973],
            [-120.917678789418574, 39.339374805604109],
            [-120.917936722751506, 39.338953605604786],
            [-120.918052456084638, 39.338805272271657],
            [-120.918084922751234, 39.338763605605095],
            [-120.918188189417776, 39.338631205605282],
            [-120.918517522750562, 39.338334605605723],
            [-120.918830322750068, 39.338169405605981],
            [-120.91911578941631, 39.338076872272779],
            [-120.919127789416279, 39.338074605606153],
            [-120.919400122749209, 39.338023405606236],
            [-120.919715122748698, 39.33799487227293],
            [-120.920004522748286, 39.337980605606276],
            [-120.920350389414409, 39.337972072272976],
            [-120.920777722747061, 39.337990205606275],
            [-120.921224888371398, 39.338172117064346],
            [-120.921552063370882, 39.338172117064346],
            [-120.922027956078466, 39.338053144147864],
            [-120.92256333524432, 39.338142374356039],
            [-120.922801281077284, 39.338172117064346],
            [-120.92325092274325, 39.338066005606152],
            [-120.923417322742978, 39.338056072272821],
            [-120.924366389408192, 39.337936472273043],
            [-120.924879522740696, 39.337794272273243],
            [-120.925233322740155, 39.337517672273691],
            [-120.925307589406714, 39.337374605607238],
            [-120.925426522739883, 39.3371454056076],
            [-120.925612189406252, 39.336935138941215],
            [-120.925621589406205, 39.336924472274575],
            [-120.925884522739125, 39.336743672274849],
            [-120.926250189405266, 39.336486805608615],
            [-120.926503989404864, 39.336296072275559],
            [-120.926809389404355, 39.336169805609075],
            [-120.927168389403846, 39.336142072275834],
            [-120.927353456070193, 39.33616600560913],
            [-120.927474989403322, 39.336181672275757],
            [-120.927823989402782, 39.33628060560892],
            [-120.928046389402482, 39.336406472275371],
            [-120.928217522735508, 39.336570605608472],
            [-120.928465922735143, 39.336882272274636],
            [-120.928801389401258, 39.337225005607479],
            [-120.92918012273401, 39.337485405607083],
            [-120.929244656067283, 39.337518472273644],
            [-120.929761989399822, 39.337783672273247],
            [-120.930016789399417, 39.337876005606461],
            [-120.930304122732309, 39.33793480560638],
            [-120.930873789398049, 39.338003472272931],
            [-120.930831962314812, 39.337963914981287],
            [-120.931129394605989, 39.337934171231382],
            [-120.931456570647185, 39.337934171231382],
            [-120.93194271856305, 39.338094369147768],
            [-120.932098389396174, 39.338102205606106],
            [-120.932431922728995, 39.338119005606075],
            [-120.933066589394684, 39.338115605606049],
            [-120.933446522727422, 39.338015005606223],
            [-120.933632922727099, 39.337912138939714],
            [-120.933797789393509, 39.337821205606531],
            [-120.934126522726331, 39.337539072273614],
            [-120.934539922725719, 39.337156205607585],
            [-120.934557122725664, 39.337140072274281],
            [-120.934749922725359, 39.336959805607876],
            [-120.934982522725022, 39.336744405608215],
            [-120.935069322724871, 39.336570272275139],
            [-120.935147322724788, 39.336264272275628],
            [-120.935415993557683, 39.335959813942736],
            [-120.935590884182432, 39.33570342644316],
            [-120.935858572723646, 39.335584453526678],
            [-120.935947802931878, 39.335524967068409],
            [-120.936185748764842, 39.335435736860234],
            [-120.936334465431287, 39.335376250402021],
            [-120.936542668555944, 39.335346507693714],
            [-120.936849389388783, 39.335105272277417],
            [-120.937167871679947, 39.335174591027283],
            [-120.937477201887816, 39.335150797277322],
            [-120.937738942512397, 39.335150797277322],
            [-120.93804827167861, 39.335150797277322],
            [-120.938238628969998, 39.335150797277322],
            [-120.938476574802962, 39.335127002485706],
            [-120.938643137302677, 39.33510320769409],
            [-120.938833494594064, 39.335127002485706],
            [-120.938952467510546, 39.335031823319184],
            [-120.938976262302162, 39.334960439985991],
            [-120.939052522718725, 39.334757605611287],
            [-120.939119030010261, 39.334841467069509],
            [-120.939333181051609, 39.334912850402702],
            [-120.939547332092957, 39.334960439985991],
            [-120.939951841467291, 39.334960439985991],
            [-120.940237456050227, 39.334958205610974],
            [-120.940675589382863, 39.335063338944167],
            [-120.941316722715214, 39.335217205610547],
            [-120.941715456047916, 39.335362872277017],
            [-120.942093356047337, 39.335555305610058],
            [-120.942331301880301, 39.335650483734923],
            [-120.942521659171632, 39.335721867068116],
            [-120.942728256046337, 39.335764938943043],
            [-120.942783399796269, 39.335793251443022],
            [-120.942854783129462, 39.33593601915112],
            [-120.942997550837561, 39.336078786859218],
            [-120.943164113337332, 39.336150170192468],
            [-120.943449648753528, 39.336221554567373],
            [-120.943687594586493, 39.33626914310895],
            [-120.944020719585978, 39.336411910817048],
            [-120.944353843543809, 39.336554678525147],
            [-120.944507789376928, 39.336736072274903],
            [-120.944877324793026, 39.337054366024404],
            [-120.945043887292741, 39.337244722274079],
            [-120.945115271667646, 39.337387489982234],
            [-120.945329422708937, 39.337530257690332],
            [-120.945448395625419, 39.337649230606814],
            [-120.945710136250057, 39.337791998314913],
            [-120.945829109166539, 39.337839587898145],
            [-120.946086322707799, 39.33792407227304],
            [-120.946186028957641, 39.338125123314398],
            [-120.946233618540873, 39.338196506647591],
            [-120.946352591457355, 39.338220301439264],
            [-120.94649535916551, 39.338291684772457],
            [-120.946638126873609, 39.338339274355747],
            [-120.946780893540051, 39.338410658730595],
            [-120.946963826873116, 39.338603880605319],
            [-120.947304375830925, 39.338981728521389],
            [-120.9474947320806, 39.339243470187682],
            [-120.947661294580371, 39.339338648312491],
            [-120.947708884163603, 39.339362443104164],
            [-120.947946829996567, 39.339481416020647],
            [-120.948066989371398, 39.339649472270366],
            [-120.948199389371155, 39.339847005603417],
            [-120.948265256037757, 39.339965072269877],
            [-120.948441189370783, 39.340280605602743],
            [-120.948491989370723, 39.340481605602406],
            [-120.948451322704102, 39.340798005601926],
            [-120.948484189370731, 39.341174272268006],
            [-120.948618189370507, 39.341537605600763],
            [-120.948912097703385, 39.341844625391957],
            [-120.949311847702802, 39.341958838933465],
            [-120.949538847702456, 39.341875399350215],
            [-120.949836281035289, 39.341845656641965],
            [-120.95004448311829, 39.341667196225558],
            [-120.950097322701538, 39.341558805600755],
            [-120.950254114367965, 39.341030849351569],
            [-120.950312172701217, 39.340655925393776],
            [-120.95034191645118, 39.340536952477294],
            [-120.950460889367662, 39.340388235810906],
            [-120.950579862284144, 39.340388235810906],
            [-120.950715969575583, 39.340327744144304],
            [-120.950999837283518, 39.340202637894492],
            [-120.95121398832481, 39.340059870186394],
            [-120.951501902907694, 39.339704141020263],
            [-120.951817789365577, 39.339339805604197],
            [-120.952007538323585, 39.33907953268789],
            [-120.952185998739992, 39.338841586854926],
            [-120.952185998739992, 39.338633383730269],
            [-120.952292856031477, 39.338395538938983],
            [-120.952298122698153, 39.338382205605683],
            [-120.952338856031417, 39.33828427227246],
            [-120.952412922697988, 39.338106072272751],
            [-120.952603389364356, 39.337719205606675],
            [-120.952649656030928, 39.337446672273757],
            [-120.952679656030909, 39.337269872274078],
            [-120.952840349780615, 39.336938018107901],
            [-120.952870093530578, 39.336700071233281],
            [-120.952899836238885, 39.336491869150279],
            [-120.952959322697097, 39.336343152483835],
            [-120.952958922697121, 39.336056072275937],
            [-120.953048552905329, 39.335837517067944],
            [-120.953108039363542, 39.33559957123498],
            [-120.953197269571774, 39.33527239519384],
            [-120.953137783113505, 39.335004705610913],
            [-120.953003989363708, 39.334713005611377],
            [-120.953048552905329, 39.334350353528578],
            [-120.95298906644706, 39.334023178529094],
            [-120.95298906644706, 39.333844718112687],
            [-120.953078296655292, 39.333606772279722],
            [-120.953048552905329, 39.333398569155065],
            [-120.953027789363659, 39.333104872280501],
            [-120.953286498738294, 39.332892933739174],
            [-120.953464959154644, 39.332744218114442],
            [-120.95382187790409, 39.332536014989728],
            [-120.954149053945287, 39.332327811865071],
            [-120.954535716444695, 39.332119609782069],
            [-120.95477366227766, 39.331941149365662],
            [-120.954862892485835, 39.331881662907392],
            [-120.955011608110624, 39.331703203532697],
            [-120.955338784151763, 39.331376027491558],
            [-120.955576729984728, 39.331078595200324],
            [-120.955844419567654, 39.330691932700915],
            [-120.956171595608794, 39.330543216034471],
            [-120.956439285191721, 39.330156553535119],
            [-120.95652851435824, 39.32994835145206],
            [-120.956873722691057, 39.329055472286825],
            [-120.957100522690666, 39.328600872287495],
            [-120.95732298935701, 39.3282926056213],
            [-120.957617789356561, 39.328092805621623],
            [-120.957747988314679, 39.327836579580378],
            [-120.957956191439337, 39.327836579580378],
            [-120.958313110188783, 39.327866322288628],
            [-120.958610543521672, 39.327985296246823],
            [-120.958878232062943, 39.328104269163305],
            [-120.958907975812906, 39.328104269163305],
            [-120.959056692479351, 39.328134011871555],
            [-120.959294638312315, 39.328163755621517],
            [-120.959860922686403, 39.328233805621437],
            [-120.959978733102901, 39.328401701454482],
            [-120.960097706019383, 39.328550418120926],
            [-120.960276165394077, 39.328580160829233],
            [-120.960454625810485, 39.328639647287446],
            [-120.960831789351573, 39.328939605620292],
            [-120.960920389351429, 39.329136272286689],
            [-120.960928789351442, 39.329278005619813],
            [-120.960866522684853, 39.329476872286136],
            [-120.960648389351832, 39.329848805618894],
            [-120.960548989351992, 39.330022605618637],
            [-120.960564122685298, 39.330154672285119],
            [-120.960603722685278, 39.330306605618205],
            [-120.960674522685167, 39.330463872284611],
            [-120.960906189351476, 39.330814405617389],
            [-120.961295922684201, 39.331240805616744],
            [-120.961657189350262, 39.33156427228289],
            [-120.962117789349577, 39.331928605615701],
            [-120.962512989348966, 39.332164805615321],
            [-120.963010189348211, 39.332354005615002],
            [-120.963742522680377, 39.332557072281361],
            [-120.96464772267899, 39.332758405614413],
            [-120.964992874761776, 39.332828617072607],
            [-120.965434589344397, 39.332918472280824],
            [-120.965744389343968, 39.333070272280565],
            [-120.965996189343571, 39.333269805613611],
            [-120.966395122676261, 39.333486605613246],
            [-120.966740189342374, 39.33361207227972],
            [-120.967128922675101, 39.333753205612823],
            [-120.967736389340871, 39.334037005612402],
            [-120.968260122673371, 39.334392472278523],
            [-120.968874522672422, 39.334871672277757],
            [-120.969377722671652, 39.335178072277301],
            [-120.969711122671129, 39.335256605610539],
            [-120.969914322670832, 39.33530447227713],
            [-120.970239189336951, 39.335373605610357],
            [-120.970515522669871, 39.335373605610357],
            [-120.970751789336191, 39.335307672277111],
            [-120.970844922669357, 39.335281805610464],
            [-120.971111789335623, 39.335179005610655],
            [-120.971323789335258, 39.335016872277549],
            [-120.971580922668238, 39.334816405611207],
            [-120.971768722667946, 39.334404872278526],
            [-120.9720544976675, 39.334112407695613],
            [-120.972381673708639, 39.333933948320919],
            [-120.972500646625122, 39.333696002487955],
            [-120.972679105999873, 39.333458055613278],
            [-120.972917052874493, 39.33322010978037],
            [-120.973333458082152, 39.333011907697312],
            [-120.973541661206866, 39.332833447280962],
            [-120.973928323706218, 39.332714474364479],
            [-120.974493445580379, 39.332595501447997],
            [-120.974790877871555, 39.332506271239765],
            [-120.97502882370452, 39.332446784781553],
            [-120.975555727870358, 39.332436864989916],
            [-120.975652522661903, 39.332413472281587],
            [-120.976141322661135, 39.332236605615208],
            [-120.976568922660476, 39.332009805615542],
            [-120.976712789326939, 39.331910272282357],
            [-120.976850989326692, 39.331814672282519],
            [-120.977433989325789, 39.331419872283163],
            [-120.978076989324791, 39.331016205617118],
            [-120.978386922657648, 39.330948472283865],
            [-120.978627759115625, 39.33090013582563],
            [-120.978895447656839, 39.330870392075667],
            [-120.979163137239766, 39.330691932700915],
            [-120.979282110156248, 39.330662188950953],
            [-120.979549799739175, 39.33060270249274],
            [-120.979817489322102, 39.330572959784433],
            [-120.980055435155066, 39.330394500409739],
            [-120.980412354946168, 39.330394500409739],
            [-120.980920989320396, 39.330324005618195],
            [-120.981259522653204, 39.330349405618108],
            [-120.981913389318834, 39.330331405618153],
            [-120.982435589318015, 39.330306272284872],
            [-120.983095989317007, 39.330278805618264],
            [-120.983122989316939, 39.330274872284917],
            [-120.983681083066074, 39.33019489624337],
            [-120.984338465356757, 39.330156553535119],
            [-120.984665641397896, 39.330156553535119],
            [-120.984873843480898, 39.330156553535119],
            [-120.985260505980307, 39.330156553535119],
            [-120.985617425771409, 39.330097067076849],
            [-120.985885115354336, 39.330037580618637],
            [-120.986093317437337, 39.329918607702155],
            [-120.986450237228496, 39.32994835145206],
            [-120.986866642436155, 39.329918607702155],
            [-120.987372277852046, 39.329918607702155],
            [-120.987758940351455, 39.330126810826812],
            [-120.987996886184419, 39.330335013951469],
            [-120.988205089309076, 39.330572959784433],
            [-120.988562008058523, 39.330959622283842],
            [-120.988799954933143, 39.331316541033289],
            [-120.989216360140858, 39.331941149365662],
            [-120.989540589307012, 39.332153805615349],
            [-120.989930198681407, 39.332327811865071],
            [-120.990168144514371, 39.332476528531515],
            [-120.990465576805548, 39.332714474364479],
            [-120.990941469513189, 39.332833447280962],
            [-120.991238901804365, 39.332744218114442],
            [-120.991476848678985, 39.332833447280962],
            [-120.991833767428432, 39.332773960822692],
            [-120.992376789302625, 39.332649405614575],
            [-120.992704922635426, 39.332162205615305],
            [-120.992755808052038, 39.331643717074428],
            [-120.992755808052038, 39.331376027491558],
            [-120.992815295551907, 39.331078595200324],
            [-120.992969127843367, 39.330493278534561],
            [-120.993036322634907, 39.330128472285139],
            [-120.993076189301519, 39.32939227228627],
            [-120.993226722634631, 39.328960805620284],
            [-120.993308170551131, 39.328817999370528],
            [-120.993491322634213, 39.328496872287701],
            [-120.993836189300339, 39.328297872287976],
            [-120.994140989299865, 39.328186072288133],
            [-120.994778350757201, 39.328104269163305],
            [-120.99492706638199, 39.328163755621517],
            [-120.995194755964917, 39.328223242079787],
            [-120.995611162214232, 39.328282728537999],
            [-120.996295257004874, 39.328490931662657],
            [-120.996741405962496, 39.328758620203928],
            [-120.997544473669564, 39.32911553999503],
            [-120.998604722626283, 39.329394872286286],
            [-120.998791389292649, 39.329456605619498],
            [-120.999156122625436, 39.329443272286198],
            [-120.999456693458285, 39.329365472286327],
            [-120.999656245541303, 39.329145282703337],
            [-121.000013164290749, 39.328907336870373],
            [-121.00042957054012, 39.328699133745715],
            [-121.000697260123047, 39.328639647287446],
            [-121.001113665330706, 39.328490931662657],
            [-121.001708530954772, 39.328193498329824],
            [-121.00224390907897, 39.327985296246823],
            [-121.002838774703037, 39.327717606663896],
            [-121.003344410118927, 39.327479660830932],
            [-121.003850045534818, 39.327330944164487],
            [-121.004563884075367, 39.327211971248005],
            [-121.005158748657777, 39.327152484789735],
            [-121.006042156989736, 39.327175081664734],
            [-121.006586425738874, 39.327301200414524],
            [-121.006794628863531, 39.327301200414524],
            [-121.006973088238283, 39.327301200414524],
            [-121.00718129136294, 39.327301200414524],
            [-121.007448979904211, 39.327271457706217],
            [-121.008133075736453, 39.327301200414524],
            [-121.008371021569417, 39.327271457706217],
            [-121.008549480944168, 39.327182227498042],
            [-121.008849122610343, 39.327020472289973],
            [-121.009178989276506, 39.326881472290154],
            [-121.00989312260873, 39.326482272290775],
            [-121.010481789274479, 39.326298072291081],
            [-121.010875055940573, 39.326228472291177],
            [-121.011276855939911, 39.326126672291366],
            [-121.011597055939433, 39.325983738958257],
            [-121.011922855938906, 39.32584053895846],
            [-121.012255967396754, 39.325710624375347],
            [-121.012314989271658, 39.325687605625376],
            [-121.012642322604506, 39.325638872292132],
            [-121.012921789270706, 39.325634605625453],
            [-121.013143722603729, 39.32583707229179],
            [-121.01348765385319, 39.326017560833179],
            [-121.01351739656144, 39.326255506666143],
            [-121.013695856977847, 39.326493453540763],
            [-121.013963545519118, 39.326701655623822],
            [-121.01440969447674, 39.326939602498442],
            [-121.014855843434361, 39.327177548331406],
            [-121.01530199239204, 39.327474980622583],
            [-121.015956344474318, 39.327831900413685],
            [-121.016194290307283, 39.328040102496743],
            [-121.016580952806692, 39.328218561871438],
            [-121.017086588222583, 39.328426764996095],
            [-121.017384021555472, 39.328486251454365],
            [-121.017711196554956, 39.328634968120809],
            [-121.018157345512577, 39.328813427495504],
            [-121.018603494470256, 39.328872913953774],
            [-121.018967944469637, 39.328873944162069],
            [-121.019271322594193, 39.328943272287006],
            [-121.019788389260043, 39.328979205620271],
            [-121.020666322592035, 39.328804205620543],
            [-121.021443389257513, 39.328492005621001],
            [-121.02177598925698, 39.328322338954592],
            [-121.022232589256248, 39.328161872288206],
            [-121.023065322588309, 39.327882672288638],
            [-121.023660255920731, 39.327752005622187],
            [-121.024463255919443, 39.32754067228916],
            [-121.025123722585136, 39.327316005622833],
            [-121.025543722584473, 39.327429872289315],
            [-121.025840989250639, 39.32796100562183],
            [-121.026346789249885, 39.32865900562075],
            [-121.026967416332241, 39.32903635562019],
            [-121.027398189248231, 39.329298272286451],
            [-121.028359122580071, 39.329902205618851],
            [-121.029561589244906, 39.330609672284368],
            [-121.030283652785442, 39.331031082700406],
            [-121.030455322576813, 39.331131272283585],
            [-121.03079278924298, 39.331254938950053],
            [-121.031184894450689, 39.331460577491384],
            [-121.031452584033616, 39.331579551449579],
            [-121.031660787158273, 39.331579551449579],
            [-121.031750017366505, 39.331401091033172],
            [-121.031839246533025, 39.331252375408383],
            [-121.03201770590772, 39.33119288895017],
            [-121.032602655906828, 39.331019338950398],
            [-121.032888189239713, 39.330999472283793],
            [-121.033626655905266, 39.330894072283968],
            [-121.034558522570478, 39.330712272284245],
            [-121.035164189236184, 39.330515405617859],
            [-121.035615789235464, 39.330368472284761],
            [-121.037068055899908, 39.329711405619094],
            [-121.038439389231087, 39.328680272287386],
            [-121.039338655896358, 39.328069405621648],
            [-121.039782522562348, 39.327780272288805],
            [-121.039952522562089, 39.327641605622318],
            [-121.040294522561567, 39.327461672289303],
            [-121.04091858922726, 39.32723040562297],
            [-121.041631989226175, 39.327106805623146],
            [-121.042330722558404, 39.327100472289828],
            [-121.043062722557238, 39.327149005623085],
            [-121.043862722556014, 39.327261805622925],
            [-121.044916589221032, 39.327460405622617],
            [-121.04569232255318, 39.327609005622378],
            [-121.046607332968449, 39.327686863955591],
            [-121.046802522551445, 39.327703472288931],
            [-121.047327444425662, 39.32754027333084],
            [-121.047740655883331, 39.327411805622717],
            [-121.048324855882413, 39.326897005623493],
            [-121.048528522548793, 39.32674860562372],
            [-121.048985722548082, 39.326397205624289],
            [-121.049382255880801, 39.325782938958525],
            [-121.049800055880155, 39.32514440562619],
            [-121.050149789212924, 39.324637805626992],
            [-121.050518015253999, 39.324470910835601],
            [-121.050636988170481, 39.324203222294329],
            [-121.050904677753408, 39.323757073336708],
            [-121.05102365066989, 39.323519126462088],
            [-121.05102365066989, 39.32304323479616],
            [-121.050845191295195, 39.322745802504926],
            [-121.050577501712269, 39.322597085838481],
            [-121.050369299629267, 39.322388882713824],
            [-121.050071866296378, 39.321883247297933],
            [-121.049923150671589, 39.321377611882042],
            [-121.050005189213152, 39.320867205632851],
            [-121.050369299629267, 39.320187881675565],
            [-121.050577501712269, 39.319593016051499],
            [-121.050577501712269, 39.31926584001036],
            [-121.050666731920444, 39.318849434802644],
            [-121.050815448586889, 39.318462772303235],
            [-121.050904677753408, 39.317867906679169],
            [-121.050964164211678, 39.317570474387992],
            [-121.05099390796164, 39.317302784805065],
            [-121.050904677753408, 39.316975608763869],
            [-121.050815448586889, 39.316678176472692],
            [-121.050785704836926, 39.316440230639728],
            [-121.05099390796164, 39.315994081682106],
            [-121.051053394419853, 39.315607419182697],
            [-121.050964164211678, 39.315250499391595],
            [-121.050845191295195, 39.314685377517435],
            [-121.050696475670406, 39.314268972309776],
            [-121.050309813170998, 39.313555133769228],
            [-121.049982637129858, 39.313049498353337],
            [-121.049744690255238, 39.31278180877041],
            [-121.049595974630449, 39.312573606687408],
            [-121.049536488172237, 39.312246430646212],
            [-121.04958985588047, 39.311873605646838],
            [-121.049707655880297, 39.311660672313792],
            [-121.050067455879741, 39.311432538980853],
            [-121.050694655878772, 39.311062272314757],
            [-121.0509182558784, 39.31095753898154],
            [-121.05128192254449, 39.310821472315126],
            [-121.051898722543569, 39.310704272315263],
            [-121.052566789209152, 39.310653138982047],
            [-121.05312638920833, 39.310737938981902],
            [-121.05395772254036, 39.311203072314527],
            [-121.054622389205974, 39.311575872313938],
            [-121.055228589205058, 39.311748672313684],
            [-121.055797922537522, 39.311785405646958],
            [-121.056392189203223, 39.311759205646979],
            [-121.057045589202232, 39.311697672313755],
            [-121.057685949617905, 39.311587217105568],
            [-121.058144789200526, 39.311508072314041],
            [-121.060073589197543, 39.311279405647724],
            [-121.060907007946241, 39.311037746273087],
            [-121.061109589195894, 39.310979005648221],
            [-121.061762322528239, 39.310944605648274],
            [-121.062192722527584, 39.310951872314888],
            [-121.062644589193553, 39.311022605648134],
            [-121.062956189193073, 39.311118205647972],
            [-121.063322789192455, 39.311332205647659],
            [-121.06366398919198, 39.311618205647221],
            [-121.064025322524742, 39.312022005646554],
            [-121.064334789190923, 39.312189872313013],
            [-121.064424722524109, 39.312200072312976],
            [-121.064613189190482, 39.312221605646243],
            [-121.064892522523394, 39.312226272312955],
            [-121.065366122522619, 39.312143805646372],
            [-121.065928922521778, 39.311990405646611],
            [-121.066517989187503, 39.311728872313722],
            [-121.06706092252, 39.311457672314134],
            [-121.067580122519189, 39.311195072314547],
            [-121.068065322518464, 39.310904805648306],
            [-121.068529589184379, 39.310523672315583],
            [-121.069008322516993, 39.310043472316295],
            [-121.069381722516425, 39.309588672317034],
            [-121.069720522515865, 39.309115072317752],
            [-121.06985478918233, 39.3086744056518],
            [-121.069960122515511, 39.308233072319126],
            [-121.07004032251541, 39.307854672319706],
            [-121.070163522515202, 39.307603605653412],
            [-121.070368189181522, 39.307353805653804],
            [-121.070771789180924, 39.30706220565429],
            [-121.07158565584632, 39.306601205654999],
            [-121.072212055845341, 39.306306538988792],
            [-121.072674122511273, 39.306131272322375],
            [-121.073367389176894, 39.305980338989286],
            [-121.07360832250987, 39.305955672322682],
            [-121.073926789176028, 39.305970472322656],
            [-121.074300855842125, 39.306152138989034],
            [-121.074791522508008, 39.306469338988506],
            [-121.07518498917409, 39.306552938988375],
            [-121.075599789173452, 39.306428005655278],
            [-121.076035789172749, 39.306237405655565],
            [-121.076497989172026, 39.30613680565574],
            [-121.076844522504814, 39.306059738989177],
            [-121.077234389170883, 39.305858272322837],
            [-121.077825122503327, 39.305533472323305],
            [-121.078417989169054, 39.305127405657288],
            [-121.078934522501584, 39.304632605658071],
            [-121.079198655834489, 39.304288938991931],
            [-121.079640589167127, 39.303624138992973],
            [-121.079812989166896, 39.303283738993457],
            [-121.08005065583319, 39.302843605660826],
            [-121.080271322499527, 39.302686538994408],
            [-121.080570789165733, 39.302663005661088],
            [-121.080993655831719, 39.302748805660997],
            [-121.081437589164352, 39.30276567232761],
            [-121.081909522496971, 39.302690672327742],
            [-121.082135522496628, 39.302624338994519],
            [-121.08246745582943, 39.302512005661356],
            [-121.083120322495063, 39.302170938995175],
            [-121.083546722494418, 39.301886472328988],
            [-121.083813122494007, 39.301581738996106],
            [-121.083810122494015, 39.301315605663206],
            [-121.083764322494062, 39.301031538996995],
            [-121.0836338558276, 39.300727672330765],
            [-121.083572322494376, 39.300466072331176],
            [-121.08361732249432, 39.300096205665113],
            [-121.083744789160789, 39.299691405665726],
            [-121.084036522493648, 39.299235205666434],
            [-121.084265989159974, 39.298922472333572],
            [-121.084577789159482, 39.298584072334108],
            [-121.084881122492334, 39.298395139001059],
            [-121.085249989158456, 39.298200339001369],
            [-121.085494522491388, 39.298094339001523],
            [-121.085913055824108, 39.298034205668273],
            [-121.086566722489749, 39.298066405668237],
            [-121.08712845582221, 39.298170005668055],
            [-121.0876562558214, 39.298265072334573],
            [-121.088123655820652, 39.298326605667853],
            [-121.088726189153078, 39.298341072334495],
            [-121.089223922485587, 39.298135272334775],
            [-121.089442122485252, 39.297936072335119],
            [-121.089522922485173, 39.297602072335621],
            [-121.089719722484858, 39.297465272335842],
            [-121.090037389151007, 39.29742620566924],
            [-121.090923389149623, 39.297328805669395],
            [-121.091523522482021, 39.297158339002976],
            [-121.091859642273164, 39.297001084836552],
            [-121.092153922481089, 39.296863405670081],
            [-121.092613722480337, 39.296723872336997],
            [-121.093211322479419, 39.296582739003895],
            [-121.093831122478434, 39.296392072337483],
            [-121.09452638914405, 39.296062405671364],
            [-121.094872122476829, 39.295706405671922],
            [-121.095170189143062, 39.295440072338977],
            [-121.095446789142613, 39.295110005672825],
            [-121.095478322475913, 39.295067472339554],
            [-121.095784789142101, 39.294654472340198],
            [-121.0961310558082, 39.294421605673904],
            [-121.096299789141312, 39.29430527234075],
            [-121.096496722474342, 39.294171739007595],
            [-121.096707055807315, 39.294053939007824],
            [-121.09697658914024, 39.293947072341325],
            [-121.09739905580625, 39.293883472341406],
            [-121.097963989138691, 39.293827805674823],
            [-121.098678255804259, 39.293825405674852],
            [-121.099074389137002, 39.29381140567483],
            [-121.099659255802749, 39.293738872341635],
            [-121.100266255801785, 39.29347393900872],
            [-121.101092989133861, 39.292892872342918],
            [-121.101613055799703, 39.292497939010218],
            [-121.102030722465713, 39.292281939010536],
            [-121.10246892246505, 39.292201539010705],
            [-121.10297078913095, 39.292240472343963],
            [-121.103875455796185, 39.29239213901036],
            [-121.104453255795306, 39.292413939010373],
            [-121.104821722461395, 39.29242687234364],
            [-121.105018789127769, 39.292439405676987],
            [-121.105633922460129, 39.292528072343487],
            [-121.106250789125852, 39.292709805676566],
            [-121.107306789124209, 39.293342272342215],
            [-121.107946255789898, 39.2939170056747],
            [-121.108250989122723, 39.294055539007786],
            [-121.108640389122115, 39.294118005674363],
            [-121.109740455787119, 39.294590539006947],
            [-121.110488922452589, 39.294956872339753],
            [-121.111176389118214, 39.29537547233906],
            [-121.111787122450608, 39.295810272338429],
            [-121.112699389115846, 39.296459672337392],
            [-121.112975389115434, 39.296534339003927],
            [-121.113505855781227, 39.296460339004057],
            [-121.114201389113532, 39.296351339004218],
            [-121.11437498911323, 39.296319205670954],
            [-121.114647922446125, 39.296270605671054],
            [-121.115292322445157, 39.296138272337885],
            [-121.115650455777939, 39.296053272338042],
            [-121.116243189110321, 39.295831005671687],
            [-121.116730255776247, 39.295586205672066],
            [-121.116918389109287, 39.295446405672294],
            [-121.117502989108402, 39.295084872339544],
            [-121.11790801827442, 39.294935706714739],
            [-121.118136922440726, 39.294851405673228],
            [-121.118659922439917, 39.294722472340084],
            [-121.119082389105927, 39.294658805673521],
            [-121.119431989105408, 39.294565272340321],
            [-121.120052922437765, 39.294551805673677],
            [-121.120712522436747, 39.29468900567349],
            [-121.121765855768444, 39.295105805672847],
            [-121.122664255767063, 39.295392072339041],
            [-121.123050763058131, 39.295410407755696],
            [-121.123330389099351, 39.295423672338984],
            [-121.123695189098783, 39.29537500567244],
            [-121.124287055764512, 39.295279339005901],
            [-121.124846522430289, 39.295272472339263],
            [-121.125396855762801, 39.29518153900608],
            [-121.125765589095579, 39.2950580723396],
            [-121.126064989095084, 39.2948757390065],
            [-121.126473122427797, 39.294574005673667],
            [-121.126813389093911, 39.294433939007206],
            [-121.127041989093584, 39.294461539007159],
            [-121.127783055759096, 39.294599672340269],
            [-121.128358655758177, 39.294653805673533],
            [-121.128930720340634, 39.294849639006543],
            [-121.129203655756896, 39.294943072339777],
            [-121.129340855756652, 39.295033539006283],
            [-121.129798389089274, 39.295408072339058],
            [-121.130353989088462, 39.296162805671202],
            [-121.130580122421406, 39.296705139003677],
            [-121.130963055754137, 39.297010872336557],
            [-121.131348389086895, 39.297044805669827],
            [-121.131766655752926, 39.296960872336626],
            [-121.132172922418931, 39.296662072337085],
            [-121.132537255751686, 39.296419072337471],
            [-121.133192855750679, 39.295764939005153],
            [-121.133680177624967, 39.29550097338057],
            [-121.134007353666107, 39.295292770255855],
            [-121.134394016165515, 39.295084568172854],
            [-121.13457247554021, 39.294876365048196],
            [-121.134578722415199, 39.294707605673466],
            [-121.134840165123137, 39.294697905673445],
            [-121.134988881789582, 39.29460867546527],
            [-121.135197083872583, 39.29460867546527],
            [-121.135732463038437, 39.29460867546527],
            [-121.136386815120716, 39.294668161923539],
            [-121.136713990120256, 39.294787134840021],
            [-121.136892450536607, 39.294757392131714],
            [-121.136980501578137, 39.29468114421519],
            [-121.137019378661421, 39.294679757756853],
            [-121.137427828660805, 39.294816878589927],
            [-121.137665774493769, 39.294727648381752],
            [-121.137873977618426, 39.294697905673445],
            [-121.138082180743083, 39.294638419215232],
            [-121.13840935678428, 39.294549189007057],
            [-121.13862432240893, 39.294412072340606],
            [-121.139675189073955, 39.294083939007749],
            [-121.140263895323073, 39.293695758800027],
            [-121.140324589072975, 39.293655739008443],
            [-121.14072952240565, 39.293345805675585],
            [-121.141185589071597, 39.293019739009424],
            [-121.141770922404021, 39.292648605676675],
            [-121.142193255736743, 39.292426272343675],
            [-121.142451705736335, 39.292388907760369],
            [-121.142737241152531, 39.292189033802345],
            [-121.142794348444113, 39.292074819219181],
            [-121.142844655735701, 39.29187640567784],
            [-121.142962522402172, 39.291483805678467],
            [-121.143029922402093, 39.291119205679024],
            [-121.143098201568648, 39.290831293179451],
            [-121.143164989068566, 39.290549672346572],
            [-121.143276689068387, 39.290297991096963],
            [-121.143389589068192, 39.290043605680694],
            [-121.143772055734303, 39.289665405681262],
            [-121.14408865573381, 39.289263339015235],
            [-121.144221855733576, 39.289129872348781],
            [-121.144529189066418, 39.288933072349096],
            [-121.144764542191069, 39.288848270265873],
            [-121.144935863024159, 39.28873405568271],
            [-121.145078630732257, 39.288705502557775],
            [-121.145107183857192, 39.288619842141259],
            [-121.145188608857097, 39.28839032547495],
            [-121.145607226564778, 39.28809490151707],
            [-121.145874915105992, 39.287827211934143],
            [-121.145964145314224, 39.287559522351216],
            [-121.14605832239738, 39.287150939018545],
            [-121.145702389064638, 39.28642013901964],
            [-121.14543112239835, 39.286185805686671],
            [-121.145187989065391, 39.285910805687081],
            [-121.145283855731918, 39.285588472354277],
            [-121.145535729689868, 39.285077137980068],
            [-121.145569389064804, 39.285008805688506],
            [-121.145789055731143, 39.284892272355364],
            [-121.146213922397123, 39.284783605688858],
            [-121.146499523438365, 39.284852885897067],
            [-121.146767213021292, 39.284823142147104],
            [-121.147005159895912, 39.284763655688892],
            [-121.14748105156184, 39.284763655688892],
            [-121.147808227603036, 39.284704169230622],
            [-121.148578255726818, 39.284709272355656],
            [-121.149266189059063, 39.28489880568867],
            [-121.149498940100386, 39.284864102563745],
            [-121.149758922391641, 39.28482533902212],
            [-121.15032758905744, 39.284618939022437],
            [-121.15081738905667, 39.284684605688994],
            [-121.151203145306056, 39.284779061938877],
            [-121.151407161972429, 39.284912372355336],
            [-121.151615365097086, 39.285001601521856],
            [-121.151734338013569, 39.284971858813549],
            [-121.152013722388176, 39.284977539021895],
            [-121.152612122387211, 39.28497013902188],
            [-121.152973822386684, 39.285018920271852],
            [-121.153348655719412, 39.285069472355076],
            [-121.15444045571769, 39.28510027235501],
            [-121.154915481758621, 39.285093971313358],
            [-121.155475722382789, 39.285086539021734],
            [-121.156443589047967, 39.285047272355143],
            [-121.157025389047021, 39.284961339021891],
            [-121.157427389046404, 39.284569939022504],
            [-121.157579589046179, 39.284308539022902],
            [-121.158069655712097, 39.283988472356782],
            [-121.158560267169662, 39.283770230690436],
            [-121.158769389044323, 39.283677205690594],
            [-121.159069891127217, 39.283553158815778],
            [-121.159664255709629, 39.283307805691152],
            [-121.160131189042204, 39.283248939024588],
            [-121.160274989041966, 39.283269605691203],
            [-121.160454002583378, 39.283387170274352],
            [-121.160847922374444, 39.283645872357283],
            [-121.161060722374089, 39.283927272356834],
            [-121.16113538904068, 39.284227872356382],
            [-121.161124189040663, 39.28465540568908],
            [-121.160985922374209, 39.285196605688213],
            [-121.160974255707572, 39.285909072353775],
            [-121.161036122374128, 39.286144205686753],
            [-121.161127122374012, 39.286466739019602],
            [-121.161371522373599, 39.286776605685759],
            [-121.161611189039945, 39.287079805685266],
            [-121.162096209872516, 39.287242725476688],
            [-121.162415589038687, 39.287350005684857],
            [-121.163165789037521, 39.287617605684432],
            [-121.163489520286987, 39.28768042443437],
            [-121.163828522369784, 39.287746205684243],
            [-121.164631589035253, 39.287795605684209],
            [-121.165454389033926, 39.287773605684208],
            [-121.166435989032436, 39.28768253901768],
            [-121.16698925569824, 39.287640405684442],
            [-121.167823055696942, 39.287320072351577],
            [-121.168433055695971, 39.287101139018603],
            [-121.168702655695597, 39.287037739018672],
            [-121.169329722361283, 39.287021739018712],
            [-121.169929922360325, 39.287080272351943],
            [-121.170384589026298, 39.287229339018381],
            [-121.170675332775829, 39.28737320255982],
            [-121.170975522358731, 39.287521739017961],
            [-121.171436694233023, 39.287867957767389],
            [-121.17188032235731, 39.288201005683561],
            [-121.172576789022912, 39.288787139015994],
            [-121.173236122355206, 39.289285405681881],
            [-121.173750455687752, 39.289462672348236],
            [-121.174202680687017, 39.289523301514862],
            [-121.175094055685634, 39.289642805681297],
            [-121.175977655684278, 39.289676339014591],
            [-121.176774522349717, 39.289641805681299],
            [-121.17737345568213, 39.289697539014583],
            [-121.177878121306321, 39.289858825472663],
            [-121.178246655680766, 39.289976605680806],
            [-121.178905934846398, 39.290249180680348],
            [-121.179115455679437, 39.290335805680229],
            [-121.179719589011825, 39.290807605679504],
            [-121.180024255678006, 39.291429272345226],
            [-121.180161455677819, 39.292906472342906],
            [-121.180167340052776, 39.292937934842882],
            [-121.180243389011025, 39.293344539008899],
            [-121.180337122344213, 39.293533272341961],
            [-121.180455655677349, 39.293659205675056],
            [-121.180805922343438, 39.294006939007886],
            [-121.181464655675768, 39.29435733900732],
            [-121.181993255674968, 39.294472939007164],
            [-121.182645122340602, 39.294478939007149],
            [-121.183147922339799, 39.294399072340582],
            [-121.184032722338429, 39.294343539007343],
            [-121.184960589003651, 39.294367339007295],
            [-121.185228522336615, 39.294318272340718],
            [-121.185383255669706, 39.294099405674388],
            [-121.185724922335794, 39.293882672341397],
            [-121.186277922334966, 39.293501272341985],
            [-121.186753589000887, 39.293101939009262],
            [-121.187020922333829, 39.293046339009379],
            [-121.187502188999758, 39.292983272342781],
            [-121.187988722332307, 39.292896072342955],
            [-121.188619588997994, 39.292862605676305],
            [-121.189477188996648, 39.292759805676496],
            [-121.189898070245988, 39.292773095259804],
            [-121.190319588995351, 39.292786405676452],
            [-121.19158225566008, 39.292729605676527],
            [-121.192581498366849, 39.292704454634872],
            [-121.193136988991, 39.292690472343224],
            [-121.194306722322494, 39.292789339009744],
            [-121.195496122320662, 39.292818339009727],
            [-121.196507322319064, 39.292746605676484],
            [-121.197257988984575, 39.292765739009781],
            [-121.197824522317035, 39.292667672343271],
            [-121.198074055650011, 39.292444805676951],
            [-121.198427122316104, 39.292030539010966],
            [-121.198809055648837, 39.291453472345154],
            [-121.199074322315084, 39.290914205679314],
            [-121.199209122314869, 39.290522205679963],
            [-121.199272588981444, 39.290505604638327],
            [-121.199353490022986, 39.290481809846654],
            [-121.199443909814534, 39.290434220263421],
            [-121.199539087939399, 39.290410425471805],
            [-121.19963902543924, 39.290405667138486],
            [-121.199757998355722, 39.290434220263421],
            [-121.199876971272204, 39.290496085888321],
            [-121.200005462938634, 39.29058174734655],
            [-121.200124435855116, 39.290676925471359],
            [-121.20027196189659, 39.290819693179515],
            [-121.200398523354693, 39.290927270262671],
            [-121.20046231918792, 39.290981496304255],
            [-121.200550050437812, 39.291038444220817],
            [-121.20073357752085, 39.291157576512319],
            [-121.200931928562227, 39.291299255678723],
            [-121.20093345252053, 39.291300344220417],
            [-121.201176157728526, 39.291443111928515],
            [-121.201423621269782, 39.291609674428287],
            [-121.201628254602781, 39.291709611928127],
            [-121.201818611894168, 39.291833343177927],
            [-121.201925244185702, 39.291918101511101],
            [-121.202189807726938, 39.292128396302473],
            [-121.202512553559757, 39.292617515051688],
            [-121.202502863976463, 39.292819597343055],
            [-121.202480102518166, 39.29329433275899],
            [-121.202751360851039, 39.29352751921698],
            [-121.202772210851037, 39.293535265050252],
            [-121.203204455642037, 39.29365682130009],
            [-121.203404085850025, 39.293712961924996],
            [-121.20381763793273, 39.293905336924695],
            [-121.204013122307458, 39.293996272341246],
            [-121.204204119182123, 39.294036721299506],
            [-121.204833336889521, 39.294169974424278],
            [-121.205947973346099, 39.294406027548916],
            [-121.206511988970249, 39.29452547234041],
            [-121.208625250425257, 39.295400924422381],
            [-121.209332722299166, 39.295694005671919],
            [-121.20970405563196, 39.295879739004988]
          ]
        ]
      }
    },
    {
      "type": "Feature",
      "properties": {
        "GNIS_Name": "Yuba River",
        "segment": "trunk",
        "flow_order": 2
      },
      "geometry": {
        "type": "MultiLineString",
        "coordinates": [
          [
            [-121.136633455745368, 39.368629605558738],
            [-121.136800189078429, 39.367990672226369],
            [-121.136938922411559, 39.367433205560587],
            [-121.136955189078208, 39.367249672227501],
            [-121.13680532241176, 39.366809672228214],
            [-121.136494789078881, 39.366283472229043],
            [-121.136392322412405, 39.365838605563056],
            [-121.136637589078703, 39.365046138897583],
            [-121.136831322411695, 39.364349205565361],
            [-121.136910455744953, 39.363646472233143],
            [-121.137139122411213, 39.363110938900604],
            [-121.137449655744092, 39.362671072234605],
            [-121.137933589076681, 39.362354138901765],
            [-121.138045322409823, 39.362263872235246],
            [-121.138667722408854, 39.362083272235566],
            [-121.139473322407639, 39.361741405569433],
            [-121.139924689073553, 39.361494832653136],
            [-121.140163322406522, 39.36136447223663],
            [-121.140708855739035, 39.360782338904244],
            [-121.141109122405055, 39.360195538905145],
            [-121.141450722404556, 39.359576538906083],
            [-121.141715255737495, 39.359253938906591],
            [-121.142143189070111, 39.358967111823688],
            [-121.142339789069808, 39.358835338907227],
            [-121.14268000990262, 39.358580733699284],
            [-121.142936922402214, 39.358388472241302],
            [-121.143444122401434, 39.357959205575298],
            [-121.143648164067827, 39.357721911825649],
            [-121.144141589067033, 39.357148072243206],
            [-121.144701189066154, 39.356439872244323],
            [-121.145038455732333, 39.355866605578512],
            [-121.145076692190571, 39.35566837745381],
            [-121.145168655732107, 39.355191605579591],
            [-121.14511425573221, 39.354591605580481],
            [-121.144594655732988, 39.353587405582061],
            [-121.143840589067509, 39.35245460558383],
            [-121.143668989067748, 39.351897938918],
            [-121.143310655734979, 39.351274605585672],
            [-121.143293955735032, 39.351051047252668],
            [-121.143283055735026, 39.350905138919586],
            [-121.143315122401646, 39.350655472253266],
            [-121.143332389068291, 39.350455205586911],
            [-121.14338525573487, 39.350278205587188],
            [-121.143637055734473, 39.350025605587575],
            [-121.143935589067382, 39.349924005587752],
            [-121.144297855733441, 39.349844405587874],
            [-121.144924989065828, 39.34962200558823],
            [-121.145269189065289, 39.349500605588389],
            [-121.145742522397882, 39.349441405588493],
            [-121.146060277605727, 39.349492466005074],
            [-121.147192522395642, 39.349674405588132],
            [-121.147922055727861, 39.349599872254942],
            [-121.148857855726362, 39.349578605588306],
            [-121.149857722391516, 39.349585338921599],
            [-121.150963255723127, 39.349794405587943],
            [-121.151553655722182, 39.349795738921273],
            [-121.153546722385784, 39.349612005588256],
            [-121.154160774468153, 39.349370745171939],
            [-121.154415989051074, 39.349270472255455],
            [-121.154765989050532, 39.34860520558982],
            [-121.15508452238339, 39.347904138924207],
            [-121.155186922383223, 39.347524072258125],
            [-121.155304855716395, 39.347069805592184],
            [-121.15542598904949, 39.346246805593466],
            [-121.155450122382831, 39.345559138927854],
            [-121.155470443216132, 39.344487918096206],
            [-121.155471922382787, 39.34440993892963],
            [-121.155514113007712, 39.344059772263506],
            [-121.15554892238265, 39.343770872263974],
            [-121.155623722382529, 39.343405605597866],
            [-121.155975789048682, 39.342868805598698],
            [-121.156456255714602, 39.34238813893279],
            [-121.156889189047263, 39.341852738933596],
            [-121.157531922379576, 39.340894672268405],
            [-121.158012722378828, 39.340155805602933],
            [-121.158075122378762, 39.33969180560365],
            [-121.157892322379041, 39.338968938938081],
            [-121.157475122379651, 39.33850660560546],
            [-121.157363655713198, 39.338227338939248],
            [-121.157367255713154, 39.337951738939637],
            [-121.157502455712972, 39.337535672273646],
            [-121.157165189046793, 39.336399205608757],
            [-121.156832255713994, 39.335503205610109],
            [-121.156689922380906, 39.335003872277582],
            [-121.156636189047617, 39.33488460561108],
            [-121.156587989047694, 39.334149072278876],
            [-121.156719789047486, 39.333416405613377],
            [-121.156857189047287, 39.333117005613815],
            [-121.15729445571327, 39.33270673894782],
            [-121.15774505571261, 39.332460005614848],
            [-121.15885538904422, 39.332236872281896],
            [-121.159600789043054, 39.332135138948672],
            [-121.16028665570866, 39.332055005615473],
            [-121.161224922373833, 39.3321910056153],
            [-121.161975189039367, 39.332469738948191],
            [-121.162730322371488, 39.332892872280866],
            [-121.163016922371071, 39.333216405613655],
            [-121.163140122370862, 39.333676672279637],
            [-121.163121655704231, 39.33459173894488],
            [-121.163228789037419, 39.33561867227661],
            [-121.163348789037229, 39.336197805609061],
            [-121.163809522369831, 39.337066138941054],
            [-121.164486522368804, 39.338260138939177],
            [-121.16501952236797, 39.338638405605252],
            [-121.165582455700417, 39.338822538938302],
            [-121.166262989032703, 39.338914272271495],
            [-121.166886189031743, 39.338880005604892],
            [-121.167272989031119, 39.338741072271773],
            [-121.168038322363259, 39.338645072271902],
            [-121.168513722362547, 39.338553472272054],
            [-121.169482922361055, 39.338492005605474],
            [-121.170375989026297, 39.338480805605514],
            [-121.171590722357735, 39.338395472272282],
            [-121.172838455689146, 39.338478738938875],
            [-121.173645189021215, 39.338628538938622],
            [-121.174541855686527, 39.338742272271759],
            [-121.175373255685201, 39.338789805605018],
            [-121.176015055684218, 39.338811405604986],
            [-121.176272589017174, 39.338820072271631],
            [-121.176883216099554, 39.338837714979945],
            [-121.177144789015813, 39.338845272271612],
            [-121.177608077556727, 39.338766142063378],
            [-121.177983189014526, 39.338702072271815],
            [-121.179122122346087, 39.338619272271956],
            [-121.180371722344148, 39.338347938939023],
            [-121.181221389009465, 39.337995672272939],
            [-121.181542189009008, 39.337778672273259],
            [-121.182192055674648, 39.337228072274115],
            [-121.182932789006827, 39.336721805608249],
            [-121.183290589006276, 39.336354472275502],
            [-121.183731255672228, 39.335833738942938],
            [-121.183846722338728, 39.335505538943437],
            [-121.183443389006015, 39.334466472278393],
            [-121.183358389006173, 39.334123738945607],
            [-121.183377255672781, 39.333772805612796],
            [-121.183362989006127, 39.333375005613448],
            [-121.183408855672724, 39.332696405614513],
            [-121.18353945567253, 39.331990338948913],
            [-121.183969855671876, 39.331438072283106],
            [-121.184371855671259, 39.331112672283609],
            [-121.185397322336314, 39.330618205617725],
            [-121.186157989001799, 39.330468805617954],
            [-121.187339655666676, 39.330529938951202],
            [-121.1876929806661, 39.330534708742846],
            [-121.18894720462248, 39.330551639992791],
            [-121.189186655663775, 39.330554872284495],
            [-121.190095844204052, 39.330488047284575],
            [-121.190556955661634, 39.330454155617986],
            [-121.191141322327439, 39.33041120561802],
            [-121.192231596284046, 39.330321062909832],
            [-121.192712055658319, 39.330281338951579],
            [-121.193907522323116, 39.330081005618524],
            [-121.195156322321168, 39.32969800561915],
            [-121.195678922320383, 39.329466738952817],
            [-121.195958522319927, 39.328627205620819],
            [-121.196313322319384, 39.328126472288261],
            [-121.196888788985177, 39.327586805622445],
            [-121.197272522317917, 39.327178805623078],
            [-121.197379122317727, 39.326885805623533],
            [-121.197356922317795, 39.326460672290807],
            [-121.197583455650772, 39.325207938959466],
            [-121.197920988983583, 39.32454927229378],
            [-121.198232175441433, 39.324041676461263],
            [-121.198359122316219, 39.323834605628235],
            [-121.198655205649061, 39.323446547295532],
            [-121.199058322315125, 39.322918205629662],
            [-121.199664255647519, 39.322058872297646],
            [-121.200585588979436, 39.32133240563212],
            [-121.201115522311909, 39.320868272299492],
            [-121.201684588977741, 39.320632205633217],
            [-121.202249722310171, 39.320553472299991],
            [-121.202946388975761, 39.320542472300019],
            [-121.20331485564185, 39.320482938966791],
            [-121.203624788974707, 39.320315672300353],
            [-121.204112588973942, 39.319887672301036],
            [-121.204298988973676, 39.31927400563535],
            [-121.204643055639792, 39.318683605636238],
            [-121.205229588972202, 39.31808027230386],
            [-121.206197055637404, 39.317440872304815],
            [-121.206546055636863, 39.316926738972313],
            [-121.206464255636945, 39.316512938972949],
            [-121.205864922304556, 39.315256072308216],
            [-121.205394922305288, 39.314158605643286],
            [-121.205147255639019, 39.313605138977437],
            [-121.205048055639168, 39.313341405644508],
            [-121.205047522305847, 39.31264727231229],
            [-121.205244788972209, 39.311826338980211],
            [-121.205367383763644, 39.311261191064432],
            [-121.205447122305202, 39.310893605648346],
            [-121.205310863972102, 39.310175415024446],
            [-121.204911188972687, 39.308068805652738],
            [-121.204040788974055, 39.306883205654572],
            [-121.203332988975149, 39.306382472322014],
            [-121.202274122310143, 39.305591472323215],
            [-121.201443788978111, 39.304971272324167],
            [-121.200256988979959, 39.30383327232596],
            [-121.199750122314072, 39.302979805660641],
            [-121.200592588979418, 39.30215907232855],
            [-121.202739188976068, 39.300985205663721],
            [-121.205984588971035, 39.299548272332629],
            [-121.206602734803425, 39.299190903583167],
            [-121.208018388967901, 39.298372472334449],
            [-121.208312788967419, 39.29799007233504],
            [-121.208670522300224, 39.297525272335747],
            [-121.20932612229916, 39.29648527233735],
            [-121.20970405563196, 39.295879739004988],
            [-121.20982798896506, 39.295701605671923],
            [-121.210956922296646, 39.294606805673595],
            [-121.21274272229391, 39.293650605675111],
            [-121.214020226458558, 39.293195659842468],
            [-121.21465312229094, 39.292970272342814],
            [-121.215103522290235, 39.292809872343071],
            [-121.216027295205436, 39.291983005677707],
            [-121.216443700413151, 39.29122157755387],
            [-121.21658646812125, 39.290031847347393],
            [-121.216431808746506, 39.288751991099389],
            [-121.216550922287979, 39.287293072351645],
            [-121.216940522287359, 39.286037272353553],
            [-121.217216522286947, 39.285667605687479],
            [-121.218108522285547, 39.284472605689359],
            [-121.2193173222837, 39.283464605690881],
            [-121.220486322281886, 39.28294780569172],
            [-121.221649188946742, 39.282666205692124],
            [-121.22247177540379, 39.282682310900441],
            [-121.226586522272385, 39.28276287235866],
            [-121.22865772226919, 39.283018272358277],
            [-121.229357188934785, 39.283104472358104],
            [-121.23070412226599, 39.283167672358047],
            [-121.231945788930773, 39.283036872358252],
            [-121.233185188928815, 39.28299160569162],
            [-121.23470450767644, 39.283343330691082],
            [-121.237138788922664, 39.283906872356908],
            [-121.238187988921084, 39.284200205689785],
            [-121.239161122252881, 39.284472272356027],
            [-121.239635522252115, 39.284427805689404],
            [-121.240381708709322, 39.284357935897845],
            [-121.240733388917079, 39.284325005689595],
            [-121.242172902456559, 39.283888164023608],
            [-121.243284588913127, 39.283550805690766],
            [-121.245106762868659, 39.282587869233907],
            [-121.246156988908695, 39.282032872359821],
            [-121.247143788907181, 39.281330405694234],
            [-121.24821612223883, 39.280566872362044],
            [-121.24933978890374, 39.279589405696925],
            [-121.249931988902802, 39.279074205697725],
            [-121.251069855567721, 39.278119872365892],
            [-121.25458601597893, 39.277170706742368],
            [-121.256729380558966, 39.276592118201563],
            [-121.257114322224993, 39.276488205701753],
            [-121.262439988883386, 39.275287805703613],
            [-121.26293878888265, 39.275175272370461],
            [-121.265367122212183, 39.273372472373239],
            [-121.266611322210281, 39.271606805709325],
            [-121.266648788876864, 39.270904205710394],
            [-121.266677122210183, 39.270372472377915],
            [-121.266402722210614, 39.268611672380644],
            [-121.265657922211744, 39.267371005715859],
            [-121.265554722211903, 39.267199205716167],
            [-121.26452072221349, 39.266168205717747],
            [-121.26327438888211, 39.265161405719311],
            [-121.263109936799026, 39.264947455719664],
            [-121.260862522219213, 39.26202360572421],
            [-121.260730545136084, 39.261546619266596],
            [-121.25982532222082, 39.258275005730013],
            [-121.259839322220785, 39.257954205730528],
            [-121.259895388887344, 39.256669872399186],
            [-121.259947388887269, 39.255477005734349],
            [-121.261429122218317, 39.254099205736509],
            [-121.264791388879758, 39.253765072403667],
            [-121.266242292002516, 39.25346142969579],
            [-121.267240122209273, 39.253252605737828],
            [-121.267775062833437, 39.252927054696613],
            [-121.268781322206905, 39.25231467240593],
            [-121.269546722205689, 39.251337872407419],
            [-121.269701388872136, 39.250791205741621],
            [-121.269723522205425, 39.249894805742997],
            [-121.268919722206704, 39.245207072416974],
            [-121.269010522206543, 39.244748072417678],
            [-121.269323388872749, 39.243164872420152],
            [-121.269260322206151, 39.242641605754272],
            [-121.269166122206286, 39.241861805755491],
            [-121.269007722206538, 39.240548405757522],
            [-121.269201388872943, 39.239917472425191],
            [-121.269239788872881, 39.23979260575868],
            [-121.269276722206143, 39.23967267242557],
            [-121.269302122206113, 39.239356872426015],
            [-121.269681588872174, 39.239018872426584],
            [-121.270169788871385, 39.238572605760567],
            [-121.270728722203899, 39.237769805761843],
            [-121.271471988869393, 39.237011072429652],
            [-121.272500122201109, 39.236174005764326],
            [-121.273169722200066, 39.235538005765306],
            [-121.273837988865694, 39.234956672432872],
            [-121.274148122198596, 39.234562672433469],
            [-121.274410188864806, 39.233961672434418],
            [-121.27557758886303, 39.232123405770608],
            [-121.276626922194737, 39.231135405772136],
            [-121.276649388861358, 39.231112205772149],
            [-121.276862588861036, 39.230891405772525],
            [-121.277400122193512, 39.23059700577295],
            [-121.278148188859006, 39.230360605773342],
            [-121.278767188858069, 39.230342272440055],
            [-121.279346922190484, 39.2304882724398],
            [-121.279908988856278, 39.230634072439557],
            [-121.280524988855348, 39.230739405772738],
            [-121.280893988854757, 39.230827272439285],
            [-121.281229388854229, 39.230846005772605],
            [-121.281443388853916, 39.230766672439358],
            [-121.281674722186892, 39.230701405772777],
            [-121.281704188853496, 39.23070180577281],
            [-121.28201052218634, 39.230706405772821],
            [-121.282678522185336, 39.230853605772552],
            [-121.283054588851428, 39.231010472438982],
            [-121.283529388850695, 39.23111360577218],
            [-121.283811988850232, 39.231060205772224],
            [-121.283866722183461, 39.231049872438916],
            [-121.284405788849313, 39.230686605772803],
            [-121.28485792218197, 39.230267205773487],
            [-121.284946388848482, 39.230214272440207],
            [-121.28530632218127, 39.229998872440547],
            [-121.28547572218099, 39.229991205773899],
            [-121.285996322180154, 39.229967805773924],
            [-121.286635988845831, 39.229826005774157],
            [-121.287048788845198, 39.229650472441108],
            [-121.287261122178222, 39.229560272441233],
            [-121.288031522176993, 39.229131805775239],
            [-121.288319588843251, 39.228951005775514],
            [-121.288695588842643, 39.228715272442571],
            [-121.289305988841704, 39.228325672443134],
            [-121.289681988841153, 39.228125072443447],
            [-121.290072722173875, 39.228048272443573],
            [-121.290574122173098, 39.227780672443998],
            [-121.290792988839428, 39.227495272444457],
            [-121.29079998883941, 39.227206672444879],
            [-121.290812322172712, 39.22669820577903],
            [-121.29087398883928, 39.226341805779555],
            [-121.291188522172149, 39.225397872447729],
            [-121.291755722171217, 39.224879020365165],
            [-121.292164588837295, 39.224505005782419],
            [-121.293403388835372, 39.223698405783693],
            [-121.294461122167036, 39.223081472451327],
            [-121.29542938883219, 39.222544072452138],
            [-121.295580426331981, 39.22246019953559],
            [-121.296772534663432, 39.221668475578497],
            [-121.2972467294544, 39.221353544328963],
            [-121.29776783153693, 39.22108228599609],
            [-121.298281795077799, 39.220846719329757],
            [-121.298631576327239, 39.220646844330076],
            [-121.298802897160328, 39.220454107872058],
            [-121.298895696118507, 39.220247095372372],
            [-121.298974219035017, 39.220018666206045],
            [-121.299102709659849, 39.219775962039762],
            [-121.299266891951277, 39.219576087040082],
            [-121.299443122159289, 39.219465005790255],
            [-121.299709472158895, 39.219264377665581],
            [-121.300023560700083, 39.219021672457586],
            [-121.300489935699375, 39.218793244332971],
            [-121.301118112781694, 39.218659994333166],
            [-121.301465513822848, 39.218612404749877],
            [-121.302609791946054, 39.218579034958282],
            [-121.302778588820786, 39.218570605791626],
            [-121.303217588820132, 39.218686872458136],
            [-121.305035722150649, 39.219139605790758],
            [-121.306142122148913, 39.219430605790308],
            [-121.306863388814463, 39.219564805790071],
            [-121.307405988813628, 39.219778872456402],
            [-121.308014122146005, 39.220213805789058],
            [-121.308566922145133, 39.220744205788264],
            [-121.308712761728259, 39.221027551621148],
            [-121.30887723776965, 39.221224755787489],
            [-121.30918656797752, 39.221629264120224],
            [-121.309221274227468, 39.221682563078446],
            [-121.30951969193535, 39.222140848494405],
            [-121.309793330476566, 39.222723816201835],
            [-121.309947995059645, 39.223223503701092],
            [-121.309959892976337, 39.223604217242155],
            [-121.309912303393048, 39.223830266200139],
            [-121.309852816934836, 39.223984930783217],
            [-121.309650562768468, 39.224139595366296],
            [-121.309550731518641, 39.224177031824581],
            [-121.309365027352214, 39.224246671407798],
            [-121.30886534089467, 39.224425130782549],
            [-121.30836565339547, 39.224520309949071],
            [-121.308120924229172, 39.224591688073929],
            [-121.308080117979216, 39.224603590157244],
            [-121.307818377354636, 39.224758255782035],
            [-121.307556636730055, 39.22494861203171],
            [-121.307366280480323, 39.225222250572983],
            [-121.307318690897091, 39.22557916932243],
            [-121.307223512772225, 39.226340597446267],
            [-121.307068847147491, 39.22697115473693],
            [-121.307021258605857, 39.227447046402858],
            [-121.307056950272511, 39.228041912026924],
            [-121.307164026314013, 39.228351241193138],
            [-121.307232316938894, 39.228491237026219],
            [-121.307401972146977, 39.228839030775703],
            [-121.307706477354827, 39.229225518275086],
            [-121.308020631521003, 39.229624253691156],
            [-121.308439188812031, 39.230117272440395],
            [-121.309100322144332, 39.230553005773061],
            [-121.310138352351032, 39.231170902647079],
            [-121.311125828391198, 39.231587308896451],
            [-121.312696273180393, 39.232134584937228],
            [-121.314037988803307, 39.232865205769428],
            [-121.314303216927897, 39.232919518269341],
            [-121.314671622135677, 39.232994957852554],
            [-121.315196338801513, 39.233095271394063],
            [-121.315480638801091, 39.233149623477345],
            [-121.316491909632873, 39.233351877643713],
            [-121.317015390882034, 39.233447055768522],
            [-121.317764921089179, 39.233577925559985],
            [-121.318359786713302, 39.23372069326814],
            [-121.318969149212307, 39.233930844309441],
            [-121.319008047128932, 39.233875358892874],
            [-121.319426831503279, 39.234046679725964],
            [-121.31966493983623, 39.234128138059134],
            [-121.319842957544324, 39.234189039100727],
            [-121.320150187752176, 39.234294144308876],
            [-121.320702223167984, 39.234522572433548],
            [-121.321403829416909, 39.234779257849823],
            [-121.321482686708407, 39.234808107849744],
            [-121.32193954295775, 39.234922321391252],
            [-121.322377363790395, 39.234922321391252],
            [-121.322720006498173, 39.234827143266386],
            [-121.322738217956498, 39.234821072433078],
            [-121.323291076288967, 39.234636785975056],
            [-121.324033468996163, 39.2343702870171],
            [-121.324737788786706, 39.234027644309322],
            [-121.325487322118875, 39.233415405768596],
            [-121.326091258576298, 39.232820903686161],
            [-121.326464588784006, 39.232453405770059],
            [-121.327127988782991, 39.231308272438525],
            [-121.327667588782163, 39.230917272439115],
            [-121.328012788781621, 39.230523672439745],
            [-121.328134122114761, 39.229879405774057],
            [-121.328120847114803, 39.229439024524766],
            [-121.328107105448169, 39.228983187025449],
            [-121.328069342948197, 39.228628220359383],
            [-121.328011927323303, 39.228088509943518],
            [-121.327270162741115, 39.225834126613677],
            [-121.327041107533148, 39.225137977656459],
            [-121.326945928366627, 39.22475726411534],
            [-121.326886420033361, 39.224568820365675],
            [-121.326831714825119, 39.224395585990919],
            [-121.326869785658403, 39.224033907866499],
            [-121.326907857533342, 39.223729337033603],
            [-121.327041107533148, 39.223481873492346],
            [-121.327155321074599, 39.223272480784317],
            [-121.327351300240991, 39.223094317242953],
            [-121.327364713782629, 39.223082123492986],
            [-121.327650249198882, 39.222891766201599],
            [-121.327897712740139, 39.222758517243449],
            [-121.328092360656512, 39.222638733910344],
            [-121.328145177323108, 39.222606231827058],
            [-121.328335533572783, 39.222358767244089],
            [-121.328388021072726, 39.222258564119215],
            [-121.328544926280813, 39.221959018286384],
            [-121.328715190863875, 39.221533355787017],
            [-121.3287352835722, 39.2214831255788],
            [-121.328815521072045, 39.221295904745716],
            [-121.328906604405233, 39.221083376621095],
            [-121.329173104404845, 39.220816876621484],
            [-121.329437822112766, 39.220670825580044],
            [-121.329725138778997, 39.220512305788645],
            [-121.33016158877831, 39.220396072455458],
            [-121.330330922111386, 39.220381272455484],
            [-121.332596522107849, 39.220183472455801],
            [-121.333309988773408, 39.220240072455738],
            [-121.333443188773174, 39.220250672455677],
            [-121.33349252210644, 39.220259272455678],
            [-121.334090988772175, 39.220363272455529],
            [-121.334217588771992, 39.220385405788818],
            [-121.334507388771556, 39.220464072455343],
            [-121.335446722103427, 39.220719205788328],
            [-121.335571922103213, 39.220749672454929],
            [-121.335699322103039, 39.220780872454895],
            [-121.336044122102521, 39.220865072454728],
            [-121.336433722101901, 39.220883005788039],
            [-121.337245188767326, 39.220923405787971],
            [-121.337508788766911, 39.22089827245469],
            [-121.337982388766136, 39.220849605788089],
            [-121.342578271050684, 39.220466491205343],
            [-121.343748965840518, 39.220209508914081],
            [-121.34474833979732, 39.219981080789466],
            [-121.346095461670245, 39.219873997456261],
            [-121.346759588752548, 39.219821205789685],
            [-121.347014522085487, 39.219910205789574],
            [-121.347058788752065, 39.219921805789511],
            [-121.347195588751845, 39.219945272456187],
            [-121.347465322084759, 39.220003405789384],
            [-121.347893322084076, 39.22014680578917],
            [-121.348390722083309, 39.220344805788898],
            [-121.348433122083293, 39.220359672455515],
            [-121.348521122083127, 39.220384005788844],
            [-121.348707388749517, 39.220393872455475],
            [-121.348888388749231, 39.22042847245541],
            [-121.349166188748768, 39.220457472455394],
            [-121.350004522080837, 39.220681005788379],
            [-121.350142322080615, 39.220697405788314],
            [-121.350187522080546, 39.220706272455004],
            [-121.350230322080449, 39.220720272454969],
            [-121.350392988746876, 39.220790605788181],
            [-121.350563188746605, 39.220849605788089],
            [-121.350643588746493, 39.220885672454699],
            [-121.350811188746263, 39.220947672454599],
            [-121.351003188745949, 39.221048805787802],
            [-121.351069922079148, 39.221098672454389],
            [-121.351180988745682, 39.221163672454281],
            [-121.351220388745617, 39.221183005787566],
            [-121.351597788745039, 39.221392072453909],
            [-121.351782522078054, 39.221484205787135],
            [-121.35197481166108, 39.221881972453161],
            [-121.352236552285717, 39.222048534952876],
            [-121.35254588249353, 39.222238892244263],
            [-121.352736239784917, 39.222357865160745],
            [-121.352879007493016, 39.222429248493995],
            [-121.353164542909269, 39.222548221410477],
            [-121.353473872075426, 39.222643400576999],
            [-121.35368802415843, 39.222643400576999],
            [-121.35402114811626, 39.222619605785326],
            [-121.354401862698978, 39.222524426618804],
            [-121.354711191865192, 39.222405453702322],
            [-121.354949138739812, 39.222262685994224],
            [-121.355234673114353, 39.222167507869358],
            [-121.355686771030321, 39.222000945369643],
            [-121.356019896029807, 39.221905767244778],
            [-121.356376814779253, 39.221834383911585],
            [-121.356876501236854, 39.221691616203429],
            [-121.357233421027956, 39.221477464120483],
            [-121.357614134569019, 39.221215723495845],
            [-121.357923464776889, 39.221025366204515],
            [-121.358399356442817, 39.220406706830431],
            [-121.358637303317437, 39.220025993289369],
            [-121.358875249150401, 39.219526305790168],
            [-121.358994222066883, 39.219145592249049],
            [-121.359089400191749, 39.218764878707987],
            [-121.359160784566598, 39.21847934329179],
            [-121.359232167899847, 39.218098629750727],
            [-121.359351322066345, 39.217843299542778],
            [-121.359398730399562, 39.217741711001281],
            [-121.359517703316044, 39.217527558918277],
            [-121.35961288144091, 39.21733720162689],
            [-121.359803238732297, 39.217123050585542],
            [-121.359993596023628, 39.21700407766906],
            [-121.360231541856592, 39.216980282877444],
            [-121.360540872064462, 39.216980282877444],
            [-121.360778817897426, 39.216980282877444],
            [-121.36101676373039, 39.217027872460676],
            [-121.361302299146644, 39.21707546100231],
            [-121.361611629354456, 39.217194434960447],
            [-121.361849575187421, 39.217242023502024],
            [-121.362135110603674, 39.217313407876929],
            [-121.362349261645022, 39.217408586001795],
            [-121.362539618936353, 39.217479969334988],
            [-121.36280135956099, 39.217503764126604],
            [-121.363039305393954, 39.21757514850151],
            [-121.363324840810151, 39.217622737043087],
            [-121.363610376226347, 39.217694121417992],
            [-121.363800733517735, 39.217717916209608],
            [-121.364181447058797, 39.217789299542858],
            [-121.364657338724726, 39.217813094334474],
            [-121.366180193930745, 39.218027245375822],
            [-121.367845816844806, 39.218431753708501],
            [-121.369381221009064, 39.219075866207504],
            [-121.369807188716777, 39.219264072457236],
            [-121.370015322049767, 39.219344472457124],
            [-121.370458322049103, 39.219542672456782],
            [-121.370630722048816, 39.219596872456691],
            [-121.37076152204861, 39.21963507245664],
            [-121.370850122048466, 39.219657605789962],
            [-121.371389188714318, 39.219771605789788],
            [-121.371803322047015, 39.219828072456323],
            [-121.372258988712929, 39.21990607245624],
            [-121.37284025121204, 39.220091207872599],
            [-121.373896731418768, 39.220395778705495],
            [-121.374420213709584, 39.220395778705495],
            [-121.374915140792154, 39.220367225580503],
            [-121.375287922041593, 39.220339072455545],
            [-121.375603588707747, 39.220402872455452],
            [-121.375957588707195, 39.220493405788659],
            [-121.376092788707012, 39.220521805788621],
            [-121.376315188706656, 39.220576072455174],
            [-121.376360988706608, 39.220583605788534],
            [-121.37649892203973, 39.220602872455174],
            [-121.377057588705497, 39.220635672455103],
            [-121.377658988704582, 39.22070080578834],
            [-121.378030988703983, 39.220728472454937],
            [-121.3781709220371, 39.220735672454964],
            [-121.378495388703243, 39.22076760578824],
            [-121.379474522035082, 39.220806672454842],
            [-121.379814319951208, 39.220674427663369],
            [-121.380033122034206, 39.220589272455186],
            [-121.380123322034081, 39.220571805788552],
            [-121.380169788700698, 39.220567672455218],
            [-121.380216522033948, 39.220567672455218],
            [-121.380309722033815, 39.220571672455208],
            [-121.38035632203372, 39.220574472455212],
            [-121.381143922032493, 39.220676672455056],
            [-121.381231922032384, 39.220700605788352],
            [-121.381317122032215, 39.22072940578829],
            [-121.381406588698724, 39.220749872454917],
            [-121.381451922031999, 39.220758605788262],
            [-121.381544522031845, 39.220768272454904],
            [-121.382132988697606, 39.220881472454721],
            [-121.382357188697256, 39.220931272454663],
            [-121.382582722030236, 39.220977472454592],
            [-121.382914988696427, 39.221013272454513],
            [-121.3829527220297, 39.221017405787848],
            [-121.383043188696206, 39.221035405787802],
            [-121.383124588696091, 39.221058872454421],
            [-121.383160188696024, 39.221035805787835],
            [-121.383236522029222, 39.220994605787894],
            [-121.383652000153575, 39.221071681829415],
            [-121.383785435570076, 39.22109643599606],
            [-121.38422325640272, 39.22109643599606],
            [-121.38479432723517, 39.221039328704478],
            [-121.38515600535959, 39.220925114121314],
            [-121.385669968900459, 39.220848971413091],
            [-121.385815245983565, 39.220854104746422],
            [-121.386488503274222, 39.220634820371743],
            [-121.387154752231481, 39.220634820371743],
            [-121.388154126188283, 39.220777588079898],
            [-121.388336249104668, 39.220850437038109],
            [-121.389581802227724, 39.221348658912348],
            [-121.390343230351561, 39.221657988078505],
            [-121.390424766809758, 39.221685167245141],
            [-121.39105706889211, 39.221895934953125],
            [-121.391890788682474, 39.222357005785739],
            [-121.39220791784868, 39.222892898493285],
            [-121.392778988681073, 39.223663844325415],
            [-121.393407166805105, 39.224330093282674],
            [-121.39354993451326, 39.224396718282605],
            [-121.394111486595705, 39.224577556823988],
            [-121.394610199094927, 39.224675740157181],
            [-121.395218586593955, 39.22479741828198],
            [-121.396037875134368, 39.224961275573378],
            [-121.397465552215465, 39.225303917239501],
            [-121.398847227213366, 39.224861287031842],
            [-121.399237458462721, 39.224737554740386],
            [-121.399522993878975, 39.224661412032162],
            [-121.399675279295423, 39.224585269323939],
            [-121.399789493878529, 39.224537680782362],
            [-121.400246350127816, 39.224366358907616],
            [-121.401097333459859, 39.224149745366333],
            [-121.401293312626194, 39.224099859949717],
            [-121.401891880333608, 39.223945229741616],
            [-121.402435454291094, 39.223804806825171],
            [-121.403568077206046, 39.223528789117267],
            [-121.404319987621534, 39.22337650370082],
            [-121.404881539703979, 39.22317662870114],
            [-121.405481164703076, 39.22280543286837],
            [-121.40597609178559, 39.222281951619209],
            [-121.406768649076071, 39.221964939119687],
            [-121.407428235533359, 39.221835742244878],
            [-121.408077353240685, 39.221893554744838],
            [-121.408553244906614, 39.221869760994821],
            [-121.408862575114483, 39.221726993286723],
            [-121.409267083447162, 39.221251100579138],
            [-121.409343820947072, 39.220792459954851],
            [-121.409429481363588, 39.22059258495517],
            [-121.409465921988556, 39.220297472455627],
            [-121.409533688655074, 39.220091738080953],
            [-121.40985778448794, 39.219107801624148],
            [-121.4102575344873, 39.219107801624148],
            [-121.410657283445005, 39.219050694332566],
            [-121.410778041778144, 39.219053073499197],
            [-121.410971371986193, 39.219079247457501],
            [-121.411456782402126, 39.219136354749082],
            [-121.412199174067609, 39.219279122457181],
            [-121.412998673024731, 39.219393335998689],
            [-121.413398423024091, 39.219421890165336],
            [-121.414026600106467, 39.219507550581852],
            [-121.414997420938278, 39.219478997456918],
            [-121.415654152187244, 39.219364782873754],
            [-121.416310883436267, 39.219050694332566],
            [-121.416710632393972, 39.218736604749722],
            [-121.41685340010207, 39.218593837041624],
            [-121.41703426260176, 39.218384004750249],
            [-121.417165788643274, 39.218327405792024],
            [-121.417243521976445, 39.21828800579209],
            [-121.417317988642992, 39.218245072458785],
            [-121.418689473015888, 39.217655843293073],
            [-121.420048366763751, 39.217272169335331],
            [-121.426828181336589, 39.215553827671329],
            [-121.428475075084009, 39.215294672463358],
            [-121.429351143832662, 39.215156814130239],
            [-121.429972714665041, 39.215073938088722],
            [-121.430243441747962, 39.215037841213757],
            [-121.431433171954438, 39.215186557880202],
            [-121.431849979245442, 39.215209292255167],
            [-121.433069051118537, 39.215275787046721],
            [-121.433356611534805, 39.21524840058845],
            [-121.433693660492565, 39.215216300588509],
            [-121.433991092783799, 39.215156814130239],
            [-121.434437241741421, 39.215067583922064],
            [-121.435210566740238, 39.2148296380891],
            [-121.436102864655538, 39.214532205797923],
            [-121.436816703196087, 39.214264516214996],
            [-121.43738182507019, 39.213967083923762],
            [-121.437907364652744, 39.213678037049249],
            [-121.437976689652601, 39.213639907882623],
            [-121.438512068818454, 39.213312731841484],
            [-121.438958217776076, 39.213045042258557],
            [-121.439493595900274, 39.212866582883805],
            [-121.439850515691376, 39.212866582883805],
            [-121.440207434440822, 39.212807096425593],
            [-121.440309342774015, 39.212756142258968],
            [-121.440683327148406, 39.212569150592628],
            [-121.44124844902251, 39.21212300163495],
            [-121.441992030271365, 39.211498393302634],
            [-121.442365464645775, 39.211206140178092],
            [-121.442453309437326, 39.211137392261492],
            [-121.442676125062007, 39.21096301413678],
            [-121.443479193810731, 39.210308662054445],
            [-121.443984829226622, 39.209743540180341],
            [-121.444252518809549, 39.209267648514412],
            [-121.444253138601198, 39.208979451639834],
            [-121.444189988601295, 39.208689272473634],
            [-121.444323321934405, 39.208656072473673],
            [-121.444539788600764, 39.208588805807153],
            [-121.444785921933715, 39.208482005807298],
            [-121.444800588600344, 39.208448072474027],
            [-121.444871188600246, 39.208315872474202],
            [-121.444917388600174, 39.208215005807688],
            [-121.445650452140683, 39.207810228725009],
            [-121.446661722972465, 39.207304593309118],
            [-121.446737994847354, 39.207251790184216],
            [-121.447435047971283, 39.206769214143264],
            [-121.448773493802491, 39.205876916228021],
            [-121.449606305259579, 39.205073848520897],
            [-121.450077828175495, 39.204379662063673],
            [-121.450677063591229, 39.203497454773355],
            [-121.450869029215937, 39.203238719357103],
            [-121.451361158381815, 39.202575414149806],
            [-121.452164226088939, 39.20192106206747],
            [-121.452646249004829, 39.201645620401223],
            [-121.45299703754597, 39.201445170401541],
            [-121.454008308377752, 39.201088250610439],
            [-121.454552156293573, 39.200997608943908],
            [-121.455079065667746, 39.200909791235688],
            [-121.45588213441647, 39.200820562069168],
            [-121.456552819832098, 39.20087888290243],
            [-121.456566229207112, 39.200880048527438],
            [-121.457163976081176, 39.201050832902183],
            [-121.457190837539429, 39.201058507902133],
            [-121.457636986497107, 39.201088250610439],
            [-121.458112879204691, 39.201236967276884],
            [-121.458342176079327, 39.201236967276884],
            [-121.45852928441235, 39.201236967276884],
            [-121.458765579203657, 39.201201522485235],
            [-121.459124150036473, 39.201147737068652],
            [-121.459927217743541, 39.20093953498565],
            [-121.460997975033536, 39.200731331860993],
            [-121.462693340655903, 39.200076979778657],
            [-121.464150761486962, 39.199333398529802],
            [-121.464367148986639, 39.199144752696782],
            [-121.465036693777279, 39.198726873530745],
            [-121.465923042734232, 39.197905959990351],
            [-121.466002802109131, 39.197660162074101],
            [-121.466678938566417, 39.197013423533406],
            [-121.466703541691345, 39.196985771450159],
            [-121.467160362523998, 39.19647233499262],
            [-121.467582716690004, 39.196204645409694],
            [-121.468404047938691, 39.195704720410447],
            [-121.469296345853991, 39.195199084994556],
            [-121.470674487518522, 39.194656521453737],
            [-121.47184943751671, 39.194314774579311],
            [-121.471973238558178, 39.194306787079313],
            [-121.472746563556996, 39.194158070412868],
            [-121.474590645845751, 39.194187814162831],
            [-121.476077809385117, 39.194217556871081],
            [-121.476625282300972, 39.194143574579527],
            [-121.477178310425074, 39.194068841246349],
            [-121.478992648963924, 39.193414489164013],
            [-121.480598785419772, 39.192581677706983],
            [-121.481038979169114, 39.192267253749151],
            [-121.481639798959861, 39.191838096458127],
            [-121.482413123958622, 39.191213488125754],
            [-121.482978245832783, 39.190678108959901],
            [-121.483335165623885, 39.190231960002279],
            [-121.483808111456483, 39.189800140211275],
            [-121.483905313539651, 39.189711390211414],
            [-121.48401926041447, 39.189607351669906],
            [-121.48472887187171, 39.189152472503963],
            [-121.484764805204975, 39.189129438128987],
            [-121.485179247912697, 39.188863770421051],
            [-121.48583359895332, 39.188566337088218],
            [-121.486666410410351, 39.188298648546947],
            [-121.487231532284511, 39.18817967458881],
            [-121.487488753117418, 39.18821085271378],
            [-121.487776397908647, 39.188245719380348],
            [-121.488213060407986, 39.188298648546947],
            [-121.488480749990856, 39.188387877713467],
            [-121.488986385406747, 39.188715053754663],
            [-121.48958125103087, 39.18892325687932],
            [-121.490235602071493, 39.189131458962322],
            [-121.490949440612042, 39.189161202712285],
            [-121.491811994777379, 39.189042229795803],
            [-121.492644806234409, 39.18892325687932],
            [-121.494051388523928, 39.188450205838365],
            [-121.496405718728568, 39.18785765167263],
            [-121.497017066644275, 39.187703782922881],
            [-121.500302342680868, 39.186636074591206],
            [-121.500775788513465, 39.186482205841457],
            [-121.500814788513424, 39.186498005841429],
            [-121.50095118851317, 39.186524605841385],
            [-121.500997788513132, 39.186527672508021],
            [-121.501077964554668, 39.186527444383046],
            [-121.501091321846332, 39.186527405841389],
            [-121.501183988512821, 39.1865186058414],
            [-121.501318988512651, 39.186490072508093],
            [-121.501586321845537, 39.186427205841539],
            [-121.501629521845473, 39.186413805841539],
            [-121.501669588512073, 39.18639567250824],
            [-121.502350921844368, 39.185965672508928],
            [-121.502727388510436, 39.185700672509313],
            [-121.502995388510044, 39.18550287250963],
            [-121.503099788509871, 39.185431672509765],
            [-121.503208588509665, 39.185364472509832],
            [-121.503247788509611, 39.185345205843191],
            [-121.503288788509565, 39.18532807250989],
            [-121.503500121842592, 39.185252805843334],
            [-121.503535921842513, 39.18523000584338],
            [-121.503651388509013, 39.185170205843463],
            [-121.503687321842278, 39.185147472510153],
            [-121.503782188508808, 39.185068605843639],
            [-121.503818721842094, 39.18504640584365],
            [-121.5038519885087, 39.185021472510357],
            [-121.503881588508648, 39.184994005843748],
            [-121.503933121841897, 39.184934672510508],
            [-121.50432027079961, 39.184344493344781],
            [-121.504793497882247, 39.183276147513084],
            [-121.505617788505958, 39.182776805847197],
            [-121.506111717671843, 39.182409850639431],
            [-121.50709878850364, 39.18197967251507],
            [-121.507176188503536, 39.181939805848515],
            [-121.507257588503421, 39.18190487251519],
            [-121.507299321836683, 39.181888805848587],
            [-121.507385721836556, 39.181862205848631],
            [-121.507466321836432, 39.181826405848653],
            [-121.507508588503015, 39.181811072515359],
            [-121.507595788502897, 39.181785605848745],
            [-121.507721921836037, 39.181738872515496],
            [-121.507842721835857, 39.181685005848863],
            [-121.507920988502349, 39.181646272515593],
            [-121.5079629885023, 39.181630605848966],
            [-121.508093521835463, 39.181592205849029],
            [-121.508217721835251, 39.181542605849131],
            [-121.508305388501753, 39.181518005849171],
            [-121.508527721834753, 39.181463472515873],
            [-121.508742588501093, 39.181393472515992],
            [-121.508826121834318, 39.181361472516073],
            [-121.508997121834057, 39.18130440584946],
            [-121.509130321833823, 39.181271272516199],
            [-121.509475321833293, 39.181162072516372],
            [-121.509608521833115, 39.181129005849755],
            [-121.509651988499684, 39.181116205849776],
            [-121.509693721832946, 39.181100005849771],
            [-121.509827321832745, 39.181068072516496],
            [-121.510332121831993, 39.180995005849979],
            [-121.510891521831127, 39.180965672516663],
            [-121.511030788497521, 39.180953872516682],
            [-121.511263988497205, 39.180947872516697],
            [-121.511356521830351, 39.180937805850022],
            [-121.511822921829662, 39.180955205850012],
            [-121.51195778849609, 39.180983205849998],
            [-121.512176788495765, 39.181044872516566],
            [-121.512267588495604, 39.181061672516535],
            [-121.512313988495578, 39.181065605849824],
            [-121.513338921827312, 39.181116005849788],
            [-121.51422338849261, 39.181172672516368],
            [-121.514456521825537, 39.18117960584965],
            [-121.514689721825221, 39.18118227251631],
            [-121.515248921824309, 39.181203605849646],
            [-121.515665521823678, 39.181244605849599],
            [-121.515898321823329, 39.181257805849555],
            [-121.516365121822616, 39.181260472516215],
            [-121.516411588489177, 39.181257472516222],
            [-121.516549588488999, 39.181239272516223],
            [-121.516874321821831, 39.181210672516272],
            [-121.517294321821169, 39.181196872516296],
            [-121.517387721821024, 39.181198672516302],
            [-121.517617788487314, 39.181228872516272],
            [-121.51812672181984, 39.181278405849525],
            [-121.518492388485981, 39.181336205849448],
            [-121.518538721819255, 39.181341005849447],
            [-121.518770721818896, 39.18136060584942],
            [-121.519283121818091, 39.181386005849333],
            [-121.519327721818001, 39.181396272515997],
            [-121.519584121817616, 39.181482205849193],
            [-121.519628921817514, 39.181492405849212],
            [-121.519670588484132, 39.18150807251584],
            [-121.519953521817058, 39.181632472515616],
            [-121.520250588483236, 39.181736472515468],
            [-121.520293388483196, 39.181750672515477],
            [-121.520426921816295, 39.18178227251542],
            [-121.52047038848292, 39.181795472515375],
            [-121.520531588482811, 39.181821605848654],
            [-121.520576588482754, 39.18183087251532],
            [-121.521037788482033, 39.181879272515232],
            [-121.521083188481953, 39.181888072515221],
            [-121.521126588481877, 39.181901072515245],
            [-121.521166988481809, 39.181918872515212],
            [-121.521305388481608, 39.181935005848516],
            [-121.521536140564592, 39.181935186056819],
            [-121.521817721814159, 39.181935405848492],
            [-121.521863988480732, 39.181931805848478],
            [-121.521909521813996, 39.181923805848498],
            [-121.521990921813881, 39.181902472515219],
            [-121.522091788480395, 39.181828472515349],
            [-121.522122921813661, 39.181802072515381],
            [-121.52214718848029, 39.181771805848769],
            [-121.522184721813574, 39.181706405848843],
            [-121.522229921813505, 39.181388605849349],
            [-121.522242788480128, 39.181318205849436],
            [-121.522268388480086, 39.1812130725163],
            [-121.522294188480089, 39.181144672516382],
            [-121.522334788480009, 39.181005672516619],
            [-121.522382988479933, 39.180868205850174],
            [-121.522432921813163, 39.180694205850443],
            [-121.522476988479809, 39.180592805850608],
            [-121.522515588479735, 39.180527872517359],
            [-121.522527988479681, 39.180493405850711],
            [-121.522555921812966, 39.180388672517552],
            [-121.522617721812878, 39.180217205851193],
            [-121.522678588479494, 39.179972005851539],
            [-121.522718521812749, 39.179869472518362],
            [-121.52275298847934, 39.179803272518484],
            [-121.522774588479308, 39.179771672518541],
            [-121.522848321812546, 39.179641005852034],
            [-121.522952588479029, 39.179481872518977],
            [-121.523046588478906, 39.179318872519218],
            [-121.523114121812114, 39.179225205852731],
            [-121.523247121811892, 39.179078805852953],
            [-121.52332352181179, 39.1789892058531],
            [-121.523342788478431, 39.178956805853147],
            [-121.523368521811733, 39.178888272519885],
            [-121.523402521811704, 39.178821805853318],
            [-121.52342292181163, 39.178789805853398],
            [-121.523448988478265, 39.17876020585345],
            [-121.523553388478092, 39.178600672520361],
            [-121.523582721811408, 39.178533005853808],
            [-121.523702321811186, 39.178115205854454],
            [-121.523730321811172, 39.178047205854512],
            [-121.523785121811102, 39.177837672521548],
            [-121.523874921810943, 39.177635405855199],
            [-121.523884188477609, 39.17760040585523],
            [-121.52391732181087, 39.177533872522019],
            [-121.523959588477453, 39.177470472522089],
            [-121.524008921810719, 39.177410405855539],
            [-121.524086921810635, 39.177321805855684],
            [-121.524155921810518, 39.177273672522404],
            [-121.524196588477139, 39.177256005855781],
            [-121.524251588477, 39.177159205855901],
            [-121.524264521810323, 39.177124872522654],
            [-121.524290988476992, 39.176947672522886],
            [-121.524299921810268, 39.176912672522974],
            [-121.524351121810184, 39.176775605856506],
            [-121.524373788476851, 39.176670272523324],
            [-121.524389988476798, 39.176636872523375],
            [-121.524627121809772, 39.176289605857278],
            [-121.524698388476338, 39.176197672524097],
            [-121.524897521809351, 39.175956405857789],
            [-121.524976721809253, 39.17586827252461],
            [-121.525171921808919, 39.175668672524921],
            [-121.525561788474988, 39.175225072525564],
            [-121.525616988474894, 39.175167672525674],
            [-121.525792121807967, 39.175001072525902],
            [-121.525868921807842, 39.174911605859393],
            [-121.525979721807687, 39.174797005859602],
            [-121.526109788474116, 39.174649205859794],
            [-121.5261655218074, 39.174592072526536],
            [-121.526576788473392, 39.174204472527151],
            [-121.526627121806655, 39.174144405860602],
            [-121.526886188472929, 39.173892272527667],
            [-121.527366588472205, 39.173455205861671],
            [-121.527841721804805, 39.173112672528873],
            [-121.528104788471069, 39.172965205862397],
            [-121.52843612180385, 39.172768272529368],
            [-121.528667388470183, 39.172650605862884],
            [-121.528739988470079, 39.172605805862986],
            [-121.528926521803101, 39.172498672529798],
            [-121.529197588469344, 39.172359072530014],
            [-121.529279121802574, 39.172324405863435],
            [-121.529478721802263, 39.172232072530221],
            [-121.529850721801665, 39.172083672530448],
            [-121.530050321801355, 39.17199127253059],
            [-121.530131988467872, 39.171956872530643],
            [-121.530300788467628, 39.171895605864108],
            [-121.530343788467576, 39.171882472530797],
            [-121.530433321800786, 39.171862005864114],
            [-121.530549988467271, 39.171803072530906],
            [-121.530635721800479, 39.171774872530932],
            [-121.530723721800314, 39.171750805864292],
            [-121.530859321800108, 39.171723605864372],
            [-121.530950988466657, 39.171710272531016],
            [-121.53099778846655, 39.171707272531023],
            [-121.531037321799829, 39.171690005864377],
            [-121.531140388466326, 39.171617472531182],
            [-121.531367188465993, 39.171437805864798],
            [-121.531526188465762, 39.171307205864991],
            [-121.531588788465626, 39.171254272531769],
            [-121.53170112179879, 39.171140805865264],
            [-121.531766588465359, 39.171089872531979],
            [-121.531836521798596, 39.170997272532134],
            [-121.531898188465163, 39.170901272532319],
            [-121.531949188465092, 39.170841605865746],
            [-121.532129388464796, 39.170512805866224],
            [-121.532167188464769, 39.170409872533071],
            [-121.532224988464634, 39.170274405866621],
            [-121.532263988464592, 39.170135005866825],
            [-121.532297921797863, 39.170068605866902],
            [-121.532310588464497, 39.170034272533655],
            [-121.532343388464483, 39.169930405867149],
            [-121.532359388464442, 39.169860072533936],
            [-121.532384521797724, 39.169791405867329],
            [-121.532400788464372, 39.169758005867379],
            [-121.532436988464326, 39.169692272534178],
            [-121.532485388464238, 39.169631672534251],
            [-121.532532321797532, 39.169530872534438],
            [-121.532589188464101, 39.169433072534559],
            [-121.532750121797164, 39.169215672534904],
            [-121.532805588463759, 39.169158405868359],
            [-121.53288098846366, 39.169068672535161],
            [-121.533093988463293, 39.168879405868779],
            [-121.53318852179649, 39.168800405868865],
            [-121.533383121796192, 39.168646605869128],
            [-121.533943388461978, 39.168217605869813],
            [-121.534200988461578, 39.168011272536774],
            [-121.534366321794664, 39.167885472536966],
            [-121.53442632179457, 39.167830805870381],
            [-121.534596921794275, 39.167709005870563],
            [-121.53469598846084, 39.167633405870674],
            [-121.53514892179345, 39.167273872537919],
            [-121.535418988459696, 39.167076872538246],
            [-121.535489321792909, 39.167029872538308],
            [-121.535607788459401, 39.166972805871751],
            [-121.535649588459307, 39.166956805871735],
            [-121.535788521792426, 39.166861672538573],
            [-121.536079121792, 39.166682672538855],
            [-121.536309988458299, 39.166561605872346],
            [-121.53655478845792, 39.166457605872552],
            [-121.536709921791044, 39.166378005872673],
            [-121.536750388457619, 39.166360405872695],
            [-121.536922388457356, 39.166304472539423],
            [-121.53696658845729, 39.166293272539463],
            [-121.537214788456879, 39.166194272539599],
            [-121.537259388456846, 39.166183672539603],
            [-121.537350721790006, 39.166168605872997],
            [-121.537443521789896, 39.166161605872958],
            [-121.537535321789733, 39.16614807253967],
            [-121.537713921789475, 39.166106405873052],
            [-121.537761388456033, 39.166098005873096],
            [-121.537899588455844, 39.166115605873074],
            [-121.538085388455556, 39.166130272539704],
            [-121.538225388455317, 39.166126472539702],
            [-121.538458321788312, 39.166115405873029],
            [-121.538504521788241, 39.166110405873042],
            [-121.538641188454676, 39.166087072539767],
            [-121.538779321787786, 39.166069272539801],
            [-121.538916121787622, 39.166046072539814],
            [-121.539005788454119, 39.166026472539841],
            [-121.539448788453456, 39.165914272540022],
            [-121.539666721786432, 39.165850472540114],
            [-121.539843988452844, 39.165806205873537],
            [-121.539974188452618, 39.16576700587359],
            [-121.540100721785734, 39.165721405873683],
            [-121.540274521785477, 39.165669472540401],
            [-121.540397721785325, 39.16561900587385],
            [-121.540440588451872, 39.165604805873841],
            [-121.540660321784912, 39.165544205873914],
            [-121.540774121784693, 39.165509072540658],
            [-121.540780988451388, 39.165437872540792],
            [-121.540795921784706, 39.165367405874235],
            [-121.540836521784627, 39.165265005874403],
            [-121.540942921784449, 39.165107005874631],
            [-121.540966588451056, 39.165076072541353],
            [-121.54099478845103, 39.165048205874712],
            [-121.541139188450813, 39.16495840587487],
            [-121.541178321784059, 39.164939005874885],
            [-121.541259321783969, 39.164904605874938],
            [-121.541301721783896, 39.164890072541652],
            [-121.541346121783818, 39.164878805874991],
            [-121.541553521783499, 39.164798672541792],
            [-121.541597988450121, 39.164787672541763],
            [-121.541690188449934, 39.164776272541815],
            [-121.54173692178324, 39.164774872541784],
            [-121.541809121783103, 39.164777805875133],
            [-121.541874321782984, 39.164726805875205],
            [-121.541985988449483, 39.164662205875288],
            [-121.54208238844933, 39.164585205875426],
            [-121.542118521782641, 39.164562472542116],
            [-121.542157321782554, 39.164542672542154],
            [-121.54235472178226, 39.164447605875637],
            [-121.542437721782107, 39.164414872542352],
            [-121.542526388448664, 39.164392405875731],
            [-121.542627588448511, 39.164375205875729],
            [-121.542657121781815, 39.164307472542532],
            [-121.542706321781736, 39.164246872542606],
            [-121.542736188448316, 39.164219605875985],
            [-121.542773321781624, 39.164198205876005],
            [-121.542892788448114, 39.164142472542778],
            [-121.542935188448041, 39.164127405876116],
            [-121.543110788447734, 39.164081272542887],
            [-121.543156588447687, 39.164075605876235],
            [-121.543289521780821, 39.164047205876273],
            [-121.543375788447349, 39.164022672542956],
            [-121.54342092178058, 39.164015805876318],
            [-121.543547988447074, 39.163973672543023],
            [-121.543592721780328, 39.163964672543045],
            [-121.543684188446889, 39.163952872543064],
            [-121.544147921779484, 39.163913672543117],
            [-121.544240521779329, 39.16390867254313],
            [-121.544286188445938, 39.163913005876452],
            [-121.544375721779147, 39.163933605876423],
            [-121.544468388445637, 39.1639426058764],
            [-121.544513121778891, 39.163952605876432],
            [-121.544555921778851, 39.163967005876373],
            [-121.544639121778744, 39.164005672542999],
            [-121.544776788445176, 39.163986472543002],
            [-121.544869521778367, 39.163977472543024],
            [-121.545236188444449, 39.163925072543122],
            [-121.545329121777627, 39.163918605876461],
            [-121.5454689884441, 39.163923005876484],
            [-121.545560321777259, 39.163937805876458],
            [-121.545646388443799, 39.163965472543055],
            [-121.545732188443708, 39.164007872542982],
            [-121.546011388443276, 39.163992472543043],
            [-121.546058121776525, 39.163994205876349],
            [-121.546103988443122, 39.164000405876322],
            [-121.546375921776018, 39.164049605876244],
            [-121.546510988442492, 39.16407760587623],
            [-121.546685988442221, 39.164126672542807],
            [-121.546863521775265, 39.164171205876073],
            [-121.547042321774995, 39.164212005875982],
            [-121.547085788441564, 39.164224805876017],
            [-121.547127588441526, 39.164240805875977],
            [-121.547205388441398, 39.164280005875924],
            [-121.547325788441185, 39.164334472542464],
            [-121.547453521774344, 39.164377472542412],
            [-121.547699188440617, 39.164480072542233],
            [-121.547871388440342, 39.164534805875519],
            [-121.547955388440243, 39.164566005875486],
            [-121.548080788440018, 39.164613805875376],
            [-121.548244321773097, 39.164681805875261],
            [-121.548453788439474, 39.164760472541843],
            [-121.5485277217727, 39.164804272541744],
            [-121.54868772177241, 39.164877005874985],
            [-121.54895198843866, 39.165023605874751],
            [-121.549096588438488, 39.165113872541269],
            [-121.549447121771266, 39.165301872540965],
            [-121.549668521770911, 39.165244872541052],
            [-121.549713788437487, 39.165246672541059],
            [-121.549758721770786, 39.165256672541034],
            [-121.549845788437324, 39.165282205874348],
            [-121.54998032177042, 39.165311872540997],
            [-121.550022188437026, 39.165327672540968],
            [-121.550097321770238, 39.165369672540862],
            [-121.550141921770148, 39.165380805874179],
            [-121.550187588436756, 39.165387405874185],
            [-121.550327321769885, 39.165393005874193],
            [-121.550419521769754, 39.165384405874192],
            [-121.550466121769659, 39.165384405874192],
            [-121.550512188436244, 39.165390605874165],
            [-121.550691121769319, 39.165429605874124],
            [-121.550733121769269, 39.165445272540751],
            [-121.550890321769032, 39.165521605874005],
            [-121.550927588435627, 39.165543005873928],
            [-121.550960321768912, 39.165568472540599],
            [-121.551074988435403, 39.165681005873751],
            [-121.551101188435325, 39.165710472540354],
            [-121.551147521768598, 39.165772472540255],
            [-121.551215921768517, 39.165874672540099],
            [-121.551308588435006, 39.165883405873387],
            [-121.551487988434758, 39.165923005873367],
            [-121.55153372176801, 39.165930405873326],
            [-121.55181272176759, 39.165950005873299],
            [-121.551859388434195, 39.165949672539966],
            [-121.551952388434017, 39.165943272540005],
            [-121.552367321766724, 39.165893205873374],
            [-121.552412121766622, 39.165883205873399],
            [-121.552498788433184, 39.165856472540099],
            [-121.552541121766467, 39.165841405873493],
            [-121.552578188433074, 39.16582047254019],
            [-121.552645588432938, 39.165771272540269],
            [-121.552840988432649, 39.165618072540497],
            [-121.55300372176572, 39.165514405873978],
            [-121.553161721765491, 39.165383272540851],
            [-121.553196121765438, 39.165316872540984],
            [-121.553240588432004, 39.165254205874419],
            [-121.553322788431899, 39.165126672541248],
            [-121.553522588431576, 39.16472747254187],
            [-121.553564388431539, 39.164626005875391],
            [-121.5535975217648, 39.164559472542123],
            [-121.553608588431473, 39.164524805875544],
            [-121.5536643884314, 39.164244205875946],
            [-121.553682721764687, 39.164102605876167],
            [-121.553708388431289, 39.164034272542949],
            [-121.553724788431282, 39.163964472543057],
            [-121.553773588431227, 39.163864472543196],
            [-121.553826321764461, 39.163728405876782],
            [-121.553842988431086, 39.163695072543476],
            [-121.553866321764417, 39.163626205876938],
            [-121.553891321764354, 39.163485405877111],
            [-121.553907188430969, 39.163343805877332],
            [-121.55392378843095, 39.163237672544199],
            [-121.553961388430935, 39.163098272544403],
            [-121.55398798843089, 39.162957672544621],
            [-121.554006321764177, 39.162887672544741],
            [-121.554097588430693, 39.162611805878498],
            [-121.554111121764038, 39.162577872545228],
            [-121.554131121763987, 39.162545872545252],
            [-121.554165988430611, 39.162442472545422],
            [-121.554215721763853, 39.162342872545594],
            [-121.554277188430433, 39.162247072545711],
            [-121.554322588430352, 39.162184672545834],
            [-121.554353721763619, 39.162117672545946],
            [-121.554357988430297, 39.162082205879301],
            [-121.554355921763658, 39.162010805879447],
            [-121.554349121763664, 39.161975605879491],
            [-121.554325588430345, 39.161924605879562],
            [-121.554335521763676, 39.161889805879639],
            [-121.554362921763641, 39.161821672546409],
            [-121.554408788430237, 39.161720872546539],
            [-121.554437321763487, 39.161616272546723],
            [-121.554471588430147, 39.161512872546894],
            [-121.554507588430056, 39.16137327254711],
            [-121.554520388430035, 39.161338872547162],
            [-121.554615588429897, 39.161176672547413],
            [-121.554634788429894, 39.161107005880808],
            [-121.554650521763165, 39.161000805880974],
            [-121.554675321763114, 39.16089547254785],
            [-121.554683121763105, 39.160824405881272],
            [-121.554692721763104, 39.160789472548004],
            [-121.554731521763074, 39.160686805881483],
            [-121.554748188429699, 39.160616672548258],
            [-121.554756921762987, 39.16054567254838],
            [-121.554774121762989, 39.160260872548804],
            [-121.554792188429644, 39.160047405882494],
            [-121.554829388429539, 39.159907605882665],
            [-121.55485218842955, 39.159766072549587],
            [-121.5548941217628, 39.159664072549731],
            [-121.554924388429413, 39.159559805883248],
            [-121.554957121762698, 39.159383472550189],
            [-121.554981121762637, 39.159314605883594],
            [-121.555017188429247, 39.159138472550524],
            [-121.555098921762465, 39.158860205884309],
            [-121.555145121762394, 39.1587220725512],
            [-121.555198588428993, 39.158585472551408],
            [-121.555249521762221, 39.158411472551677],
            [-121.555346721762078, 39.158173205885362],
            [-121.555415321761984, 39.157892872552509],
            [-121.555464321761917, 39.157755405886007],
            [-121.555492188428559, 39.157650605886204],
            [-121.555510388428502, 39.157617872552919],
            [-121.555537988428455, 39.157550205886366],
            [-121.555555721761777, 39.157517272553093],
            [-121.555622121761644, 39.157423472553205],
            [-121.555701988428211, 39.157336272553323],
            [-121.555787721761419, 39.157252472553466],
            [-121.555882588427949, 39.157174472553606],
            [-121.555967988427824, 39.157090605887049],
            [-121.556064188427627, 39.15701320588721],
            [-121.556132188427569, 39.156964605887254],
            [-121.556207988427445, 39.156923472554013],
            [-121.556249121760686, 39.156906672554044],
            [-121.556335121760583, 39.156879405887366],
            [-121.556535388426937, 39.156788205887551],
            [-121.556651921760078, 39.156729272554287],
            [-121.556777988426518, 39.156683405887691],
            [-121.556815988426479, 39.15666280588772],
            [-121.556922521759645, 39.156593672554493],
            [-121.557022921759483, 39.156519472554635],
            [-121.557184588425912, 39.156391205888156],
            [-121.557214788425881, 39.156364072554879],
            [-121.55728772175911, 39.156272805888307],
            [-121.557370988425646, 39.156186872555111],
            [-121.557435988425539, 39.156092072555282],
            [-121.557453321758828, 39.156059005888665],
            [-121.557502321758761, 39.155998672555427],
            [-121.557600121758583, 39.155922472555517],
            [-121.55771792175841, 39.155812005889061],
            [-121.558201988424344, 39.155428072556333],
            [-121.55826038842423, 39.155372605889738],
            [-121.558409788424001, 39.155192605890022],
            [-121.558491321757231, 39.155106005890161],
            [-121.558541321757161, 39.155046005890256],
            [-121.55864818842366, 39.154929672557103],
            [-121.558861721756614, 39.154741072557385],
            [-121.558946721756513, 39.154656072557486],
            [-121.559041321756354, 39.154577405890961],
            [-121.559131721756216, 39.154495872557732],
            [-121.559181721756147, 39.154435672557838],
            [-121.559241321756076, 39.154381005891253],
            [-121.55938538842247, 39.154197605891568],
            [-121.559575188422173, 39.15391300589198],
            [-121.559660521755404, 39.153828672558802],
            [-121.559709921755314, 39.153768272558864],
            [-121.559769788421875, 39.153713672558979],
            [-121.559818788421808, 39.153653072559052],
            [-121.559839921755099, 39.153621405892466],
            [-121.559929121754976, 39.153539205892571],
            [-121.559979521754883, 39.153479072559321],
            [-121.560013988421531, 39.15344860589272],
            [-121.56003798842147, 39.153418205892763],
            [-121.560067121754741, 39.153390272559477],
            [-121.560099721754739, 39.153364805892863],
            [-121.560310121754412, 39.153223872559749],
            [-121.560351588420986, 39.153207472559757],
            [-121.56046232175413, 39.153143005893185],
            [-121.56062272175393, 39.153072805893316],
            [-121.560665121753857, 39.153057805893297],
            [-121.560738988420383, 39.153014805893406],
            [-121.560870988420163, 39.1529146725602],
            [-121.561059388419892, 39.152756805893773],
            [-121.561131388419767, 39.152711872560531],
            [-121.561169321753084, 39.152691005893871],
            [-121.561335388419479, 39.152626405894011],
            [-121.561425121752677, 39.152606272560718],
            [-121.561512788419179, 39.152582872560743],
            [-121.561558521752431, 39.152575605894071],
            [-121.561696588418897, 39.152561805894095],
            [-121.561743188418859, 39.152560205894076],
            [-121.561975388418489, 39.152569072560766],
            [-121.562068588418356, 39.152569205894054],
            [-121.562441521751055, 39.152559605894112],
            [-121.562532921750915, 39.152546205894112],
            [-121.562719521750637, 39.152542805894143],
            [-121.56285938841711, 39.152542072560777],
            [-121.562952321750288, 39.152547072560765],
            [-121.563231721749844, 39.152551605894132],
            [-121.563558121749338, 39.152552205894096],
            [-121.563744388415728, 39.152543672560796],
            [-121.564068588415239, 39.152516072560843],
            [-121.56425192174828, 39.152490805894217],
            [-121.564341188414801, 39.152470605894223],
            [-121.564736721747522, 39.152363005894415],
            [-121.56482832174737, 39.152349672561115],
            [-121.56539752174649, 39.152190805894691],
            [-121.565518788412987, 39.152138072561399],
            [-121.565674388412731, 39.152059872561551],
            [-121.565793588412532, 39.152004405894957],
            [-121.565867121745782, 39.151961005895032],
            [-121.566006588412222, 39.151867072561856],
            [-121.566080988412125, 39.151824272561896],
            [-121.56618692174527, 39.151754872562037],
            [-121.5664993217448, 39.151541272562326],
            [-121.566738121744436, 39.15137147256263],
            [-121.567467388409966, 39.150819405896812],
            [-121.567713521742917, 39.150656005897076],
            [-121.567937721742567, 39.150527605897253],
            [-121.568009721742442, 39.150482205897333],
            [-121.568088588409012, 39.150444072564028],
            [-121.56849172174168, 39.150265205897654],
            [-121.568569988408228, 39.150226472564384],
            [-121.568796721741194, 39.150101205897897],
            [-121.56906898840748, 39.149963605898108],
            [-121.569150921740686, 39.149929405898206],
            [-121.569607721739942, 39.149681805898581],
            [-121.56965018840657, 39.149668205898593],
            [-121.569739588406435, 39.149647872565311],
            [-121.569919788406139, 39.149610272565326],
            [-121.570057521739272, 39.149590805898697],
            [-121.57028138840559, 39.149540472565434],
            [-121.570753121738164, 39.149386672565697],
            [-121.570929321737935, 39.149339805899103],
            [-121.570973921737846, 39.149329205899107],
            [-121.571110121737604, 39.14930467256579],
            [-121.571242921737394, 39.149270672565876],
            [-121.571377788403879, 39.149242605899246],
            [-121.571465588403726, 39.149218605899307],
            [-121.571600921736888, 39.149191205899342],
            [-121.571733988403309, 39.149157872566036],
            [-121.571825121736538, 39.149142472566041],
            [-121.572049321736188, 39.149093072566131],
            [-121.57218512173597, 39.149067472566173],
            [-121.572232321735896, 39.149054872566182],
            [-121.572415388402248, 39.149027472566274],
            [-121.572692121735145, 39.148994605899645],
            [-121.572781788401699, 39.148975405899648],
            [-121.572964188401443, 39.148945605899712],
            [-121.573054521734605, 39.148927605899758],
            [-121.573143188401161, 39.148905472566412],
            [-121.573326121734169, 39.148876672566473],
            [-121.5735049217339, 39.148835605899876],
            [-121.573714521733564, 39.148757872566648],
            [-121.573835388400084, 39.14870420590006],
            [-121.574002521733121, 39.148641005900174],
            [-121.574129988399591, 39.148597672566893],
            [-121.574309788399319, 39.148559672566989],
            [-121.574492921732372, 39.14853347256701],
            [-121.574718521732052, 39.148490005900442],
            [-121.574854788398454, 39.148466872567099],
            [-121.574946588398348, 39.14845460590044],
            [-121.575132521731405, 39.148466472567122],
            [-121.575223521731232, 39.148482072567106],
            [-121.57531512173108, 39.148468872567094],
            [-121.575593588397339, 39.148446672567161],
            [-121.575638188397249, 39.148437205900507],
            [-121.575724121730445, 39.148409272567221],
            [-121.575841521730297, 39.14835120590061],
            [-121.576139121729796, 39.148251005900761],
            [-121.576217721729677, 39.148212805900869],
            [-121.576416521729413, 39.148062672567733],
            [-121.576554188395846, 39.147919472567992],
            [-121.576579788395804, 39.147889605901355],
            [-121.576598121729091, 39.147857005901415],
            [-121.57664432172902, 39.147795005901514],
            [-121.576779521728838, 39.14765000590171],
            [-121.576835188395421, 39.147592872568453],
            [-121.576987121728507, 39.147457605901991],
            [-121.577065388395056, 39.147369005902135],
            [-121.577139321728282, 39.147278205902296],
            [-121.577153121728259, 39.147244072569038],
            [-121.5771943217282, 39.147180605902463],
            [-121.577236588394783, 39.147041672569344],
            [-121.577266521728063, 39.146974272569423],
            [-121.577297521728042, 39.146833805902986],
            [-121.577330988394635, 39.146730005903123],
            [-121.577364921727906, 39.1466636725699],
            [-121.577385588394577, 39.146594205903341],
            [-121.577447721727765, 39.146422605903638],
            [-121.577480588394394, 39.146355872570382],
            [-121.577519121727676, 39.146290872570489],
            [-121.577548588394279, 39.14622327257058],
            [-121.577569121727606, 39.146191272570661],
            [-121.577635121727496, 39.146058072570838],
            [-121.577648788394129, 39.145987672570982],
            [-121.577657721727462, 39.145916672571047],
            [-121.577665121727478, 39.145738405904694],
            [-121.577664188394124, 39.145702805904762],
            [-121.577649588394138, 39.145596405904882],
            [-121.577594388394232, 39.145386805905218],
            [-121.577544721727634, 39.145249472572118],
            [-121.577431321727829, 39.144978672572506],
            [-121.57741232172782, 39.14494620590591],
            [-121.577369188394584, 39.144845072572764],
            [-121.577244388394774, 39.144540205906537],
            [-121.577194521728188, 39.144403272573413],
            [-121.577125788394937, 39.144233805906993],
            [-121.577106588394997, 39.144201205907052],
            [-121.577092388394988, 39.144167405907126],
            [-121.577047188395056, 39.144029005907328],
            [-121.577015588395113, 39.143962205907428],
            [-121.576950188395244, 39.143791405907734],
            [-121.576918321728613, 39.14372440590779],
            [-121.576847721728711, 39.143517872574819],
            [-121.57677312172882, 39.143349072575063],
            [-121.576750521728854, 39.143279872575192],
            [-121.576718921728911, 39.143212805908604],
            [-121.576607788395734, 39.142903272575779],
            [-121.576591788395774, 39.142869805909129],
            [-121.576507321729252, 39.142742605909348],
            [-121.576406921729415, 39.142581805909572],
            [-121.576294988396228, 39.142386072576528],
            [-121.576245521729675, 39.142286072576724],
            [-121.576159188396446, 39.142159805910239],
            [-121.576142588396465, 39.14212640591029],
            [-121.57608312172988, 39.142029805910454],
            [-121.576021721730001, 39.141916605910637],
            [-121.576006988396671, 39.141810205910758],
            [-121.576001188396674, 39.141667805911027],
            [-121.576002721730049, 39.141490072577938],
            [-121.576011388396694, 39.141348072578182],
            [-121.576030988396667, 39.141170672578426],
            [-121.576040388396621, 39.14102860591197],
            [-121.576077388396584, 39.140780605912369],
            [-121.576087721729891, 39.140745805912445],
            [-121.576108788396539, 39.140714072579158],
            [-121.576187188396432, 39.140625472579302],
            [-121.576219921729717, 39.140599605912655],
            [-121.576232321729663, 39.140495272579471],
            [-121.576229521729658, 39.140459605912895],
            [-121.576232588396351, 39.14042420591295],
            [-121.576268921729593, 39.140176272579993],
            [-121.576279388396244, 39.140070005913458],
            [-121.576279121729613, 39.140034472580226],
            [-121.576328521729522, 39.139716405914044],
            [-121.576363188396158, 39.139613072580858],
            [-121.576437988396037, 39.139444672581135],
            [-121.576474521729324, 39.139379272581209],
            [-121.576518321729225, 39.139316472581299],
            [-121.576650188395718, 39.139169672581545],
            [-121.576738988395562, 39.139087805914983],
            [-121.576756121728863, 39.139054472581734],
            [-121.576779188395506, 39.1390236725818],
            [-121.576809988395439, 39.138996672581811],
            [-121.576844521728731, 39.138972805915159],
            [-121.57690592172861, 39.138919605915248],
            [-121.577047988395066, 39.138778472582146],
            [-121.577153255061603, 39.138661605915672],
            [-121.577266388394719, 39.138598272582442],
            [-121.577301988394709, 39.138575205915799],
            [-121.577389921727899, 39.138492205915952],
            [-121.577545121727667, 39.138314272582875],
            [-121.577573788394261, 39.138286205916245],
            [-121.577861921727163, 39.138053072583261],
            [-121.577892521727108, 39.13802607258333],
            [-121.577975521726955, 39.137940205916777],
            [-121.578187588393291, 39.13775027258373],
            [-121.578214921726612, 39.137721272583804],
            [-121.578311788393137, 39.137599272583998],
            [-121.578341388393085, 39.137571672584045],
            [-121.578496321726163, 39.137438405917578],
            [-121.578604321726004, 39.137370072584361],
            [-121.578645121725913, 39.137362272584369],
            [-121.578691121725853, 39.137371005917657],
            [-121.578921521725476, 39.137399605917608],
            [-121.579014788392044, 39.137402272584268],
            [-121.57910792172521, 39.137397205917637],
            [-121.579153121725142, 39.137388805917624],
            [-121.579240721725, 39.137364405917708],
            [-121.579376321724794, 39.137338005917741],
            [-121.579411921724727, 39.137314872584454],
            [-121.57960712172445, 39.137161405917993],
            [-121.579677588391007, 39.137115005918076],
            [-121.579759321724225, 39.137080872584818],
            [-121.579845721724041, 39.137053805918185],
            [-121.580001921723806, 39.136976072584957],
            [-121.580279521723412, 39.136845005918474],
            [-121.580404788389842, 39.136797672585203],
            [-121.580443321723124, 39.136778005918586],
            [-121.58052792172299, 39.136749072585303],
            [-121.580745588389334, 39.136687805918712],
            [-121.580879588389109, 39.136658005918775],
            [-121.581018121722252, 39.136643605918778],
            [-121.581798988387675, 39.136543272585641],
            [-121.582071121720617, 39.136494872585672],
            [-121.582291188386932, 39.136437405919139],
            [-121.58242552172004, 39.136408072585823],
            [-121.582468921720022, 39.136395405919188],
            [-121.582716321719602, 39.13629580591936],
            [-121.582755188386216, 39.136276472586019],
            [-121.5828279883861, 39.136232205919441],
            [-121.582908588385976, 39.13619640591952],
            [-121.582951988385901, 39.136183272586209],
            [-121.58304152171911, 39.136163272586202],
            [-121.583082721719052, 39.136146472586233],
            [-121.58319438838555, 39.136082472586338],
            [-121.583263321718789, 39.136034672586391],
            [-121.583653788384822, 39.135728872586867],
            [-121.583797321717952, 39.135588672587119],
            [-121.583824788384561, 39.135559805920479],
            [-121.583846321717886, 39.135528405920525],
            [-121.583895521717807, 39.135428205920675],
            [-121.583934721717696, 39.135363405920771],
            [-121.583968388384335, 39.13529687258756],
            [-121.584010788384262, 39.135158005921085],
            [-121.584024921717571, 39.13508740592124],
            [-121.584039721717545, 39.134909405921519],
            [-121.584035188384235, 39.134773405921692],
            [-121.584128321717401, 39.134767472588408],
            [-121.584405121716998, 39.134734272588446],
            [-121.584540588383447, 39.134707272588457],
            [-121.584719588383166, 39.134666472588549],
            [-121.584935721716192, 39.134599272588616],
            [-121.585203188382422, 39.134536005922087],
            [-121.58534018838219, 39.13451420592213],
            [-121.585663988381725, 39.134481672588834],
            [-121.585801921714847, 39.134463072588858],
            [-121.585847188381422, 39.134454405922213],
            [-121.586113921714343, 39.134389205922275],
            [-121.586159521714251, 39.134382605922326],
            [-121.586532188380374, 39.134366005922345],
            [-121.587418721712311, 39.134343672589011],
            [-121.587837588378306, 39.134321072589046],
            [-121.588069721711292, 39.134301272589084],
            [-121.588392521710773, 39.13426407258919],
            [-121.588625921710445, 39.134260872589152],
            [-121.589045721709795, 39.134269005922476],
            [-121.58941812170923, 39.134289872589136],
            [-121.589971438375017, 39.134261576755819],
            [-121.590022921708282, 39.13425787258916],
            [-121.590344588374421, 39.134214472589235],
            [-121.590714988373861, 39.134180205922632],
            [-121.591134721706567, 39.134172072589308],
            [-121.591507521705978, 39.134154272589342],
            [-121.591922721705316, 39.134107605922736],
            [-121.592154388371625, 39.134089205922749],
            [-121.592385321704626, 39.134065872589474],
            [-121.592568921704299, 39.134041805922834],
            [-121.592837921703904, 39.133983472589591],
            [-121.593006988370291, 39.133923405923042],
            [-121.593123721703478, 39.13386427258979],
            [-121.593282388369857, 39.13378947258991],
            [-121.593353788369768, 39.133743605923314],
            [-121.593420188369691, 39.133693472590039],
            [-121.593638188369312, 39.133508672590324],
            [-121.593745388369143, 39.133392672590503],
            [-121.59389018836896, 39.133253272590707],
            [-121.593941788368852, 39.133193805924179],
            [-121.594025788368697, 39.133108205924316],
            [-121.594088788368651, 39.133056472591022],
            [-121.594156188368515, 39.133007405924445],
            [-121.594277988368333, 39.132899872591281],
            [-121.594416188368143, 39.13275660592484],
            [-121.59448312170133, 39.132663005924996],
            [-121.594532921701273, 39.132603005925091],
            [-121.594614788367835, 39.132516472591874],
            [-121.594723188367652, 39.132359205925468],
            [-121.594761388367601, 39.132294205925575],
            [-121.594788788367566, 39.132225872592301],
            [-121.594798988367529, 39.132191072592377],
            [-121.594811321700831, 39.132120405925832],
            [-121.594811388367532, 39.132049072592622],
            [-121.594798588367553, 39.131932272592792],
            [-121.594942588367303, 39.131792005926343],
            [-121.595100188367041, 39.131660405926539],
            [-121.595166121700288, 39.131610072593276],
            [-121.595223988366854, 39.13155407259336],
            [-121.595272388366766, 39.131493072593457],
            [-121.595326921700064, 39.131435205926891],
            [-121.595350188366695, 39.131404405926958],
            [-121.595429121699851, 39.131275205927125],
            [-121.595463588366499, 39.131208805927258],
            [-121.595543721699698, 39.131080072594102],
            [-121.595575988366306, 39.131013205927559],
            [-121.595632521699542, 39.130877272594432],
            [-121.595772521699359, 39.130612872594838],
            [-121.595938321699066, 39.130241605928745],
            [-121.595971121699051, 39.130174872595489],
            [-121.596008921698967, 39.130109672595609],
            [-121.596031788365622, 39.130040672595726],
            [-121.596037988365595, 39.130005272595781],
            [-121.59604538836561, 39.129898405929282],
            [-121.596052521698937, 39.129863205929325],
            [-121.596174521698742, 39.12951887259652],
            [-121.596398188365015, 39.129088005930555],
            [-121.596440988364975, 39.129024605930624],
            [-121.596532321698191, 39.128860472597523],
            [-121.59658112169808, 39.128799672597665],
            [-121.596623721698052, 39.128736205931091],
            [-121.596658988364652, 39.128670072597856],
            [-121.596720388364531, 39.12853547259806],
            [-121.596800188364398, 39.128406472598272],
            [-121.597166788363836, 39.127950405932268],
            [-121.597220921697101, 39.12789227259907],
            [-121.597310121696978, 39.127809672599199],
            [-121.597472188363383, 39.127681405932719],
            [-121.597615721696513, 39.127590072599503],
            [-121.597803321696176, 39.127483805933025],
            [-121.597920321695995, 39.127425005933105],
            [-121.598093521695716, 39.12734580593326],
            [-121.598111121695695, 39.127203672600103],
            [-121.59812118836237, 39.12702540593375],
            [-121.598133321695684, 39.126918672600539],
            [-121.598159321695618, 39.126777405934092],
            [-121.598212721695575, 39.126530872601165],
            [-121.598237321695535, 39.126389405934731],
            [-121.598255121695502, 39.126319405934851],
            [-121.598299321695436, 39.12618067260172],
            [-121.59853954148673, 39.123899129896927],
            [-121.599015434194314, 39.122560683024005],
            [-121.599768188359803, 39.121259672609369],
            [-121.601902921689828, 39.117712272614881],
            [-121.603298463354349, 39.115719733034609],
            [-121.604161018561342, 39.113132069496942],
            [-121.604012301894898, 39.109949540335208],
            [-121.603744612311971, 39.107570078880599],
            [-121.603476922729044, 39.10447677992704],
            [-121.602882058146633, 39.102989616387731],
            [-121.60207898939791, 39.10159168305654],
            [-121.601127205024341, 39.100639898683028],
            [-121.600413367525448, 39.100045034100617],
            [-121.598928788361093, 39.099716472642797],
            [-121.598788788361333, 39.099719672642777],
            [-121.59864892169486, 39.099718872642768],
            [-121.598137321695674, 39.099689005976188],
            [-121.598045321695793, 39.099676672642829],
            [-121.597955988362628, 39.099656072642858],
            [-121.597773921696216, 39.099624805976248],
            [-121.597419588363437, 39.099535472643083],
            [-121.597246788363748, 39.099481805976495],
            [-121.597081588364006, 39.099415405976572],
            [-121.597001321697462, 39.09937907264333],
            [-121.596873721697648, 39.099335005976684],
            [-121.596790588364456, 39.099302472643444],
            [-121.596750921697833, 39.09928367264348],
            [-121.596622721698054, 39.09924087264352],
            [-121.596541521698157, 39.099205805976908],
            [-121.59649912169823, 39.099191005976934],
            [-121.596410988364994, 39.099167272643626],
            [-121.596110121698814, 39.099070405977102],
            [-121.596064988365583, 39.099058405977132],
            [-121.595999721699002, 39.099007472643905],
            [-121.59582918836594, 39.098885805977432],
            [-121.59528938836678, 39.098545205977928],
            [-121.59511518836706, 39.098426672644791],
            [-121.594969921700567, 39.098337205978282],
            [-121.594726588367621, 39.098170472645165],
            [-121.594658321701104, 39.098121872645265],
            [-121.594460188368032, 39.097970672645488],
            [-121.594366521701545, 39.097891205978954],
            [-121.594307788368269, 39.097835805979059],
            [-121.594167721701865, 39.097693272645927],
            [-121.594042388368678, 39.097542872646159],
            [-121.593959921702151, 39.097456472646286],
            [-121.593890121702259, 39.097363805979796],
            [-121.593838188369034, 39.097304405979855],
            [-121.59376992170246, 39.097211072646701],
            [-121.593718321702511, 39.097151605980116],
            [-121.593673388369268, 39.097089072646838],
            [-121.5935983217027, 39.096998672647032],
            [-121.593576188369411, 39.096967405980365],
            [-121.593524788369507, 39.096867805980537],
            [-121.593485121702884, 39.096803205980621],
            [-121.593431321703008, 39.096704405980802],
            [-121.593403188369678, 39.096636405980917],
            [-121.59333352170313, 39.096504005981103],
            [-121.593305321703156, 39.096436005981218],
            [-121.593211921703301, 39.096234605981522],
            [-121.593142388370097, 39.096064405981792],
            [-121.593107588370174, 39.095998205981914],
            [-121.593057388370255, 39.095860805982113],
            [-121.59302378837026, 39.095794272648902],
            [-121.592967521703713, 39.095658272649075],
            [-121.592923988370444, 39.095519605982645],
            [-121.592896921703812, 39.095378272649498],
            [-121.592888321703811, 39.09530727264962],
            [-121.592882721703859, 39.095164672649844],
            [-121.592884388370521, 39.09505767265],
            [-121.592904921703791, 39.094880005983612],
            [-121.592925521703762, 39.094774272650454],
            [-121.59297118837037, 39.094491205984241],
            [-121.592980921703656, 39.094384472651086],
            [-121.593005721703662, 39.094207205984674],
            [-121.593023721703617, 39.094137205984794],
            [-121.593042188370248, 39.094031072651603],
            [-121.593089388370174, 39.093856472651908],
            [-121.593167788370067, 39.093614005985614],
            [-121.593194521703367, 39.093545605985696],
            [-121.593512058161195, 39.092517073695603],
            [-121.594178307118511, 39.091803235155055],
            [-121.59484455607577, 39.091422521613993],
            [-121.595843928990917, 39.091136986197796],
            [-121.596890892530951, 39.091184574739373],
            [-121.597937855029329, 39.091660467446957],
            [-121.598651693569877, 39.091517699738858],
            [-121.59903240711094, 39.090756272656677],
            [-121.599555888360157, 39.090090022657705],
            [-121.601411868565606, 39.087425026828555],
            [-121.602554009188793, 39.085140744540411],
            [-121.602839544605047, 39.083855835167412],
            [-121.60279195606347, 39.082666104960936],
            [-121.602724588355215, 39.080980072671878],
            [-121.602982312313145, 39.079192091424659],
            [-121.603505793562363, 39.077669236218696],
            [-121.604267221686143, 39.076051202887868],
            [-121.604838292518593, 39.0749566508062],
            [-121.605076238351558, 39.073814510183013],
            [-121.605552130017486, 39.071006745603995],
            [-121.6063611466829, 39.06819898206669],
            [-121.607265342514836, 39.065914699778602],
            [-121.608502662304602, 39.063630416448802],
            [-121.608944999803896, 39.062475424783941],
            [-121.60954962480298, 39.060394349787146],
            [-121.610025988343864, 39.058257606040456],
            [-121.610047988343865, 39.058115872707333],
            [-121.610065588343844, 39.058045872707453],
            [-121.610083521677154, 39.05786807270772],
            [-121.610099721677102, 39.057797806041208],
            [-121.610109521677089, 39.057726872707974],
            [-121.61011598834375, 39.057620006041475],
            [-121.610134321677037, 39.057442072708398],
            [-121.610121188343726, 39.057192606042122],
            [-121.610104121677125, 39.057014672709045],
            [-121.610071721677173, 39.056766206042766],
            [-121.61004412167722, 39.056625072709664],
            [-121.610018388343917, 39.056519872709828],
            [-121.60997598834399, 39.056380872710065],
            [-121.609915121677375, 39.056208672710341],
            [-121.609906188344098, 39.056173672710372],
            [-121.609902588344085, 39.056138206043784],
            [-121.609902721677429, 39.055959806044029],
            [-121.609919588344042, 39.055531806044712],
            [-121.609906921677407, 39.055032406045484],
            [-121.609897188344064, 39.054818472712498],
            [-121.609879188344109, 39.054569006046222],
            [-121.609813388344207, 39.053857206047326],
            [-121.60980252167758, 39.053786272714092],
            [-121.609778388344296, 39.053429872714617],
            [-121.609717988344357, 39.052968406048706],
            [-121.609657121677799, 39.052363606049596],
            [-121.609585921677933, 39.05193887271696],
            [-121.609553988344601, 39.051690272717337],
            [-121.609518321678024, 39.051370272717804],
            [-121.609470521678077, 39.050872072718619],
            [-121.609460788344791, 39.050729472718842],
            [-121.609399188344867, 39.050053206053235],
            [-121.609364521678231, 39.049625806053882],
            [-121.609335588344948, 39.049448806054158],
            [-121.609299588345039, 39.0492724727211],
            [-121.609068321678706, 39.045337872727202],
            [-121.608940588345547, 39.043599606063196],
            [-121.608385599804762, 39.040149074818601],
            [-121.607586100847698, 39.036779758157138],
            [-121.606272638349708, 39.034324155035961],
            [-121.603651921687117, 39.030810006083072],
            [-121.603593388353886, 39.030754472749834],
            [-121.603459521687398, 39.030655272749982],
            [-121.603400921687523, 39.030599806083387],
            [-121.603305588354317, 39.030521606083539],
            [-121.603246988354385, 39.030466072750301],
            [-121.603182721687858, 39.030414472750351],
            [-121.603095921687952, 39.030330606083794],
            [-121.602972521688173, 39.030223672750651],
            [-121.602883988354961, 39.030140806084091],
            [-121.602761388355191, 39.030033406084272],
            [-121.60259458835543, 39.02990880608445],
            [-121.60255932168883, 39.029885406084531],
            [-121.602471388355639, 39.029836606084586],
            [-121.602398988355731, 39.029791672751344],
            [-121.602156788356126, 39.0296846060848],
            [-121.601734188356772, 39.029462406085145],
            [-121.599328482110479, 39.027920410254239],
            [-121.597843430029457, 39.025908404007339],
            [-121.59700509357242, 39.024806591509048],
            [-121.595750521699358, 39.024590806092704],
            [-121.594609848784501, 39.023920350885419],
            [-121.594082894618623, 39.02303411026179],
            [-121.594197521701801, 39.020837206098577],
            [-121.594254521701714, 39.020483406099117],
            [-121.59426558836833, 39.02037680609925],
            [-121.594296788368297, 39.020236272766169],
            [-121.59432172170159, 39.020064006099744],
            [-121.594335721701555, 39.020029872766486],
            [-121.59435518836824, 39.019960206099938],
            [-121.594412188368096, 39.019787406100193],
            [-121.594426121701417, 39.019753406100222],
            [-121.594460988368041, 39.019687272766987],
            [-121.594488988368028, 39.019620006100467],
            [-121.594528321701262, 39.019555272767207],
            [-121.594580988367852, 39.019456606100675],
            [-121.594605121701136, 39.019387672767493],
            [-121.594740788367631, 39.01920047276775],
            [-121.594817788367493, 39.019111406101217],
            [-121.594904188367366, 39.019027206101384],
            [-121.594970588367232, 39.018977206101454],
            [-121.595042188367131, 39.018931472768202],
            [-121.595155121700316, 39.018868406101603],
            [-121.595273721700096, 39.01881140610169],
            [-121.595302988366768, 39.01878600610172],
            [-121.595336388366718, 39.018718806101845],
            [-121.595380321699963, 39.018617206102022],
            [-121.595417521699915, 39.018551872768796],
            [-121.595479588366459, 39.018417272769],
            [-121.595520921699745, 39.018353406102392],
            [-121.595571921699673, 39.018293606102532],
            [-121.595707321699422, 39.018106406102788],
            [-121.595779788365974, 39.017975006102972],
            [-121.595858321699211, 39.017845606103208],
            [-121.595901321699159, 39.017782272769978],
            [-121.595936121699083, 39.017716206103387],
            [-121.596006988365673, 39.01762387277023],
            [-121.596249988365287, 39.01736220610394],
            [-121.596300988365215, 39.017302406104022],
            [-121.596441321698308, 39.017160006104291],
            [-121.596464521698294, 39.017129272771001],
            [-121.596601988364739, 39.016903006104656],
            [-121.596626121698023, 39.01687240610471],
            [-121.596679321697934, 39.016813806104778],
            [-121.596768588364455, 39.016731406104952],
            [-121.596851988364335, 39.016645606105044],
            [-121.597009721697418, 39.016514206105285],
            [-121.597101321697266, 39.016433272772076],
            [-121.59727032169701, 39.016310472772261],
            [-121.597376588363545, 39.016240872772357],
            [-121.597488121696699, 39.016176272772441],
            [-121.597519721696642, 39.016151406105848],
            [-121.597850988362779, 39.01568007277325],
            [-121.597892521696053, 39.015616272773343],
            [-121.59795978836263, 39.015522472773455],
            [-121.598078988362431, 39.015369072773694],
            [-121.59813192169571, 39.015310406107119],
            [-121.598216921695553, 39.015225406107277],
            [-121.598290721695435, 39.015134472774093],
            [-121.598574188361681, 39.014851672774512],
            [-121.598665121694864, 39.014770406107971],
            [-121.598922121694443, 39.014563606108311],
            [-121.599035121694271, 39.014450006108461],
            [-121.599094921694189, 39.014395272775232],
            [-121.599166921694064, 39.014303472775339],
            [-121.5992501883606, 39.014175806108881],
            [-121.599298521693868, 39.014114806108978],
            [-121.599339988360498, 39.014050872775783],
            [-121.599455388360298, 39.013896006109348],
            [-121.599518721693528, 39.013761872776229],
            [-121.599613321693369, 39.013599006109814],
            [-121.599705788359927, 39.013397272776785],
            [-121.599743788359831, 39.01333240611018],
            [-121.599788921693118, 39.013270206110292],
            [-121.599875988359656, 39.013067006110589],
            [-121.59989338835959, 39.012996872777364],
            [-121.599919788359557, 39.012928606110847],
            [-121.599929388359556, 39.012893672777579],
            [-121.599934188359555, 39.012858272777635],
            [-121.599934388359543, 39.012786872777724],
            [-121.599929188359567, 39.012644272777948],
            [-121.599902988359588, 39.012431272778258],
            [-121.599881721692952, 39.012325472778457],
            [-121.599871121692956, 39.012290672778477],
            [-121.599827788359732, 39.012189006111953],
            [-121.599791588359778, 39.012085672778824],
            [-121.599770721693119, 39.012041872778866],
            [-121.599643521693338, 39.011931806112386],
            [-121.599564188360148, 39.011894206112459],
            [-121.599526588360163, 39.01187307277911],
            [-121.599443321693627, 39.0118418061125],
            [-121.599314988360504, 39.011799206112585],
            [-121.5991833883607, 39.011763206112619],
            [-121.599093788360847, 39.011743672779346],
            [-121.598679321694817, 39.011695272779434],
            [-121.598546388361683, 39.011661872779484],
            [-121.598503721695124, 39.011647606112831],
            [-121.598412921695228, 39.011631472779527],
            [-121.598280588362115, 39.011596872779592],
            [-121.598236921695502, 39.011584406112945],
            [-121.597985121695899, 39.011491606113054],
            [-121.597855988362767, 39.011450672779802],
            [-121.597816721696177, 39.011431472779805],
            [-121.597521188363316, 39.01132607277998],
            [-121.597044588364042, 39.011182006113529],
            [-121.596831121697676, 39.011110606113675],
            [-121.596704721697904, 39.011065006113711],
            [-121.596540388364815, 39.011016006113778],
            [-121.596407388365037, 39.010982872780517],
            [-121.5961381216988, 39.010925406113927],
            [-121.595911121699146, 39.01088487278065],
            [-121.595822321699245, 39.010863206114038],
            [-121.595559721699658, 39.010789672780845],
            [-121.595388388366587, 39.01073367278093],
            [-121.595091788367085, 39.010629872781067],
            [-121.594791788367559, 39.010531806114557],
            [-121.594352721701568, 39.010412472781411],
            [-121.594122521701934, 39.010385072781446],
            [-121.59375918836912, 39.010321472781527],
            [-121.593670921702596, 39.010298672781573],
            [-121.593545988369442, 39.010332806114889],
            [-121.593373988369763, 39.01038787278145],
            [-121.593115388370165, 39.010458406114651],
            [-121.592845188370575, 39.010513806114602],
            [-121.592752988370705, 39.010523606114589],
            [-121.592519988371066, 39.01052600611456],
            [-121.592429321704515, 39.010510206114589],
            [-121.592243521704802, 39.010497806114586],
            [-121.592197321704873, 39.010493006114586],
            [-121.592106521705034, 39.010477606114648],
            [-121.591967188371939, 39.010467672781317],
            [-121.591921388371986, 39.010461072781311],
            [-121.591786521705558, 39.010433406114714],
            [-121.59160138837251, 39.010417406114755],
            [-121.591278321706341, 39.010384272781437],
            [-121.589470521709131, 39.010239472781677],
            [-121.58928718837609, 39.010214272781695],
            [-121.589055788376413, 39.010193472781737],
            [-121.588686788377004, 39.010153606115125],
            [-121.588325188377553, 39.010085406115252],
            [-121.588190988377789, 39.010055406115271],
            [-121.588016588378025, 39.010004806115376],
            [-121.587892988378258, 39.009954872782089],
            [-121.587777321711769, 39.00989480611554],
            [-121.587704988378562, 39.009849672782252],
            [-121.587635988378622, 39.009801672782373],
            [-121.587531721712139, 39.009769072782376],
            [-121.587440721712255, 39.009753806115782],
            [-121.586963521713017, 39.009610272782652],
            [-121.58652398838035, 39.009491606116171],
            [-121.586342321713971, 39.009460006116228],
            [-121.586250521714135, 39.009447806116214],
            [-121.58606492171441, 39.00943440611627],
            [-121.585878921714709, 39.009424806116272],
            [-121.585832321714747, 39.009424672782927],
            [-121.585599521715153, 39.009432406116275],
            [-121.585414788382081, 39.009451406116227],
            [-121.585096321715923, 39.00950440611615],
            [-121.58455832171677, 39.009621072782636],
            [-121.584513188383482, 39.009629672782637],
            [-121.584421188383658, 39.009641406115918],
            [-121.584194521717336, 39.009682606115859],
            [-121.584061721717546, 39.009716206115797],
            [-121.583974588384308, 39.009741806115755],
            [-121.583805388384576, 39.009801806115661],
            [-121.583696188384749, 39.009734872782474],
            [-121.583580588384962, 39.00967460611588],
            [-121.583458721718443, 39.009622272782622],
            [-121.583290188385376, 39.009561006116087],
            [-121.583203588385516, 39.009534606116119],
            [-121.582982121719226, 39.009479072782881],
            [-121.582937521719259, 39.009468672782873],
            [-121.582801188386156, 39.009444872782922],
            [-121.582714321719607, 39.009419272782964],
            [-121.582536188386541, 39.009377206116369],
            [-121.582152521720502, 39.009247872783192],
            [-121.582026188387374, 39.009202872783305],
            [-121.581902921720882, 39.009152472783342],
            [-121.581822121721018, 39.009116806116765],
            [-121.58174438838779, 39.009077472783474],
            [-121.581370921721714, 39.008864072783808],
            [-121.581255321721869, 39.008804006117259],
            [-121.580968788388986, 39.008621406117527],
            [-121.580671788389452, 39.008449072784458],
            [-121.580555521722943, 39.008389872784562],
            [-121.580356788389963, 39.008296606117995],
            [-121.580051788390392, 39.008132606118295],
            [-121.579930788390584, 39.008078206118341],
            [-121.579886988390683, 39.008070272785062],
            [-121.579839988390745, 39.008072672785033],
            [-121.579571721724506, 39.007875872785348],
            [-121.579465388391327, 39.007806406118789],
            [-121.579398188391451, 39.007756872785535],
            [-121.579187521725089, 39.007566272785823],
            [-121.579133788391857, 39.007508072785924],
            [-121.579067588391922, 39.00741387278606],
            [-121.57902852172532, 39.007349072786155],
            [-121.578960988392112, 39.007141606119831],
            [-121.578951521725457, 39.007106606119862],
            [-121.578950721725448, 39.006964006120086],
            [-121.57896258839213, 39.006893406120184],
            [-121.578985921725405, 39.006824272786957],
            [-121.57902938839203, 39.006722472787146],
            [-121.57904858839197, 39.006652672787254],
            [-121.57909718839187, 39.006552406120704],
            [-121.579136388391817, 39.006412872787621],
            [-121.579174388391777, 39.006310006121112],
            [-121.579263521724954, 39.006032806121539],
            [-121.579364721724801, 39.005758272788626],
            [-121.579435321724702, 39.005551272788978],
            [-121.579474921724625, 39.005461206122447],
            [-121.579531521724562, 39.005363672789258],
            [-121.579633121724385, 39.005164406122901],
            [-121.579715788390956, 39.005036672789743],
            [-121.579788388390796, 39.004905272789927],
            [-121.57985052172404, 39.004809406123456],
            [-121.579920521723977, 39.004677206123631],
            [-121.579940721723915, 39.004645006123667],
            [-121.579989988390537, 39.004584472790441],
            [-121.580089988390341, 39.004423406124033],
            [-121.580165721723574, 39.004333406124147],
            [-121.580381121723235, 39.004058272791269],
            [-121.580434788389823, 39.00400000612467],
            [-121.580541788389667, 39.003841606124922],
            [-121.580615921722881, 39.003751006125071],
            [-121.580761388389305, 39.003527606125431],
            [-121.580810521722583, 39.003467006125504],
            [-121.58089352172243, 39.003339272792402],
            [-121.580959188388988, 39.003205872792591],
            [-121.58102632172222, 39.003111872792715],
            [-121.581045921722193, 39.003079606126107],
            [-121.581058588388828, 39.00304520612616],
            [-121.581076521722139, 39.003012406126231],
            [-121.581221721721931, 39.002788806126546],
            [-121.581262721721885, 39.002686472793414],
            [-121.581303721721781, 39.002622472793519],
            [-121.581416521721621, 39.002427072793807],
            [-121.581494721721526, 39.002259206127405],
            [-121.581538388388083, 39.002196206127508],
            [-121.581627788387948, 39.002031472794386],
            [-121.581696921721175, 39.001938472794563],
            [-121.58173638838781, 39.001873872794647],
            [-121.581787388387738, 39.001814206128074],
            [-121.581871921720904, 39.001687072794937],
            [-121.582071721720638, 39.001404872795376],
            [-121.582089321720559, 39.001371806128759],
            [-121.582213521720405, 39.00118027279575],
            [-121.582259988386966, 39.001118472795838],
            [-121.582362588386843, 39.000958272796083],
            [-121.582453321720038, 39.000833672796261],
            [-121.582621388386428, 39.000579072796654],
            [-121.582699121719656, 39.000490072796822],
            [-121.58273978838622, 39.000426006130226],
            [-121.582809388386124, 39.000333272797036],
            [-121.582934521719267, 39.000141806130671],
            [-121.58303352171913, 39.000020872797506],
            [-121.583116988385655, 38.999935072797655],
            [-121.58319172171889, 38.999844606131148],
            [-121.583459721718441, 38.999552806131589],
            [-121.583891788384449, 38.99904427279904],
            [-121.585849588381393, 38.99691367280235],
            [-121.586298121714037, 38.996413672803158],
            [-121.587483521712215, 38.995003072805332],
            [-121.587801588378397, 38.994608406139264],
            [-121.58792992171152, 38.994428606139536],
            [-121.588517521710628, 38.993418006141098],
            [-121.588895788376703, 38.992650206142287],
            [-121.588960788376596, 38.992405406142666],
            [-121.589003521709856, 38.992266406142903],
            [-121.589309988376044, 38.991479872810771],
            [-121.589374388375916, 38.991271606144437],
            [-121.589521188375727, 38.990566872812224],
            [-121.5895407883757, 38.990425006145756],
            [-121.589549388375644, 38.990318072812613],
            [-121.589550988375663, 38.989889872813251],
            [-121.58951352170908, 38.989284006147557],
            [-121.589529721709027, 38.988927406148093],
            [-121.589501588375754, 38.988642806148505],
            [-121.589497121709087, 38.988535806148718],
            [-121.589540588375712, 38.987787206149846],
            [-121.589539521709014, 38.987680206150003],
            [-121.589532121709055, 38.987573206150216],
            [-121.589414721709204, 38.987009472817704],
            [-121.589270321709421, 38.986559006151765],
            [-121.589129121709675, 38.98599847281929],
            [-121.589023388376461, 38.985687672819779],
            [-121.589006521709848, 38.985627872819862],
            [-121.588951788376619, 38.985491406153415],
            [-121.588920921709985, 38.985424072820194],
            [-121.58888418837671, 38.98535847282028],
            [-121.588842121710115, 38.985294872820418],
            [-121.588794921710189, 38.985233272820494],
            [-121.588715188376966, 38.985145272820603],
            [-121.588626188377077, 38.985062806154076],
            [-121.588529521710598, 38.984985406154181],
            [-121.588452388377391, 38.984855606154383],
            [-121.588414521710774, 38.98475267282123],
            [-121.588311988377598, 38.984404606155124],
            [-121.588272121710986, 38.984302006155247],
            [-121.588221921711067, 38.984202072822086],
            [-121.588081988377951, 38.983976472822462],
            [-121.588049921711331, 38.983909472822518],
            [-121.587980321711427, 38.983739206156145],
            [-121.587748121711797, 38.983122006157089],
            [-121.587261188379216, 38.981744206159249],
            [-121.587130721712754, 38.98143900615969],
            [-121.587078721712828, 38.98133960615985],
            [-121.587039321712894, 38.981274806159945],
            [-121.587028921712943, 38.981240406159998],
            [-121.586966121713033, 38.980922872827193],
            [-121.586888788379781, 38.980793006160695],
            [-121.586839188379884, 38.980692872827547],
            [-121.586756121713336, 38.980488472827858],
            [-121.586714721713406, 38.980349406161395],
            [-121.586700588380097, 38.980278872828194],
            [-121.586696388380119, 38.980207472828283],
            [-121.586673788380153, 38.979137206163273],
            [-121.586662388380148, 38.979066406163383],
            [-121.586654788380145, 38.97895947283024],
            [-121.586612988380239, 38.97863987283074],
            [-121.586586321713582, 38.978069406164934],
            [-121.586585121713597, 38.977998006165024],
            [-121.586595188380272, 38.977855472831948],
            [-121.586599188380262, 38.977712806165471],
            [-121.586575388380311, 38.977213606166288],
            [-121.586582921713614, 38.977106672833088],
            [-121.586640321713503, 38.976752606166997],
            [-121.586655588380154, 38.976682206167084],
            [-121.586745321713352, 38.976405072834211],
            [-121.586773321713338, 38.976337072834269],
            [-121.58681418837989, 38.97625560616774],
            [-121.586795121713294, 38.976149606167894],
            [-121.586788788379977, 38.976078406168028],
            [-121.586786321713305, 38.97582860616842],
            [-121.58680352171325, 38.975650672835343],
            [-121.586837588379865, 38.975009006169671],
            [-121.58689978837981, 38.974475806170517],
            [-121.586937121713049, 38.9739056061714],
            [-121.586948721713043, 38.973370406172251],
            [-121.586930788379732, 38.972728272839902],
            [-121.586900321713131, 38.9725154728402],
            [-121.586807921713273, 38.97209327284088],
            [-121.586677321713466, 38.971750672841438],
            [-121.586633921713542, 38.97157540617502],
            [-121.586602788380219, 38.971471006175193],
            [-121.586437588380477, 38.971024806175876],
            [-121.586138321714316, 38.969979006177482],
            [-121.586114721714353, 38.969910006177599],
            [-121.586071788381048, 38.969808072844444],
            [-121.585934721714636, 38.969542672844852],
            [-121.585766988381522, 38.969287672845212],
            [-121.585729521714939, 38.969222406178687],
            [-121.585698188381627, 38.969155206178755],
            [-121.585550788381852, 38.968779272846007],
            [-121.585441388382037, 38.968544006179741],
            [-121.585372521715499, 38.968411406179939],
            [-121.58533432171555, 38.968346272846702],
            [-121.585136121715834, 38.968063272847132],
            [-121.585085321715951, 38.968003406180571],
            [-121.585029188382691, 38.967946472847302],
            [-121.584933988382829, 38.967868406180799],
            [-121.584279921717211, 38.967045406182024],
            [-121.584151788384077, 38.96689647284893],
            [-121.583840788384521, 38.96645747284964],
            [-121.58356792171827, 38.966043406183587],
            [-121.583448321718492, 38.965890272850515],
            [-121.583227188385479, 38.965576206184323],
            [-121.583152788385576, 38.965485606184473],
            [-121.582935721719252, 38.965253472851487],
            [-121.58291352171932, 38.965222206184876],
            [-121.582872188386034, 38.965158272851625],
            [-121.582771521719508, 38.964920672852031],
            [-121.58272272171962, 38.964820406185481],
            [-121.58264652171971, 38.964690206185708],
            [-121.582405321720103, 38.964303872852952],
            [-121.582138188387148, 38.963809272853723],
            [-121.58209472172058, 38.963746206187182],
            [-121.582037521720679, 38.9636724061873],
            [-121.582001321720725, 38.963572872854115],
            [-121.581881988387579, 38.963302472854537],
            [-121.581681121721203, 38.962980606188353],
            [-121.581644121721297, 38.962915072855139],
            [-121.581437788388257, 38.962478872855797],
            [-121.581323921721776, 38.962169872856293],
            [-121.581292721721809, 38.962065472856466],
            [-121.581258921721883, 38.961925072856673],
            [-121.581237588388547, 38.961855672856757],
            [-121.580923521722411, 38.961033806191381],
            [-121.580892788389122, 38.96096640619146],
            [-121.580838988389189, 38.960867606191641],
            [-121.580798188389281, 38.960803406191758],
            [-121.580730388389384, 38.960709806191858],
            [-121.580707121722753, 38.960353472859083],
            [-121.580651121722838, 38.960107406192833],
            [-121.580628521722872, 38.959929872859789],
            [-121.580525121722985, 38.959364472860614],
            [-121.58049852172303, 38.958722472861609],
            [-121.580497521723032, 38.9586512061951],
            [-121.580507388389719, 38.958294406195648],
            [-121.580518788389668, 38.958151872862516],
            [-121.580607721722913, 38.957621072863333],
            [-121.580617721722888, 38.957550072863455],
            [-121.58061852172284, 38.957514406196822],
            [-121.580616521722845, 38.957014872864306],
            [-121.580562521722982, 38.956302406198745],
            [-121.580565521722974, 38.956195406198901],
            [-121.580593721722892, 38.955732006199639],
            [-121.580619921722871, 38.955554806199871],
            [-121.580615521722848, 38.955305072866963],
            [-121.580590921722887, 38.955091806200585],
            [-121.580548388389616, 38.95491640620088],
            [-121.580523321723035, 38.954739072867824],
            [-121.58051592172302, 38.954596472868047],
            [-121.58052178838966, 38.954472672868235],
            [-121.580500388389737, 38.954403272868319],
            [-121.580406921723181, 38.954017406202297],
            [-121.580371188389904, 38.953661606202843],
            [-121.580373988389908, 38.953554672869643],
            [-121.580389721723236, 38.953448272869821],
            [-121.580440188389787, 38.953237672870159],
            [-121.580477321723095, 38.953061606203732],
            [-121.580537921723021, 38.95270780620433],
            [-121.580633788389491, 38.952322206204883],
            [-121.580667388389486, 38.952218272871733],
            [-121.580709188389392, 38.952116072871888],
            [-121.580709921722701, 38.9520806062053],
            [-121.580697188389422, 38.951295472873142],
            [-121.580591588389552, 38.950622272874227],
            [-121.580519321723045, 38.950306006208052],
            [-121.580496521723035, 38.950092606208386],
            [-121.580469321723115, 38.949522006209236],
            [-121.580483921723101, 38.948915406210176],
            [-121.580469121723127, 38.948523072877492],
            [-121.5804753217231, 38.948344672877738],
            [-121.580460921723102, 38.947880872878443],
            [-121.580439988389799, 38.947667406212133],
            [-121.580349788389924, 38.947208672879526],
            [-121.580339988389994, 38.947137672879592],
            [-121.580335921723304, 38.947066406213082],
            [-121.580355721723265, 38.946638472880409],
            [-121.580432321723151, 38.946034806214641],
            [-121.580445321723118, 38.945749472881801],
            [-121.580476321723097, 38.945357806215725],
            [-121.5804753217231, 38.944822606216519],
            [-121.58046518838978, 38.94471580621672],
            [-121.580381521723211, 38.944256406217448],
            [-121.580293188390044, 38.944015872884449],
            [-121.580085388390387, 38.943283606218927],
            [-121.579989788390492, 38.942861672886238],
            [-121.579975121723862, 38.942755272886416],
            [-121.579961921723907, 38.942612872886627],
            [-121.579951188390567, 38.942077672887478],
            [-121.579952988390573, 38.94204220622089],
            [-121.579989788390492, 38.941829872887865],
            [-121.579996521723842, 38.941794606221265],
            [-121.580106121723645, 38.941411206221858],
            [-121.580202588390193, 38.94117260622221],
            [-121.580237188390129, 38.941058272889052],
            [-121.580332988389955, 38.94093587288927],
            [-121.580377588389922, 38.940873206222705],
            [-121.580516388389697, 38.940647206223048],
            [-121.580551788389641, 38.940581206223158],
            [-121.580582121722898, 38.940513672889892],
            [-121.580606988389547, 38.940444872889998],
            [-121.580635588389498, 38.940340072890194],
            [-121.580703188389407, 38.940132406223825],
            [-121.580719788389388, 38.940062206223956],
            [-121.580779321722616, 38.939708272891153],
            [-121.580819121722584, 38.939424472891574],
            [-121.580834921722555, 38.939175006225298],
            [-121.580826788389231, 38.938925272892391],
            [-121.580817121722532, 38.938815206225854],
            [-121.580993062347261, 38.937360788519811],
            [-121.581580669638015, 38.935288702064668],
            [-121.581302329013454, 38.934484609357582],
            [-121.581134188388717, 38.931290406237565],
            [-121.58120778838861, 38.931010472904632],
            [-121.581345588388388, 38.930413072905594],
            [-121.581364921721729, 38.930307072905748],
            [-121.581370521721681, 38.930164406239271],
            [-121.58134678838843, 38.929951006239605],
            [-121.581343321721761, 38.929879672906395],
            [-121.581353121721747, 38.929772872906597],
            [-121.581377188388331, 38.929631406240105],
            [-121.581385588388343, 38.929381672907198],
            [-121.58140658838829, 38.929061006241],
            [-121.581418921721649, 38.928954272907845],
            [-121.581508721721491, 38.928495606241881],
            [-121.58152818838812, 38.928425806241989],
            [-121.581663388387938, 38.928010272909319],
            [-121.581673721721245, 38.927975472909338],
            [-121.581676588387893, 38.927939872909405],
            [-121.581677988387867, 38.927761472909708],
            [-121.581638388387944, 38.927477606243485],
            [-121.581609121721328, 38.927228806243875],
            [-121.58154072172141, 38.926803806244493],
            [-121.581537988388106, 38.92676820624456],
            [-121.581538321721439, 38.926518406244952],
            [-121.581530388388103, 38.926375806245176],
            [-121.581527588388099, 38.926340206245243],
            [-121.581503988388135, 38.926262872912048],
            [-121.581474321721544, 38.926195272912139],
            [-121.581368588388386, 38.925921606245879],
            [-121.581304788388479, 38.925713072912856],
            [-121.581268188388549, 38.925609806246371],
            [-121.580873022764138, 38.92468875312278],
            [-121.580846388389205, 38.924626672914542],
            [-121.580791388389287, 38.924453406248176],
            [-121.580619921722871, 38.92386107291577],
            [-121.580583121722896, 38.923757872915928],
            [-121.580032321723763, 38.922582406251081],
            [-121.579754121724193, 38.922130606251756],
            [-121.579530588391208, 38.921738072919027],
            [-121.579490121724632, 38.9216738062525],
            [-121.578897521725537, 38.920864806253746],
            [-121.578728388392449, 38.920570872920848],
            [-121.578514321726118, 38.920254006254709],
            [-121.578354188393064, 38.919957206255162],
            [-121.578179721726656, 38.919588206255696],
            [-121.578166788393332, 38.91955387292245],
            [-121.578049588393526, 38.919208472922946],
            [-121.578028921726911, 38.919139006256387],
            [-121.577976388393608, 38.918928672923414],
            [-121.577879521727141, 38.918653006257159],
            [-121.577861521727129, 38.918583072923923],
            [-121.577852588393853, 38.91840480625757],
            [-121.577856788393831, 38.918226406257816],
            [-121.577854321727159, 38.918119406257972],
            [-121.577820388393889, 38.917835072925129],
            [-121.577779121727303, 38.917265006259299],
            [-121.577665321727466, 38.916520672927163],
            [-121.577643588394153, 38.91641500626065],
            [-121.57760392172753, 38.916275472927509],
            [-121.577552721727614, 38.916138272927753],
            [-121.577465388394444, 38.915934872928062],
            [-121.577404788394517, 38.915725872928363],
            [-121.57738638839453, 38.915656006261827],
            [-121.577332521727953, 38.915337472928968],
            [-121.577298588394683, 38.914874272929694],
            [-121.577308588394658, 38.914696072929985],
            [-121.57738592172791, 38.914374072930457],
            [-121.577559721727596, 38.914004806264359],
            [-121.57764992172747, 38.913764806264737],
            [-121.577748321727313, 38.913526672931766],
            [-121.577770988393979, 38.913457472931896],
            [-121.57782818839388, 38.913247872932232],
            [-121.577852921727185, 38.913179072932337],
            [-121.577923121727054, 38.913009006265952],
            [-121.577958588393642, 38.912905406266077],
            [-121.577997388393612, 38.912729472933052],
            [-121.578025188393553, 38.912552406266627],
            [-121.578166588393344, 38.912028272934094],
            [-121.578290788393133, 38.911721472934573],
            [-121.578341188393097, 38.911621672934757],
            [-121.578380921726364, 38.911557206268185],
            [-121.578695721725865, 38.911161006268799],
            [-121.578801988392343, 38.911043806268992],
            [-121.579321721724909, 38.910540006269741],
            [-121.579481721724619, 38.910410406269989],
            [-121.579650188391042, 38.910287272936841],
            [-121.579680788390988, 38.910261006270218],
            [-121.580059988390417, 38.909648406271117],
            [-121.58015172172361, 38.909524206271328],
            [-121.580596921722929, 38.908980006272202],
            [-121.580638921722823, 38.908916272938939],
            [-121.580758121722624, 38.90868380627262],
            [-121.580870921722465, 38.908488006272933],
            [-121.581064388388825, 38.908244072939965],
            [-121.581151788388695, 38.908118072940169],
            [-121.58126738838854, 38.907923206273836],
            [-121.581404188388319, 38.907619606274295],
            [-121.581728988387795, 38.907027472941877],
            [-121.581846921720967, 38.906794672942226],
            [-121.581925588387492, 38.906665272942462],
            [-121.582018588387371, 38.906541672942637],
            [-121.582351121720194, 38.906154072943252],
            [-121.582383188386814, 38.906128272943249],
            [-121.582448588386683, 38.906077472943366],
            [-121.582709388386263, 38.905927672943562],
            [-121.582781788386171, 38.905882806276963],
            [-121.582851721719408, 38.905835606277037],
            [-121.583121388385678, 38.905638806277352],
            [-121.583330721718653, 38.905501472944252],
            [-121.583383721718576, 38.90544287294432],
            [-121.583456721718449, 38.905351606277804],
            [-121.583697921718112, 38.905005406278349],
            [-121.583737388384691, 38.904940872945133],
            [-121.583802188384595, 38.904807072945346],
            [-121.583838388384549, 38.904741272945444],
            [-121.583905388384437, 38.904647406278912],
            [-121.584071388384189, 38.904432406279227],
            [-121.584407521716969, 38.904046606279849],
            [-121.584758921716457, 38.903669006280438],
            [-121.584891188382926, 38.903522072947339],
            [-121.584946921716153, 38.903464872947382],
            [-121.585210388382393, 38.903215406281106],
            [-121.585729188381606, 38.902580206282096],
            [-121.586236188380838, 38.902024606282964],
            [-121.586571188380276, 38.901555006283729],
            [-121.586596588380246, 38.901525072950392],
            [-121.58667872171344, 38.901438472950531],
            [-121.586736588380063, 38.90138260628396],
            [-121.587679988378568, 38.900498806285327],
            [-121.587763788378425, 38.900413206285464],
            [-121.587841721711641, 38.900324272952275],
            [-121.587989146711436, 38.900267635452394],
            [-121.588244939419383, 38.900065381286026],
            [-121.588376188377481, 38.899492472953568],
            [-121.588454023794043, 38.899396227120405],
            [-121.589130483167992, 38.899109327120811],
            [-121.589320840459379, 38.89900225107931],
            [-121.589463608167478, 38.898883278162828],
            [-121.590317588374489, 38.898183272955634],
            [-121.591428788372752, 38.897534872956612],
            [-121.592795388370632, 38.896855072957692],
            [-121.593539121702804, 38.896559406291487],
            [-121.594650388367768, 38.89619200629204],
            [-121.59515438836695, 38.896007472958956],
            [-121.595975721699006, 38.895756006292686],
            [-121.596240721698621, 38.895688406292834],
            [-121.59675992169781, 38.89553060629305],
            [-121.596928388364233, 38.895470406293157],
            [-121.597061121697323, 38.895437072959851],
            [-121.597410188363483, 38.895337672960011],
            [-121.597622321696463, 38.89526440629345],
            [-121.597705788362987, 38.895232872960207],
            [-121.599054788360945, 38.894669606294372],
            [-121.600080921692665, 38.89420807296176],
            [-121.600861788358088, 38.893757272962489],
            [-121.601655721690236, 38.893206806296689],
            [-121.602391388355727, 38.892769472964005],
            [-121.602679721688617, 38.892588872964268],
            [-121.603351788354246, 38.892148206298316],
            [-121.603387121687547, 38.892125006298329],
            [-121.604363321686037, 38.891396806299497],
            [-121.60443012168588, 38.891347072966198],
            [-121.605059388351606, 38.890821272967059],
            [-121.6050929216849, 38.890796472967054],
            [-121.606363188349576, 38.89001500630161],
            [-121.60757172168104, 38.889288606302728],
            [-121.607682788347518, 38.889223872969524],
            [-121.609130388345307, 38.888445272970728],
            [-121.610927788342508, 38.887553872972092],
            [-121.611156921675445, 38.88743147297231],
            [-121.612213788340512, 38.886847206306527],
            [-121.61228718834036, 38.886803272973282],
            [-121.612355921673611, 38.886755206306702],
            [-121.61314472167237, 38.886149406307595],
            [-121.613289521672129, 38.886009806307811],
            [-121.613652588338255, 38.885638806308407],
            [-121.613712121671483, 38.885583872975189],
            [-121.613837921671291, 38.88547880630864],
            [-121.614027388337661, 38.885275606308994],
            [-121.614228521670725, 38.885035406309328],
            [-121.614275588337307, 38.884973806309461],
            [-121.614293521670618, 38.88494120630952],
            [-121.614384988337122, 38.884701472976531],
            [-121.614406188337114, 38.884632006309971],
            [-121.61442178833704, 38.884561606310058],
            [-121.614449188337005, 38.884348606310425],
            [-121.614470588336985, 38.883956472977673],
            [-121.614462388337017, 38.883849672977874],
            [-121.614446988337022, 38.883743272977995],
            [-121.614437988337045, 38.883708272978083],
            [-121.61427238833727, 38.883262272978754],
            [-121.614236921670681, 38.883196272978864],
            [-121.613973788337773, 38.882778606312854],
            [-121.613843788337988, 38.882549672979849],
            [-121.613680188338208, 38.882177672980447],
            [-121.613310588338777, 38.881445672981613],
            [-121.613098121672465, 38.880936006315721],
            [-121.613074588339146, 38.880866872982494],
            [-121.612958721672669, 38.880375406316602],
            [-121.612952188339364, 38.880304272983381],
            [-121.612930388339407, 38.879876472983995],
            [-121.612943388339374, 38.87969840631763],
            [-121.612954188339359, 38.879627472984396],
            [-121.613026521672566, 38.879311206318221],
            [-121.613064988339147, 38.879208272985068],
            [-121.613131188339082, 38.879037272985329],
            [-121.61346432167187, 38.878295206319819],
            [-121.61360732167168, 38.878070806320181],
            [-121.613906321671209, 38.877548072987622],
            [-121.614403788337086, 38.87670227298895],
            [-121.614446921670378, 38.876639072989065],
            [-121.614815388336467, 38.87614320632315],
            [-121.614858721669748, 38.876080072989907],
            [-121.615354788335594, 38.875313006324461],
            [-121.615496321668729, 38.875171406324682],
            [-121.615600188335236, 38.875053006324833],
            [-121.615672388335099, 38.874961406324985],
            [-121.615777121668316, 38.874843406325169],
            [-121.615825588334872, 38.87478247299191],
            [-121.615875388334814, 38.874682472992106],
            [-121.61591272166811, 38.874617206325524],
            [-121.615935521668064, 38.874586072992258],
            [-121.616078588334517, 38.874322672992662],
            [-121.616309921667494, 38.873933072993225],
            [-121.616537521667112, 38.873629872993718],
            [-121.616655721666916, 38.873436072994025],
            [-121.616691121666861, 38.873370072994135],
            [-121.616766521666761, 38.873201406327723],
            [-121.616817188333357, 38.873101672994551],
            [-121.616874788333234, 38.873004206328005],
            [-121.616944321666494, 38.872911406328171],
            [-121.616961988333117, 38.872878406328198],
            [-121.617117788332905, 38.872542406328762],
            [-121.617157388332828, 38.872477806328845],
            [-121.617273988332613, 38.872323472995731],
            [-121.617293521665943, 38.872291272995824],
            [-121.617369188332475, 38.87216100632935],
            [-121.617615921665447, 38.871698806330073],
            [-121.61765872166535, 38.871635406330142],
            [-121.617729188331907, 38.871543206330273],
            [-121.61776432166522, 38.871477072997038],
            [-121.617827321665118, 38.871381606330544],
            [-121.617938588331583, 38.871185406330824],
            [-121.618019721664837, 38.871018206331087],
            [-121.618095388331369, 38.870887806331325],
            [-121.618254921664459, 38.870552672998485],
            [-121.618386788330895, 38.87028580633222],
            [-121.618508588330712, 38.870054272999255],
            [-121.618555788330639, 38.869953606332786],
            [-121.618679521663807, 38.869722672999785],
            [-121.618759321663674, 38.869593806333341],
            [-121.618802588330254, 38.869530606333399],
            [-121.618929388330059, 38.869300673000453],
            [-121.618971321663309, 38.86923700633389],
            [-121.619025788329907, 38.869138473000703],
            [-121.619125121663103, 38.868977273000951],
            [-121.619180188329665, 38.868879006334453],
            [-121.619227188329603, 38.868778073001238],
            [-121.619266721662882, 38.868713606334666],
            [-121.61939438832934, 38.868484073001696],
            [-121.619462921662546, 38.86835140633525],
            [-121.619598788329029, 38.86812447300224],
            [-121.619651921662296, 38.868025473002433],
            [-121.619675321662271, 38.867994673002443],
            [-121.619737121662126, 38.867898873002616],
            [-121.619785788328727, 38.867838006336058],
            [-121.619846988328618, 38.867741806336198],
            [-121.619923188328528, 38.867611873003057],
            [-121.619991788328434, 38.867479273003255],
            [-121.620048988328335, 38.867343606336817],
            [-121.620085788328254, 38.867278006336903],
            [-121.620163988328159, 38.867110006337157],
            [-121.620217121661426, 38.867011073003994],
            [-121.620508188327619, 38.866551673004722],
            [-121.620523321660926, 38.866518006338083],
            [-121.620543721660908, 38.866485873004819],
            [-121.620640121660756, 38.866363806338313],
            [-121.620705321660637, 38.866269273005116],
            [-121.620761188327208, 38.866171273005307],
            [-121.620803388327147, 38.866107606338744],
            [-121.620872921660407, 38.865975406338919],
            [-121.620920121660333, 38.865874806339093],
            [-121.621003121660181, 38.865747073005934],
            [-121.621074388326747, 38.865615273006142],
            [-121.621114921660023, 38.865551073006259],
            [-121.621185721659913, 38.865419206339823],
            [-121.621370121659595, 38.865171406340153],
            [-121.621584521659258, 38.864854806340645],
            [-121.62160438832592, 38.864822606340738],
            [-121.621619921659203, 38.8647890063408],
            [-121.621661521659178, 38.864725206340893],
            [-121.62177858832564, 38.864571006341123],
            [-121.621909588325423, 38.864423606341347],
            [-121.621977988325341, 38.86433040634148],
            [-121.622058921658549, 38.864243073008311],
            [-121.622133921658417, 38.864152873008436],
            [-121.622196188325006, 38.864057206341897],
            [-121.622339321658103, 38.863873273008835],
            [-121.622568321657752, 38.863562806342657],
            [-121.622734388324147, 38.863348073009661],
            [-121.622908588323867, 38.863096006343426],
            [-121.623107588323592, 38.862854806343762],
            [-121.623237721656722, 38.862706873010666],
            [-121.623371321656521, 38.86256080634422],
            [-121.623515788322948, 38.862421073011092],
            [-121.623775788322519, 38.862125206344899],
            [-121.623888388322371, 38.862011606345106],
            [-121.624018521655501, 38.861863806345298],
            [-121.624066988322113, 38.861802873012095],
            [-121.624177788321902, 38.861688273012248],
            [-121.624203188321871, 38.861658406345612],
            [-121.624334788321676, 38.861469673012607],
            [-121.624466188321492, 38.86132247301282],
            [-121.624616388321215, 38.861142073013127],
            [-121.624963321654036, 38.860762073013689],
            [-121.625067588320519, 38.860643873013885],
            [-121.625167921653713, 38.860523673014086],
            [-121.625247588320235, 38.860435806347539],
            [-121.625408721653343, 38.860261006347798],
            [-121.625522988319858, 38.860148406348003],
            [-121.625573788319741, 38.860088606348086],
            [-121.625683788319577, 38.859931473014967],
            [-121.625861121652633, 38.859722006348647],
            [-121.625883921652587, 38.859691006348669],
            [-121.625920988319194, 38.859625473015456],
            [-121.625943721652504, 38.859594273015489],
            [-121.626021188319044, 38.859505406349001],
            [-121.626169321652185, 38.85932387301591],
            [-121.626527921651586, 38.858865006349959],
            [-121.626663388318036, 38.858720006350211],
            [-121.62675972165124, 38.858597873017061],
            [-121.626822321651161, 38.858502273017223],
            [-121.626867588317737, 38.858440006350634],
            [-121.626907921651025, 38.858375673017406],
            [-121.626955121650951, 38.858314206350826],
            [-121.627017121650852, 38.858218406351],
            [-121.62715152165066, 38.858030873017924],
            [-121.627301721650383, 38.857809606351623],
            [-121.627377188316984, 38.857719606351736],
            [-121.627442321650165, 38.857624873018551],
            [-121.627513121650054, 38.857532673018682],
            [-121.627572388316651, 38.857435806352214],
            [-121.62766138831654, 38.857310473019027],
            [-121.627768388316326, 38.857112806352688],
            [-121.627843988316215, 38.856992273019557],
            [-121.627897521649459, 38.856893473019682],
            [-121.627961121649378, 38.856798206353176],
            [-121.627993388315986, 38.856731273019932],
            [-121.62803358831593, 38.85666687302006],
            [-121.628066121649226, 38.85660000635346],
            [-121.628198921649016, 38.856372073020509],
            [-121.628317721648841, 38.856178406354161],
            [-121.628365321648744, 38.856077806354278],
            [-121.628545188315115, 38.855755273021487],
            [-121.628745388314826, 38.855355806355419],
            [-121.628992188314442, 38.854817273022945],
            [-121.629174988314162, 38.854444006356857],
            [-121.629245721647408, 38.85427407302376],
            [-121.629370321647173, 38.854005206357499],
            [-121.629426588313777, 38.853869206357729],
            [-121.629489588313675, 38.853735073024609],
            [-121.629562188313571, 38.853565673024889],
            [-121.629595121646844, 38.853461606358337],
            [-121.629657921646753, 38.853327273025229],
            [-121.629685521646707, 38.853259073025356],
            [-121.629797721646526, 38.852949806359163],
            [-121.629932588313011, 38.852608273026362],
            [-121.630010521646227, 38.852365873026713],
            [-121.630049721646117, 38.852226406360273],
            [-121.630108588312737, 38.852053873027216],
            [-121.630148121646016, 38.851951273027396],
            [-121.630198321645935, 38.85177707302762],
            [-121.630236588312528, 38.85167420636111],
            [-121.630304988312389, 38.851466606361441],
            [-121.630369921645638, 38.85129527302837],
            [-121.630391988312283, 38.851226006361799],
            [-121.630610321645293, 38.850717673029294],
            [-121.630799721644962, 38.850202673030083],
            [-121.630848321644919, 38.850064873030306],
            [-121.630869188311522, 38.849995406363746],
            [-121.630930588311458, 38.849860673030605],
            [-121.631051588311266, 38.849516206364456],
            [-121.631094121644537, 38.8494142730313],
            [-121.631139921644433, 38.849276006364846],
            [-121.631352521644146, 38.848728806365727],
            [-121.63149258831055, 38.848351273032961],
            [-121.631690121643601, 38.847838006367112],
            [-121.631878788309962, 38.84735987303452],
            [-121.632021321643094, 38.846982873035074],
            [-121.632109321642929, 38.846705473035513],
            [-121.632206988309463, 38.846430073035947],
            [-121.632250121642699, 38.84625487303623],
            [-121.632301388309315, 38.846117673036417],
            [-121.632342188309224, 38.845978406369966],
            [-121.632369988309222, 38.845910273036736],
            [-121.632392388309199, 38.845841073036866],
            [-121.632449721642388, 38.845631606370489],
            [-121.632482521642373, 38.845527606370695],
            [-121.632495921642317, 38.845457006370793],
            [-121.632576921642226, 38.84517840637119],
            [-121.632600188308857, 38.845109273037963],
            [-121.632643521642137, 38.844934006371602],
            [-121.632688988308701, 38.844795606371804],
            [-121.632714921641991, 38.844690406371967],
            [-121.632738788308643, 38.844621473038728],
            [-121.632800188308522, 38.84441260637243],
            [-121.632833121641795, 38.844272206372636],
            [-121.632891521641739, 38.844099473039535],
            [-121.632947721641642, 38.843889806373227],
            [-121.632986188308223, 38.843787006373361],
            [-121.633028588308207, 38.843648073040242],
            [-121.633046188308128, 38.843578006373718],
            [-121.633129988308042, 38.843336673040767],
            [-121.633158188307959, 38.843231806374263],
            [-121.63319352164126, 38.843128273041089],
            [-121.633304788307782, 38.842745206375014],
            [-121.633384188307616, 38.842514473042002],
            [-121.633399721640956, 38.842444073042145],
            [-121.633442988307536, 38.842305406375658],
            [-121.633469121640815, 38.842200206375821],
            [-121.633504521640759, 38.842096673042647],
            [-121.633530921640727, 38.841991606376155],
            [-121.633571721640692, 38.841852406376404],
            [-121.633613721640586, 38.841677006376642],
            [-121.633650121640528, 38.841573606376812],
            [-121.63368598830715, 38.841433606377052],
            [-121.6337413216404, 38.841260406377273],
            [-121.633855321640226, 38.840841273044589],
            [-121.633889321640197, 38.84070100637814],
            [-121.633913521640125, 38.840632073044958],
            [-121.633943321640118, 38.84052760637843],
            [-121.633983588306705, 38.840351806378692],
            [-121.634029588306646, 38.840213606378938],
            [-121.634077188306549, 38.840039006379186],
            [-121.634112721639838, 38.839935473046012],
            [-121.634151921639784, 38.83975960637963],
            [-121.634187321639729, 38.8396562063798],
            [-121.634248388306276, 38.839410873046859],
            [-121.634282588306235, 38.83930720638034],
            [-121.634321388306205, 38.839131273047258],
            [-121.63434258830614, 38.839061806380698],
            [-121.634358921639432, 38.83899160638083],
            [-121.634451921639311, 38.83871527304791],
            [-121.634541521639164, 38.838401606381751],
            [-121.634591321639107, 38.838191006382033],
            [-121.634633788305678, 38.838052073048914],
            [-121.634664921639001, 38.837911406382489],
            [-121.634725388305526, 38.837702406382846],
            [-121.634739388305547, 38.837631873049588],
            [-121.634802321638745, 38.837460206383184],
            [-121.63485832163866, 38.837250473050176],
            [-121.634934788305202, 38.837007806383895],
            [-121.63496712163851, 38.836867273050757],
            [-121.635000121638484, 38.836763206384262],
            [-121.635059188305036, 38.836554073051275],
            [-121.635182588304815, 38.836210073051802],
            [-121.635222921638103, 38.836070806385351],
            [-121.635407321637842, 38.835554606386154],
            [-121.635450321637734, 38.835415806386379],
            [-121.635537721637604, 38.83517527305338],
            [-121.635797721637232, 38.834527406387735],
            [-121.635861188303807, 38.834393273054616],
            [-121.636016921636894, 38.834019406388506],
            [-121.636465988302859, 38.833006006390121],
            [-121.63666932163585, 38.832569206390758],
            [-121.636789788302337, 38.832337273057817],
            [-121.636994121635382, 38.831900806391843],
            [-121.637031188301989, 38.831835273058573],
            [-121.637168721635078, 38.831570273059015],
            [-121.637225588301646, 38.831472606392481],
            [-121.637311388301555, 38.831306806392718],
            [-121.637389788301391, 38.831177406392953],
            [-121.637408721634699, 38.831137406392997],
            [-121.637518188301215, 38.830940606393312],
            [-121.637688721634277, 38.83064740639378],
            [-121.637740121634181, 38.83054800639394],
            [-121.637799121634089, 38.830451006394071],
            [-121.637903788300605, 38.830252606394367],
            [-121.63794372163386, 38.830188073061151],
            [-121.638086321633693, 38.829924673061555],
            [-121.638220788300146, 38.829697273061925],
            [-121.638264588300046, 38.829634406395314],
            [-121.63835552163323, 38.82947020639557],
            [-121.638417988299807, 38.829374473062387],
            [-121.638509188299679, 38.829210473062687],
            [-121.638570921632891, 38.829114473062816],
            [-121.638718721632699, 38.828852473063193],
            [-121.638780588299255, 38.828756673063367],
            [-121.638929921632382, 38.828495273063766],
            [-121.639228788298567, 38.827934006397982],
            [-121.639291921631809, 38.827838606398132],
            [-121.639325521631747, 38.82777200639822],
            [-121.639573188298016, 38.827349073065534],
            [-121.639607988297996, 38.827282873065656],
            [-121.639673121631176, 38.827188273065815],
            [-121.639725321631147, 38.827089073065963],
            [-121.639888788297526, 38.826832806399693],
            [-121.639945788297439, 38.82673520639986],
            [-121.640007721630695, 38.826639273066633],
            [-121.640043921630649, 38.826573606400075],
            [-121.640144588297119, 38.826412673067011],
            [-121.640273721630251, 38.826183473067374],
            [-121.640307188296902, 38.826116873067463],
            [-121.640350188296793, 38.826015073067651],
            [-121.640434521630027, 38.825848873067912],
            [-121.64050672162989, 38.825679273068147],
            [-121.640557788296519, 38.825579673068319],
            [-121.640604188296436, 38.82547867306846],
            [-121.64067698829632, 38.82530927306874],
            [-121.640729788296255, 38.82517247306896],
            [-121.640765788296164, 38.825106606402358],
            [-121.640796121629478, 38.825039206402494],
            [-121.640977988295845, 38.824596873069822],
            [-121.641003388295815, 38.824528206403272],
            [-121.641020721629104, 38.824458073070048],
            [-121.641041121629087, 38.824352206403546],
            [-121.641087321629016, 38.824177273070461],
            [-121.641104521628961, 38.824071073070627],
            [-121.641140521628927, 38.823931073070867],
            [-121.64115472162888, 38.82386060640431],
            [-121.641182521628878, 38.823683473071242],
            [-121.641201188295497, 38.823505673071509],
            [-121.64122078829547, 38.823399673071663],
            [-121.641259121628764, 38.822972606405699],
            [-121.641290388295374, 38.822402206406593],
            [-121.641305921628657, 38.821546273074546],
            [-121.64129078829535, 38.821154073075149],
            [-121.641276121628721, 38.820940406408852],
            [-121.641263188295397, 38.820829806408995],
            [-121.641205521628819, 38.820368073076395],
            [-121.641175921628871, 38.820191206410016],
            [-121.641112188295665, 38.819910006410453],
            [-121.64105538829574, 38.819700406410789],
            [-121.641011988295816, 38.819598806410909],
            [-121.6409693216292, 38.81945987307779],
            [-121.640931588295928, 38.819356873077936],
            [-121.640764721629523, 38.819024006411837],
            [-121.640719588296236, 38.818922673078646],
            [-121.640668521629664, 38.818823073078761],
            [-121.640625788296404, 38.818759806412231],
            [-121.640570321629809, 38.818661606412377],
            [-121.640504388296563, 38.818567273079168],
            [-121.640422188296725, 38.818439406412722],
            [-121.640332721630159, 38.818274873079645],
            [-121.64027132163028, 38.81817880641313],
            [-121.640216921630383, 38.818080206413299],
            [-121.640090788297243, 38.817889406413599],
            [-121.640012121630662, 38.817760206413766],
            [-121.639947921630778, 38.817665206413892],
            [-121.639828988297609, 38.817471606414244],
            [-121.639785988297717, 38.817408406414302],
            [-121.639737721631093, 38.817347406414399],
            [-121.639617188297962, 38.817154473081359],
            [-121.63956878829805, 38.817093606414801],
            [-121.639409521631592, 38.816835606415225],
            [-121.639363921631684, 38.81677347308198],
            [-121.639329721631725, 38.816707073082057],
            [-121.639265321631854, 38.816612206415527],
            [-121.639148321632035, 38.816458073082458],
            [-121.639093988298782, 38.816359473082628],
            [-121.639034321632209, 38.816262806416091],
            [-121.638990921632285, 38.816199806416193],
            [-121.638919588299018, 38.816107806416312],
            [-121.638800188299228, 38.815914406416653],
            [-121.638714721632709, 38.815787673083491],
            [-121.638621321632854, 38.815664406417],
            [-121.638391988299873, 38.81531360641759],
            [-121.638278321633379, 38.815158006417789],
            [-121.63806052163369, 38.814842873084956],
            [-121.637857121633999, 38.814562273085414],
            [-121.637796988300806, 38.814465673085579],
            [-121.637685388300952, 38.814309206419125],
            [-121.637647388300991, 38.814244073085888],
            [-121.637583388301096, 38.81414900641937],
            [-121.637513121634584, 38.814056606419513],
            [-121.637470321634623, 38.813993273086282],
            [-121.637327788301491, 38.813729606420054],
            [-121.637265521634959, 38.813633873086872],
            [-121.637210588301684, 38.813535473086972],
            [-121.637166921635071, 38.813468073087108],
            [-121.637097388301868, 38.813335673087295],
            [-121.637034988301991, 38.813240006420813],
            [-121.637001588302041, 38.813173406420901],
            [-121.636939521635441, 38.813077606421018],
            [-121.636885988302197, 38.812978673087855],
            [-121.63684412163559, 38.812915073087936],
            [-121.636827388302265, 38.812881806421331],
            [-121.636746121635724, 38.812677006421666],
            [-121.636700921635793, 38.812575673088475],
            [-121.636634921635903, 38.81244227308872],
            [-121.636570988302708, 38.812270806422305],
            [-121.636542121636069, 38.812203006422408],
            [-121.63638452163633, 38.811867273089604],
            [-121.636348788303053, 38.811801406423001],
            [-121.636318188303051, 38.811734006423137],
            [-121.636294321636456, 38.811665006423254],
            [-121.636275321636504, 38.811595073090018],
            [-121.636192321636599, 38.811390873090318],
            [-121.63613092163672, 38.811182006423962],
            [-121.636117721636708, 38.81114780642406],
            [-121.636066121636816, 38.811048406424163],
            [-121.63603732163682, 38.810980473090979],
            [-121.635939121637023, 38.810668406424782],
            [-121.635801721637222, 38.810327473092002],
            [-121.635752121637267, 38.810190006425501],
            [-121.635719588304028, 38.810123073092313],
            [-121.63569178830403, 38.810055006425728],
            [-121.635612121637507, 38.809813006426111],
            [-121.635520721637647, 38.809499673093285],
            [-121.635456988304441, 38.809254673093619],
            [-121.635352921637889, 38.808907006427489],
            [-121.635317121637968, 38.808730806427775],
            [-121.635286121637989, 38.808626406427948],
            [-121.635250988304733, 38.808486206428142],
            [-121.635213188304817, 38.808310206428416],
            [-121.635149788304886, 38.807884806429115],
            [-121.634938121638527, 38.80693520643058],
            [-121.634866921638661, 38.806579206431138],
            [-121.634848921638707, 38.806509206431258],
            [-121.634836721638692, 38.806438473098012],
            [-121.63480438830544, 38.806334406431517],
            [-121.63475438830551, 38.8061238730985],
            [-121.634736521638843, 38.806017673098665],
            [-121.634705521638921, 38.805913406432182],
            [-121.634669321638967, 38.805810006432296],
            [-121.634652921638974, 38.805739806432427],
            [-121.634625321639021, 38.805491006432817],
            [-121.634621988305696, 38.805419606432906],
            [-121.634622521639017, 38.805205606433276],
            [-121.634600588305716, 38.805028073100175],
            [-121.634567788305787, 38.804887606433738],
            [-121.634493588305929, 38.804463273101078],
            [-121.63445752163932, 38.804287006434663],
            [-121.634402788306033, 38.803968673101849],
            [-121.634355588306107, 38.803757673102155],
            [-121.634290188306238, 38.803404406436073],
            [-121.634063988306593, 38.802095873104747],
            [-121.634049921639928, 38.802025273104846],
            [-121.633988988306669, 38.801816406438547],
            [-121.633961188306728, 38.801675273105388],
            [-121.633898988306839, 38.801285806439353],
            [-121.633864988306868, 38.80118200643949],
            [-121.633815121640282, 38.800971406439828],
            [-121.633743521640383, 38.800727806440193],
            [-121.63362052164058, 38.800237406440999],
            [-121.633522521640771, 38.799815873108287],
            [-121.633467588307496, 38.799606006441934],
            [-121.633386921640977, 38.799327473109031],
            [-121.633315521641066, 38.799120473109383],
            [-121.633209788307909, 38.798846806443123],
            [-121.633086388308072, 38.79857760644353],
            [-121.633007188308227, 38.798448406443754],
            [-121.632975721641571, 38.798381273110522],
            [-121.632792588308575, 38.7980926064443],
            [-121.632634788308792, 38.797874206444646],
            [-121.632528721642302, 38.797715473111566],
            [-121.632478588309027, 38.79765540644496],
            [-121.632347188309268, 38.797466673111956],
            [-121.632271721642667, 38.797376673112069],
            [-121.63222932164274, 38.797313206445494],
            [-121.63211392164294, 38.79715840644576],
            [-121.631935188309853, 38.796908006446131],
            [-121.631899588309921, 38.796842073112884],
            [-121.631806721643386, 38.796718606446461],
            [-121.631729721643524, 38.79662927311324],
            [-121.631682388310253, 38.796567873113361],
            [-121.631626121643706, 38.796469873113494],
            [-121.631565388310435, 38.796373606446991],
            [-121.631495721643887, 38.796281006447089],
            [-121.631431588310647, 38.796185873113927],
            [-121.631334788310824, 38.79606407311411],
            [-121.631160788311092, 38.79581180644783],
            [-121.631089321644538, 38.795720006447993],
            [-121.631046388311233, 38.795656673114763],
            [-121.630971721644698, 38.7955662731149],
            [-121.630903788311457, 38.795472873115045],
            [-121.630776388311688, 38.795323606448619],
            [-121.630637921645246, 38.795137806448906],
            [-121.630467388312184, 38.794925073115905],
            [-121.630374988312326, 38.794801273116093],
            [-121.630332788312387, 38.794737673116174],
            [-121.630281721645758, 38.794678073116245],
            [-121.630234988312509, 38.794616273116389],
            [-121.630056321646123, 38.794366073116748],
            [-121.629765521646561, 38.793913606450815],
            [-121.62967972164671, 38.793787073117642],
            [-121.629556921646895, 38.793635473117888],
            [-121.629452188313735, 38.793476473118119],
            [-121.629207988314135, 38.793172873118579],
            [-121.629027321647754, 38.792965273118909],
            [-121.628751121648179, 38.792678406452694],
            [-121.628436521648666, 38.792325006453268],
            [-121.628361988315419, 38.792234473120061],
            [-121.628147321649067, 38.792001406453778],
            [-121.628097388315837, 38.791941273120528],
            [-121.628051921649217, 38.791879006453939],
            [-121.627683721649817, 38.79146720645457],
            [-121.627277921650432, 38.790988806455346],
            [-121.627030521650852, 38.79068667312248],
            [-121.626869721651076, 38.790511673122751],
            [-121.626782188317861, 38.790428473122859],
            [-121.626657588318096, 38.790322473123013],
            [-121.626457321651742, 38.790125673123327],
            [-121.626301921651987, 38.789948006456939],
            [-121.625918121652546, 38.789544606457582],
            [-121.625732388319534, 38.789339606457872],
            [-121.625293988320209, 38.78892347312518],
            [-121.62518358832034, 38.788808673125402],
            [-121.62504012165391, 38.788668273125609],
            [-121.624890988320828, 38.788529473125834],
            [-121.624714788321114, 38.788365606459422],
            [-121.624467188321489, 38.788106673126492],
            [-121.624354388321649, 38.787993273126631],
            [-121.624247121655173, 38.787876806460133],
            [-121.624190121655261, 38.787820406460241],
            [-121.624069588322072, 38.787711673127092],
            [-121.623596988322845, 38.78731827312771],
            [-121.623336988323217, 38.787114206461354],
            [-121.622999588323751, 38.786868806461712],
            [-121.622822588324027, 38.786753206461924],
            [-121.622651521657644, 38.786632606462092],
            [-121.622366788324712, 38.786397206462482],
            [-121.622334988324781, 38.786369273129139],
            [-121.622122188325136, 38.786182206462797],
            [-121.622105921658488, 38.786166873129503],
            [-121.622063588325204, 38.786126873129547],
            [-121.621924521658741, 38.785983873129737],
            [-121.621795721658941, 38.78583540646332],
            [-121.621724588325719, 38.785743406463496],
            [-121.621639788325865, 38.785616273130358],
            [-121.621564921659285, 38.785485673130552],
            [-121.621532388326045, 38.785416873130657],
            [-121.621501521659411, 38.785351406464088],
            [-121.621448788326177, 38.785214673130952],
            [-121.621417721659554, 38.785110273131124],
            [-121.620980588326859, 38.784695073131786]
          ]
        ]
      }
    }
  ]
}
