{
  "type": "FeatureCollection",
  "name": "Canals",
  "crs": {
    "type": "name",
    "properties": {
      "name": "urn:ogc:def:crs:OGC:1.3:CRS84"
    }
  },
  "features": [
    {
      "type": "Feature",
      "properties": {
        "Name": "California Aqueduct"
      },
      "geometry": {
        "type": "MultiLineString",
        "coordinates": [
          [
            [-121.59319398825248, 37.832446674940371],
            [-121.59328972171231, 37.832449607998484],
            [-121.593325388422357, 37.83243107453157],
            [-121.593447521571747, 37.832323407639862],
            [-121.593532787861889, 37.832239408042724],
            [-121.59366238870625, 37.832092208261273],
            [-121.593709388561905, 37.832030874104575],
            [-121.593791921278623, 37.831903407988307],
            [-121.593828388387593, 37.831837874840339],
            [-121.593844521231773, 37.831804475013477],
            [-121.593881922588636, 37.831701407628742],
            [-121.593901921781821, 37.83163180813262],
            [-121.593909721853436, 37.831560673911689],
            [-121.59392432127342, 37.831204074450845],
            [-121.593923188497854, 37.829527408381949],
            [-121.593930188170532, 37.829349074153406],
            [-121.593930587920838, 37.829063807883173],
            [-121.593937320793884, 37.828992608038313],
            [-121.593933122068236, 37.828386274164458],
            [-121.593946988462989, 37.828244007910484],
            [-121.593950521536996, 37.828137074956814],
            [-121.593955720985861, 37.828101607989034],
            [-121.593984121223556, 37.82799700779394],
            [-121.594008921911936, 37.827928274699389],
            [-121.594039988349394, 37.827861208251484],
            [-121.594129188362174, 37.827696874939086],
            [-121.594293521668646, 37.827441875005505],
            [-121.594342521174156, 37.827381475001786],
            [-121.594384321580947, 37.827318274371692],
            [-121.594464988496838, 37.827231474172542],
            [-121.594505188105813, 37.827174407449021],
            [-121.594584188646849, 37.827086674734637],
            [-121.594652788493491, 37.826994207806216],
            [-121.594705587872653, 37.826935807655886],
            [-121.594873921377129, 37.826723274597029],
            [-121.594894189166553, 37.826691274529246],
            [-121.594941388448206, 37.826630208351062],
            [-121.594993988401356, 37.826571674516714],
            [-121.595066588445974, 37.826480807696328],
            [-121.59517032140343, 37.826363074181685],
            [-121.595233922125516, 37.826268274746141],
            [-121.595385321488578, 37.826089607663604],
            [-121.5954715220266, 37.826006608542471],
            [-121.595678721141851, 37.825729008220222],
            [-121.595859988589751, 37.825523208277055],
            [-121.595927187962914, 37.825430208635765],
            [-121.596077787825337, 37.825251074758725],
            [-121.596149988119677, 37.825160074332857],
            [-121.59631352102727, 37.824987675021177],
            [-121.596377721823984, 37.82491267434046],
            [-121.596493988076247, 37.824759007819665],
            [-121.596694988815997, 37.824520208632258],
            [-121.596767121736704, 37.824429008624605],
            [-121.596842588305392, 37.82433967468485],
            [-121.596897388232691, 37.824282408463233],
            [-121.597046988270208, 37.824102807736978],
            [-121.59710112164754, 37.824045074429769],
            [-121.597148321827518, 37.823984008190607],
            [-121.597252989032853, 37.823866807843885],
            [-121.597473387992864, 37.823595274909792],
            [-121.597576788573647, 37.823477607749943],
            [-121.597669188385467, 37.823354407777494],
            [-121.597745321504092, 37.823265274768616],
            [-121.59782858904272, 37.823180074884711],
            [-121.597897988389988, 37.823087808131788],
            [-121.597947721819068, 37.823027875020564],
            [-121.598053122049663, 37.822911208184905],
            [-121.598128521244746, 37.822821607731228],
            [-121.59822398790493, 37.822699874805721],
            [-121.598266722559615, 37.822636875237947],
            [-121.598316789263649, 37.822577074454102],
            [-121.598475321250064, 37.822402207530438],
            [-121.598547788344035, 37.822311407954786],
            [-121.598624922185905, 37.822222674607296],
            [-121.598669921493425, 37.822160675161591],
            [-121.598768188202357, 37.822040274477736],
            [-121.598852722365521, 37.8219558083225],
            [-121.598896388573181, 37.821893074218799],
            [-121.599043121188316, 37.821712207429108],
            [-121.599127788302184, 37.821627874303289],
            [-121.599152788416532, 37.821598007924301],
            [-121.599217788713844, 37.82150380765794],
            [-121.599363921254394, 37.821322474414536],
            [-121.599440387648002, 37.82123360789172],
            [-121.59958678788648, 37.821052674911861],
            [-121.599643187713284, 37.82099640739456],
            [-121.599707720886641, 37.820901874973728],
            [-121.599763789235098, 37.820845407941633],
            [-121.59993498836532, 37.820634407840906],
            [-121.600015721756563, 37.820547674289443],
            [-121.600158521547371, 37.820364808062692],
            [-121.600269321551139, 37.820251074818174],
            [-121.60033832204644, 37.820158607840398],
            [-121.600465387845063, 37.820010207416182],
            [-121.600509122324667, 37.819947408502927],
            [-121.600614321332642, 37.819830808469348],
            [-121.600735988256403, 37.819679674642707],
            [-121.600843721411806, 37.819564208159399],
            [-121.601387188683944, 37.818903274805521],
            [-121.601467921176877, 37.818816607344118],
            [-121.601536322495861, 37.818723874587604],
            [-121.601637921954492, 37.818605074189087],
            [-121.601718521496721, 37.818518408506442],
            [-121.601887721875428, 37.818306407558765],
            [-121.602064321677133, 37.818097874695148],
            [-121.602109721633283, 37.818036008034561],
            [-121.602187988250719, 37.817948074274227],
            [-121.602232321008316, 37.817885607845326],
            [-121.602337388862267, 37.817768873981507],
            [-121.602506722191634, 37.817556807723257],
            [-121.602561187945639, 37.81749940779396],
            [-121.602781988452577, 37.817228074262367],
            [-121.602859588520062, 37.817139807426415],
            [-121.602928588117052, 37.817047274812083],
            [-121.603174788488658, 37.816746474356087],
            [-121.603229587517617, 37.816689274627059],
            [-121.603400388694169, 37.81647800788145],
            [-121.603482121910275, 37.816391808071032],
            [-121.603635387972474, 37.816214208524663],
            [-121.603703922242133, 37.816121407920441],
            [-121.603946721592081, 37.815819008384487],
            [-121.604028121533233, 37.815732607681269],
            [-121.60406858884015, 37.815668808059733],
            [-121.604150720908279, 37.81558287484571],
            [-121.604245121268193, 37.815460607672101],
            [-121.604494721763174, 37.81516160826159],
            [-121.604574721230804, 37.815074475125975],
            [-121.604644122374708, 37.814982074759051],
            [-121.604746921982553, 37.814864007810066],
            [-121.604816188379175, 37.814771675307682],
            [-121.604991922204945, 37.814562808140373],
            [-121.60509658761363, 37.814445607736992],
            [-121.605259588718582, 37.814230608085211],
            [-121.605332721464151, 37.814150807604904],
            [-121.605402121709758, 37.814056475061101],
            [-121.605557988394708, 37.81388007492459],
            [-121.605603121551198, 37.813818074148905],
            [-121.60575932240944, 37.81364187428143],
            [-121.605780521751825, 37.813610274477419],
            [-121.605962521326703, 37.81340480764726],
            [-121.606029721598162, 37.813311607509853],
            [-121.606216188494955, 37.813108407993298],
            [-121.606282388043198, 37.813014807930067],
            [-121.606533187789054, 37.812716274813361],
            [-121.60664132249137, 37.812601207637201],
            [-121.606716721686439, 37.812511674153441],
            [-121.606786521682324, 37.812419607681228],
            [-121.606916121628345, 37.812272408108228],
            [-121.606984188774064, 37.81217947409494],
            [-121.607033321230219, 37.812119275218137],
            [-121.607182121767153, 37.811939408567916],
            [-121.607362789140439, 37.81173300809634],
            [-121.607455789026872, 37.811610207951858],
            [-121.607481988392138, 37.811579607951124],
            [-121.607512988354259, 37.811543408425543],
            [-121.607534521869923, 37.81152507481076],
            [-121.60758758804873, 37.811467007333576],
            [-121.607632722103531, 37.811404807944911],
            [-121.607687921781107, 37.811347807760853],
            [-121.607756921378098, 37.811255408407391],
            [-121.608026787865853, 37.81096727526112],
            [-121.608109788604835, 37.810881874530082],
            [-121.60816858783177, 37.810827208159701],
            [-121.608292988328955, 37.810722408185221],
            [-121.608409788180495, 37.810612474756276],
            [-121.608441522066229, 37.810586608085075],
            [-121.60857472156161, 37.810488474761883],
            [-121.609120588233893, 37.810056208386683],
            [-121.609285388664333, 37.809932474310152],
            [-121.609573188220139, 37.809702674603706],
            [-121.609736520803409, 37.809577607797308],
            [-121.609925388896926, 37.809422208157457],
            [-121.610025788206343, 37.809349008539876],
            [-121.610220321974396, 37.80919780783185],
            [-121.610311922285618, 37.809118075013103],
            [-121.610701788423981, 37.808816407615346],
            [-121.61076598832237, 37.808765407569943],
            [-121.610857588633579, 37.80868580842229],
            [-121.610991721478541, 37.808588473853312],
            [-121.611802989113315, 37.807959207708613],
            [-121.612214121069385, 37.807623874979697],
            [-121.612349787338545, 37.8075280074547],
            [-121.613127188487113, 37.806922808138232],
            [-121.613220388697854, 37.80684427445717],
            [-121.613381588680625, 37.806717608015241],
            [-121.613474388242736, 37.806638607813802],
            [-121.613641120949353, 37.806516274726498],
            [-121.613837120767954, 37.806366274788317],
            [-121.615066788627772, 37.805407407979885],
            [-121.616227588942962, 37.804496008474352],
            [-121.616379721331285, 37.804362807444328],
            [-121.616511988375393, 37.804264074613769],
            [-121.616766188244597, 37.80405860803733],
            [-121.616963187888075, 37.803909407987334],
            [-121.617023722660136, 37.80385580820974],
            [-121.617701721629274, 37.803324807959406],
            [-121.617898187673461, 37.803175408398999],
            [-121.617954921673572, 37.803119274889838],
            [-121.618058121930019, 37.803048674623298],
            [-121.618215187865886, 37.802918874379422],
            [-121.618347321959334, 37.802820007599244],
            [-121.618652722206477, 37.802574608140709],
            [-121.618688188592202, 37.802552074637859],
            [-121.619104787695122, 37.80222100801867],
            [-121.61991638860485, 37.801592274615167],
            [-121.620008121866718, 37.801512674123899],
            [-121.620142922159943, 37.801415874513012],
            [-121.620298588520583, 37.801285274298749],
            [-121.620364388318507, 37.801235607728401],
            [-121.620539121421047, 37.801133074720759],
            [-121.62051292115747, 37.800992407640734],
            [-121.62048152234334, 37.800885208071612],
            [-121.620483721419177, 37.800853874661811],
            [-121.620522788252558, 37.800845808492809],
            [-121.620567721983079, 37.800841407731468],
            [-121.620712321099418, 37.80083440768118],
            [-121.623922588209439, 37.798228874320706],
            [-121.624008388098872, 37.79820187468917],
            [-121.624086122015356, 37.798199275307773],
            [-121.62417552145412, 37.79811807476041],
            [-121.62423798850233, 37.798066207726528],
            [-121.624403588433381, 37.797943875346299],
            [-121.624528987857161, 37.797840208431275],
            [-121.624597588602157, 37.797793274517701],
            [-121.624719988551178, 37.79768740833633],
            [-121.625008588505892, 37.797459807919211],
            [-121.625161788991051, 37.797327608552592],
            [-121.625217321943623, 37.797271007787096],
            [-121.625236121885891, 37.797238474642931],
            [-121.625337388069553, 37.797120207542491],
            [-121.625355788261515, 37.797087675041752],
            [-121.625430788604575, 37.796998607567289],
            [-121.625474321861589, 37.796935874261493],
            [-121.625509587922977, 37.796870274575021],
            [-121.625537521036748, 37.796802407604396],
            [-121.625610188455028, 37.796672008636044],
            [-121.625650921663265, 37.796570274963521],
            [-121.625658587885908, 37.79653520737623],
            [-121.625684587825148, 37.796467007891614],
            [-121.625712588312581, 37.796326207703146],
            [-121.625715388361314, 37.796290608326863],
            [-121.625713987887778, 37.79621920792696],
            [-121.625743321475071, 37.796078874344872],
            [-121.625740721750645, 37.796043274849403],
            [-121.62574538849853, 37.795900674389401],
            [-121.625743121150762, 37.795758607460641],
            [-121.625748722146568, 37.795616607694477],
            [-121.625743387950394, 37.795154208248107],
            [-121.625745787350553, 37.795083074365436],
            [-121.625742122224182, 37.79444287485763],
            [-121.625739388650771, 37.794407274573821],
            [-121.625747521099044, 37.794300873982237],
            [-121.625738788576157, 37.794158808236247],
            [-121.625738388825852, 37.794087874286994],
            [-121.625742521076148, 37.794052407996702],
            [-121.625737121302976, 37.794017007706891],
            [-121.625721921808378, 37.7939832748757],
            [-121.625711321688016, 37.793948874754633],
            [-121.625703921366721, 37.793878008041204],
            [-121.625693322144684, 37.793843274943271],
            [-121.625674321878094, 37.793701607973532],
            [-121.625665988207217, 37.793666608591728],
            [-121.625648788164455, 37.793633408002677],
            [-121.625635588319682, 37.793563074809029],
            [-121.625586121690262, 37.793426208163048],
            [-121.62555258847901, 37.79336047474365],
            [-121.625545788232301, 37.793325074122308],
            [-121.625509121697348, 37.793260407552175],
            [-121.625457788368763, 37.793123675221651],
            [-121.625425788581708, 37.79305767462008],
            [-121.625389521797047, 37.792993274729156],
            [-121.625306121307759, 37.792866808144197],
            [-121.625288721839027, 37.79283367534395],
            [-121.625191721754661, 37.792713274396483],
            [-121.625113121862228, 37.792625675357336],
            [-121.62509272202044, 37.79259420853613],
            [-121.62507758810284, 37.792560475055332],
            [-121.625051588163586, 37.792531274853509],
            [-121.624992588612344, 37.792476874592616],
            [-121.624676321445236, 37.792220008106014],
            [-121.624605787525752, 37.792174874435901],
            [-121.624572721438454, 37.792150208109355],
            [-121.624473922028571, 37.792076074912103],
            [-121.6243987222595, 37.792035608647126],
            [-121.624233388229769, 37.791912008362615],
            [-121.624086588240985, 37.791826675042245],
            [-121.623894388296051, 37.791730074285248],
            [-121.623813587531174, 37.791696608037732],
            [-121.623738121860811, 37.791656208294434],
            [-121.623696988003942, 37.791640474324119],
            [-121.6236531223703, 37.791630074454702],
            [-121.623612788014043, 37.791613408394689],
            [-121.623537787670969, 37.791572474769154],
            [-121.623455521753883, 37.791541208398165],
            [-121.623416587871148, 37.79152227493018],
            [-121.623191788962885, 37.791399474543951],
            [-121.623120322592143, 37.791355008380421],
            [-121.623008921615437, 37.791292474021382],
            [-121.622974788329586, 37.791268808348285],
            [-121.622911988006393, 37.791217008204818],
            [-121.62254072148599, 37.790902674140391],
            [-121.622452521298115, 37.790820874939101],
            [-121.622370721606686, 37.790734875184775],
            [-121.622274587498239, 37.790613607580632],
            [-121.622195121629872, 37.790526808238404],
            [-121.622125989082221, 37.790434674604072],
            [-121.621998388786025, 37.79028707483991],
            [-121.621887121658304, 37.790131875268159],
            [-121.621768788382553, 37.789980074393739],
            [-121.621726321425811, 37.789917807925136],
            [-121.621630721814952, 37.789797008228135],
            [-121.621577187613923, 37.789739074167294],
            [-121.621532987807001, 37.789676808205506],
            [-121.621516121039221, 37.789643607953359],
            [-121.621466322033129, 37.789584208521312],
            [-121.621426188899491, 37.789520408315667],
            [-121.621338521412625, 37.789396607888534],
            [-121.621241188951572, 37.789236207762954],
            [-121.621190721598921, 37.78913667451949],
            [-121.621166521883481, 37.78906800818141],
            [-121.62116278758684, 37.78903247416941],
            [-121.621142522492335, 37.788963074392967],
            [-121.621116788454401, 37.788894674821613],
            [-121.621106188334039, 37.788824274644526],
            [-121.621103921884597, 37.788753074324596],
            [-121.621113522180025, 37.788539474373032],
            [-121.621151388864192, 37.78840027485402],
            [-121.621163121760119, 37.788329674718263],
            [-121.621183588077244, 37.788260607944693],
            [-121.621206787967765, 37.788191874059883],
            [-121.621280388735627, 37.788024074627799],
            [-121.621330322489015, 37.787947874961276],
            [-121.621346521808519, 37.787914675352177],
            [-121.621391721440361, 37.787852608051942],
            [-121.621429788448836, 37.787788474815962],
            [-121.621536588254671, 37.787631807546411],
            [-121.621586721434028, 37.787572274450653],
            [-121.621619121869699, 37.78750587417013],
            [-121.621663921751235, 37.787444008146366],
            [-121.62174412244147, 37.787316407533964],
            [-121.621838988128758, 37.787194875194729],
            [-121.62187598883699, 37.787129674360159],
            [-121.621998722061008, 37.786938807479928],
            [-121.622065522582176, 37.786845474551811],
            [-121.622180988435517, 37.786652074593853],
            [-121.622233188638361, 37.786554074884464],
            [-121.622347121067548, 37.786284807873905],
            [-121.622393987972529, 37.78618427460782],
            [-121.622452122446163, 37.786012475059628],
            [-121.622459588344469, 37.785906008423467],
            [-121.622485787709735, 37.785837807646693],
            [-121.622487922106856, 37.785802208186404],
            [-121.622485187635135, 37.785766607999037],
            [-121.622473988338484, 37.785732074842471],
            [-121.622467588740392, 37.785696674826006],
            [-121.622468721515958, 37.785625474332427],
            [-121.622474122187455, 37.785590074974856],
            [-121.622463988292722, 37.785483474969936],
            [-121.622464588367336, 37.785341074923288],
            [-121.622442121502075, 37.785164007709533],
            [-121.622402521967729, 37.784988874692274],
            [-121.622373121006788, 37.784921408580651],
            [-121.622329522172791, 37.784783674692171],
            [-121.622274722245521, 37.784648408353476],
            [-121.622173721064854, 37.7844502083015],
            [-121.622098321869814, 37.784320608245189],
            [-121.622057588661576, 37.784256674992463],
            [-121.621962521751684, 37.784135408116498],
            [-121.62194532081061, 37.784102674659003],
            [-121.621789521499309, 37.783884674403609],
            [-121.621758321212866, 37.783817807913387],
            [-121.621737921371079, 37.783785874444781],
            [-121.621569189014622, 37.783574008072634],
            [-121.621385588641914, 37.783369474354075],
            [-121.621356722178589, 37.783341808311761],
            [-121.621324787968547, 37.783316074793696],
            [-121.621219987812552, 37.78324687412006],
            [-121.621107922082544, 37.783185008080792],
            [-121.621023588243688, 37.783148074728558],
            [-121.620908122390304, 37.783097607897311],
            [-121.620782321419611, 37.783054274821886],
            [-121.620651321000054, 37.783021808544802],
            [-121.620290388698663, 37.782970674253718],
            [-121.619973988580853, 37.782919875034239],
            [-121.619972921382328, 37.782888474367184],
            [-121.620017921588143, 37.782496808355475],
            [-121.620019921237954, 37.782354074544465],
            [-121.620013987865519, 37.782137874610456],
            [-121.619594587815584, 37.781980674945736],
            [-121.61939852152166, 37.781888274352696],
            [-121.619197322254209, 37.781803008265172],
            [-121.618662721353886, 37.781526474279808],
            [-121.618252122098767, 37.781298874488627],
            [-121.617921721737289, 37.781106875025699],
            [-121.61788312202782, 37.781087608028919],
            [-121.617801987988017, 37.781054408177937],
            [-121.61769032110999, 37.780992208027762],
            [-121.617537122421425, 37.780913874685758],
            [-121.617418587923055, 37.780859808088557],
            [-121.617342321853755, 37.78082020755231],
            [-121.617143588461772, 37.780731408015384],
            [-121.617106521278203, 37.780710608044458],
            [-121.616857322330191, 37.780620408266714],
            [-121.616813721699543, 37.780609208102433],
            [-121.616501320881397, 37.780552674759235],
            [-121.616410122117117, 37.780545674916596],
            [-121.61622678854404, 37.780542007791134],
            [-121.616135521507815, 37.780548274209089],
            [-121.61604512134582, 37.78056040802614],
            [-121.615620322420995, 37.78069427463884],
            [-121.615483721005631, 37.780706407721937],
            [-121.61530052128154, 37.780713408259359],
            [-121.615071321526699, 37.780714608148557],
            [-121.614888588926547, 37.780726407531375],
            [-121.614705321828794, 37.78072207515094],
            [-121.614476121175628, 37.780724674437238],
            [-121.614247387646401, 37.780713408259359],
            [-121.614156388308132, 37.780704874845561],
            [-121.613973321534687, 37.780696608388439],
            [-121.613657388540858, 37.780652874178635],
            [-121.613480921689799, 37.780614208594379],
            [-121.613302987889895, 37.780579607710827],
            [-121.613215387776648, 37.78055847541949],
            [-121.612998721316643, 37.780500274967672],
            [-121.612823988214103, 37.780456808310227],
            [-121.612654989058029, 37.780401275235711],
            [-121.612425921355509, 37.780396474948432],
            [-121.612059587484325, 37.780382074794701],
            [-121.611786321771532, 37.780357675040605],
            [-121.611604387773681, 37.780339074535917],
            [-121.611514121460672, 37.780326874652779],
            [-121.611424922346202, 37.780347207553568],
            [-121.611380921965278, 37.780350075231937],
            [-121.611336787735368, 37.780341874764886],
            [-121.611073388219324, 37.78027727422257],
            [-121.61085678823467, 37.780218808009955],
            [-121.610729588587063, 37.780178007942389],
            [-121.610350921745365, 37.780050608494861],
            [-121.610185920990588, 37.779988207989831],
            [-121.609986721372977, 37.779900074854737],
            [-121.609596921709937, 37.779712074756752],
            [-121.609482521258514, 37.779652607701742],
            [-121.60944532202258, 37.779631807427258],
            [-121.609303921806969, 37.779540874318045],
            [-121.609085988722427, 37.779410207744249],
            [-121.608980388167524, 37.779341607629533],
            [-121.60884298814986, 37.779247008393646],
            [-121.608577521610343, 37.779050207486343],
            [-121.60840558765824, 37.778882074183237],
            [-121.60831752131935, 37.778800274456607],
            [-121.608286921107521, 37.778774274522803],
            [-121.608243121949201, 37.778761674644443],
            [-121.608207788514136, 37.778740274158636],
            [-121.608120321351549, 37.778657074838755],
            [-121.607959521119071, 37.778483274721687],
            [-121.60780312173317, 37.778307207822607],
            [-121.607560588284542, 37.778047275210717],
            [-121.607411722170596, 37.777867274467233],
            [-121.607272588404442, 37.777682607726248],
            [-121.607142321010173, 37.777494008408148],
            [-121.607116721719493, 37.777465474646412],
            [-121.607006188515385, 37.777401474401927],
            [-121.606811921546964, 37.777249874586893],
            [-121.606568388273445, 37.777036408245621],
            [-121.60645532092191, 37.776924074482302],
            [-121.606162788142882, 37.776604274851792],
            [-121.60606452143395, 37.77648380770006],
            [-121.605986788415791, 37.776395475127188],
            [-121.605778321777706, 37.776118274777531],
            [-121.605692388039301, 37.77608640827625],
            [-121.605612388571672, 37.776051607882657],
            [-121.605339387861889, 37.775920274804314],
            [-121.605072321422853, 37.775781807711247],
            [-121.604925588807717, 37.775696273994498],
            [-121.60454718876565, 37.775436808641906],
            [-121.604079321911186, 37.775094807913725],
            [-121.603819122194196, 37.774893608556603],
            [-121.603745987651962, 37.774803207837131],
            [-121.60358892171611, 37.774585408081528],
            [-121.60351312187241, 37.774496074195376],
            [-121.603444721451751, 37.774403274426689],
            [-121.603368721283758, 37.77431400848576],
            [-121.60324858868249, 37.774162075003396],
            [-121.603065721335071, 37.773956874768565],
            [-121.60297972201964, 37.773873474088887],
            [-121.602763588260615, 37.773688808022548],
            [-121.602600788378282, 37.77356320805044],
            [-121.602432921997789, 37.773441207886805],
            [-121.602413788780524, 37.773409607925679],
            [-121.602316121247924, 37.773209275233121],
            [-121.60225758792231, 37.773112408007925],
            [-121.602210788390963, 37.77305040780471],
            [-121.602197388221867, 37.77301787464782],
            [-121.602224521835012, 37.772876207518969],
            [-121.602226922133454, 37.772840474713533],
            [-121.602229988083508, 37.772662075283783],
            [-121.602225387810947, 37.772448007755166],
            [-121.602207187943293, 37.772270074607633],
            [-121.60219112157445, 37.772199807710976],
            [-121.602138188346316, 37.772026275023848],
            [-121.602087988691608, 37.771889407545146],
            [-121.602083987595336, 37.771818074458075],
            [-121.602083789067663, 37.771711008660979],
            [-121.601873188032457, 37.771542074736089],
            [-121.601770988499212, 37.771470475033041],
            [-121.601706922449779, 37.771419474767889],
            [-121.601677521488838, 37.771392074794697],
            [-121.601552521815393, 37.771242808066376],
            [-121.601471521624518, 37.771156407764877],
            [-121.601424388818202, 37.77109507482249],
            [-121.60139778880432, 37.771067874973419],
            [-121.601354521448656, 37.771056408499646],
            [-121.601304988343898, 37.770996274811182],
            [-121.601180321945392, 37.770771007905857],
            [-121.601175121598217, 37.770735474328262],
            [-121.601152321457988, 37.770712074036844],
            [-121.60106318881887, 37.770696074294584],
            [-121.601030388632893, 37.770674874559738],
            [-121.6009103889823, 37.770523607476107],
            [-121.600881588095973, 37.77049307424609],
            [-121.600859520981018, 37.770462008434407],
            [-121.600647721593205, 37.770230074246527],
            [-121.600573521649054, 37.770140607991017],
            [-121.600542987912547, 37.770114074570444],
            [-121.600488588633894, 37.770056874942313],
            [-121.600466921269245, 37.77002540845308],
            [-121.600337788447163, 37.769878608685651],
            [-121.600148587976975, 37.76967787516125],
            [-121.600112188241638, 37.769612474958663],
            [-121.6000821216291, 37.769585675060888],
            [-121.600055721939512, 37.769556607801682],
            [-121.600007521934643, 37.769496274065148],
            [-121.599812921691282, 37.769298607859049],
            [-121.599774188132855, 37.769234274607143],
            [-121.599660721929325, 37.769122874138937],
            [-121.599608521726452, 37.769064474375917],
            [-121.599414322131707, 37.768867074015944],
            [-121.599223122011693, 37.768713807828277],
            [-121.599123721628885, 37.768640207848414],
            [-121.598918989287426, 37.768498408062747],
            [-121.598357322147606, 37.768136407536076],
            [-121.598226788851989, 37.768036807532276],
            [-121.598059988771709, 37.767915807325785],
            [-121.597934788773912, 37.767811608303916],
            [-121.597844187389313, 37.767731208043706],
            [-121.59777552196563, 37.767638808103051],
            [-121.597555188582632, 37.767287208084987],
            [-121.597479788489252, 37.76715760847344],
            [-121.597415788915171, 37.767024274797166],
            [-121.597336188299522, 37.766820207999707],
            [-121.597318121382528, 37.766787674232042],
            [-121.59729372134278, 37.766719275443315],
            [-121.597285987746488, 37.76668407509932],
            [-121.597192922283057, 37.766483607723735],
            [-121.597176322314908, 37.766450274911065],
            [-121.597137121632542, 37.76638627436315],
            [-121.597074921383964, 37.766291407873517],
            [-121.597008322085429, 37.766198274696912],
            [-121.59698158822259, 37.766169208236612],
            [-121.596910321277846, 37.766078207439065],
            [-121.596824522286724, 37.765994674309297],
            [-121.59680012134865, 37.765964607898539],
            [-121.596709987986316, 37.765884275223634],
            [-121.596676988374341, 37.765859474428638],
            [-121.596618521524078, 37.765805207925254],
            [-121.596597521607677, 37.7657892745843],
            [-121.596585521912132, 37.765780275018251],
            [-121.596480921182135, 37.765711274521315],
            [-121.596369722326372, 37.765648808652891],
            [-121.596330788443638, 37.765630008449293],
            [-121.596165322361571, 37.765568674473904],
            [-121.596081122371686, 37.765541274463175],
            [-121.596037188466056, 37.765531474539813],
            [-121.595954721326365, 37.765500675076559],
            [-121.595867321537426, 37.765479274302947],
            [-121.595509387812456, 37.765422408406515],
            [-121.595243388571987, 37.765371074464646],
            [-121.595197720917895, 37.765367874569407],
            [-121.594927721479479, 37.765332807798899],
            [-121.594883589046191, 37.765323274861089],
            [-121.594838454991361, 37.765317874945538],
            [-121.594611321361668, 37.76529827432816],
            [-121.594340121774025, 37.765268808414369],
            [-121.594250320788333, 37.765257007984758],
            [-121.59420772177927, 37.76524347480634],
            [-121.594163121323703, 37.765236274674372],
            [-121.59380212254699, 37.765193407634818],
            [-121.593710921087776, 37.765187408349313],
            [-121.5935755880936, 37.765170607790822],
            [-121.593531321811327, 37.765161608149477],
            [-121.593396522416455, 37.765142808532168],
            [-121.593124922180181, 37.765113674193429],
            [-121.592855922566656, 37.76507400770106],
            [-121.592674187994788, 37.76505927434588],
            [-121.592539388599903, 37.765039608326703],
            [-121.592403187833128, 37.765027474802871],
            [-121.592128988770781, 37.765014207886594],
            [-121.592084188889245, 37.765007274746615],
            [-121.592038522133436, 37.76500487445832],
            [-121.591490588437679, 37.765015807841891],
            [-121.590304187933526, 37.765092874799493],
            [-121.590212721471289, 37.765091607903244],
            [-121.590186558038667, 37.765093267508917],
            [-121.589074589243978, 37.765163807462223],
            [-121.588938522326231, 37.765175207386157],
            [-121.588710321497956, 37.765186274961515],
            [-121.588620188135593, 37.765195408106678],
            [-121.588483121392912, 37.765200407510754],
            [-121.588438121187068, 37.76520707432919],
            [-121.588346521774184, 37.765210407738174],
            [-121.588164788998967, 37.765225074309861],
            [-121.587890788464264, 37.765236607731076],
            [-121.58770772258913, 37.765235007780568],
            [-121.587616522028242, 37.765239607371896],
            [-121.587388521524304, 37.765227274330869],
            [-121.587161588218891, 37.765205407624634],
            [-121.587071522230204, 37.765193874198545],
            [-121.586851522122188, 37.765146008437149],
            [-121.586637721287929, 37.765083008063208],
            [-121.586513322587379, 37.765038874747809],
            [-121.58631018834879, 37.764957808197799],
            [-121.586158721612122, 37.764878207299653],
            [-121.585980521012587, 37.764766274760824],
            [-121.585742988485151, 37.764599208283919],
            [-121.585616388013847, 37.764496474598211],
            [-121.585185788667246, 37.764127674652563],
            [-121.584252987957669, 37.763345807799944],
            [-121.584039188920045, 37.76316007505438],
            [-121.583892388931275, 37.763023274254536],
            [-121.583843788277761, 37.762963207890778],
            [-121.583334987890737, 37.762458608313807],
            [-121.583089387593731, 37.76220220777018],
            [-121.583037588937827, 37.762143475152747],
            [-121.582759321405518, 37.761860807711365],
            [-121.582599988121899, 37.761687074638161],
            [-121.582539721946119, 37.761633608283375],
            [-121.582401388578901, 37.761491675043246],
            [-121.58220052168808, 37.761297074594907],
            [-121.582130388417241, 37.761205474801521],
            [-121.581910388309197, 37.760978075219512],
            [-121.581818522096682, 37.76085480791884],
            [-121.581709120769816, 37.760698874712922],
            [-121.581678521456283, 37.760632274166774],
            [-121.581585588045201, 37.760469674667256],
            [-121.581535522239449, 37.760370074281035],
            [-121.581451987901204, 37.760166807973491],
            [-121.581431987809708, 37.760097274567258],
            [-121.581400521621944, 37.760030874463851],
            [-121.581344189168775, 37.759896074883478],
            [-121.581319720857067, 37.759827874967435],
            [-121.58123532144117, 37.759625274754349],
            [-121.581203321654115, 37.759521474545885],
            [-121.581189322308745, 37.759451008043321],
            [-121.581167787894771, 37.759382074792128],
            [-121.58116238812157, 37.759310874521056],
            [-121.581147322475957, 37.759240674853011],
            [-121.581124788237062, 37.759063675090729],
            [-121.581120788937397, 37.758992608741409],
            [-121.581133588133582, 37.758743940964862],
            [-121.581134587958488, 37.758566074982781],
            [-121.581136788830932, 37.758530474463107],
            [-121.581143321379699, 37.758495408001949],
            [-121.581154388623958, 37.758460874179661],
            [-121.581157521947688, 37.758425207560045],
            [-121.581162322544557, 37.758354007788405],
            [-121.581163921545752, 37.758104474248974],
            [-121.581184988835815, 37.757999208160143],
            [-121.581183321562648, 37.75796347526822],
            [-121.581165921195606, 37.757821941228009],
            [-121.581168321494033, 37.757750674825829],
            [-121.581165321120977, 37.757733008247335],
            [-121.581156388273811, 37.757680407627241],
            [-121.581123988736451, 37.75757667429091],
            [-121.581121787864006, 37.757541007955211],
            [-121.581049321668345, 37.757372674465039],
            [-121.581027588726684, 37.757304075210477],
            [-121.580997187940824, 37.757236875023857],
            [-121.580960988529824, 37.757171674754858],
            [-121.580919721722296, 37.757108674690883],
            [-121.580893121708442, 37.757079808491788],
            [-121.580853721600079, 37.757015208221283],
            [-121.580747388019887, 37.756899607559006],
            [-121.580659322579336, 37.756818007943664],
            [-121.580532988009352, 37.756714874247649],
            [-121.580466521661478, 37.756666074735676],
            [-121.580360721680577, 37.756598207778296],
            [-121.580137787674829, 37.756472874943043],
            [-121.579980788214286, 37.756400008520089],
            [-121.57992918898438, 37.75638100781223],
            [-121.579890588376628, 37.756361607951668],
            [-121.579848522068488, 37.756347607946601],
            [-121.579719788996712, 37.756310874255995],
            [-121.579588521777495, 37.756279475071729],
            [-121.579498321939809, 37.756268074486982],
            [-121.579409988801288, 37.756249874883025],
            [-121.579229588227633, 37.756226474979805],
            [-121.579187388070537, 37.756212474238957],
            [-121.579008722143655, 37.756182807972138],
            [-121.578788121961026, 37.756136407975141],
            [-121.57845252215067, 37.756024408229884],
            [-121.578251188135937, 37.755941074684372],
            [-121.578105588296367, 37.755854674261862],
            [-121.577975388275703, 37.755754875188721],
            [-121.577882921988575, 37.75567580771564],
            [-121.577853589299608, 37.755648474353357],
            [-121.577749721594884, 37.755531208184117],
            [-121.577693389141743, 37.755475007943147],
            [-121.577593521634952, 37.755315807668282],
            [-121.577495987951281, 37.755116275406337],
            [-121.577453589266526, 37.755014674167526],
            [-121.577406388188237, 37.754877074906972],
            [-121.577388388644877, 37.754735208250231],
            [-121.577379188099741, 37.754557208337161],
            [-121.577381321598551, 37.754379407575129],
            [-121.577396187818167, 37.754309007909498],
            [-121.5774063217129, 37.754095475342062],
            [-121.577421321781529, 37.753989674412438],
            [-121.57744252202221, 37.753670274193809],
            [-121.577446722544494, 37.753563608276664],
            [-121.5774457882966, 37.753314074205008],
            [-121.577451588718404, 37.753243474653644],
            [-121.577448721295994, 37.7529944750382],
            [-121.577422588406051, 37.7528898082412],
            [-121.577420321956609, 37.752818474584913],
            [-121.577373322100939, 37.752608208479217],
            [-121.577332922167656, 37.752506474528126],
            [-121.577314521975694, 37.752436808204827],
            [-121.577255188251186, 37.752303207921969],
            [-121.577186721355162, 37.752134207647082],
            [-121.577113988359883, 37.752004075062878],
            [-121.577081122596908, 37.751938074680012],
            [-121.577041988389865, 37.751874074360138],
            [-121.576946188454713, 37.751753474585776],
            [-121.576930988960115, 37.751719808409909],
            [-121.576902388398068, 37.751692074413121],
            [-121.57685198752074, 37.751632274434286],
            [-121.576837321625405, 37.751599207673856],
            [-121.576799988540529, 37.75154700754873],
            [-121.576770522002576, 37.75150567458094],
            [-121.576670121794848, 37.751387274638795],
            [-121.576531387778999, 37.751245607981147],
            [-121.57650872238608, 37.751214674719662],
            [-121.576481388448599, 37.75118607541598],
            [-121.57636558842195, 37.75107600794675],
            [-121.576304122096957, 37.75102327474351],
            [-121.576177788425269, 37.750920808445748],
            [-121.576044120907639, 37.750823874382057],
            [-121.575802988830873, 37.750659474777763],
            [-121.575655788193473, 37.750575007970454],
            [-121.575539187767902, 37.750518607926573],
            [-121.575497322682409, 37.75050427440312],
            [-121.575337788176128, 37.750434408025384],
            [-121.5752953212194, 37.750421007799446],
            [-121.575218521550838, 37.750382207788839],
            [-121.575091587804536, 37.750342074552485],
            [-121.575014522234639, 37.750303807924986],
            [-121.574847988953991, 37.750245075094632],
            [-121.574684188348471, 37.750181874513927],
            [-121.574640588616148, 37.750170875011982],
            [-121.574438787477462, 37.750087074607094],
            [-121.574315788352138, 37.75003987455424],
            [-121.57423138803793, 37.750012674774972],
            [-121.573886988331054, 37.749914674797921],
            [-121.57367492214361, 37.749848075197526],
            [-121.573363121400078, 37.749699408512676],
            [-121.573099388609066, 37.749557607929717],
            [-121.572950521596795, 37.749474674809072],
            [-121.572443522331923, 37.749170208263898],
            [-121.572296587595844, 37.749085008150402],
            [-121.571774188512052, 37.748795474773196],
            [-121.571500121502027, 37.748667008366674],
            [-121.5712955221112, 37.748587007795628],
            [-121.571169588189861, 37.748544675199447],
            [-121.570514521413301, 37.748383207638831],
            [-121.57046278833441, 37.748373008382302],
            [-121.570345587834225, 37.748352274601388],
            [-121.570328921390754, 37.748349274986083],
            [-121.570192721522332, 37.748335075289987],
            [-121.569739521461486, 37.748288874229026],
            [-121.569419787695679, 37.748275874226628],
            [-121.569054388970713, 37.748282208016732],
            [-121.568826388466775, 37.748299807952357],
            [-121.568553988729903, 37.748325674409202],
            [-121.568240721935823, 37.748376407897872],
            [-121.568107588017455, 37.74840260817075],
            [-121.567712388581242, 37.748491874844419],
            [-121.566882321902526, 37.748689874383359],
            [-121.566524187853247, 37.748746874604421],
            [-121.566253321540586, 37.748778674753545],
            [-121.565979788129823, 37.748797608514636],
            [-121.565888388142923, 37.74879967477753],
            [-121.565751321400256, 37.748793407799909],
            [-121.565022588278836, 37.748732407911568],
            [-121.564977322171671, 37.748727408104791],
            [-121.564530721134886, 37.748650608217588],
            [-121.564051321708817, 37.748532874943116],
            [-121.563923322560598, 37.748494674858819],
            [-121.563595188648563, 37.748369074717843],
            [-121.563272788682994, 37.748235075001993],
            [-121.563196322289386, 37.748195874653348],
            [-121.562756987724953, 37.747940474511744],
            [-121.562649788168841, 37.747873674248076],
            [-121.562442522578266, 37.747733808603442],
            [-121.562277387974532, 37.747610208118537],
            [-121.562185921512295, 37.747530674500801],
            [-121.562010988085447, 37.747366408222334],
            [-121.561954722107629, 37.747310274231786],
            [-121.561745189169287, 37.74707647460577],
            [-121.561603320931425, 37.746894008255147],
            [-121.561403788038831, 37.746614008048759],
            [-121.561247922252207, 37.74635660785956],
            [-121.561188321728054, 37.746254407864548],
            [-121.561097722140062, 37.746099008594193],
            [-121.561046520863826, 37.745999808664436],
            [-121.560804788712417, 37.745462674543248],
            [-121.560438921965201, 37.744067474715109],
            [-121.560321454665399, 37.74354187544963],
            [-121.560216388608069, 37.743158875482379],
            [-121.560188121321019, 37.743091275305396],
            [-121.56009018788707, 37.742892008428903],
            [-121.559899389313998, 37.742567808001311],
            [-121.559877987850655, 37.742536407957658],
            [-121.559782188813799, 37.742415074080085],
            [-121.559730722534539, 37.742356008222437],
            [-121.559701788697566, 37.742328274978497],
            [-121.559637321101206, 37.74227787476601],
            [-121.559400322173062, 37.742110808649194],
            [-121.55902238835661, 37.741853007779831],
            [-121.558882521565167, 37.741761275226679],
            [-121.558843988331063, 37.74174200792369],
            [-121.558647388437905, 37.741651274721669],
            [-121.558565588746418, 37.741619274737801],
            [-121.55827458759498, 37.741515408777012],
            [-121.557879521109442, 37.741425474464421],
            [-121.557745788913095, 37.741401674196467],
            [-121.557654788676501, 37.741395074849088],
            [-121.557107789228624, 37.741368608547646],
            [-121.557016388343413, 37.741373808465895],
            [-121.556429521663233, 37.741452207844866],
            [-121.55607278898583, 37.741514608190066],
            [-121.55589778818532, 37.741556074604702],
            [-121.555725788656176, 37.741605075171186],
            [-121.555085521623951, 37.741796875290518],
            [-121.555041921891643, 37.741807874616377],
            [-121.554952588928202, 37.741823408213328],
            [-121.554907121598418, 37.741827673967087],
            [-121.554541321326511, 37.741829474747327],
            [-121.554495521620055, 37.741828208163035],
            [-121.554404788183135, 37.741819408846979],
            [-121.554273988087857, 37.741788008485834],
            [-121.553931988679409, 37.741686874128042],
            [-121.553650321023767, 37.741569141851826],
            [-121.553544321616869, 37.741501274544525],
            [-121.553254388562266, 37.741274141171331],
            [-121.553222988849839, 37.741248275091436],
            [-121.553141188260085, 37.741162607667114],
            [-121.552984988300153, 37.740944475132864],
            [-121.552947587841615, 37.740841808051009],
            [-121.552811455346827, 37.740428207980536],
            [-121.552734788628911, 37.740149408723859],
            [-121.552574673810966, 37.73974330789224],
            [-121.552439189001504, 37.739399674447952],
            [-121.552276388220889, 37.739029274615753],
            [-121.552054587889018, 37.738638208178124],
            [-121.551998121586919, 37.738540674789427],
            [-121.551740188319371, 37.738123808218454],
            [-121.551547321824515, 37.737840808181787],
            [-121.551294188255525, 37.73750200876092],
            [-121.551005788625147, 37.737181474604071],
            [-121.55060132127015, 37.736750674812463],
            [-121.550181189093237, 37.736328674615088],
            [-121.549693522471586, 37.735903408325349],
            [-121.549412321939883, 37.735669474628558],
            [-121.548926996327864, 37.735319150631781],
            [-121.548432476458871, 37.734936871835146],
            [-121.548304588701768, 37.73483800790023],
            [-121.547499921887692, 37.734307874438642],
            [-121.545927387745181, 37.73333067460166],
            [-121.544586588403263, 37.732468408179614],
            [-121.544449921410902, 37.732373675102032],
            [-121.543910922358933, 37.73193887514315],
            [-121.543844189211427, 37.73189027456295],
            [-121.543563388430044, 37.731656408468879],
            [-121.543443521730097, 37.731549074956618],
            [-121.543273988076422, 37.731380874877388],
            [-121.542765569473374, 37.730843668777659],
            [-121.542493540740736, 37.730548746138346],
            [-121.542053322234054, 37.730071474362617],
            [-121.541758121458642, 37.72971087444882],
            [-121.541626188587827, 37.729524007886361],
            [-121.541546521496855, 37.72939587535344],
            [-121.541391322260168, 37.729098674093393],
            [-121.541253121843582, 37.728797207978232],
            [-121.54116752138016, 37.728594408416704],
            [-121.541147388338018, 37.728524808397154],
            [-121.541134987993843, 37.728454274721365],
            [-121.541085788164025, 37.728280274220552],
            [-121.541048788354104, 37.728032874503263],
            [-121.541032322234955, 37.727570008319695],
            [-121.541016188492463, 37.727392208089583],
            [-121.540997588874475, 37.727250474900025],
            [-121.540937721550705, 37.726969608172105],
            [-121.540912187837066, 37.726828674209052],
            [-121.540827388670863, 37.726551274608688],
            [-121.540713520920391, 37.726280474664591],
            [-121.540490522235956, 37.72585080796383],
            [-121.540322855281431, 37.725558074456572],
            [-121.540155322175892, 37.725345474989602],
            [-121.539912787828968, 37.725086807870049],
            [-121.539830122161575, 37.725001541667353],
            [-121.539544321357312, 37.724723075111115],
            [-121.538696922583483, 37.723976274043871],
            [-121.538336454711114, 37.723654074089609],
            [-121.538182722423286, 37.723522607482536],
            [-121.537524988548668, 37.722979074504273],
            [-121.537429588363793, 37.722902474567967],
            [-121.537002787992549, 37.722581008205836],
            [-121.536939388493025, 37.722529807969046],
            [-121.536829988064483, 37.722465274175818],
            [-121.536075921553731, 37.722128207793091],
            [-121.535760587736178, 37.721984007422627],
            [-121.535680122042905, 37.721950074748094],
            [-121.535392187739845, 37.72184087474124],
            [-121.534645521550431, 37.72156900807574],
            [-121.534070721041147, 37.721348607962554],
            [-121.533952522512692, 37.721294407583422],
            [-121.533617788678256, 37.721107607894844],
            [-121.533330322397475, 37.720877475181027],
            [-121.533083722275549, 37.720667008200607],
            [-121.532916922195298, 37.72049767491405],
            [-121.532678788694938, 37.72023607466852],
            [-121.532292989229859, 37.719793074430839],
            [-121.531690389455804, 37.719120674510073],
            [-121.531041702514401, 37.718426912372877],
            [-121.530852970066462, 37.718254406141654],
            [-121.530504188377648, 37.717935608504156],
            [-121.529425989051148, 37.717134408384474],
            [-121.528221589003621, 37.716404608211157],
            [-121.526619387998849, 37.715406074525959],
            [-121.524068187863307, 37.713918007557297],
            [-121.52285898901556, 37.713174408438192],
            [-121.522493388169664, 37.71294307496445],
            [-121.522168587905625, 37.712452274823441],
            [-121.521833322268549, 37.712199807884566],
            [-121.521212988852469, 37.711890274577215],
            [-121.520374579519711, 37.711575429946492],
            [-121.518857610669073, 37.711005745761675],
            [-121.512526788501503, 37.710096608634181],
            [-121.509039121631702, 37.70960780795977],
            [-121.508860522180186, 37.709578407995821],
            [-121.508771988717356, 37.709560607683237],
            [-121.508332722424896, 37.709463474485261],
            [-121.508291188817736, 37.709449275148465],
            [-121.508018388432262, 37.709319074636483],
            [-121.507754921542556, 37.709178408420129],
            [-121.506752187886462, 37.70855887535631],
            [-121.505933121976682, 37.708044808715513],
            [-121.505177921792054, 37.707583674680258],
            [-121.505068921113818, 37.70751900847074],
            [-121.504514721668968, 37.707206808257467],
            [-121.504400521541825, 37.707147808127701],
            [-121.50401418847747, 37.706958874069166],
            [-121.503552321470778, 37.706729808236091],
            [-121.503476721951415, 37.706689807691014],
            [-121.503358588999973, 37.706635675476093],
            [-121.502282587850971, 37.7062460747374],
            [-121.501388387749174, 37.705974675350461],
            [-121.501124988233116, 37.705893408356822],
            [-121.500951321430819, 37.705848407500753],
            [-121.500067388174401, 37.705667607803775],
            [-121.499143389158007, 37.705467074644972],
            [-121.49905652207002, 37.705444807916493],
            [-121.498883655666646, 37.705397408120106],
            [-121.498798922077469, 37.705370874938502],
            [-121.498084521576416, 37.705133808609474],
            [-121.498043122716538, 37.705118608461362],
            [-121.497721188976598, 37.704982408257464],
            [-121.497049587808931, 37.704611008289504],
            [-121.496741321936042, 37.704399074359785],
            [-121.496136521289515, 37.703912208384452],
            [-121.495918121979358, 37.703729875178979],
            [-121.494204921544807, 37.702250807756919],
            [-121.494088521443544, 37.702141407425458],
            [-121.492340121422913, 37.700547007720914],
            [-121.49128332176312, 37.69961227463169],
            [-121.491157788490369, 37.699463474382931],
            [-121.490769989375465, 37.698857008106422],
            [-121.490648122127382, 37.698228208266364],
            [-121.490635788258544, 37.698157674887028],
            [-121.490635521458898, 37.69812187472715],
            [-121.490646789027508, 37.698015607849435],
            [-121.490786988195595, 37.697603074329521],
            [-121.49081312198382, 37.697535008224698],
            [-121.49082392242849, 37.697500275373976],
            [-121.490837921773888, 37.697430007849412],
            [-121.490845721845488, 37.697359207873902],
            [-121.490883988279975, 37.697111875486286],
            [-121.490883321730038, 37.697005074773983],
            [-121.490873388159613, 37.69672047470025],
            [-121.490869321486315, 37.696684875002767],
            [-121.490810988485023, 37.696476074372427],
            [-121.490632988209796, 37.696241875412682],
            [-121.490606389094225, 37.696212874594686],
            [-121.490349788028283, 37.696010075395741],
            [-121.490193788392659, 37.695935608431846],
            [-121.489984321929654, 37.695864274634197],
            [-121.489813721975736, 37.695813608233784],
            [-121.489510722027021, 37.695735074533914],
            [-121.48202658879876, 37.694344807785761],
            [-121.479885388742048, 37.69396160812061],
            [-121.479577189344482, 37.693894875026977],
            [-121.478549521151024, 37.693594274326038],
            [-121.478507588691897, 37.693580008685309],
            [-121.4778631220357, 37.693311807873499],
            [-121.477744322534306, 37.693258808908098],
            [-121.477560455361967, 37.693153007764636],
            [-121.477525388726519, 37.693130074839871],
            [-121.476941922169715, 37.692730275099173],
            [-121.476553588557223, 37.692428208188346],
            [-121.474192921093433, 37.690436008191149],
            [-121.474092522682326, 37.690363474856852],
            [-121.47319885528151, 37.68975427550351],
            [-121.472952721385241, 37.689595007844559],
            [-121.471902188372852, 37.688919075269972],
            [-121.471644588380286, 37.688770874865916],
            [-121.471180122547494, 37.688544008446051],
            [-121.470352522642528, 37.688164808081225],
            [-121.468780721525277, 37.687437008140286],
            [-121.464955121920354, 37.685688208606912],
            [-121.454187721787108, 37.680766808470203],
            [-121.452170322152952, 37.679852874749137],
            [-121.451341921849078, 37.679473808402548],
            [-121.451263922031288, 37.679436674693946],
            [-121.45056078909883, 37.679037674914845],
            [-121.450489522154086, 37.678993208048297],
            [-121.449975988543798, 37.678640408474784],
            [-121.449260988866456, 37.678142607727807],
            [-121.448970588687956, 37.677915208269575],
            [-121.448202521933496, 37.677210074264266],
            [-121.447778588984605, 37.67674460762349],
            [-121.447703788965853, 37.6766550077595],
            [-121.445914188613031, 37.674420874560795],
            [-121.443648322157799, 37.671521874926057],
            [-121.43960952179323, 37.666267074177924],
            [-121.438542188488412, 37.66485500796297],
            [-121.438094389099064, 37.664318075505683],
            [-121.437381121373576, 37.663534208228199],
            [-121.437295921558771, 37.663450407940395],
            [-121.437177722132006, 37.663341807979933],
            [-121.435213988751229, 37.661698207679976],
            [-121.432603522264827, 37.659556475593824],
            [-121.430095989235255, 37.657582274492519],
            [-121.429701922574637, 37.65728440761999],
            [-121.429318721935658, 37.657031074366884],
            [-121.42850672217395, 37.656567875004939],
            [-121.423015121416114, 37.653625008139741],
            [-121.415870176767754, 37.649899013400365],
            [-121.415103489825597, 37.649496280059701],
            [-121.41507758870101, 37.649482675227524],
            [-121.413348188946941, 37.648574407637831],
            [-121.412271921896632, 37.647972075267155],
            [-121.410274121705342, 37.646969008135258],
            [-121.409952122388376, 37.646834807950157],
            [-121.408795987922772, 37.64640627545775],
            [-121.408290122331778, 37.646242008316719],
            [-121.408119988603488, 37.646190407540203],
            [-121.407130522165815, 37.645919008175724],
            [-121.398556721718137, 37.643811608105892],
            [-121.397162522024118, 37.643471074280477],
            [-121.394726922489241, 37.6428692745558],
            [-121.394380122483895, 37.642781274805422],
            [-121.394134721612886, 37.642722808127331],
            [-121.39361372210432, 37.642592407957174],
            [-121.393318588702556, 37.642497608379273],
            [-121.393106121866481, 37.642433075343114],
            [-121.392245121700981, 37.64210287498917],
            [-121.392088188715761, 37.642030074607248],
            [-121.391251522114658, 37.641535875176288],
            [-121.390710921366576, 37.641153207981482],
            [-121.384528988669103, 37.636246875135946],
            [-121.382840389496948, 37.634895074837097],
            [-121.381740788707091, 37.633998008440464],
            [-121.381490921412507, 37.633790808476164],
            [-121.379513988186957, 37.632210075177319],
            [-121.379443389588786, 37.632165008278001],
            [-121.379404389230729, 37.63214627450315],
            [-121.378499188359953, 37.631732207998802],
            [-121.378201388758427, 37.631642008142315],
            [-121.378157789026105, 37.631631074991411],
            [-121.377402854742812, 37.631491674330604],
            [-121.377358122234924, 37.631485007571008],
            [-121.377085388324772, 37.631464808089682],
            [-121.376080589441827, 37.631464275232503],
            [-121.375762321726526, 37.631484608461797],
            [-121.374667189156938, 37.631525874634313],
            [-121.374530722488856, 37.631534674239788],
            [-121.372473321773427, 37.631577075105326],
            [-121.370142188221237, 37.631645274997091],
            [-121.369319321539507, 37.631664208808068],
            [-121.369182321272163, 37.631664874699879],
            [-121.368452721276512, 37.631653808516234],
            [-121.367952989382275, 37.631620408622624],
            [-121.367544921579622, 37.63158260855878],
            [-121.367364121255662, 37.631560675364028],
            [-121.367183388305307, 37.63153860841507],
            [-121.367095121642137, 37.631521008492584],
            [-121.366778588573666, 37.631485208904159],
            [-121.366692321560322, 37.631461608100906],
            [-121.36660632134658, 37.631454608391763],
            [-121.366245322569867, 37.631412274330323],
            [-121.365706921795919, 37.631331408707538],
            [-121.365662522562999, 37.631323008188069],
            [-121.365621922305436, 37.631306809012919],
            [-121.365531388294457, 37.631297475099238],
            [-121.365486722261906, 37.631290075552968],
            [-121.365443588755227, 37.631278009047747],
            [-121.365355588891674, 37.631260274603882],
            [-121.365310522210507, 37.631254674963742],
            [-121.365179322364938, 37.631224274978848],
            [-121.362875122101599, 37.630657274671456],
            [-121.3593125222624, 37.629772808673003],
            [-121.358876921994622, 37.629667875321921],
            [-121.358704322390864, 37.62962120826981],
            [-121.358660722658541, 37.629610607776719],
            [-121.358615721554401, 37.629604075311029],
            [-121.358137388428545, 37.629486474467221],
            [-121.358093122146272, 37.629477874534928],
            [-121.357570122089555, 37.629352741423489],
            [-121.356830989172096, 37.629170874513427],
            [-121.356571922230671, 37.629101807942348],
            [-121.355798989302329, 37.628884008670155],
            [-121.355671188681811, 37.628845208338888],
            [-121.355166188168411, 37.628678875442574],
            [-121.355042121844548, 37.628634007742761],
            [-121.355002388461216, 37.628616475431805],
            [-121.354703988785062, 37.628526408392695],
            [-121.354284522259775, 37.62838600800675],
            [-121.354155389437707, 37.628350274496377],
            [-121.354113388706594, 37.628336408244841],
            [-121.354032122614399, 37.628304007877574],
            [-121.353534540388651, 37.628140964256964],
            [-121.351779322154997, 37.62756580841473],
            [-121.35008872153638, 37.626967008894866],
            [-121.349002322387946, 37.626507607707019],
            [-121.348335321492868, 37.626000008236517],
            [-121.348084521747012, 37.625548207520296],
            [-121.348005988329916, 37.625286408930741],
            [-121.34799115175467, 37.623968475005476],
            [-121.347990946040497, 37.623928271170747],
            [-121.347985588488143, 37.622883875275889],
            [-121.347967989593414, 37.62277867463316],
            [-121.347919722214883, 37.622570274378525],
            [-121.347832522750252, 37.622330674446779],
            [-121.347798522415061, 37.622265008243268],
            [-121.347689922385413, 37.622030808438893],
            [-121.34761838864101, 37.621900408242027],
            [-121.347558589589184, 37.621804874304637],
            [-121.347394721610002, 37.621591008275118],
            [-121.34708838801329, 37.621237408667469],
            [-121.347006188571527, 37.621152407984241],
            [-121.345616721202461, 37.619844808404331],
            [-121.345561922173502, 37.619788408480787],
            [-121.344810388911867, 37.61907907501805],
            [-121.343911722386466, 37.618235075226629],
            [-121.343856788610196, 37.618178607907623],
            [-121.342931921821233, 37.617305408272827],
            [-121.34287132237047, 37.617252475282029],
            [-121.342119588784527, 37.616543008043799],
            [-121.341977788818625, 37.616404674901794],
            [-121.341139522317974, 37.615613074439558],
            [-121.341078921968915, 37.615560208555394],
            [-121.340240322193281, 37.614768608353664],
            [-121.340185321941703, 37.614712075071012],
            [-121.339346589215438, 37.613920408201423],
            [-121.33928612181704, 37.613867475647275],
            [-121.338360721428799, 37.612993608425903],
            [-121.338258988121154, 37.612892807859204],
            [-121.338227521933391, 37.612867074883589],
            [-121.337879988004502, 37.612539608791089],
            [-121.337824922175884, 37.612483208307488],
            [-121.336086921951306, 37.610845875610714],
            [-121.334847521743697, 37.609667875473065],
            [-121.33478718909258, 37.609614808239776],
            [-121.334614522115189, 37.609450140952404],
            [-121.334421788570992, 37.609252474682656],
            [-121.334363388196053, 37.609198274937093],
            [-121.334280921954644, 37.609113274723498],
            [-121.333963787913277, 37.608766608370452],
            [-121.333793188857641, 37.608555808317753],
            [-121.333305988461632, 37.607912808104317],
            [-121.333241122013277, 37.607819008279733],
            [-121.332766388436767, 37.606977608472384],
            [-121.332593922681994, 37.60665027443666],
            [-121.332555721824534, 37.606586208436227],
            [-121.332425388853224, 37.606282675055908],
            [-121.332400322263553, 37.606214675358551],
            [-121.332298485649673, 37.605894639694846],
            [-121.332115255382874, 37.605318808591065],
            [-121.332099721714968, 37.605249075082305],
            [-121.331944522478253, 37.604695207864445],
            [-121.331896188624398, 37.604450807674802],
            [-121.331879188905972, 37.604381207860605],
            [-121.331840322396886, 37.604171474295299],
            [-121.331741321764369, 37.603362074398426],
            [-121.331736122315505, 37.60329140887076],
            [-121.33166532159639, 37.60269340808717],
            [-121.33165218822694, 37.602623608064214],
            [-121.331646188379167, 37.60255307492325],
            [-121.331639722305724, 37.602518074860015],
            [-121.331543388771294, 37.601709674718222],
            [-121.331538321374779, 37.601639075233422],
            [-121.331517122032395, 37.601463474764564],
            [-121.331505322661116, 37.601397607934572],
            [-121.331506122161727, 37.601362008065507],
            [-121.331492788467983, 37.60129220821679],
            [-121.331407122427535, 37.600554408146422],
            [-121.331396388458202, 37.600484474448137],
            [-121.33139532215796, 37.600449074847617],
            [-121.331346122328171, 37.600027607780106],
            [-121.331332788634398, 37.599957808102914],
            [-121.331134988592012, 37.598269675233936],
            [-121.33112212202218, 37.598199808427175],
            [-121.331084522137644, 37.597882874947992],
            [-121.330907722909942, 37.59629707481934],
            [-121.330895322565766, 37.596227075196119],
            [-121.330871521702306, 37.595980141064935],
            [-121.330854721409878, 37.595874808407892],
            [-121.33058672251957, 37.594835408774863],
            [-121.330530722443086, 37.594663408786936],
            [-121.330503189079607, 37.594595408433747],
            [-121.330465788621098, 37.594531008904482],
            [-121.330250987961918, 37.594103674546275],
            [-121.330097588050734, 37.593887874652779],
            [-121.329969189152251, 37.593700875142076],
            [-121.329950187987365, 37.593668808457309],
            [-121.329905188679831, 37.593607208296447],
            [-121.329754322017763, 37.59342847479553],
            [-121.329215322067512, 37.592855874839749],
            [-121.328978788466671, 37.592641208778289],
            [-121.32892292223913, 37.592585674411346],
            [-121.328862389263719, 37.592533008546212],
            [-121.328251121645494, 37.592104608536715],
            [-121.328178521600847, 37.592061607888809],
            [-121.327562789355667, 37.591757675716828],
            [-121.325939722283465, 37.591030475362004],
            [-121.325341721883689, 37.590768807941494],
            [-121.325257322467777, 37.590741608092529],
            [-121.325216522784217, 37.590725474816182],
            [-121.321142388984555, 37.588977675381123],
            [-121.320509122523347, 37.588693807896846],
            [-121.320391722597165, 37.58863907495742],
            [-121.32016592206736, 37.588519275239577],
            [-121.319444122143324, 37.588087675185022],
            [-121.319269188716447, 37.587973407719424],
            [-121.318819121979303, 37.587621808722545],
            [-121.31851438918045, 37.587359008871168],
            [-121.318105722201508, 37.586978608356119],
            [-121.317935922646484, 37.586812008115722],
            [-121.317657122413223, 37.586531208296343],
            [-121.317328922025865, 37.586189874598475],
            [-121.316943388462121, 37.585747674934701],
            [-121.315742189111958, 37.584239274873497],
            [-121.31564352175441, 37.584119808351893],
            [-121.315597988847614, 37.584058608905721],
            [-121.315283188629351, 37.583668074968585],
            [-121.314948321844255, 37.583246275085855],
            [-121.313917588599026, 37.581911275149004],
            [-121.313794389149422, 37.581761875183865],
            [-121.313338388141517, 37.581255408345442],
            [-121.313277722215417, 37.58120260845579],
            [-121.313165189361456, 37.5810910755336],
            [-121.313105322037671, 37.58103787472362],
            [-121.312962389296175, 37.580899808726862],
            [-121.31281558840908, 37.580764207817985],
            [-121.312753921759764, 37.580712007720422],
            [-121.312338988133405, 37.580432808052883],
            [-121.311733122084974, 37.580057408242325],
            [-121.311623722554742, 37.579993675302774],
            [-121.31154638928686, 37.579956207801075],
            [-121.311395921476773, 37.579876408203127],
            [-121.311318322307599, 37.579839274532283],
            [-121.310947722337119, 37.579703008894313],
            [-121.310603921806532, 37.579607474862186],
            [-121.309996922084224, 37.579449808414573],
            [-121.309820922357133, 37.579412075091994],
            [-121.309156188809823, 37.579290007997017],
            [-121.307908722629264, 37.579086074962049],
            [-121.307731122104343, 37.579054808593135],
            [-121.307641522341271, 37.579042008158702],
            [-121.307597389009672, 37.579032807934084],
            [-121.305322388484669, 37.578668208161503],
            [-121.304875121796258, 37.578600808302483],
            [-121.304652589337451, 37.578563674707389],
            [-121.30326778961458, 37.578350008272132],
            [-121.302777188196885, 37.578271608038243],
            [-121.302599589468599, 37.57824007435206],
            [-121.302382189085009, 37.578186208693857],
            [-121.301024788876603, 37.577879275291515],
            [-121.300938988088888, 37.577854808133011],
            [-121.300526522134589, 37.577704875328799],
            [-121.300360122702955, 37.577647808402745],
            [-121.299601788296286, 37.577319407708487],
            [-121.299371589614836, 37.577204274364504],
            [-121.299122722145142, 37.577048275187771],
            [-121.298215922273172, 37.57644880905265],
            [-121.298049921693504, 37.576326675159805],
            [-121.297986389243363, 37.576275875210086],
            [-121.297398588315289, 37.575830874911873],
            [-121.297306922427055, 37.575752007829074],
            [-121.29718978840225, 37.575643208495478],
            [-121.297076389572354, 37.57553207519841],
            [-121.297016721674538, 37.575478408354059],
            [-121.294940521915137, 37.573501208244672],
            [-121.294880522539003, 37.573448008419454],
            [-121.294767255761457, 37.573336608413406],
            [-121.2945341887593, 37.573118808869928],
            [-121.292372922135783, 37.571060008325254],
            [-121.29231278891065, 37.571006875108466],
            [-121.290239188875702, 37.56903127510212],
            [-121.289660321693148, 37.56848487450084],
            [-121.288020322276168, 37.56692127468947],
            [-121.287787321749335, 37.566704075151655],
            [-121.287453921913126, 37.566382675466308],
            [-121.287393788688007, 37.566329674914002],
            [-121.287367521949079, 37.566300474537172],
            [-121.287307589048268, 37.566247408417901],
            [-121.287281388784692, 37.566218074855676],
            [-121.287221788260553, 37.566164808591807],
            [-121.28679272233812, 37.565751608712496],
            [-121.286135187889514, 37.565117274668189],
            [-121.28530018856155, 37.564272475415066],
            [-121.284809122714876, 37.563758208497852],
            [-121.284475189279362, 37.563376075261743],
            [-121.284214121789788, 37.563044008512499],
            [-121.28404092211143, 37.562835408156857],
            [-121.283995589528942, 37.562773874340564],
            [-121.283977322287626, 37.562741475321047],
            [-121.283755122205491, 37.562274408481763],
            [-121.283378121738622, 37.561509474685778],
            [-121.281858522620865, 37.558342008513108],
            [-121.28061572228988, 37.555777808757782],
            [-121.280523122153781, 37.555615675106104],
            [-121.280433122640403, 37.555492608316037],
            [-121.280391588134918, 37.555429608523731],
            [-121.28007738799127, 37.554999408335242],
            [-121.279994322573572, 37.554891208946842],
            [-121.279974989032013, 37.554859208868557],
            [-121.279884922145001, 37.55473627542721],
            [-121.279806322252583, 37.554649275223973],
            [-121.279629389175923, 37.554442808502309],
            [-121.279216522573009, 37.554065475196239],
            [-121.278465588487677, 37.553500674866903],
            [-121.278216522490339, 37.553344207998776],
            [-121.278143521797062, 37.553301875060008],
            [-121.277838122448244, 37.553148475107328],
            [-121.277452721835175, 37.552960208151674],
            [-121.277293588875821, 37.552891208982075],
            [-121.277216122657322, 37.552854008443362],
            [-121.276506522753138, 37.552534674865342],
            [-121.276075922508227, 37.552335608974417],
            [-121.275996188941903, 37.552301275402947],
            [-121.275840921433257, 37.552227207731697],
            [-121.273915922509218, 37.55134967460306],
            [-121.27383898899167, 37.551311675640541],
            [-121.27234652258872, 37.550630874526995],
            [-121.272266722547101, 37.550596808668949],
            [-121.271993189136353, 37.550469474638255],
            [-121.269831921614497, 37.54948547486719],
            [-121.269754922519923, 37.549447608137363],
            [-121.265987189690648, 37.547730475448624],
            [-121.265792322647641, 37.54763900781721],
            [-121.265152988965013, 37.547365808628932],
            [-121.265035388714523, 37.547311475499654],
            [-121.264424522643225, 37.547001607962052],
            [-121.263791989207249, 37.546651075461284],
            [-121.263720388987522, 37.546607007986559],
            [-121.263232322615593, 37.546288408314993],
            [-121.263013722082775, 37.546109341855917],
            [-121.262872951586161, 37.546000342533489],
            [-121.262434660864116, 37.545631299759513],
            [-121.261958789122119, 37.545230608495238],
            [-121.261875789281433, 37.545146408447884],
            [-121.261824721854182, 37.545088008173082],
            [-121.261314388941273, 37.544416941615587],
            [-121.260860588805812, 37.543757674787088],
            [-121.260800121407414, 37.543662075420578],
            [-121.260693921676207, 37.543465874785539],
            [-121.260632322400539, 37.543332208622651],
            [-121.260493788709013, 37.542993607924728],
            [-121.260240322763366, 37.542385274829449],
            [-121.260209388378243, 37.542318475354705],
            [-121.260197989655623, 37.542283875050906],
            [-121.260167189119457, 37.542217074773035],
            [-121.259028121745942, 37.539481008355637],
            [-121.258815989083175, 37.53897507531854],
            [-121.2587845219971, 37.538908675243562],
            [-121.2582211220071, 37.537560074488809],
            [-121.258144722088815, 37.5373930752109],
            [-121.257909989610113, 37.536896074861311],
            [-121.257875522150982, 37.536830408771657],
            [-121.257862722954826, 37.536796275346589],
            [-121.2577909888861, 37.536665674497961],
            [-121.257711322693453, 37.536537674859126],
            [-121.257656788667518, 37.536440074550583],
            [-121.257624588556155, 37.536373875233451],
            [-121.257551722610188, 37.536283874612771],
            [-121.2574453881317, 37.536169009084617],
            [-121.257118388791866, 37.53582807499982],
            [-121.257049589519198, 37.535781874793528],
            [-121.256546122430009, 37.535475275289585],
            [-121.256389189444818, 37.535403475384825],
            [-121.255587389154826, 37.535150008930216],
            [-121.254637989375425, 37.534910808523087],
            [-121.254380588808871, 37.534840474800987],
            [-121.253953788437627, 37.534717008273859],
            [-121.253700122167686, 37.534637875413651],
            [-121.253372722179236, 37.534513808038476],
            [-121.252669588348482, 37.5341892078116],
            [-121.251919122285372, 37.533789208016884],
            [-121.251335322453585, 37.533447007870265],
            [-121.251256989360812, 37.533411074893834],
            [-121.251174722545414, 37.533380475359891],
            [-121.251135722187357, 37.533362808050214],
            [-121.250969789879633, 37.533241208319986],
            [-121.250839121836719, 37.533097542163723],
            [-121.250791122156159, 37.533037874412884],
            [-121.250769988390772, 37.533006475450847],
            [-121.250668322456804, 37.532890674522768],
            [-121.250626789747983, 37.532828275387615],
            [-121.250599321961531, 37.532800275046348],
            [-121.25052638864193, 37.532710874914216],
            [-121.25051718899509, 37.53267587549945],
            [-121.250458988944473, 37.532621408424511],
            [-121.250355922536983, 37.532465208324403],
            [-121.250331588972571, 37.532435141968804],
            [-121.250257188704097, 37.532306008806998],
            [-121.25020552299884, 37.5322476754109],
            [-121.250186988957921, 37.532215408444863],
            [-121.250175589336962, 37.532180875402666],
            [-121.250141388677463, 37.532115408187856],
            [-121.250097989269435, 37.532053608224132],
            [-121.250061188885539, 37.531988608216274],
            [-121.250034322970336, 37.531921474583726],
            [-121.2499915218403, 37.531859474993695],
            [-121.249952721806537, 37.531795075351184],
            [-121.249926322116991, 37.531728008508018],
            [-121.249840521329233, 37.531563674718839],
            [-121.249810655040989, 37.531497008025553],
            [-121.249775989054186, 37.53139507482625],
            [-121.249754322587847, 37.531364474465164],
            [-121.249679589044419, 37.531198274854887],
            [-121.249670322023945, 37.531163407946096],
            [-121.249621188669479, 37.531066007907967],
            [-121.249575922562286, 37.530930608364834],
            [-121.24954192222711, 37.53086527540605],
            [-121.249536122703645, 37.530830141908829],
            [-121.249514722138628, 37.530762475079918],
            [-121.24947472195565, 37.530698008950466],
            [-121.249428388649932, 37.530527007771667],
            [-121.24940738873353, 37.53049680813016],
            [-121.249406122108979, 37.530461808388793],
            [-121.249383122542767, 37.530394208190501],
            [-121.249370722198591, 37.530360208598744],
            [-121.249349521957868, 37.53032940905576],
            [-121.249327588691898, 37.53022540832152],
            [-121.249284322234544, 37.530125674681223],
            [-121.24926612236689, 37.530057475766966],
            [-121.24924245535243, 37.530027408440759],
            [-121.249213922164046, 37.529960875017039],
            [-121.249205123165837, 37.529925808771388],
            [-121.249124722151294, 37.52976200887138],
            [-121.249088122091663, 37.52969807475084],
            [-121.249049988607865, 37.52963500827687],
            [-121.249005788800915, 37.52957340786687],
            [-121.248911189014976, 37.529414408773114],
            [-121.248826123049156, 37.529289474976757],
            [-121.248670922914172, 37.529095275422243],
            [-121.248478988870559, 37.528897008239042],
            [-121.248427922341605, 37.528838675026371],
            [-121.248370189414914, 37.528783408678635],
            [-121.248040188803699, 37.528488475317722],
            [-121.246993522140315, 37.527652674735876],
            [-121.246832122731533, 37.527528608564317],
            [-121.245660922620289, 37.526588807808615],
            [-121.245464121504483, 37.526442208592208],
            [-121.245295122348395, 37.526323874757587],
            [-121.24504472235283, 37.52617060808619],
            [-121.244835122040854, 37.526034608337376],
            [-121.244619122130786, 37.525904408266967],
            [-121.244436789280954, 37.525798008293499],
            [-121.244139722704688, 37.52563260845794],
            [-121.243999722064288, 37.525542074795716],
            [-121.243924589668865, 37.525501474392186],
            [-121.243465789510566, 37.525269074629747],
            [-121.243426189077866, 37.52525180863995],
            [-121.243351989133743, 37.525210208524101],
            [-121.243193988949983, 37.52514040853449],
            [-121.243117522556375, 37.52510247529441],
            [-121.243076121899861, 37.525087875223747],
            [-121.242958456072387, 37.525034275349704],
            [-121.242878188906801, 37.52500067513256],
            [-121.242796388317032, 37.524970608617799],
            [-121.242478922797304, 37.524833275122845],
            [-121.242400922081188, 37.524797008847187],
            [-121.242151521910543, 37.524711208371457],
            [-121.242029922360416, 37.52466340896207],
            [-121.241694122225738, 37.524552675540832],
            [-121.241224922271371, 37.524412674582365],
            [-121.241184789137748, 37.52439580807799],
            [-121.240802521848366, 37.52427907472142],
            [-121.240328321871161, 37.52415300807678],
            [-121.240154922766791, 37.524109608408807],
            [-121.239936389607607, 37.524060407933895],
            [-121.239894588302491, 37.524046475226683],
            [-121.239501922115423, 37.523956808831898],
            [-121.239151589036069, 37.523881475468862],
            [-121.238755188552346, 37.523803808742393],
            [-121.238710788421088, 37.523796075051933],
            [-121.238620389157404, 37.523786474730322],
            [-121.238445721631905, 37.523746808111952],
            [-121.238225321773584, 37.52370460869458],
            [-121.238180588367371, 37.523697208422867],
            [-121.238045188897843, 37.523683074735416],
            [-121.238000989090921, 37.523673875511669],
            [-121.237958922782809, 37.52366040867819],
            [-121.237914722975887, 37.523652208314445],
            [-121.237779189657374, 37.523637275243111],
            [-121.237600521933899, 37.523611408107179],
            [-121.237556322126977, 37.523602208162131],
            [-121.237514321395878, 37.523588475569547],
            [-121.237381988774729, 37.523563208305056],
            [-121.237337523066486, 37.523555074901523],
            [-121.237291988363054, 37.523553875124684],
            [-121.2372473232288, 37.523548075728044],
            [-121.237160588193163, 37.523526474752771],
            [-121.236981922266324, 37.523500408090449],
            [-121.236850787997767, 37.52347020916644],
            [-121.236672522719516, 37.52344307522295],
            [-121.236497522817345, 37.523405408291559],
            [-121.236363122274426, 37.52338647543084],
            [-121.236097521885952, 37.523337208220362],
            [-121.235948722247358, 37.523323808297249],
            [-121.235640922600069, 37.523261608484361],
            [-121.235507589255704, 37.52323900855783],
            [-121.235463989523396, 37.523228275353674],
            [-121.23515318860477, 37.523175874638966],
            [-121.2349741220293, 37.523152008644345],
            [-121.234930588772286, 37.523141008254989],
            [-121.234841589083857, 37.523127008404771],
            [-121.234753988970581, 37.523107275379886],
            [-121.234561321901708, 37.523012075591133],
            [-121.234521188768085, 37.522995008568316],
            [-121.234432655305255, 37.522980074652985],
            [-121.234387188873782, 37.522976208833846],
            [-121.234344122740751, 37.522965075188132],
            [-121.234304389357433, 37.522947408973728],
            [-121.234262322150983, 37.522933674835699],
            [-121.234175588911967, 37.522911275724304],
            [-121.23413032190652, 37.522908274831366],
            [-121.234084788999695, 37.522909475331048],
            [-121.234039988219848, 37.522916007901401],
            [-121.233994322362378, 37.522914008731156],
            [-121.233949189205859, 37.522908874724983],
            [-121.233774255779039, 37.522869274611537],
            [-121.233308255623712, 37.52272667498606],
            [-121.232924121635179, 37.522615274672312],
            [-121.232756122303982, 37.522560675569359],
            [-121.232674522038536, 37.522529807971544],
            [-121.232465722125468, 37.522460075295896],
            [-121.232383789483336, 37.522430007757244],
            [-121.232344522325647, 37.522412008693834],
            [-121.232219388803202, 37.522369075392014],
            [-121.232137922386727, 37.522337608529199],
            [-121.232017921837794, 37.522287009022193],
            [-121.23186092237728, 37.522214474690173],
            [-121.231633522846252, 37.522096075014439],
            [-121.231492789180592, 37.522006408412956],
            [-121.231185322808287, 37.521797208722894],
            [-121.231151722223402, 37.521772874904606],
            [-121.230810922065871, 37.521484675227128],
            [-121.230780788977981, 37.521458007946151],
            [-121.230726722974282, 37.521401275552329],
            [-121.230694521964608, 37.521375875026294],
            [-121.230637722387499, 37.521320875316256],
            [-121.23062212224427, 37.521287675264389],
            [-121.230598788504764, 37.521257408471762],
            [-121.230573121840479, 37.521228275220579],
            [-121.230542589002283, 37.521202008261177],
            [-121.230490989772349, 37.521144075144619],
            [-121.230454789463039, 37.521078474984051],
            [-121.230429521650748, 37.521049008934618],
            [-121.230400721662718, 37.521021807849863],
            [-121.230377789470168, 37.520991475401125],
            [-121.230178789278526, 37.520714008410216],
            [-121.230137922221289, 37.520651208647287],
            [-121.230129322649091, 37.520616408057023],
            [-121.230033988939553, 37.520456475039836],
            [-121.23000538927586, 37.520429008694123],
            [-121.229996389055046, 37.520394408208993],
            [-121.229980188837203, 37.520361208457366],
            [-121.229919989136732, 37.520266541668136],
            [-121.229913721590989, 37.520231875558743],
            [-121.229897321947192, 37.520199874853105],
            [-121.229871122581898, 37.520170608666078],
            [-121.229846988443484, 37.52010280819453],
            [-121.229787122017996, 37.519970808707562],
            [-121.229774922896453, 37.519937075111621],
            [-121.229725321519723, 37.519839808613405],
            [-121.229696121781416, 37.519772874944849],
            [-121.229665189192914, 37.519670674926758],
            [-121.229640388504549, 37.519603408371651],
            [-121.229624389509354, 37.519535208387531],
            [-121.229592788574294, 37.519469408738694],
            [-121.229575122305903, 37.51940167460463],
            [-121.229558789137414, 37.519296807913591],
            [-121.229542522444262, 37.519227808226645],
            [-121.22952558920116, 37.519196208226859],
            [-121.229516188331701, 37.519162674492812],
            [-121.229485588119871, 37.518989875595658],
            [-121.229480788421284, 37.518921608788197],
            [-121.229468188651111, 37.518889408020321],
            [-121.229473588424284, 37.518854075082281],
            [-121.229457788855072, 37.518821475284277],
            [-121.229446988410402, 37.518788608283749],
            [-121.229434388640243, 37.518684674822644],
            [-121.229419989544567, 37.518616074996736],
            [-121.229413921424822, 37.518547674608989],
            [-121.229396922604693, 37.518480875157294],
            [-121.229352788374769, 37.518240875298474],
            [-121.229337388555862, 37.518208875163971],
            [-121.229322722660527, 37.518071874789264],
            [-121.229305988843421, 37.518040408964204],
            [-121.229270121809066, 37.517836274796537],
            [-121.229271188109308, 37.517800608616959],
            [-121.229261921987145, 37.517730874371459],
            [-121.229240988546081, 37.517699875098266],
            [-121.229235121648955, 37.517665808444725],
            [-121.229230588750028, 37.517596074785757],
            [-121.229223988827655, 37.517561808580957],
            [-121.229214322955187, 37.517528875474305],
            [-121.22919838953699, 37.517495274727125],
            [-121.229188322117608, 37.517427274457972],
            [-121.229193522464783, 37.517391875276182],
            [-121.229181722195221, 37.517358674901146],
            [-121.229153588757157, 37.517222208065789],
            [-121.229152388607929, 37.517186408351975],
            [-121.229143988461701, 37.517152474704815],
            [-121.229128122417166, 37.51711927493578],
            [-121.229118989245677, 37.517017275063658],
            [-121.229096722704725, 37.516950675172502],
            [-121.229089388858739, 37.516916608176928],
            [-121.229090322208307, 37.516880808316486],
            [-121.229075989587955, 37.516812674958516],
            [-121.229061789019937, 37.516779074601352],
            [-121.229055789172179, 37.516745274723029],
            [-121.229052989123431, 37.51667627481428],
            [-121.22904118885387, 37.516607208577092],
            [-121.229028322284037, 37.516573074447543],
            [-121.229013922290022, 37.516467475581564],
            [-121.228988322101074, 37.516388207931634],
            [-121.228968922084206, 37.516214475612443],
            [-121.228950123040221, 37.516183408019259],
            [-121.228942988620261, 37.516148274732615],
            [-121.22891418863226, 37.515942274975068],
            [-121.228893589364489, 37.51587607527884],
            [-121.228894122963752, 37.51584087486966],
            [-121.228878588397535, 37.515773275672885],
            [-121.228835722588812, 37.515532075037896],
            [-121.228818922296355, 37.515500608141892],
            [-121.228812122049661, 37.515431874995116],
            [-121.228783122635662, 37.51529420828922],
            [-121.228783522385967, 37.515258275118818],
            [-121.228775722314353, 37.515224475264219],
            [-121.228762923118197, 37.515191274637438],
            [-121.228740588305286, 37.515088275290232],
            [-121.228733321832948, 37.515018408828197],
            [-121.22870658886842, 37.514882209190674],
            [-121.228706122642791, 37.514847009025253],
            [-121.228687921876798, 37.514778874522953],
            [-121.228675588906256, 37.51471020840286],
            [-121.228674388757057, 37.51467460842062],
            [-121.228643522643878, 37.514571609072874],
            [-121.228643188470585, 37.514535808087487],
            [-121.228633722024142, 37.514466474803193],
            [-121.228618122779224, 37.514398074887112],
            [-121.228602389685335, 37.514364474867868],
            [-121.228593788316488, 37.51429407545713],
            [-121.22859632156559, 37.514258875014292],
            [-121.228564321778563, 37.514193607972508],
            [-121.228554989181049, 37.514158475174199],
            [-121.228557389479491, 37.514123075154373],
            [-121.228550055633505, 37.514053675219742],
            [-121.228526122717696, 37.513951609165794],
            [-121.228514988099761, 37.51388307553119],
            [-121.228518721498105, 37.513847608401107],
            [-121.228497921905984, 37.513816074527746],
            [-121.228489722982417, 37.513781875704595],
            [-121.228491388458934, 37.513746274566962],
            [-121.228481321937878, 37.513677407982549],
            [-121.228464922294037, 37.5136444083195],
            [-121.22845172244925, 37.513576475083994],
            [-121.228454189223015, 37.513540675046343],
            [-121.228445521378845, 37.513507207888409],
            [-121.228431321709152, 37.513475075326859],
            [-121.228433388732611, 37.513439275240565],
            [-121.228422322386635, 37.513371275550838],
            [-121.228401188621277, 37.513303875057431],
            [-121.228383722677194, 37.513201608462552],
            [-121.228357721839615, 37.513100408424457],
            [-121.228347923016472, 37.512961875222977],
            [-121.228320989727635, 37.512932874831577],
            [-121.228314722181906, 37.512899274865241],
            [-121.22831652240572, 37.512863608463768],
            [-121.22831318875771, 37.512829075014011],
            [-121.228299388838309, 37.512761208016975],
            [-121.228284322294385, 37.512729008153613],
            [-121.228276055997142, 37.512694608602914],
            [-121.228281321921301, 37.51265900837177],
            [-121.228272722349104, 37.512624608076244],
            [-121.22825738900552, 37.512592608383663],
            [-121.228243589086148, 37.512453208476124],
            [-121.228219121672751, 37.512385808578763],
            [-121.228205188802676, 37.51224820822295],
            [-121.228164522069761, 37.512042475600943],
            [-121.228148722500549, 37.512010608196199],
            [-121.228131122707509, 37.51187300786124],
            [-121.228109789516125, 37.511806875099694],
            [-121.228093122174343, 37.51170487509237],
            [-121.228076589579871, 37.511637808714717],
            [-121.22806892156062, 37.511569208111467],
            [-121.22806578823689, 37.511500274674212],
            [-121.228039389445641, 37.511433475327323],
            [-121.228031522000393, 37.511364675015841],
            [-121.228003587988312, 37.511229208362508],
            [-121.22800438928553, 37.511194408366215],
            [-121.227982588970235, 37.511126608289985],
            [-121.227969722400402, 37.511058608630925],
            [-121.227968722575483, 37.511023475069429],
            [-121.227962388554417, 37.51098947520066],
            [-121.227948788061013, 37.510956008323895],
            [-121.22795352218256, 37.510920875426677],
            [-121.227937589662702, 37.510887475501441],
            [-121.227929789591087, 37.510853808344564],
            [-121.227923122295053, 37.510784008463723],
            [-121.227890988658999, 37.51064667522261],
            [-121.227880189112653, 37.510575674449967],
            [-121.227860788197475, 37.51050760873153],
            [-121.227851522075326, 37.510437608291454],
            [-121.227828522509114, 37.510336608304286],
            [-121.227813721866468, 37.510232874709217],
            [-121.227815722414633, 37.510197275441634],
            [-121.227800322595712, 37.510165008914385],
            [-121.227793122598698, 37.510130808418268],
            [-121.22779232219979, 37.510095008153023],
            [-121.22778092257883, 37.510026408982128],
            [-121.227759722338121, 37.509994608412285],
            [-121.227750388842324, 37.509925674945968],
            [-121.227749722292387, 37.509889875294917],
            [-121.227742988521015, 37.509855609114702],
            [-121.227729921626874, 37.509822874982241],
            [-121.227712121509526, 37.509684608618926],
            [-121.227703388986669, 37.509649807902498],
            [-121.227686988444518, 37.509617341613485],
            [-121.227672322549182, 37.509511675185628],
            [-121.227670389374694, 37.509475875336015],
            [-121.227647322434834, 37.509446674777173],
            [-121.227633922265738, 37.509412409106083],
            [-121.227635121516627, 37.509377074531393],
            [-121.227619789071355, 37.509344008833686],
            [-121.227598789154968, 37.509275875008356],
            [-121.227588989433542, 37.509206008093329],
            [-121.227556388673577, 37.509140275584471],
            [-121.227536988656695, 37.509072075301859],
            [-121.227507788918373, 37.509007008239216],
            [-121.227488388901492, 37.50897574168188],
            [-121.227465988511582, 37.508906408220653],
            [-121.227462922561514, 37.508871074831632],
            [-121.227378921997612, 37.508707675504773],
            [-121.227350922408505, 37.508640208091251],
            [-121.227328989142549, 37.508572608073209],
            [-121.227297722380754, 37.508507008262825],
            [-121.227244322927021, 37.508409875087708],
            [-121.227233923130981, 37.508375074489564],
            [-121.227202922270521, 37.508309874987965],
            [-121.227154989065269, 37.50824960877798],
            [-121.227100121764352, 37.508153009008034],
            [-121.227017521673972, 37.50802707474184],
            [-121.226943989178068, 37.507897607875101],
            [-121.226897722347687, 37.507836475515219],
            [-121.226857521840387, 37.507773674891773],
            [-121.226829989375247, 37.507745408608081],
            [-121.226678722064577, 37.507532675726189],
            [-121.226659922122309, 37.50750007454571],
            [-121.226600722246758, 37.507446275333791],
            [-121.226479389496291, 37.507296274979169],
            [-121.226354388026195, 37.50714840859969],
            [-121.226272123007405, 37.507064208314603],
            [-121.226124789419359, 37.506929608235424],
            [-121.22609852178212, 37.506900807883071],
            [-121.226038122655666, 37.506848008752222],
            [-121.225490188959924, 37.506330274995236],
            [-121.225302188638949, 37.506175807818444],
            [-121.224601588955593, 37.505616075678859],
            [-121.223971588768748, 37.505103209211313],
            [-121.22338378963731, 37.504655608245962],
            [-121.218025389273194, 37.50067827524628],
            [-121.217060721727236, 37.499972474979074],
            [-121.21693158890514, 37.499872075165257],
            [-121.216071522089194, 37.499242208569406],
            [-121.216003522317138, 37.499195074889741],
            [-121.215674055305229, 37.498950675575415],
            [-121.215042189317515, 37.498490207775589],
            [-121.214979856118291, 37.498441609030372],
            [-121.21494458915852, 37.498418874727463],
            [-121.214780589127002, 37.498295608773368],
            [-121.21368418903451, 37.497492607958961],
            [-121.213157722379108, 37.497150608380615],
            [-121.212813188823247, 37.496916674949048],
            [-121.21255258845764, 37.496773208966154],
            [-121.212250988982476, 37.496613475018002],
            [-121.211869589465664, 37.496418608845772],
            [-121.211594121982117, 37.496292274907589],
            [-121.21135172238246, 37.496193608464253],
            [-121.211023521995088, 37.496070075130916],
            [-121.210618322513142, 37.495907341976476],
            [-121.210302323043962, 37.495764474879067],
            [-121.209919321831023, 37.495571474540313],
            [-121.209699788846919, 37.495444208350328],
            [-121.209521988896, 37.495332608374802],
            [-121.209037588548725, 37.495007075064464],
            [-121.20819538832545, 37.494358675518747],
            [-121.207522588805219, 37.493828875417535],
            [-121.206897322739906, 37.493311808316953],
            [-121.206642922546365, 37.493108074795195],
            [-121.205013188178143, 37.491816607744298],
            [-121.204386967203703, 37.49132808931769],
            [-121.20368552220566, 37.49078087543441],
            [-121.202905922879594, 37.490177608487649],
            [-121.202839456531734, 37.490129008609607],
            [-121.202711722386539, 37.490027475077028],
            [-121.202645188665031, 37.489978875814074],
            [-121.201968188622502, 37.489451075361238],
            [-121.199078388303548, 37.487178475473073],
            [-121.198792521922257, 37.486948474720563],
            [-121.198513721688997, 37.486712875577105],
            [-121.19809192223893, 37.486337808487704],
            [-121.197868188732571, 37.486113008689017],
            [-121.197582922425894, 37.485790808958519],
            [-121.197532788348198, 37.485731075580425],
            [-121.197463188676622, 37.485639209017428],
            [-121.197257855362224, 37.485361808777306],
            [-121.196967988782987, 37.484958075069422],
            [-121.196779321912061, 37.484714208693759],
            [-121.196602321461725, 37.484465208435758],
            [-121.196260989501539, 37.484002408037234],
            [-121.195950388907249, 37.483567008417658],
            [-121.195478655703766, 37.482917008312],
            [-121.194973389289061, 37.482240674833818],
            [-121.194391521733436, 37.481434808227185],
            [-121.193543588462035, 37.480296275278619],
            [-121.193357922862475, 37.480039209122168],
            [-121.193015122156822, 37.479577075649757],
            [-121.192944388811341, 37.479485607859857],
            [-121.192697522788094, 37.479185607864636],
            [-121.1924777885814, 37.478958275061927],
            [-121.192425122152926, 37.478900208644227],
            [-121.192092788616932, 37.478516008042284],
            [-121.191640722229991, 37.478114008874428],
            [-121.191451988883742, 37.477959408478945],
            [-121.191190188368907, 37.477667608485952],
            [-121.190680922654579, 37.477120808540128],
            [-121.190470722267989, 37.476887875314439],
            [-121.190144121780108, 37.476545274517939],
            [-121.189755989390278, 37.476105608882143],
            [-121.189518389489194, 37.475844675020561],
            [-121.189217122390673, 37.475532274939113],
            [-121.188847321920804, 37.475126408533626],
            [-121.188599189273035, 37.474871608079155],
            [-121.188519188008755, 37.474785008777808],
            [-121.188156123106907, 37.474375274968644],
            [-121.187861722730432, 37.474058474964011],
            [-121.187468989169659, 37.473621475327015],
            [-121.186610389302587, 37.472701074420577],
            [-121.186193323075742, 37.472233875000612],
            [-121.185599722624175, 37.471603008204383],
            [-121.184620788933216, 37.470530474876128],
            [-121.183923522897885, 37.469759208622719],
            [-121.183198122526179, 37.468982808104336],
            [-121.182791189295742, 37.468553874696795],
            [-121.182379122193439, 37.468128208579728],
            [-121.1818597890597, 37.467632075245334],
            [-121.181362522142592, 37.467123008453086],
            [-121.180983256124591, 37.466766808082227],
            [-121.180725588758392, 37.46651727530076],
            [-121.180101522842307, 37.465860208586243],
            [-121.179766921958546, 37.46552227523074],
            [-121.178738588113461, 37.464523008041631],
            [-121.178164789225718, 37.463924808330084],
            [-121.177240789310972, 37.462997608320904],
            [-121.177022188778182, 37.462769608076897],
            [-121.176717388605653, 37.462458808313201],
            [-121.176582189460447, 37.462315475096496],
            [-121.176299322553888, 37.461992074671002],
            [-121.175712322024737, 37.461269075178699],
            [-121.175479922470828, 37.461004875079198],
            [-121.174947189168009, 37.460339808589978],
            [-121.174836522114902, 37.460184475482393],
            [-121.174784789036011, 37.46012460897267],
            [-121.174759989245942, 37.460095809112083],
            [-121.174671788159785, 37.460014608405551],
            [-121.174593989564599, 37.459927075605172],
            [-121.174307322784401, 37.459563475679992],
            [-121.173460789088196, 37.45850860867769],
            [-121.173134321551018, 37.458080675528571],
            [-121.172950122900303, 37.45779387508999],
            [-121.172912722441779, 37.457728674932319],
            [-121.172807522535493, 37.457531675042368],
            [-121.172759788756224, 37.45743147561523],
            [-121.172698122106908, 37.457297475651991],
            [-121.172666188795205, 37.457193675520763],
            [-121.172610989117629, 37.456984474648102],
            [-121.172551389491801, 37.456703608656511],
            [-121.172498788640311, 37.456242408394118],
            [-121.172450989284073, 37.455995675778844],
            [-121.172411589175709, 37.455856808457561],
            [-121.172398522281568, 37.455822608764805],
            [-121.172340721981243, 37.455613875419161],
            [-121.172285189028713, 37.455478208522543],
            [-121.172224122453983, 37.455344075273935],
            [-121.172206589136266, 37.455311208145112],
            [-121.172125322145789, 37.455183608814707],
            [-121.171983389229212, 37.454921475205268],
            [-121.171944989844079, 37.454856875836178],
            [-121.171825522894451, 37.454664475097424],
            [-121.171338322498414, 37.453859208269392],
            [-121.17088272213914, 37.45312087561215],
            [-121.17040798856263, 37.452389008085603],
            [-121.170008588604162, 37.451828875050964],
            [-121.169555989516226, 37.451169608995592],
            [-121.169301189572408, 37.450832475012362],
            [-121.169031121862048, 37.450461008284464],
            [-121.168627189004624, 37.44990320853266],
            [-121.168249322561849, 37.449367274524668],
            [-121.167860789523374, 37.448843675222008],
            [-121.167789322254293, 37.448752608425252],
            [-121.167663722506219, 37.448604008552891],
            [-121.167492322153379, 37.448437675333871],
            [-121.167372722253091, 37.448330008912755],
            [-121.167087722746047, 37.44809907487118],
            [-121.166860121992414, 37.447924275105024],
            [-121.166767522754597, 37.447845674984023],
            [-121.166486522547217, 37.447565408692689],
            [-121.166340589432664, 37.447428807904835],
            [-121.166312789269568, 37.447400475282521],
            [-121.166191921846391, 37.447249608363215],
            [-121.165911989735875, 37.446882608370572],
            [-121.165755122327724, 37.446665608451013],
            [-121.165445789256239, 37.44618840853181],
            [-121.164939722442625, 37.445388808849401],
            [-121.16448992250514, 37.444687075074128],
            [-121.164084788600221, 37.444088875024825],
            [-121.163641322683773, 37.443425808471609],
            [-121.163182589000797, 37.442728275027207],
            [-121.16275592247851, 37.442098808275624],
            [-121.162102922725438, 37.441119075514656],
            [-121.161646989091196, 37.440461675086787],
            [-121.161026589199764, 37.43950820803348],
            [-121.160311522148788, 37.438432608065916],
            [-121.159509389482139, 37.4371906750726],
            [-121.158920989377762, 37.436346609135597],
            [-121.15883698881386, 37.43621987548849],
            [-121.158789521834265, 37.43615927508101],
            [-121.15863372252295, 37.435942008675056],
            [-121.158536722438583, 37.435821475003799],
            [-121.158337521922647, 37.435583008468761],
            [-121.158077788431285, 37.435290208526034],
            [-121.157806988593947, 37.434960675260442],
            [-121.157678988547417, 37.434813208540056],
            [-121.157454722340105, 37.43454487554191],
            [-121.157187389101438, 37.434214008673706],
            [-121.156793322440805, 37.433735008117985],
            [-121.156560721664306, 37.433429408331726],
            [-121.156487189168402, 37.43333947549435],
            [-121.156282522403941, 37.433103675285956],
            [-121.155811588701098, 37.432578008373667],
            [-121.155370189808139, 37.432038208138486],
            [-121.154442589445765, 37.430938475522474],
            [-121.154158922140283, 37.430615275418596],
            [-121.153703456528305, 37.430040475567381],
            [-121.153530188578003, 37.429831474827644],
            [-121.153196521942121, 37.429365675397221],
            [-121.153054722874515, 37.429141874893375],
            [-121.152895188368262, 37.428846808376676],
            [-121.152847321638362, 37.428746675392759],
            [-121.15275932267312, 37.428582474500843],
            [-121.152682322680235, 37.428377275490107],
            [-121.152513988277448, 37.428008075647831],
            [-121.152346522545557, 37.427639808501468],
            [-121.151913363898714, 37.426601309303948],
            [-121.151879722889618, 37.42652060870293],
            [-121.151617388775506, 37.425913274750243],
            [-121.151334789566931, 37.425273475021754],
            [-121.150881189755779, 37.424190808252327],
            [-121.150620389065864, 37.423657808397031],
            [-121.150520189182458, 37.423383875076837],
            [-121.150450321812912, 37.423177208593174],
            [-121.15032252209069, 37.422872408964437],
            [-121.15027378848653, 37.422772475594478],
            [-121.15009732253381, 37.422483075644564],
            [-121.149858122733221, 37.422138208026787],
            [-121.149785323262606, 37.422047808599835],
            [-121.149647522596325, 37.421905608636401],
            [-121.149378921834767, 37.421617408890683],
            [-121.14934952177218, 37.421590275758334],
            [-121.149063589813878, 37.421360208774061],
            [-121.14899418866996, 37.4213140090867],
            [-121.148885788964648, 37.421248608053652],
            [-121.148618789000935, 37.421112408690469],
            [-121.148320122525163, 37.420949075001445],
            [-121.148120588734244, 37.420862808501084],
            [-121.147851722969719, 37.420728808677026],
            [-121.14755638834535, 37.420561675089019],
            [-121.147452722761528, 37.420492275283451],
            [-121.147119589724937, 37.420249808873429],
            [-121.146948789446711, 37.420083008107902],
            [-121.146812523102966, 37.419940208686867],
            [-121.146686522706275, 37.419791809153885],
            [-121.145949989513241, 37.418891874737568],
            [-121.145491122879591, 37.418318208463489],
            [-121.145255590001995, 37.418013474672122],
            [-121.145039388869293, 37.417741208763609],
            [-121.144562322367989, 37.417160475303582],
            [-121.143253189538115, 37.41553247509728],
            [-121.143159589577095, 37.415410275390101],
            [-121.143051389297753, 37.415253408462995],
            [-121.14290192221091, 37.414993475219596],
            [-121.142852722381122, 37.414893674747297],
            [-121.142761988944144, 37.41469180805759],
            [-121.142704321594479, 37.414519476017539],
            [-121.142643388868748, 37.414274475186296],
            [-121.14262818847584, 37.413989275600201],
            [-121.142632723171388, 37.413882475043422],
            [-121.142640721770675, 37.413811475082042],
            [-121.142683588477723, 37.413600474749394],
            [-121.142721789335198, 37.413461208382024],
            [-121.14276358884365, 37.413250075777093],
            [-121.142789722631932, 37.413001475412017],
            [-121.142793922255876, 37.412859075611905],
            [-121.142783522459823, 37.412609608455817],
            [-121.14277638983647, 37.412538608714932],
            [-121.14276178861985, 37.412432408297555],
            [-121.142736989728107, 37.41229120826597],
            [-121.142713055913987, 37.412222408000517],
            [-121.142622989026975, 37.412020275103643],
            [-121.142586522816316, 37.411954875230208],
            [-121.14243458895568, 37.411735408712048],
            [-121.142152323022074, 37.411456008271152],
            [-121.141759188812699, 37.411212674923988],
            [-121.141541388678803, 37.411083208723049],
            [-121.14111592230573, 37.410876875048174],
            [-121.140899521747059, 37.410745875599183],
            [-121.140760189453218, 37.410654074598213],
            [-121.140558522163502, 37.41051007487205],
            [-121.140460122503939, 37.410435808716755],
            [-121.14039758987866, 37.410384008882524],
            [-121.14024218941934, 37.410253607942842],
            [-121.140049322924497, 37.410054875455252],
            [-121.139824389268909, 37.409787008855197],
            [-121.139729723007648, 37.4096652086346],
            [-121.139639922920267, 37.409541074927354],
            [-121.139560722054952, 37.409412808874578],
            [-121.139412922241235, 37.409113275579223],
            [-121.139335988723673, 37.408871008515376],
            [-121.139294789289792, 37.408659808742613],
            [-121.139272788650175, 37.408518341866348],
            [-121.139267921577982, 37.408411675506592],
            [-121.139239122488291, 37.408091275923766],
            [-121.13924318916159, 37.407877674964922],
            [-121.13923732316276, 37.407094409153423],
            [-121.139227322218701, 37.406847408162619],
            [-121.139216589147679, 37.406384608335209],
            [-121.139222588995466, 37.405637075195706],
            [-121.139208722600742, 37.405067675265677],
            [-121.139191389607348, 37.404640475478779],
            [-121.139191589931656, 37.404355608141373],
            [-121.139167321944257, 37.404070808939736],
            [-121.139158123195728, 37.4038928086214],
            [-121.139141722653591, 37.403714875672151],
            [-121.139106588644509, 37.403539008889176],
            [-121.139050589466322, 37.403293608921054],
            [-121.139017388631757, 37.403009475045408],
            [-121.139000789561919, 37.402939341801535],
            [-121.138845723275907, 37.402492407813767],
            [-121.138768522958699, 37.40225027490817],
            [-121.138698122888201, 37.402043674990502],
            [-121.138581322138336, 37.401736475091141],
            [-121.138508522667706, 37.401567809084909],
            [-121.13836092228, 37.401268075296848],
            [-121.138304122702877, 37.40117087553763],
            [-121.138080588622543, 37.400820008092104],
            [-121.13797212244188, 37.400663208379285],
            [-121.13775272240845, 37.400392475799293],
            [-121.137574722133238, 37.400185608856283],
            [-121.13729918907265, 37.399901475327525],
            [-121.137118322273338, 37.399741275352234],
            [-121.136776189015904, 37.399454875759147],
            [-121.136126122262255, 37.39895527543478],
            [-121.135774588135405, 37.398729809029746],
            [-121.135664188780225, 37.398666675517276],
            [-121.135245922404167, 37.398451675342521],
            [-121.135098322016461, 37.398367808629004],
            [-121.134407122304253, 37.397960808454037],
            [-121.13399452250097, 37.397738075929269],
            [-121.133771522918224, 37.397614008100078],
            [-121.13344412292976, 37.397421008453861],
            [-121.133131988911259, 37.39721360805374],
            [-121.13282938871285, 37.396997208498526],
            [-121.132703322739147, 37.396894208959068],
            [-121.132643521890671, 37.396840608463712],
            [-121.132378322150814, 37.396617874750817],
            [-121.132319989149536, 37.396563209265906],
            [-121.132157322217878, 37.396391408600074],
            [-121.132052188786929, 37.396275075441366],
            [-121.132003522556417, 37.396214808104205],
            [-121.131514988162181, 37.39557047546753],
            [-121.131359922774465, 37.395352608839751],
            [-121.131125522672448, 37.395006475842663],
            [-121.130698723199501, 37.394417407970799],
            [-121.130175188645168, 37.393667008434413],
            [-121.129231588389246, 37.392284408409282],
            [-121.12900758987989, 37.391974008192285],
            [-121.128791589071525, 37.391660474912108],
            [-121.128482589275023, 37.391184075590949],
            [-121.127901788917953, 37.390257075545399],
            [-121.127862722084572, 37.390192608075367],
            [-121.127645388176319, 37.389800008729274],
            [-121.127602389416921, 37.389698474585543],
            [-121.127462788526842, 37.389321875338752],
            [-121.127331789005567, 37.388943008789177],
            [-121.127228922024074, 37.388632208601571],
            [-121.126943122118107, 37.387805474772691],
            [-121.126730722655708, 37.38711260929999],
            [-121.126598522086908, 37.386697608127477],
            [-121.126266922474514, 37.38569640825397],
            [-121.126134522479745, 37.385244608418418],
            [-121.126026189249728, 37.384886808431581],
            [-121.125801722718109, 37.384232808709569],
            [-121.125220322286452, 37.38240040907661],
            [-121.124252189040121, 37.379322208850262],
            [-121.123639588322021, 37.377349475565168],
            [-121.122931988965988, 37.374956208824166],
            [-121.122606989275965, 37.373739675479456],
            [-121.122606414354195, 37.373737525258434],
            [-121.122587522783746, 37.373666874900827],
            [-121.120972722907126, 37.368470475254469],
            [-121.119843789428316, 37.36487387470099],
            [-121.119711789183839, 37.364459075321903],
            [-121.119570722243182, 37.364046608354727],
            [-121.119532589657723, 37.363944008357244],
            [-121.119414388434322, 37.363637409152993],
            [-121.11935638960631, 37.363502275289648],
            [-121.119123522030151, 37.362999475908822],
            [-121.119022722072117, 37.362800608847728],
            [-121.118654722724401, 37.362110075602764],
            [-121.118599788948146, 37.362012275297346],
            [-121.118515388633938, 37.361886008499987],
            [-121.118384321739057, 37.361698275451168],
            [-121.118158523005846, 37.361388474766933],
            [-121.118082189562912, 37.36130000839902],
            [-121.117895322017489, 37.361098075180458],
            [-121.117161722722187, 37.360405475627509],
            [-121.11696772255344, 37.360207475644771],
            [-121.116624989221421, 37.359873874916403],
            [-121.116192589650979, 37.359415274848139],
            [-121.116142389097931, 37.359355809005663],
            [-121.116001789281242, 37.359172208821136],
            [-121.115796721868193, 37.358894209004411],
            [-121.115596189150679, 37.358614275282214],
            [-121.115500922814803, 37.358452608296268],
            [-121.115360122673806, 37.358151474714703],
            [-121.115233789002133, 37.357846809016905],
            [-121.115152989135595, 37.357605408759838],
            [-121.115123122847351, 37.357501075550928],
            [-121.115066789495856, 37.357291808903327],
            [-121.115015521744297, 37.357082008281914],
            [-121.115007789944642, 37.357046808081407],
            [-121.114894722593078, 37.356232208408478],
            [-121.114823788923317, 37.355628475540108],
            [-121.114650078103566, 37.354296377306383],
            [-121.114001149515374, 37.350807673271952],
            [-121.113674321753734, 37.349825808102388],
            [-121.113593389834847, 37.349659275496542],
            [-121.112970321947031, 37.348549275775625],
            [-121.112618789616818, 37.347891008671979],
            [-121.112328588864273, 37.347367542600267],
            [-121.112155189759903, 37.34703780899769],
            [-121.111957589143515, 37.34663900853085],
            [-121.111850589911683, 37.34636647549717],
            [-121.111823722199858, 37.346261675326701],
            [-121.111763389548756, 37.345980675402942],
            [-121.111698322776093, 37.345484208163917],
            [-121.111693122428917, 37.345056476064855],
            [-121.111697721803168, 37.344806808980678],
            [-121.11170792217321, 37.34455727532891],
            [-121.1117175898423, 37.344450675798107],
            [-121.111748122680495, 37.344238275433675],
            [-121.111788521715468, 37.344026675050202],
            [-121.111928721781865, 37.34354040898188],
            [-121.112337922360069, 37.342371608678803],
            [-121.112727989721051, 37.341199408473948],
            [-121.112835789351777, 37.340853409075009],
            [-121.11297672334176, 37.340476808850447],
            [-121.113109989312477, 37.340211475480359],
            [-121.113228989138165, 37.340019008747745],
            [-121.113295188686408, 37.339925475611217],
            [-121.11340412199101, 37.339811075358611],
            [-121.113490989078983, 37.339728475779594],
            [-121.113524322864222, 37.339704275539859],
            [-121.113595322111024, 37.339659675343235],
            [-121.113765389363991, 37.339587208805568],
            [-121.113936389068215, 37.339538209004935],
            [-121.114023588532845, 37.339517875438865],
            [-121.116168188712905, 37.339036476118416],
            [-121.116779723130776, 37.338895875634982],
            [-121.117569722252881, 37.338724074999881],
            [-121.11788158947175, 37.338673408364663],
            [-121.117971323083793, 37.338661275221732],
            [-121.118242521773112, 37.338634075633607],
            [-121.118333255210089, 37.338629075387907],
            [-121.118697722382095, 37.338626875593945],
            [-121.119015788874748, 37.338613074742248],
            [-121.119151722841863, 37.338602475732138],
            [-121.119285190035185, 37.338580274943581],
            [-121.119546923176387, 37.338518608512103],
            [-121.119716522407074, 37.3384666754256],
            [-121.119963989403246, 37.33837627578702],
            [-121.120205455653277, 37.338276609007671],
            [-121.120244922236964, 37.338258675601331],
            [-121.120319588406772, 37.338218075622009],
            [-121.120608722859075, 37.338044408596687],
            [-121.120671522283928, 37.33799287514821],
            [-121.120967522559951, 37.337722475558408],
            [-121.121238789521229, 37.337393208849676],
            [-121.121403522578035, 37.337138875916267],
            [-121.121736189388997, 37.336592208575986],
            [-121.121875988806778, 37.336290275207723],
            [-121.122001389128883, 37.335985075816737],
            [-121.1220339225152, 37.335881075397424],
            [-121.122111789382316, 37.335602408646395],
            [-121.122569189965446, 37.333890609085778],
            [-121.122581388188678, 37.333820009069356],
            [-121.122593788532853, 37.333535008407381],
            [-121.122573121891449, 37.332893875819551],
            [-121.122532923180785, 37.331861075180015],
            [-121.122487790024294, 37.330636075997333],
            [-121.12242258940266, 37.328967074778653],
            [-121.122398589113217, 37.327723475312041],
            [-121.1225473231748, 37.327147075560354],
            [-121.122720122204527, 37.326724475795558],
            [-121.124127988867258, 37.324927475018228],
            [-121.125671589172796, 37.322851875093576],
            [-121.126638789069517, 37.32162507594591],
            [-121.128042122833349, 37.319647408311383],
            [-121.128436588345949, 37.318859875430348],
            [-121.128416388828484, 37.318046808272108],
            [-121.128209389139258, 37.317364209277677],
            [-121.127788721566418, 37.316817675244558],
            [-121.126865588525945, 37.315991809058005],
            [-121.126365322134106, 37.315672208463219],
            [-121.125644760986845, 37.315178855192144],
            [-121.125266322317216, 37.314919741727479],
            [-121.119215989215604, 37.310214209174404],
            [-121.116415442808346, 37.308112429875166],
            [-121.114442389406506, 37.306631675619549],
            [-121.111746122132359, 37.304568074946566],
            [-121.110383922225409, 37.303370274818356],
            [-121.109445122566385, 37.302150408409247],
            [-121.108740988910711, 37.300610408835325],
            [-121.107999122419827, 37.296713475605202],
            [-121.106909722898365, 37.291809208687731],
            [-121.106527123232354, 37.29020107502992],
            [-121.106482922527121, 37.28757527541935],
            [-121.106326188967927, 37.286122008682014],
            [-121.106006722001723, 37.285446475807774],
            [-121.104907723083144, 37.284260475220648],
            [-121.104318922330165, 37.283304208794583],
            [-121.103908055377104, 37.281364275507201],
            [-121.103759922288447, 37.279436208335753],
            [-121.103998322588424, 37.277628875658159],
            [-121.103999589212961, 37.277622942115741],
            [-121.104371136906067, 37.275938754277121],
            [-121.104398189670832, 37.275805808664643],
            [-121.105701378348456, 37.269592865946613],
            [-121.10574938521556, 37.269189127176894],
            [-121.105847923215705, 37.268360409587387],
            [-121.10576718892618, 37.267688208833022],
            [-121.104880121447735, 37.264628675436221],
            [-121.104653720843302, 37.264012408080383],
            [-121.104354521666551, 37.263699409195162],
            [-121.102639110478094, 37.262260909062043],
            [-121.102263090971533, 37.261931444092447],
            [-121.101657788166776, 37.261401074852216],
            [-121.101435253911333, 37.261132075618583],
            [-121.101104187898201, 37.260585008573031],
            [-121.100993588218756, 37.260276275213592],
            [-121.100338987667854, 37.255358208623953],
            [-121.100332593459655, 37.255302459995505],
            [-121.098882188873276, 37.242655475859806],
            [-121.098852842709576, 37.242217856225508],
            [-121.098823589072339, 37.241781608546923],
            [-121.09886418932993, 37.241717675830571],
            [-121.09876618942063, 37.241386475472567],
            [-121.097975589325614, 37.232956608740096],
            [-121.097773522285593, 37.232189809100795],
            [-121.097587721938737, 37.231788208671354],
            [-121.097314922451588, 37.231378008949115],
            [-121.096788522271495, 37.230799476187528],
            [-121.096307321723259, 37.230421809088043],
            [-121.094934722020255, 37.229614009629323],
            [-121.094110655189326, 37.229054608686212],
            [-121.093084989340625, 37.228148075489109],
            [-121.092638188877899, 37.227654409427004],
            [-121.092300788843701, 37.227190675203929],
            [-121.091703588842819, 37.226073075667571],
            [-121.09137358912993, 37.225184341825106],
            [-121.090298123376826, 37.21958607505389],
            [-121.090061922152657, 37.21837240868102],
            [-121.089776321672673, 37.217400475314086],
            [-121.089308322765859, 37.216550609508495],
            [-121.088775788889023, 37.21588800911104],
            [-121.088177722013896, 37.215351075464554],
            [-121.087470722732448, 37.214850009301543],
            [-121.084616921500213, 37.213394409132896],
            [-121.083523388830102, 37.212699875676954],
            [-121.082865722329132, 37.212109275722497],
            [-121.08218992333417, 37.211350008609493],
            [-121.081540589605765, 37.210370675154365],
            [-121.081248122403778, 37.209696674985928],
            [-121.080805989587233, 37.207404075810018],
            [-121.080803388964483, 37.207390475538247],
            [-121.080039922482612, 37.203100209040983],
            [-121.079731589236047, 37.201877208287932],
            [-121.079298921967663, 37.200715009072525],
            [-121.07724178895019, 37.196476608209458],
            [-121.0769401885767, 37.195854875460476],
            [-121.076880122725242, 37.195807475089026],
            [-121.075919521852555, 37.193765475525687],
            [-121.074681523016807, 37.191953075767344],
            [-121.073344988875846, 37.19037147599834],
            [-121.072165122717053, 37.188554675148573],
            [-121.071454122339347, 37.186374208954142],
            [-121.071425189400671, 37.184986608600411],
            [-121.071392788965014, 37.183434408840796],
            [-121.071384922418062, 37.183296209305048],
            [-121.071389921542632, 37.183209275420225],
            [-121.0713993888874, 37.183044208976582],
            [-121.071406189134109, 37.18292647551138],
            [-121.071405122833866, 37.181661009171087],
            [-121.071404522759252, 37.181023009335782],
            [-121.071231922257212, 37.179629808867901],
            [-121.070544589792277, 37.177459809068971],
            [-121.069479322612594, 37.17407900867849],
            [-121.069254723130328, 37.173366275336136],
            [-121.06843118900035, 37.171893475459321],
            [-121.066960321690118, 37.170495809590903],
            [-121.065424389403859, 37.169502675471165],
            [-121.064526188205775, 37.169159809318714],
            [-121.063341588823747, 37.168633275748967],
            [-121.062505988522886, 37.168140609056572],
            [-121.061517722234427, 37.167405808936472],
            [-121.06062905575476, 37.166551075806005],
            [-121.060232189045379, 37.166027608687777],
            [-121.059724989456186, 37.165358609529441],
            [-121.059428188781268, 37.164877209293728],
            [-121.059032722545425, 37.163743676386588],
            [-121.058880723107777, 37.162932475699009],
            [-121.058835322253316, 37.161934675487707],
            [-121.058886121982638, 37.161009542905653],
            [-121.059003589282469, 37.160374809346983],
            [-121.059352322462246, 37.159365409686828],
            [-121.061044722406393, 37.156053475448502],
            [-121.061415323275185, 37.155137075768984],
            [-121.061567295763382, 37.154654532192772],
            [-121.061569339430648, 37.154630855955162],
            [-121.061611588995106, 37.154141276180319],
            [-121.06158212335545, 37.153607476093249],
            [-121.061320256365278, 37.152742009002758],
            [-121.060928522629439, 37.152021008812127],
            [-121.05836492304806, 37.14793027586451],
            [-121.058207123188623, 37.147600675869938],
            [-121.057965188916299, 37.147095875623975],
            [-121.057609122788818, 37.146165476110781],
            [-121.057345588525479, 37.145154009250156],
            [-121.057185122466279, 37.14342740940527],
            [-121.056992988996697, 37.141359608936042],
            [-121.056985389249377, 37.141278008948362],
            [-121.056839121961573, 37.140323275678305],
            [-121.056694722271232, 37.139764008584756],
            [-121.05647292193936, 37.139073075958265],
            [-121.056201589401041, 37.138506075579144],
            [-121.054501588811291, 37.135513875535032],
            [-121.054254721889762, 37.13471900964926],
            [-121.054226989100286, 37.134346875401476],
            [-121.054323989184695, 37.133603075515673],
            [-121.055350189530941, 37.131468275367503],
            [-121.05552392280859, 37.13117860913389],
            [-121.05590898924838, 37.13073780916271],
            [-121.05638418994883, 37.130324208428917],
            [-121.056790389255696, 37.129970609267389],
            [-121.057170789845927, 37.12952700835379],
            [-121.057569189081164, 37.128808875872998],
            [-121.057705388949614, 37.12835847558069],
            [-121.05771518867104, 37.127754409353201],
            [-121.057477522294633, 37.126811075378782],
            [-121.056546323281225, 37.124878209368653],
            [-121.056359189834495, 37.124291276048247],
            [-121.056331388773089, 37.12365207642349],
            [-121.056639122843322, 37.123127808786585],
            [-121.057238922568658, 37.122285009600816],
            [-121.057243188667925, 37.122259008958316],
            [-121.057352589096482, 37.121601209071144],
            [-121.057428122140536, 37.120323675842428],
            [-121.057516789452322, 37.117723808750469],
            [-121.057767922473175, 37.116344875642383],
            [-121.058277522360797, 37.115514209440981],
            [-121.058818589334521, 37.114774875676105],
            [-121.05988918981204, 37.11324040883602],
            [-121.060203522906363, 37.112891209263637],
            [-121.060264523005728, 37.112823408634398],
            [-121.060644989172971, 37.112400409449059],
            [-121.062125722679966, 37.109768608739714],
            [-121.062167522188446, 37.106851009276554],
            [-121.059016189052628, 37.099313808870235],
            [-121.052642788537185, 37.088713276073626],
            [-121.046727389577782, 37.07887140896964],
            [-121.038217989352802, 37.073327809540132],
            [-121.03415898947074, 37.072032875871308],
            [-121.020979389119148, 37.073944275687161],
            [-121.017189323273598, 37.074159409229161],
            [-121.015215988699069, 37.074257009349338],
            [-121.014912989648678, 37.074272008973345],
            [-121.01448838925154, 37.074293009015335],
            [-121.012379122506545, 37.074426076040474],
            [-121.002724922758233, 37.073270875036222],
            [-120.996353723115249, 37.070981076432616],
            [-120.994591389326246, 37.070386808683274],
            [-120.993639989897034, 37.070066009791823],
            [-120.992127588979642, 37.069555875791956],
            [-120.989496389376455, 37.068668476078535],
            [-120.982985721794037, 37.067599475807789],
            [-120.981010389366332, 37.067293209534881],
            [-120.978694722108386, 37.066934008925223],
            [-120.977339389821779, 37.066723809383078],
            [-120.975042988731758, 37.065609875195705],
            [-120.972321989041205, 37.063488008789051],
            [-120.96966838904811, 37.061495409295397],
            [-120.958305522662513, 37.052961076183408],
            [-120.95700272295538, 37.051982409335409],
            [-120.956485322996144, 37.051593676480358],
            [-120.948420789161105, 37.045504476125338],
            [-120.945576988872915, 37.043251476399263],
            [-120.945059989562296, 37.042695608890199],
            [-120.941226589885744, 37.038572675331153],
            [-120.940384389662483, 37.03775707561028],
            [-120.937531723002436, 37.03499400951506],
            [-120.936559722508818, 37.034133075475737],
            [-120.934416989926206, 37.033346875549697],
            [-120.928316523645236, 37.032063676477776],
            [-120.926715123039401, 37.031461076364472],
            [-120.925559122422769, 37.030294008660348],
            [-120.924690322185612, 37.027749075914123],
            [-120.924148122436321, 37.025809609375941],
            [-120.923433989633224, 37.024768675835247],
            [-120.919715321886443, 37.022167008989811],
            [-120.918636722809637, 37.021108875917449],
            [-120.916318722626912, 37.016769009922093],
            [-120.915636122486902, 37.015235276287513],
            [-120.91542438957444, 37.009823609510619],
            [-120.915110389755085, 37.007851476260683],
            [-120.914373923037402, 37.006627209849107],
            [-120.910329989699292, 37.002742475770781],
            [-120.908446122835485, 37.000932476167392],
            [-120.902841522099777, 36.995247876381164],
            [-120.897412789937121, 36.991830876169395],
            [-120.892530855999695, 36.988847209686597],
            [-120.8887549233485, 36.987354676000678],
            [-120.886571122486075, 36.986090675594056],
            [-120.884641190014491, 36.98381667540292],
            [-120.883448389912274, 36.980430875756674],
            [-120.882516190175636, 36.977225276095282],
            [-120.882001722317469, 36.976299075392944],
            [-120.876796189163557, 36.971423476010102],
            [-120.876022189934972, 36.97068287541201],
            [-120.873842522221167, 36.968597209769136],
            [-120.872594722765655, 36.967856876658743],
            [-120.866524522523235, 36.96593840990478],
            [-120.858788588825888, 36.963571208725369],
            [-120.857570923356576, 36.962918476594673],
            [-120.857093923330595, 36.961984276498477],
            [-120.856996523495908, 36.959355409487785],
            [-120.85710572270186, 36.957451076446389],
            [-120.856893589140782, 36.956241609613954],
            [-120.856315123505141, 36.95536020928737],
            [-120.853778522789597, 36.954107475467723],
            [-120.850804789280375, 36.949811475497128],
            [-120.849552323076978, 36.948821276371937],
            [-120.847790932519018, 36.948290103627343],
            [-120.846615608242317, 36.948077014935912],
            [-120.844213522155712, 36.947641476239511],
            [-120.841234523620628, 36.947077608843742],
            [-120.837297922789304, 36.945335808976161],
            [-120.834798722532312, 36.943604676197708],
            [-120.833696922666647, 36.941767408908191],
            [-120.83267599004121, 36.936182075819694],
            [-120.831986189904214, 36.932157476068987],
            [-120.831206922056467, 36.930565875957967],
            [-120.829565789863906, 36.92924980934113],
            [-120.82860378941605, 36.928292276619146],
            [-120.828250922189284, 36.927018408821539],
            [-120.828316122810904, 36.9249824759654],
            [-120.828501419202894, 36.924190076654597],
            [-120.828482366834024, 36.920920182688775],
            [-120.828297523192973, 36.92047160972276],
            [-120.827997322394694, 36.919939075908388],
            [-120.827179322785156, 36.919170809901502],
            [-120.823969590172752, 36.9166330761078],
            [-120.821595589015203, 36.915032408911266],
            [-120.820892854036416, 36.914330741310586],
            [-120.819680882089358, 36.913133016341369],
            [-120.818358588940626, 36.911826208815782],
            [-120.811412588788329, 36.905779675930475],
            [-120.810409189480609, 36.905050409355674],
            [-120.810135189844218, 36.904963609502659],
            [-120.809874189728305, 36.904880875977511],
            [-120.808056390360406, 36.904918609475445],
            [-120.807184589750207, 36.904694476677548],
            [-120.805189789931973, 36.902449476219168],
            [-120.802310723582337, 36.899355875604073],
            [-120.801475990155723, 36.898888875819075],
            [-120.797686389637491, 36.89686467633701],
            [-120.795348322887946, 36.895601009440895],
            [-120.794548189871136, 36.894766209882057],
            [-120.793395123152223, 36.892954809643904],
            [-120.792506723472201, 36.891559009350019],
            [-120.791233389404738, 36.889914475451292],
            [-120.789024189575969, 36.887855609683768],
            [-120.78583152315727, 36.883479809159333],
            [-120.78568258966969, 36.882100409410477],
            [-120.78601158955766, 36.880839875999527],
            [-120.786580389320847, 36.879819476033155],
            [-120.786902389536095, 36.879241809274546],
            [-120.787759523352648, 36.874948475914842],
            [-120.787816989479708, 36.874660476568955],
            [-120.787811722657196, 36.873470276630762],
            [-120.787103389377563, 36.872318276308192],
            [-120.782948589560363, 36.867800209146289],
            [-120.781927122437295, 36.866675876685228],
            [-120.780091522952034, 36.864655475978573],
            [-120.778955189151944, 36.863404809356055],
            [-120.778123522573679, 36.862827276475436],
            [-120.777484923712919, 36.862585476111832],
            [-120.775880988959656, 36.862311476173268],
            [-120.775121189400778, 36.862063675691246],
            [-120.774343789150549, 36.861412076716661],
            [-120.769546922975579, 36.855931609467355],
            [-120.768863789236306, 36.85532287641189],
            [-120.76768572240303, 36.854896609441887],
            [-120.763384522347323, 36.853700476246367],
            [-120.759150189288107, 36.852584276018213],
            [-120.758481989142112, 36.852254609467565],
            [-120.75554238981708, 36.849204675759836],
            [-120.751868322525851, 36.845274809444149],
            [-120.751019523278529, 36.844414276261659],
            [-120.750779723403298, 36.844171276041685],
            [-120.747467323235355, 36.840604076650557],
            [-120.744956522134771, 36.837997009851833],
            [-120.743764389480802, 36.836115810156656],
            [-120.742708390219903, 36.834519609162122],
            [-120.741871390343817, 36.833690409452736],
            [-120.741155189618922, 36.832980809986815],
            [-120.737319389643929, 36.828802476281965],
            [-120.733192189665502, 36.824466009739076],
            [-120.730882322829373, 36.823039076160775],
            [-120.727625256187977, 36.82127807603306],
            [-120.726208523153403, 36.81978887599093],
            [-120.725701990114118, 36.818641475910105],
            [-120.725675789850541, 36.816797608935317],
            [-120.725131990201746, 36.816128209062612],
            [-120.722459723217042, 36.813272676040441],
            [-120.719384922950155, 36.809812076645329],
            [-120.716994323621108, 36.808025809743626],
            [-120.7153473227348, 36.806919876150417],
            [-120.713295989240791, 36.80554240964004],
            [-120.709731122952149, 36.80345400933156],
            [-120.705466922706378, 36.801057809115449],
            [-120.700891523588297, 36.798444676078802],
            [-120.695939989979294, 36.79636487618648],
            [-120.691702923346668, 36.794871676004554],
            [-120.690081790347293, 36.793832675901946],
            [-120.682559923385526, 36.786712610140029],
            [-120.67707478959943, 36.781155609057372],
            [-120.674295923133229, 36.777983009405162],
            [-120.671334722918871, 36.774602009232929],
            [-120.666810523280404, 36.769062809426927],
            [-120.666211389206723, 36.767872010226384],
            [-120.664962190175999, 36.762978275733978],
            [-120.664640189062396, 36.761666809501577],
            [-120.663580589353842, 36.75922487584387],
            [-120.66056558993543, 36.753682809028014],
            [-120.65954592393453, 36.752893609274864],
            [-120.656960323713491, 36.75146100990883],
            [-120.655788190252679, 36.749950676490272],
            [-120.655349523136493, 36.749385410358876],
            [-120.650883923298977, 36.74283087598107],
            [-120.646335123296481, 36.737798076120896],
            [-120.644715789622595, 36.736758409695966],
            [-120.642988347297546, 36.736285008110237],
            [-120.633177409498444, 36.736092037466854],
            [-120.629816082588533, 36.735940722525925],
            [-120.627933883896219, 36.734942155654323],
            [-120.626436248587154, 36.734351702539406],
            [-120.625629284780914, 36.734251882669938],
            [-120.622038537130592, 36.734246121819865],
            [-120.618395724024737, 36.73401187616119],
            [-120.617852522653891, 36.733812276444795],
            [-120.612691989705823, 36.730849610049596],
            [-120.606419323571401, 36.727054076128248],
            [-120.605671190433128, 36.726834609482374],
            [-120.600040923033077, 36.726727409953035],
            [-120.598329789622028, 36.726239209528217],
            [-120.597126455874772, 36.725253076344885],
            [-120.595347790713888, 36.723024210066193],
            [-120.593994389805161, 36.721709076350749],
            [-120.58948659070883, 36.719267409162789],
            [-120.584238790024202, 36.716510209007531],
            [-120.577288922624632, 36.713167410328168],
            [-120.573671323432151, 36.711404076661964],
            [-120.571693522434046, 36.710466476165848],
            [-120.571687722910568, 36.710463809453195],
            [-120.568423989871462, 36.708882476476695],
            [-120.56783052326891, 36.70860787670253],
            [-120.567509923527155, 36.708459610089399],
            [-120.566998323989665, 36.708217876663845],
            [-120.566104122989557, 36.707690876551005],
            [-120.56578198982362, 36.707442609417093],
            [-120.563593190734949, 36.703999009682036],
            [-120.563186589881155, 36.703572209262852],
            [-120.562588723330336, 36.703137810335626],
            [-120.54894032367298, 36.694522609520924],
            [-120.548577522875817, 36.694254809225029],
            [-120.548169989570752, 36.693827676663233],
            [-120.548002523838846, 36.693535609659307],
            [-120.545295922345701, 36.687366409221866],
            [-120.540602122578221, 36.676791476332028],
            [-120.540536990228546, 36.676621276440606],
            [-120.540561390268294, 36.676368809500829],
            [-120.54037998986972, 36.676363276301196],
            [-120.540169323257501, 36.675981410356812],
            [-120.536202723187245, 36.670216676044554],
            [-120.536110389850762, 36.665582009825904],
            [-120.536037990130453, 36.663470276473191],
            [-120.535535590239789, 36.662724410176509],
            [-120.53075978955826, 36.656765276508921],
            [-120.526361990066803, 36.651177676252281],
            [-120.523726123715718, 36.647073809094714],
            [-120.522639190069725, 36.645524209918797],
            [-120.5155843895635, 36.638038809938486],
            [-120.513911323160926, 36.63624860980655],
            [-120.507100189777205, 36.631764676230752],
            [-120.505283189909889, 36.629541609297853],
            [-120.504478990219781, 36.628458276052662],
            [-120.498415790548364, 36.62014027655448],
            [-120.495736389143687, 36.618723210073242],
            [-120.494966523962034, 36.618003409860563],
            [-120.493789589904324, 36.612086276608075],
            [-120.493318189975824, 36.610989809451148],
            [-120.489571923288608, 36.603722076332744],
            [-120.489176323203779, 36.60269367722551],
            [-120.487814323621123, 36.595264210566974],
            [-120.486872123838779, 36.590367210561489],
            [-120.485720922920692, 36.587547009498522],
            [-120.48291392301644, 36.580230210000074],
            [-120.482056723622861, 36.578291876419115],
            [-120.47750332334779, 36.574001210321768],
            [-120.475923189457959, 36.573073009898224],
            [-120.464697989889615, 36.565917876565969],
            [-120.463286390726893, 36.565017276326216],
            [-120.45172079075131, 36.559378609885137],
            [-120.43913412340298, 36.553050409925142],
            [-120.433660391034479, 36.550438410043341],
            [-120.422071523794727, 36.548700610078527],
            [-120.415579123453597, 36.547915876827517],
            [-120.409542123147446, 36.546012609535744],
            [-120.400329790314345, 36.541712209957218],
            [-120.386291790419961, 36.535077075970293],
            [-120.383708190747043, 36.53232780975538],
            [-120.374953990624022, 36.526096876529486],
            [-120.373344789946543, 36.52492827658282],
            [-120.365239190526623, 36.520651010142366],
            [-120.364397790702284, 36.519857676279358],
            [-120.363266523400355, 36.517800076526065],
            [-120.358096524005816, 36.50820067732483],
            [-120.35328459038864, 36.499291076899311],
            [-120.35232032349127, 36.498319609594027],
            [-120.345862656510633, 36.494540209818503],
            [-120.337751790268186, 36.4906196767095],
            [-120.321113790158762, 36.482481676412334],
            [-120.318794589826808, 36.481103276809506],
            [-120.317971591092743, 36.479389210109936],
            [-120.315334324268136, 36.472957277131037],
            [-120.30751212355743, 36.465027876843067],
            [-120.306941190295447, 36.464076609465799],
            [-120.305758390238935, 36.459711876532921],
            [-120.304494790315886, 36.455491210760634],
            [-120.304236590248735, 36.454948476952325],
            [-120.304075723540905, 36.454610276233424],
            [-120.301541523123831, 36.450627610202204],
            [-120.30112439042162, 36.448778410082241],
            [-120.301145323862698, 36.444750009879193],
            [-120.30099952369882, 36.437878076690765],
            [-120.30015139010311, 36.436474809854275],
            [-120.299114789960782, 36.434499410277603],
            [-120.292949590182133, 36.424953076688482],
            [-120.287523589796237, 36.41647600999184],
            [-120.286749124342023, 36.414904676824413],
            [-120.282277590233718, 36.404447009620689],
            [-120.277624523674504, 36.393823276491702],
            [-120.2760475240067, 36.390202476731645],
            [-120.270054524081473, 36.384669810393326],
            [-120.269821791252625, 36.384157677380145],
            [-120.263849323221535, 36.375238810481385],
            [-120.259874123579095, 36.369554077653362],
            [-120.255832123415459, 36.366187610313524],
            [-120.255307389610238, 36.365561876496599],
            [-120.251182724677548, 36.358059477085732],
            [-120.248616791273022, 36.353551609722437],
            [-120.248416923308838, 36.351972409809754],
            [-120.248204123197823, 36.348218010438494],
            [-120.247357723350589, 36.345835677333213],
            [-120.244478591423942, 36.338429876647865],
            [-120.242310123905099, 36.332622810003329],
            [-120.240464191099122, 36.328385210606946],
            [-120.238950990681133, 36.326821810277153],
            [-120.237237924095552, 36.326310277183531],
            [-120.232075324124025, 36.326088810827365],
            [-120.230482523988698, 36.325805010475314],
            [-120.228648324078648, 36.325363010783981],
            [-120.226534790336046, 36.324853610405015],
            [-120.20604179055907, 36.31973107679206],
            [-120.196089989736905, 36.317206810530386],
            [-120.193017523293122, 36.316344476561142],
            [-120.181928790392874, 36.312646676913793],
            [-120.17880719059464, 36.312093810007582],
            [-120.174497124167075, 36.311494077234592],
            [-120.172616723901967, 36.310724877265805],
            [-120.170831123747121, 36.309459476624291],
            [-120.161459590581046, 36.301249410738535],
            [-120.158392789811757, 36.298555810719016],
            [-120.156534924683854, 36.297937209999866],
            [-120.151389190581796, 36.297871809889905],
            [-120.149422123553009, 36.297400877088954],
            [-120.146018323398181, 36.295911077082046],
            [-120.140911391126465, 36.293551210860826],
            [-120.137710323663256, 36.291956810313359],
            [-120.136479124175878, 36.291083410045715],
            [-120.135636324776314, 36.290192477540188],
            [-120.135258590385874, 36.289518809787694],
            [-120.13335312353108, 36.284650810555647],
            [-120.132937123604464, 36.283859677054615],
            [-120.131872924521659, 36.283014477402652],
            [-120.118219724267433, 36.274023876852652],
            [-120.106527523820532, 36.266444476721325],
            [-120.100985123333402, 36.263703610296091],
            [-120.094217124354699, 36.260546276459053],
            [-120.093208724125759, 36.259960010002608],
            [-120.092647923860184, 36.259353676694012],
            [-120.092150190717476, 36.258662210348525],
            [-120.089809590718815, 36.255102276405452],
            [-120.089311924051401, 36.254410877467208],
            [-120.087828123696013, 36.253200676452117],
            [-120.084129791112346, 36.25020901053518],
            [-120.078266390234845, 36.245028610487502],
            [-120.077249324856695, 36.243578010565059],
            [-120.073502591045497, 36.237925610557006],
            [-120.0647823247823, 36.224239010454887],
            [-120.062211323981273, 36.220207077577037],
            [-120.06055512434645, 36.217596010481259],
            [-120.059090791381593, 36.213684277484461],
            [-120.056881324753178, 36.207834676738301],
            [-120.054714924257794, 36.20176247741388],
            [-120.052700189925091, 36.19639180987383],
            [-120.050443991138991, 36.190277011067955],
            [-120.049288590596973, 36.186958077649123],
            [-120.049205590756273, 36.18410547728525],
            [-120.04924072476534, 36.177366610585402],
            [-120.049342191273325, 36.170949810617131],
            [-120.049255791309307, 36.164663210523599],
            [-120.049402523924442, 36.158267610717687],
            [-120.049435790336048, 36.15223107779876],
            [-120.049976524034804, 36.150944276519596],
            [-120.058165390993338, 36.139442410881841],
            [-120.058265190228155, 36.137979210242868],
            [-120.058200323779801, 36.133413010461908],
            [-120.058717524313067, 36.132054611044772],
            [-120.063992124437576, 36.124571477567855],
            [-120.065093390703936, 36.121825609954001],
            [-120.065304124689817, 36.118698477075682],
            [-120.06530072456647, 36.117508411073366],
            [-120.065350523572548, 36.110582676754689],
            [-120.065310924038201, 36.106331610398257],
            [-120.064598990310913, 36.10449381074546],
            [-120.063937590411612, 36.103637810815357],
            [-120.05911679042255, 36.099532678013169],
            [-120.058690990774508, 36.098811410574392],
            [-120.058570523999947, 36.095754276539537],
            [-120.058569323850747, 36.095722210549305],
            [-120.058323590603081, 36.094139410737554],
            [-120.05687072463283, 36.092851210499624],
            [-120.052323990755468, 36.089941277431315],
            [-120.045163923867619, 36.085234077416906],
            [-120.040548924316894, 36.082192010316277],
            [-120.03517319006103, 36.080229010205812],
            [-120.028912524520521, 36.077990277428931],
            [-120.026753524346447, 36.076883810707706],
            [-120.02455319088952, 36.075049077552627],
            [-120.023424190935387, 36.073517277703232],
            [-120.020019524804596, 36.067665277133194],
            [-120.015670723920294, 36.060398611036604],
            [-120.010507724198476, 36.052717677184141],
            [-120.008511390057734, 36.050007277697304],
            [-120.00590779029335, 36.048875810999959],
            [-120.002043924253982, 36.047305810812503],
            [-120.000596591007522, 36.046440276910879],
            [-119.998253590710462, 36.044460277219144],
            [-119.996681523691862, 36.042457410561752],
            [-119.994877190070056, 36.038835010666588],
            [-119.990913390946901, 36.030790877219268],
            [-119.987870523991745, 36.024689811074794],
            [-119.9866855239611, 36.023731610669394],
            [-119.982875724823685, 36.021820677072299],
            [-119.982217590300465, 36.02149061071561],
            [-119.981116523460088, 36.020941610621968],
            [-119.980216923585118, 36.019963410892274],
            [-119.979136924034776, 36.017975610445561],
            [-119.975090324496918, 36.01056867726399],
            [-119.973473724396456, 36.009175810624754],
            [-119.971039390587791, 36.007146411455139],
            [-119.967952590625359, 36.004572810782591],
            [-119.966973391033051, 36.003834410184346],
            [-119.964586791003654, 36.000737676734005],
            [-119.963118315907025, 35.99976534989699],
            [-119.961813812095826, 35.998951560900501],
            [-119.960879144687098, 35.998261827321905],
            [-119.960656011255367, 35.997919027389031],
            [-119.960527145232916, 35.997287827442236],
            [-119.960207545316067, 35.993048826938939],
            [-119.960106945682341, 35.99288442744264],
            [-119.959890545123656, 35.992531027437117],
            [-119.959091944632718, 35.991798360689927],
            [-119.95665434454969, 35.987845227819697],
            [-119.953370544943752, 35.982197560985114],
            [-119.945966011432787, 35.970625827511689],
            [-119.943981144286667, 35.967491360752433],
            [-119.941856745420722, 35.964968428154911],
            [-119.941247745150264, 35.964241560628054],
            [-119.941293745181, 35.963454960436664],
            [-119.941635611638802, 35.962308561117659],
            [-119.941330345240644, 35.961594027003372],
            [-119.940051011325394, 35.959136626811578],
            [-119.930514145027914, 35.940933161114359],
            [-119.929881344792307, 35.939434027797859],
            [-119.929809944896903, 35.938282827930941],
            [-119.9304857456885, 35.936081427435347],
            [-119.929778211011154, 35.934582627597472],
            [-119.9262238118922, 35.928661761015576],
            [-119.92295274500708, 35.922921760951553],
            [-119.92224401197717, 35.921766960431512],
            [-119.917007945086752, 35.911199360456727],
            [-119.91585121144486, 35.906908227243974],
            [-119.9134264114563, 35.904955161614751],
            [-119.91252754460659, 35.904138360909428],
            [-119.911958945167726, 35.903418161503765],
            [-119.909497611594901, 35.899140827389843],
            [-119.906009544974836, 35.893415428096375],
            [-119.894697345367859, 35.87638322727701],
            [-119.893793145220314, 35.874850160695857],
            [-119.893769726140846, 35.874765349651881],
            [-119.892652744746925, 35.870720160536081],
            [-119.891523144718178, 35.866274028163581],
            [-119.891507811374595, 35.864364160686755],
            [-119.892102411651038, 35.858137827842988],
            [-119.892102412549349, 35.858099360918239],
            [-119.892095745253314, 35.858038961219783],
            [-119.892082411559556, 35.857533760642809],
            [-119.892223011376245, 35.854563361581945],
            [-119.892053412145529, 35.853455027146431],
            [-119.892071144889272, 35.853217360967399],
            [-119.891229812438539, 35.852052427505193],
            [-119.890507812190208, 35.851256361179985],
            [-119.890151945488697, 35.850840627229047],
            [-119.889895745071357, 35.850512227853308],
            [-119.888780812734581, 35.848976828047789],
            [-119.888338211895771, 35.84750216089671],
            [-119.888537545362368, 35.845025960856688],
            [-119.888651545165175, 35.834640028055219],
            [-119.889005012466555, 35.832740960865685],
            [-119.889741145010944, 35.828936827837062],
            [-119.890140544969441, 35.826407027398155],
            [-119.889807945532112, 35.824984360874829],
            [-119.889387944509238, 35.823579561377088],
            [-119.88618354519464, 35.813502361006456],
            [-119.885297411964075, 35.810838960960709],
            [-119.879849411836886, 35.803446560886002],
            [-119.876077615927599, 35.798369178807683],
            [-119.874973153455443, 35.796846825085396],
            [-119.872609744333417, 35.793672023215869],
            [-119.869045344270376, 35.788949289022781],
            [-119.86779054424386, 35.78755428925669],
            [-119.865217877067977, 35.786020022916659],
            [-119.863129477288723, 35.784833423067944],
            [-119.841236144120984, 35.772614689330922],
            [-119.839670344648155, 35.771466689140667],
            [-119.838270544856655, 35.769408822209783],
            [-119.836783344377949, 35.767287889435899],
            [-119.826288743731851, 35.751960488663336],
            [-119.824993877945346, 35.750649222384993],
            [-119.824153389012707, 35.749944674674609],
            [-119.82052632427208, 35.747216478293673],
            [-119.816391190373068, 35.743549411463299],
            [-119.815473325053418, 35.742363011293719],
            [-119.814473724721012, 35.740486077969599],
            [-119.813703791267415, 35.739129611583849],
            [-119.811527991699222, 35.736858410967137],
            [-119.810263524901927, 35.736057611660165],
            [-119.805728724244801, 35.733176078044934],
            [-119.803772525034319, 35.731919677672032],
            [-119.802625591113852, 35.730960077592506],
            [-119.801860191457493, 35.730208410693102],
            [-119.798603724890697, 35.727182611535902],
            [-119.795406990900418, 35.724211811016566],
            [-119.793808991316226, 35.722760010675231],
            [-119.793399125086367, 35.722002678454032],
            [-119.793206590968168, 35.721268278100247],
            [-119.793235324480847, 35.71820041087917],
            [-119.793287524683691, 35.714942677888835],
            [-119.792516524929837, 35.713317277817254],
            [-119.79136312403763, 35.712073011378472],
            [-119.791115524090813, 35.711955477787164],
            [-119.783459723710067, 35.707723611095147],
            [-119.780278724610312, 35.705975610723335],
            [-119.779286724025212, 35.704963611686132],
            [-119.778315390979841, 35.703527477733978],
            [-119.7755873907183, 35.697912210698483],
            [-119.774332991340387, 35.696426811598208],
            [-119.773616591189523, 35.695858678317855],
            [-119.771569791492738, 35.694615877899921],
            [-119.766789124637299, 35.691582811742187],
            [-119.762307124257617, 35.688506410945067],
            [-119.759999324444948, 35.686932677388455],
            [-119.758773390881785, 35.685325211391515],
            [-119.756740524953372, 35.681604610782074],
            [-119.754834791298933, 35.678072410854057],
            [-119.752951391559094, 35.674750077820114],
            [-119.751421325271608, 35.673446011518465],
            [-119.748078724642156, 35.671771211334566],
            [-119.744512724679595, 35.670067677383514],
            [-119.741933591430296, 35.668855878117178],
            [-119.739976192070614, 35.667889277520352],
            [-119.738797724588707, 35.6670582119024],
            [-119.73764332476992, 35.665882678377365],
            [-119.734436324832558, 35.662670077971924],
            [-119.731097324650733, 35.659252077937687],
            [-119.727890525037679, 35.655967878166564],
            [-119.726622924916683, 35.654645811742817],
            [-119.726243324725388, 35.654223077893768],
            [-119.725553390739421, 35.652684611239081],
            [-119.724866124749838, 35.651154478031032],
            [-119.723822191659821, 35.64997421087088],
            [-119.718426191411197, 35.646601277578775],
            [-119.715900124340664, 35.64496447854259],
            [-119.715036124700418, 35.644069078014937],
            [-119.714592191660017, 35.643373611266483],
            [-119.713086924264303, 35.639759411245059],
            [-119.712733191061616, 35.638783277868782],
            [-119.705971525205669, 35.629624078675889],
            [-119.704730324774204, 35.627930678481476],
            [-119.703760125402752, 35.626141611245686],
            [-119.702765391244256, 35.6241696116752],
            [-119.700386524811123, 35.618787677771827],
            [-119.699166123971779, 35.616526078226308],
            [-119.696476523993681, 35.613960278045099],
            [-119.694170724729133, 35.611759211353771],
            [-119.693590991570645, 35.610776610861357],
            [-119.692818591343269, 35.609081411468402],
            [-119.691595191029165, 35.607652811677326],
            [-119.687948724475049, 35.604073878136205],
            [-119.685705724635383, 35.601752477771399],
            [-119.684910725490411, 35.600196210945441],
            [-119.684556390416475, 35.598657278443277],
            [-119.68361572495661, 35.595586478069698],
            [-119.682563724995376, 35.593008477829336],
            [-119.681467724653217, 35.590291811929056],
            [-119.679408190438949, 35.587597211670221],
            [-119.67831859149149, 35.586060678597754],
            [-119.677754924701858, 35.583544078571229],
            [-119.677961924391084, 35.582508211320686],
            [-119.678230391303657, 35.581366411868572],
            [-119.678320524665992, 35.581130411674948],
            [-119.678912591693347, 35.578541078743108],
            [-119.678689390887953, 35.576465211418174],
            [-119.678157724783688, 35.574787878143766],
            [-119.677104791472843, 35.573472278559066],
            [-119.674788790939971, 35.57123287806219],
            [-119.671456723955487, 35.567898477909921],
            [-119.670379525352203, 35.566399811721411],
            [-119.669976391097109, 35.565233278079759],
            [-119.669036924888147, 35.561423878752912],
            [-119.668521324254385, 35.560535611509415],
            [-119.666668925375021, 35.55732867781073]
          ]
        ]
      }
    },
    {
      "type": "Feature",
      "properties": {
        "Name": "Colorado River Aqueduct"
      },
      "geometry": {
        "type": "MultiLineString",
        "coordinates": [
          [
            [-117.36840926952452, 33.835817438013329],
            [-117.364949162069365, 33.835817438013329],
            [-117.361489053715843, 33.835817438013329],
            [-117.248458861874923, 33.83351070625379],
            [-117.18877199973916, 33.833222367588945],
            [-117.158496055463957, 33.830627287777496],
            [-117.114379678673117, 33.832357344266299],
            [-117.108324491075734, 33.832069002457224],
            [-117.102557643819921, 33.830338949087576],
            [-117.094484058560084, 33.830627291508598],
            [-117.084392078332769, 33.834952426774841],
            [-117.082662024605185, 33.838124192581368],
            [-117.077471862524135, 33.837835850079514],
            [-117.073435068995892, 33.836970824198872],
            [-117.070551646715444, 33.838700877651092],
            [-117.063054745732046, 33.838412535602679],
            [-117.05267442156989, 33.828032212766722],
            [-117.028453665790437, 33.820246971119268],
            [-116.983760603824834, 33.818516921088772],
            [-116.972236644355945, 33.818835355519951],
            [-116.927245510599334, 33.848216181999426],
            [-116.920036952652424, 33.849946236074807],
            [-116.879380685113404, 33.875320361259057],
            [-116.8214238794002, 33.882528922250685],
            [-116.762602045475717, 33.901271176160556],
            [-116.756835200016525, 33.907038023132777],
            [-116.753718295712261, 33.908384036554253],
            [-116.74097637253341, 33.921166796453235],
            [-116.74097637253341, 33.923761878051785],
            [-116.738381292391168, 33.925780273369327],
            [-116.7317494178224, 33.926068616232328],
            [-116.729154337680185, 33.927798670801877],
            [-116.715890590339299, 33.928087013540683],
            [-116.700896790169111, 33.937025626778883],
            [-116.690516466905279, 33.935583914522397],
            [-116.687344700689991, 33.936448941973467],
            [-116.676676035287926, 33.933565518986143],
            [-116.674080953349105, 33.934142203941462],
            [-116.671774215345096, 33.933565519731417],
            [-116.627369496416037, 33.936448945699944],
            [-116.619872596330922, 33.940485738548276],
            [-116.613817406936917, 33.939332369422701],
            [-116.611510668932908, 33.939909053330197],
            [-116.605167138298981, 33.946829270002574],
            [-116.605743822575391, 33.949136008567997],
            [-116.604302111884337, 33.952596116924802],
            [-116.601707030843798, 33.956344566352705],
            [-116.600265319254419, 33.957209592963615],
            [-116.595363500209885, 33.967878258982331],
            [-116.588731628336049, 33.973356763989834],
            [-116.584983177844364, 33.980853663690368],
            [-116.582676439840355, 33.982295375502154],
            [-116.579793015763286, 33.983448744031122],
            [-116.575467881893474, 33.988062222526629],
            [-116.572584458714729, 33.996135807549102],
            [-116.567394297531962, 33.99700083380754],
            [-116.549805415422924, 33.994982438413054],
            [-116.548075361695354, 33.997000834552317],
            [-116.542596857476056, 33.997000835297094],
            [-116.542020172301335, 33.996424151110432],
            [-116.536541668082009, 33.996424151855159],
            [-116.517511075281959, 34.000749286884343],
            [-116.495020372331723, 33.988062226995694],
            [-116.492136948254668, 33.984313776544553],
            [-116.443983779732221, 33.971050033200029],
            [-116.397560661344116, 33.941927461704751],
            [-116.385738626490905, 33.939044040164312],
            [-116.319419887989753, 33.913381578354873],
            [-116.272420088020198, 33.891467564993746],
            [-116.265788213451401, 33.894350989222019],
            [-116.260021367093927, 33.891755907627456],
            [-116.25771462908989, 33.891755908373149],
            [-116.252812808248706, 33.887719115266663],
            [-116.249947407071218, 33.886241361152443],
            [-116.248812058722947, 33.883646281161255],
            [-116.195739047358117, 33.859605743281563],
            [-116.145567479376609, 33.834231623279472],
            [-116.063966595872145, 33.768201238210032],
            [-116.005721439935868, 33.700152455338468],
            [-115.99937790840363, 33.695827321611858],
            [-115.998801224127206, 33.694385609322083],
            [-115.980635655945136, 33.684870314209952],
            [-115.975733836900559, 33.684870314209952],
            [-115.96996698964476, 33.686312026916411],
            [-115.963623459010847, 33.685735342642587],
            [-115.95872163906796, 33.686312027663845],
            [-115.951224738084576, 33.688042081190019],
            [-115.938249333780192, 33.686312029158827],
            [-115.933635857772174, 33.686600370592352],
            [-115.925273929475807, 33.689195451540961],
            [-115.886059372627841, 33.689483797503037],
            [-115.866740435892908, 33.680833527836683],
            [-115.864145354852369, 33.680833527836683],
            [-115.85895519277129, 33.677950106039766],
            [-115.856360111730751, 33.677373421738309],
            [-115.845403103292185, 33.681121871948811],
            [-115.844538076877541, 33.682563582488172],
            [-115.840212943007714, 33.683428610213092],
            [-115.833581068438974, 33.680545187990205],
            [-115.822335717862174, 33.680833530079241],
            [-115.808495285346538, 33.675355027249203],
            [-115.800998385261451, 33.674490000526809],
            [-115.793213142139834, 33.67535502874437],
            [-115.788311323095286, 33.676508397378605],
            [-115.779661051762389, 33.67449000202194],
            [-115.767262333531093, 33.676220056483466],
            [-115.764378909454024, 33.675355030239473],
            [-115.760053774685872, 33.677373426971165],
            [-115.754286927430073, 33.677085084491367],
            [-115.751115162113109, 33.678238453841757],
            [-115.747366711621424, 33.674778347223146],
            [-115.740158153674514, 33.675066689214731],
            [-115.721992585492444, 33.66872315887931],
            [-115.709017182086384, 33.671606583556425],
            [-115.701231938964767, 33.675643374782823],
            [-115.698636858822539, 33.68169856399944],
            [-115.698348515786037, 33.685158672439442],
            [-115.694600067090946, 33.692367229329285],
            [-115.691139957839155, 33.692078887809366],
            [-115.685949796656374, 33.695827338801926],
            [-115.679894609058991, 33.697557392111868],
            [-115.676722843742013, 33.703035897606924],
            [-115.660864015360588, 33.710244455338014],
            [-115.659133961632989, 33.712839535817977],
            [-115.632318124812997, 33.711974509734247],
            [-115.627992990044874, 33.70909108804846],
            [-115.628858017357814, 33.705342638084076],
            [-115.623956196516602, 33.705054296016307],
            [-115.620496089061447, 33.7021708729213],
            [-115.612999187179724, 33.696980711545763],
            [-115.598005386111254, 33.690637181394223],
            [-115.568594469148991, 33.689195470974681],
            [-115.546680451373518, 33.698134084502215],
            [-115.532263337276405, 33.707937723204267],
            [-115.503110050849457, 33.761704300004972],
            [-115.481922230251357, 33.772639950642464],
            [-115.481922232047992, 33.796561683701292],
            [-115.479188319973531, 33.796561683701292],
            [-115.474403971822071, 33.79519472801806],
            [-115.450482240047833, 33.810231247533032],
            [-115.453216153918916, 33.825267765071978],
            [-115.447064851975981, 33.840987760357066],
            [-115.445014417695575, 33.847822541400326],
            [-115.449115288053022, 33.869693839765603],
            [-115.432028336914072, 33.889514705348589],
            [-115.421092687718016, 33.894982530632952],
            [-115.416308341363134, 33.905234700672338],
            [-115.410840517214282, 33.913436438619151],
            [-115.398537910633536, 33.914119916318711],
            [-115.392386607792318, 33.90318426776043],
            [-115.370515305806904, 33.87652862465572],
            [-115.3554787862534, 33.869693844986791],
            [-115.295332714327543, 33.888147756338377],
            [-115.295332715225882, 33.90045036251567],
            [-115.291915325357408, 33.906601663589875],
            [-115.284397066928122, 33.914803401209902],
            [-115.285764023414472, 33.923688615902819],
            [-115.27619533070478, 33.933940787804367],
            [-115.276878808498836, 33.93940861260203],
            [-115.280979677957959, 33.945559915336695],
            [-115.280979678856269, 33.950344261691342],
            [-115.270044029660227, 33.970848605317705],
            [-115.259108382260777, 33.99408685898554],
            [-115.261842296131846, 34.020742503910469],
            [-115.271410991536484, 34.039196412803783],
            [-115.270044036846755, 34.056283363461567],
            [-115.263209257109807, 34.072686837113118],
            [-115.261842301521739, 34.08157205314177],
            [-115.257741433859238, 34.088406834428191],
            [-115.259791868139644, 34.09387465916901],
            [-115.261158824626037, 34.099342482575025],
            [-115.257057956963536, 34.111645088302126],
            [-115.25295708930102, 34.118479868692681],
            [-115.144967550233474, 34.151286823216729],
            [-115.130614509372322, 34.151286823960156],
            [-115.119678859277926, 34.147185956475589],
            [-115.12514668163017, 34.119163354504643],
            [-115.126513636319928, 34.101392924676659],
            [-115.11011016028003, 34.082255539505013],
            [-115.064317126520422, 34.075420760983313],
            [-115.038344956872507, 34.069269459625993],
            [-115.033560610517668, 34.067219026051603],
            [-115.024675395602003, 34.069952938114916],
            [-115.01032235474085, 34.070636417787114],
            [-115.008271920460444, 34.068585983064644],
            [-114.998019749058415, 34.0733703304453],
            [-114.989818011038452, 34.074737287171835],
            [-114.982299752609165, 34.078154677717031],
            [-114.961795408906795, 34.082939026303862],
            [-114.954960630068157, 34.09592510951417],
            [-114.901649336980952, 34.10891119613941],
            [-114.889346731298517, 34.099342503403264],
            [-114.866108474623374, 34.093874680742516],
            [-114.853805867144274, 34.084989465504016],
            [-114.829200654881092, 34.080888598463382],
            [-114.782420375319148, 34.081572079926538],
            [-114.742322992837529, 34.090077586535479],
            [-114.693720105225978, 34.104658454924241],
            [-114.665773448465075, 34.138680475714985],
            [-114.639041861042273, 34.161766848752087],
            [-114.598944480357261, 34.182423078104677],
            [-114.597729409222509, 34.194573797563258],
            [-114.581933470097468, 34.197003943596528],
            [-114.561277243738402, 34.200649160601884],
            [-114.536975797686836, 34.200649162087799],
            [-114.521179860358444, 34.199434090918281],
            [-114.485942766009146, 34.198219020068869],
            [-114.448275527593651, 34.204294383449728],
            [-114.439770022463762, 34.206724528642653],
            [-114.426404228303213, 34.206724529385589],
            [-114.386306845821565, 34.205509459603455],
            [-114.323123091118077, 34.221305400596769],
            [-114.302466866555648, 34.241961628795131],
            [-114.234422825516461, 34.284489156223898],
            [-114.170023999678193, 34.289349448700726],
            [-114.167593855612026, 34.296639882032032],
            [-114.167593856510351, 34.299070025897173],
            [-114.15787327934737, 34.314865964843108]
          ]
        ]
      }
    },
    {
      "type": "Feature",
      "properties": {
        "Name": "Hetch Hetchy Aqueduct"
      },
      "geometry": {
        "type": "MultiLineString",
        "coordinates": [
          [
            [-122.317205399243164, 37.483272399630671],
            [-122.313402941138236, 37.484255269821318],
            [-122.311597336400325, 37.484722431869081],
            [-122.311180592668663, 37.484837167737915],
            [-122.310816822589288, 37.484880104094579],
            [-122.310590359102804, 37.48490581785228],
            [-122.310347096222188, 37.484913405166196],
            [-122.310070110585798, 37.484898259763405],
            [-122.309704632809087, 37.484819501053074],
            [-122.30914916404474, 37.484644983151171],
            [-122.302985616267861, 37.483161949817053],
            [-122.291388509680317, 37.480375090796471],
            [-122.287776445008291, 37.479456434068219],
            [-122.287412517723794, 37.479368603235848],
            [-122.287117864920702, 37.479281189334479],
            [-122.286735049659015, 37.479098598665573],
            [-122.286266476728684, 37.478717190026558],
            [-122.285971744873876, 37.478490064674617],
            [-122.285571462769781, 37.478212720586278],
            [-122.285207594774093, 37.477971653819431],
            [-122.284808255901027, 37.477743890300282],
            [-122.284426100901058, 37.477493694098854],
            [-122.28420013418291, 37.477321063235983],
            [-122.283870504575958, 37.477048651644694],
            [-122.283575744873346, 37.476826027478701],
            [-122.283176848869729, 37.476553192043077],
            [-122.282863715026323, 37.476330454474635],
            [-122.282481617518528, 37.476075745813063],
            [-122.282029605030488, 37.475888211112931],
            [-122.281614132414958, 37.475723433556787],
            [-122.281301382152179, 37.47560885336663],
            [-122.280867622532412, 37.475434947020851],
            [-122.280398365984183, 37.475130125692012],
            [-122.279964409633351, 37.47483002551273],
            [-122.279564759044902, 37.474638295696998],
            [-122.279044214083868, 37.474522438421175],
            [-122.278418998324184, 37.474559164719395],
            [-122.277881037724725, 37.474636988195392],
            [-122.277272566561976, 37.47469634617736],
            [-122.276596632819704, 37.474714725326713],
            [-122.2761794803546, 37.474725680809023],
            [-122.275588712291139, 37.474708523611952],
            [-122.274946574966492, 37.474740622239217],
            [-122.274216747697039, 37.474776683273895],
            [-122.273574696610666, 37.474799761984748],
            [-122.272862982072311, 37.474862968186606],
            [-122.272186652172991, 37.47492188041366],
            [-122.269182339113186, 37.475227743451846],
            [-122.267030033184625, 37.475435186560588],
            [-122.266213213063082, 37.475547271815394],
            [-122.2655878957938, 37.475592944685275],
            [-122.264250982563809, 37.475688247723653],
            [-122.263539120701751, 37.475764914392528],
            [-122.262757899018268, 37.475850157312998],
            [-122.261994128007501, 37.475885930508952],
            [-122.261352376060117, 37.475877396957543],
            [-122.260761871203044, 37.475833127985304],
            [-122.260015343354169, 37.475697739452208],
            [-122.258904231552293, 37.475546532522799],
            [-122.256768459116529, 37.475366311018107],
            [-122.253470086141718, 37.475097562408813],
            [-122.251177789454204, 37.47488019450158],
            [-122.24709837625565, 37.474412595919098],
            [-122.246386976127638, 37.474304402254887],
            [-122.245240658451465, 37.474288068391544],
            [-122.242792438485168, 37.47412367371458],
            [-122.24169861026931, 37.473949906498916],
            [-122.240656357927236, 37.473848568422262],
            [-122.238504101405994, 37.473636414126233],
            [-122.236664198990539, 37.473570454250442],
            [-122.232028343253845, 37.473067192719213],
            [-122.227671131443557, 37.472691758408104],
            [-122.226976136349236, 37.472642144758289],
            [-122.223659627287176, 37.472381533175707],
            [-122.223452305102768, 37.472335103334153],
            [-122.223122054759926, 37.472283357026448],
            [-122.222618884114766, 37.472275539574348],
            [-122.222011112739636, 37.472267029137889],
            [-122.221299499710895, 37.472320927126532],
            [-122.220656914126934, 37.472397810420112],
            [-122.219979691302214, 37.472406859114976],
            [-122.219285273824639, 37.472438324923161],
            [-122.218312199844277, 37.472485968131195],
            [-122.217149807714378, 37.472658538155585],
            [-122.216854284443812, 37.472665592719437],
            [-122.214545783046873, 37.473073895052927],
            [-122.203833499946199, 37.475043711336362],
            [-122.197304729514187, 37.476270414824874],
            [-122.192062222601521, 37.476973767832803],
            [-122.187339321012104, 37.476815174962304],
            [-122.187010098341929, 37.476799388444114],
            [-122.1860902360674, 37.476756997805147],
            [-122.185708564361065, 37.476754367192214],
            [-122.184996452767351, 37.476717907885771],
            [-122.184319192213394, 37.476726752167188],
            [-122.183711737045257, 37.476686500911619],
            [-122.183068598099041, 37.476677548264043],
            [-122.182479276323193, 37.476659950940274],
            [-122.1818195697482, 37.476614821242912],
            [-122.181193494300828, 37.476596961555451],
            [-122.180551919321545, 37.476574484378439],
            [-122.179944615070355, 37.476520694967171],
            [-122.1794406045004, 37.476458607291164],
            [-122.178971883348083, 37.476401268947491],
            [-122.178572480694669, 37.476339904060126],
            [-122.178086847858836, 37.476277938141095],
            [-122.177460599036593, 37.476147389640481],
            [-122.176540971222366, 37.475956204303706],
            [-122.175585910260068, 37.475773779461186],
            [-122.174961729359609, 37.475584644936298],
            [-122.169284635478803, 37.475689064009515],
            [-122.153207391617471, 37.476138223055578],
            [-122.15131525935476, 37.476192240872869],
            [-122.150602970792946, 37.476173599736399],
            [-122.150256235466316, 37.476207158483909],
            [-122.149891022692614, 37.476249597912528],
            [-122.149648839586945, 37.476288415033174],
            [-122.144162178664885, 37.476546224820602],
            [-122.14378010092004, 37.476579508932417],
            [-122.143450168580813, 37.476626690390169],
            [-122.143120701568876, 37.476633314698113],
            [-122.142251885162068, 37.476703621296537],
            [-122.140758954330138, 37.476832477107884],
            [-122.140030492499932, 37.476867735118269],
            [-122.13968281843384, 37.476982377539457],
            [-122.139283687071611, 37.477146218421431],
            [-122.139005433014049, 37.477247843602207],
            [-122.138675148535228, 37.477448237685401],
            [-122.138433284331512, 37.477581674704254],
            [-122.138293662780143, 37.477675296340159],
            [-122.138154731134961, 37.477832018180017],
            [-122.137998419783941, 37.47802466584789],
            [-122.13784226473976, 37.478203793785575],
            [-122.13768669090561, 37.478455034840586],
            [-122.137390871190973, 37.478853971053439],
            [-122.135707388822667, 37.481649343424515],
            [-122.135568131987313, 37.481833098368128],
            [-122.135394062739763, 37.482093212925236],
            [-122.135221508950096, 37.482344325421465],
            [-122.134994921496087, 37.482622081170668],
            [-122.134751949669621, 37.48297182602996],
            [-122.134577769929308, 37.483240951215102],
            [-122.134353112954827, 37.48347365363685],
            [-122.133936457258073, 37.483804095190983],
            [-122.133329055988824, 37.4842458027032],
            [-122.132789819781649, 37.484660967603659],
            [-122.132373412019916, 37.484968872228507],
            [-122.13183516126459, 37.485420093999267],
            [-122.130984785473913, 37.486085337959011],
            [-122.129804202459553, 37.486937425514178],
            [-122.128380209240845, 37.488049092511133],
            [-122.126766036388261, 37.48933960328489],
            [-122.126088330269951, 37.489740194191278]
          ],
          [
            [-119.966090466584703, 37.87363469475055],
            [-120.001080345466136, 37.843995347309935],
            [-120.016464085436525, 37.830941424629742],
            [-120.020070582350414, 37.827969438643052],
            [-120.021204973094569, 37.827020583860701],
            [-120.021484357232751, 37.826782133994961],
            [-120.021859817987234, 37.826255543184907],
            [-120.02292725369999, 37.825593297456678],
            [-120.029647778512583, 37.823307978982591],
            [-120.031349159812933, 37.822873403449904],
            [-120.032474103873525, 37.822827461130373],
            [-120.038846438987065, 37.824157149934805],
            [-120.039480772646826, 37.824432162678768],
            [-120.03982670308298, 37.824729194506396],
            [-120.040057091308952, 37.824773285792588],
            [-120.043632541548291, 37.826901769853471],
            [-120.04418015813873, 37.827109253256701],
            [-120.051677624162465, 37.830151431110075],
            [-120.0527733415353, 37.83028927197568],
            [-120.05836824585586, 37.829947315130696],
            [-120.060675771682369, 37.829946448096671],
            [-120.06621323053713, 37.83049694380874],
            [-120.066472443005622, 37.830656583128786],
            [-120.067539669410934, 37.830725999781023],
            [-120.07671087557371, 37.829969975791272],
            [-120.07798005583129, 37.830337150178153],
            [-120.086315215230499, 37.832165806769723],
            [-120.096581774948433, 37.830746080414116],
            [-120.097245525738828, 37.830766972014601],
            [-120.097851398973773, 37.830905817107698],
            [-120.103590863783083, 37.831475306938103],
            [-120.104802027246379, 37.831406019411496],
            [-120.105090345130094, 37.83131400417583],
            [-120.125998637859567, 37.829202595161846],
            [-120.134572920702567, 37.828332840448724],
            [-120.149743371878401, 37.826784542920187],
            [-120.151012610526493, 37.826716182629937],
            [-120.192947163646821, 37.822034477783895],
            [-120.195253773191737, 37.821828203460662],
            [-120.211951492402946, 37.819060281660377],
            [-120.213969545112306, 37.818783724619195],
            [-120.219304609940295, 37.817799432386927],
            [-120.237009171701715, 37.814522343549072],
            [-120.237672043041442, 37.814317154609469],
            [-120.244850485866749, 37.810973646973665],
            [-120.245455518278575, 37.810814365350168],
            [-120.251023812703778, 37.808703246359777],
            [-120.253504654989626, 37.807765508152265],
            [-120.26509921395504, 37.80333428134405],
            [-120.265070225320827, 37.803081308836219],
            [-120.264205355213036, 37.802899012595347],
            [-120.264003893637522, 37.802761422233708],
            [-120.264004230505748, 37.802464079138886],
            [-120.264437086420372, 37.802005590194923],
            [-120.264639204664334, 37.801183563304924],
            [-120.26706190798501, 37.800521258737916],
            [-120.267436566543921, 37.800658359960231],
            [-120.267897060026556, 37.801162385800069],
            [-120.267955073227597, 37.801321417810691],
            [-120.268358027819673, 37.80171147290055],
            [-120.269049945285772, 37.80209922195823],
            [-120.269337973911945, 37.802853790338681],
            [-120.2695972609406, 37.803175179140759],
            [-120.269856115879634, 37.80381643505757],
            [-120.270345804608979, 37.804318875730317],
            [-120.270951394874629, 37.804661810839299],
            [-120.271009212242959, 37.804845617360705],
            [-120.271268486695192, 37.805052117287168],
            [-120.271354636927555, 37.805256854307601],
            [-120.272622742800081, 37.806768503723212],
            [-120.27461080435539, 37.809240682710005],
            [-120.274783490197379, 37.809582583617996],
            [-120.275302121746876, 37.810245612447943],
            [-120.276599352797547, 37.810796008843781],
            [-120.27925231768171, 37.811368738208586],
            [-120.2815015320665, 37.811416222028456],
            [-120.282712376627856, 37.811827144184647],
            [-120.28617171602346, 37.81342978481274],
            [-120.288219289169703, 37.813499520701747],
            [-120.288680786070529, 37.813613779574588],
            [-120.289257561076781, 37.813545972698677],
            [-120.293208655326893, 37.811897875868688],
            [-120.293208400205359, 37.811807763840456],
            [-120.293785519266365, 37.811555223466641],
            [-120.29416024969052, 37.811304785069225],
            [-120.295688658586286, 37.810641596130459],
            [-120.296294680941571, 37.810549647266853],
            [-120.298255624155047, 37.809840046216429],
            [-120.298976951565265, 37.8096808984128],
            [-120.299870940562968, 37.809633835757765],
            [-120.299928332129852, 37.809130555450473],
            [-120.301572071233366, 37.809429572898424],
            [-120.30410938071968, 37.810161282545316],
            [-120.306098790646189, 37.810481674344096],
            [-120.31639371107596, 37.807486583702719],
            [-120.346696203262766, 37.798926477436979],
            [-120.346811736489755, 37.798811942431982],
            [-120.347820694572476, 37.79858238353183],
            [-120.348484187546376, 37.798466679624568],
            [-120.351251606780906, 37.797688747786545],
            [-120.351626406375331, 37.797528230794228],
            [-120.351799085030819, 37.797482557344999],
            [-120.35805453764776, 37.795834517972416],
            [-120.359179074771589, 37.795765145170378],
            [-120.366387572531323, 37.796906613323223],
            [-120.36762779020583, 37.797157379514779],
            [-120.375788496776877, 37.798434458619482],
            [-120.376019220972751, 37.798432845900763],
            [-120.395348683267869, 37.801597058619983],
            [-120.395983696952342, 37.801482708753475],
            [-120.398809276711603, 37.800614829210495],
            [-120.40535613651852, 37.79867109063705],
            [-120.406220973388642, 37.798397302905883],
            [-120.40884514097975, 37.79725441185353],
            [-120.410864182734244, 37.79675143972333],
            [-120.411902113281485, 37.796681908068265],
            [-120.440994095080214, 37.800507983285293],
            [-120.483153646534817, 37.805852878117335],
            [-120.483326441971315, 37.805969210649749],
            [-120.488806519140667, 37.806676503193557],
            [-120.493478403608464, 37.807314515724961],
            [-120.493737912520984, 37.807428175924578],
            [-120.495410550427209, 37.807610218256499],
            [-120.5010250955131, 37.807558374921769],
            [-120.510859149659424, 37.807631580572803],
            [-120.527786676784899, 37.807754041693826],
            [-120.543792618667155, 37.808077863420166],
            [-120.545321138954037, 37.808008374365031],
            [-120.545407573952346, 37.808077759799474],
            [-120.554405698116071, 37.80814791167716],
            [-120.55913472082581, 37.808216785975375],
            [-120.567354149368668, 37.80833062079882],
            [-120.570728464120918, 37.808170524381858],
            [-120.573208614704043, 37.807849973511047],
            [-120.585349449075167, 37.806110431792362],
            [-120.590194550289326, 37.805423493186474],
            [-120.600257335269873, 37.801896166904314],
            [-120.601583916077487, 37.80139379279602],
            [-120.60815750525569, 37.799765842437886],
            [-120.613981761146377, 37.798255249296311],
            [-120.614991317507062, 37.798093228702449],
            [-120.626003583115391, 37.794747347410279],
            [-120.629094676126599, 37.79394455379731],
            [-120.630652856987496, 37.792847257422842],
            [-120.633133873546512, 37.791475629477553],
            [-120.635210412869071, 37.790744637692491],
            [-120.635989007878635, 37.790654391238995],
            [-120.637200026713174, 37.79040160247456],
            [-120.637517289213648, 37.790378681911896],
            [-120.637632300519471, 37.790266096533223],
            [-120.638324470412201, 37.79005920670722],
            [-120.640141939200063, 37.789214791142264],
            [-120.641122650656996, 37.78843694220145],
            [-120.644035207997035, 37.787499508242185],
            [-120.649629880552254, 37.784984519133232],
            [-120.65761694277883, 37.783933912462025],
            [-120.657818509457258, 37.783820773432119],
            [-120.659866078111889, 37.783453721251348],
            [-120.660442385994216, 37.783248901792319],
            [-120.666699393594939, 37.78146490286484],
            [-120.667074185104497, 37.781190721938181],
            [-120.668487270979, 37.780687039801656],
            [-120.681749434590088, 37.774282698600274],
            [-120.68391167319075, 37.773457896506521],
            [-120.711928780327838, 37.76267816949445],
            [-120.725358410569115, 37.757549421885329],
            [-120.738180550607908, 37.75257866364278],
            [-120.738497537325586, 37.752395507696022],
            [-120.745176418936538, 37.749910197133737],
            [-120.749671106222962, 37.748236658983181],
            [-120.750996467118441, 37.747779858004627],
            [-120.760298396121343, 37.744530513381825],
            [-120.760903286599373, 37.744393325802733],
            [-120.762372786673751, 37.744326635992195],
            [-120.762632521961734, 37.744439709012099],
            [-120.786032111570321, 37.743969521561723],
            [-120.787588262238685, 37.743969478230596],
            [-120.790239407136113, 37.743902103263643],
            [-120.792314001606087, 37.743855402902362],
            [-120.794821091766224, 37.743742418493689],
            [-120.795570558902725, 37.743582977739678],
            [-120.79672297524138, 37.743444587199996],
            [-120.817990306623599, 37.739900225103419],
            [-120.822802505243814, 37.739076857488975],
            [-120.824041208358736, 37.738869953711763],
            [-120.843433050565523, 37.735642249676033],
            [-120.847754855278879, 37.734885471272769],
            [-120.848129250631416, 37.734863024409812],
            [-120.86190099436719, 37.732500443379202],
            [-120.876118152465182, 37.730180316231589],
            [-120.895482450528732, 37.726893906184699],
            [-120.902830170987841, 37.725569555798053],
            [-120.91585444903356, 37.72177470037682],
            [-120.917467836758561, 37.721386439772409],
            [-120.92164571339714, 37.719533950913743],
            [-120.922970910799208, 37.719052664405055],
            [-120.923230554459039, 37.718870245518595],
            [-120.923345814598193, 37.718779907087942],
            [-120.925938633680843, 37.718023533361439],
            [-120.926255830604276, 37.717887182068331],
            [-120.926831989366292, 37.717795940690586],
            [-120.930144486552265, 37.716858383031472],
            [-120.934235576052913, 37.715736127146457],
            [-120.936453653033325, 37.714934646705174],
            [-120.937548352614982, 37.714730773803701],
            [-120.938815978787105, 37.714478098596878],
            [-120.939680287447842, 37.714272427963174],
            [-120.940630661000995, 37.713928571141793],
            [-120.942272819967926, 37.713540468394179],
            [-120.943051019718766, 37.713448168496065],
            [-120.948984667054845, 37.712213361423132],
            [-120.949446111853376, 37.711960049413925],
            [-120.960535438540049, 37.708777594373572],
            [-120.962321426767105, 37.708229484398395],
            [-121.000997325024628, 37.696978252847863],
            [-121.001198668022525, 37.696977163195783],
            [-121.029060432192452, 37.688635070442388],
            [-121.07692099786729, 37.674862391931256],
            [-121.077036007376478, 37.67477189534371],
            [-121.077093769049242, 37.674702994175924],
            [-121.098973932016605, 37.668314650963389],
            [-121.099981145571064, 37.668107843241081],
            [-121.100154120670595, 37.667993474033274],
            [-121.126063624742571, 37.660380684925329],
            [-121.138761483760135, 37.656612001850903],
            [-121.139827221657001, 37.656405773854267],
            [-121.139884618613792, 37.656291774212889],
            [-121.186376441053127, 37.642774606924775],
            [-121.195240666832191, 37.64014385867079],
            [-121.207098513024206, 37.638357849552222],
            [-121.208076974201319, 37.638287108442896],
            [-121.21642231869923, 37.635975814340874],
            [-121.216566187485256, 37.635883360995919],
            [-121.233312730132141, 37.630660466869116],
            [-121.234837747887696, 37.630383645837362],
            [-121.235010557697208, 37.630293855554093],
            [-121.243959276316943, 37.628573172889794],
            [-121.244563486770303, 37.628388403473224],
            [-121.251036959608371, 37.627195829408208],
            [-121.264510115920103, 37.624934587120123],
            [-121.269570805615913, 37.623866664760413],
            [-121.287635051020501, 37.623866877498166],
            [-121.305891018466241, 37.623815256200736],
            [-121.324215739370587, 37.623824871384294],
            [-121.342609995267821, 37.6237988205948],
            [-121.361178783044963, 37.623824147790899],
            [-121.363114277884733, 37.623758665050232],
            [-121.366456246998581, 37.624857251256344],
            [-121.376147827442509, 37.628084754894928],
            [-121.382075427320103, 37.629894445061979],
            [-121.385815032999531, 37.631430552266693],
            [-121.400348052226164, 37.633999029300227],
            [-121.404319300179694, 37.634733321204799],
            [-121.409873639276981, 37.635536164981247],
            [-121.410391536902864, 37.635696367470914],
            [-121.41686723846118, 37.635377970392589],
            [-121.438165821333826, 37.627598079617719],
            [-121.445474844167123, 37.624941339845741],
            [-121.459369933777936, 37.619720675862311],
            [-121.461009514579985, 37.619126978235052],
            [-121.496054276932014, 37.613164535640173],
            [-121.500743123389, 37.612291447908788],
            [-121.500835422589475, 37.612279102927047],
            [-121.501120953899189, 37.612129517706428],
            [-121.508448371534556, 37.610852525007623],
            [-121.509142097309336, 37.610933403657874],
            [-121.509524099595737, 37.610951753522279],
            [-121.510131867377595, 37.610869308612124],
            [-121.510496293227121, 37.610774773140058],
            [-121.510981961097272, 37.610636706089153],
            [-121.511538058682333, 37.610517551649245],
            [-121.51175371094439, 37.610497741422272],
            [-121.511955115027703, 37.610482259297136],
            [-121.512215305761558, 37.610359364299491],
            [-121.51250140750146, 37.610286366299711],
            [-121.512675412070294, 37.61015337012045],
            [-121.513221554525373, 37.610178285662258],
            [-121.513916197480071, 37.610141981924599],
            [-121.514194232348729, 37.610118449065936],
            [-121.521799471952008, 37.61052500948167],
            [-121.521982023092477, 37.610531804078775],
            [-121.535098414387448, 37.611263348984508],
            [-121.535827399935442, 37.611425623360468],
            [-121.545549688389031, 37.613745112111943],
            [-121.550706405293795, 37.615047888415539],
            [-121.566453706036086, 37.618962748263726],
            [-121.567790321923724, 37.619353027950233],
            [-121.568311621469604, 37.619422450811314],
            [-121.568779804531076, 37.619455174531296],
            [-121.569318529596856, 37.619502272755035],
            [-121.569664763663553, 37.619542525233435],
            [-121.569994437287974, 37.619560046165397],
            [-121.570412127843937, 37.619493009935972],
            [-121.570933099504771, 37.61943173142766],
            [-121.58199164182497, 37.617285053375639],
            [-121.582651053752542, 37.617166806155815],
            [-121.583085274208059, 37.616973745711697],
            [-121.583432300588825, 37.616748089374219],
            [-121.590151610879175, 37.61222761305909],
            [-121.590654798592283, 37.6119046635987],
            [-121.590880408679283, 37.611731610745188],
            [-121.591055357377471, 37.6116165356121],
            [-121.598329593849712, 37.610829020127042],
            [-121.599491898843013, 37.610698630883618],
            [-121.605742531998459, 37.610038189359024],
            [-121.617132390961743, 37.608838468524098],
            [-121.626108295296916, 37.60797455440774],
            [-121.62772324339555, 37.607790578524856],
            [-121.629076594896986, 37.607662121784607],
            [-121.629979377502991, 37.607546438295806],
            [-121.630743159293559, 37.607442653494523],
            [-121.632046179087894, 37.607200916812566],
            [-121.634476962754519, 37.606697344476224],
            [-121.636854178982475, 37.606256193967148],
            [-121.637114770364931, 37.606254700180116],
            [-121.645449053008406, 37.604588760240965],
            [-121.653852110670059, 37.60293653299459],
            [-121.66164646270866, 37.601411988796485],
            [-121.662237586504943, 37.601297025805565],
            [-121.664963474827275, 37.600264412755529],
            [-121.681101490615873, 37.593938793553264],
            [-121.682029568881973, 37.593579645049751],
            [-121.68578007741398, 37.592783323753657],
            [-121.690103276312684, 37.591862560070822],
            [-121.715350575594869, 37.586516371106896],
            [-121.722534622110899, 37.584994656868616],
            [-121.751024783873234, 37.578972902860961],
            [-121.755435915261828, 37.57794703746756],
            [-121.768873228793709, 37.574821013960602],
            [-121.769394865207843, 37.574691267885029],
            [-121.781200338720467, 37.571916312614746],
            [-121.79066271312135, 37.569647910697384],
            [-121.793874013293959, 37.568878672245063],
            [-121.800592622898364, 37.567315908800921],
            [-121.800923657470435, 37.567238160570788],
            [-121.804586827298991, 37.566698553960038],
            [-121.808909066796929, 37.566097898699432],
            [-121.811166991246722, 37.565805248387548],
            [-121.813892681041366, 37.565467692545056],
            [-121.825681283294657, 37.563841764456392],
            [-121.832692290032455, 37.5628794475221],
            [-121.839448989103204, 37.561968283945902],
            [-121.858285941958968, 37.559416881764655],
            [-121.865057230568254, 37.558436794322397],
            [-121.876029374721043, 37.556847532494039],
            [-121.885214306243043, 37.555407093121119],
            [-121.887679707387477, 37.555015796471011],
            [-121.888286792449776, 37.554922382909375],
            [-121.901517104495795, 37.552811252192953],
            [-121.907835864984065, 37.551828994010769],
            [-121.917454321665531, 37.551638364954378],
            [-121.92333979594622, 37.550457512535374],
            [-121.932247482218713, 37.548695416689078],
            [-121.932321259954662, 37.548675253840052],
            [-121.956101583428435, 37.542176454242956],
            [-121.960684936230038, 37.540928112004011],
            [-121.965841930714205, 37.53952239109497],
            [-121.99087782496899, 37.533168983832027],
            [-121.991484597417568, 37.532971385704265],
            [-122.001050945524355, 37.53151166027034],
            [-122.002388363607565, 37.531261592903007],
            [-122.004784696883078, 37.530957349197486],
            [-122.009124277459293, 37.530480113262698],
            [-122.01384708652219, 37.530010426373096],
            [-122.020270463910151, 37.529419479640374],
            [-122.025167250592517, 37.528941769377646],
            [-122.026156639775067, 37.528792206899872],
            [-122.026659080089885, 37.528665659882648],
            [-122.029350340154636, 37.527750456811965],
            [-122.032041476251877, 37.526839698019749],
            [-122.035653248073118, 37.525616434005556],
            [-122.03863913309317, 37.524653851498812],
            [-122.04084429140147, 37.523896659987315],
            [-122.045513692027512, 37.523019673282676],
            [-122.049368223672801, 37.52258660006683],
            [-122.056399374232512, 37.521849854071604],
            [-122.058188765277862, 37.521737959416733],
            [-122.062233190892755, 37.520814761371852],
            [-122.070358764353045, 37.519062876187121],
            [-122.077667651540722, 37.51743924684763],
            [-122.081017892341706, 37.516798396750168],
            [-122.084368738607196, 37.516103377662958],
            [-122.087182081515692, 37.515521279447199],
            [-122.088970605686811, 37.515115980164147],
            [-122.089473991927619, 37.515011706694835],
            [-122.090150467354007, 37.514863696703159],
            [-122.090550499726433, 37.514767634198051],
            [-122.091105344161676, 37.51461868102939],
            [-122.091539315783862, 37.514522876149456],
            [-122.09214708536237, 37.514324754074892],
            [-122.092564082418932, 37.514228815571578],
            [-122.093015240609148, 37.514115110307934],
            [-122.093518456170074, 37.513907165380623],
            [-122.094039512272502, 37.513627249372533],
            [-122.094491102552368, 37.513360317185303],
            [-122.094768247190558, 37.51313260527732],
            [-122.095011720276943, 37.512882100783209],
            [-122.095359683600563, 37.512528746481749],
            [-122.095619689281463, 37.512197248441908],
            [-122.095845424234255, 37.511892529374194],
            [-122.096105316727432, 37.511570043244653],
            [-122.096296616560451, 37.511188445541968],
            [-122.096521856541543, 37.510807108829653],
            [-122.096730884626666, 37.510479724001549],
            [-122.096904175034865, 37.510183614490764],
            [-122.097060170178878, 37.509914410374826],
            [-122.097320972665457, 37.509515316523718],
            [-122.097529614475036, 37.5092194753977],
            [-122.097719543478917, 37.50895053003989],
            [-122.098032121265177, 37.508596896314103],
            [-122.098536254005964, 37.508073473851773],
            [-122.101297222438475, 37.505575322620295],
            [-122.106851929844993, 37.500511469210117],
            [-122.10775517957498, 37.499950462376333]
          ]
        ]
      }
    },
    {
      "type": "Feature",
      "properties": {
        "Name": "Los Angeles Aqueduct"
      },
      "geometry": {
        "type": "MultiLineString",
        "coordinates": [
          [
            [-118.21026369350885, 36.975995454272145],
            [-118.210452859843073, 36.975831509156762],
            [-118.210652734993786, 36.97570301875755],
            [-118.21102393054727, 36.975449606221865],
            [-118.211223805697983, 36.975292561662684],
            [-118.211316605260109, 36.97509982461753],
            [-118.211355865231297, 36.974949918646267],
            [-118.211355865231297, 36.974789304829166],
            [-118.211250848581315, 36.974555843970435],
            [-118.211046144985929, 36.974308388572325],
            [-118.209218312334599, 36.972018046812643],
            [-118.208818563829809, 36.971496468532344],
            [-118.208784298491622, 36.971445071480645],
            [-118.207507527469872, 36.969835889992851],
            [-118.206508153512914, 36.968568826702707],
            [-118.206094127185011, 36.968086986182286],
            [-118.205865699082977, 36.967794312138409],
            [-118.205719362624876, 36.967580161226564],
            [-118.205612286137949, 36.967387424747322],
            [-118.205490934522842, 36.967144719707647],
            [-118.205333889248251, 36.966744970359208],
            [-118.205258936515875, 36.966498695373545],
            [-118.205219674748093, 36.966305959744858],
            [-118.20519469080341, 36.966034700728734],
            [-118.205183982885217, 36.965756303445673],
            [-118.205183982885217, 36.965485045342056],
            [-118.205198259810018, 36.96526018622037],
            [-118.205237520679518, 36.964928251479854],
            [-118.205319612323436, 36.964671268820709],
            [-118.205394565055798, 36.964485671009982],
            [-118.20575148368448, 36.963693310646939],
            [-118.205901390047529, 36.963429190607386],
            [-118.206012671548308, 36.963340448887877],
            [-118.206195967392134, 36.963129378336248],
            [-118.206319699542718, 36.962981851901937],
            [-118.206457708618132, 36.962701074786899],
            [-118.207028778424046, 36.961654112614333],
            [-118.207371421924563, 36.961025935578455],
            [-118.209467897558213, 36.957184609701144],
            [-118.210012623370091, 36.956067137887885],
            [-118.211021514977489, 36.954163568971055],
            [-118.212556588474357, 36.951373395444826],
            [-118.213221176494571, 36.950118865199684],
            [-118.216214450157835, 36.944610506824979],
            [-118.217213823216483, 36.942735490866532],
            [-118.219279196480031, 36.938918835679914],
            [-118.219831230985079, 36.937900425738384],
            [-118.220392784038864, 36.936920088197155],
            [-118.220773497242803, 36.936310945257958],
            [-118.221211318145976, 36.935654214124419],
            [-118.221687210549192, 36.935026036623839],
            [-118.223269207544931, 36.932798154225495],
            [-118.223671646504002, 36.932257572265684],
            [-118.227765995092483, 36.926528814717443],
            [-118.228021288211394, 36.926121761440939],
            [-118.228089567359504, 36.926012893920451],
            [-118.228467379903378, 36.925363637402839],
            [-118.228526951681445, 36.925118132019684],
            [-118.22852203340527, 36.924896926803569],
            [-118.228507161795733, 36.924673852354196],
            [-118.228480392898589, 36.924534058316901],
            [-118.228174037742306, 36.923049869650683],
            [-118.22763568457907, 36.920435437333985],
            [-118.227483993263533, 36.919611548665678],
            [-118.227237124545368, 36.91834745986273],
            [-118.227091381873677, 36.91761280122541],
            [-118.226969434675539, 36.917071473097579],
            [-118.226912922559322, 36.916669939783773],
            [-118.226898050051474, 36.916426045373569],
            [-118.226898050051474, 36.916197020856465],
            [-118.226930767592449, 36.91595312637034],
            [-118.226996203572682, 36.91540585034172],
            [-118.227014049504135, 36.915170879440169],
            [-118.227079484586056, 36.914855600508766],
            [-118.22740666089399, 36.913653972244511],
            [-118.22755240176906, 36.913050184656974],
            [-118.228245419671424, 36.910510108909314],
            [-118.2284696840821, 36.909635062125595],
            [-118.228633866471611, 36.909014022584749],
            [-118.228805188671046, 36.908478644070577],
            [-118.229005062025124, 36.90787902041486],
            [-118.229190660251021, 36.90745785573143],
            [-118.229259868257145, 36.907326854449842],
            [-118.229815289410794, 36.906480432362514],
            [-118.230514850641654, 36.905516750806612],
            [-118.231478531837439, 36.904181872662946],
            [-118.232527874582075, 36.902782749912816],
            [-118.233462727942069, 36.901550681574285],
            [-118.234169178352857, 36.900562634796337],
            [-118.234674378292226, 36.899499634521469],
            [-118.234817108014454, 36.898826912696201],
            [-118.234846852131824, 36.898553274800442],
            [-118.234852800775627, 36.898154715828213],
            [-118.234882543096361, 36.894740188051344],
            [-118.23491935246345, 36.892330984723145],
            [-118.234919643517614, 36.891806367142685],
            [-118.234872967953777, 36.891188286917725],
            [-118.234847173728696, 36.891025934578366],
            [-118.234732377120238, 36.890463966864765],
            [-118.234651452387837, 36.890258532659949],
            [-118.234395213342935, 36.889477812690131],
            [-118.234300034143644, 36.889233918282116],
            [-118.233850910637571, 36.888231570211452],
            [-118.233553478447007, 36.887598038748791],
            [-118.232744461990308, 36.885816416315372],
            [-118.232420259105979, 36.885090681563568],
            [-118.232274517332598, 36.884787299758344],
            [-118.230715801075775, 36.881369730962639],
            [-118.229994041575907, 36.87978723285228],
            [-118.229216035861171, 36.878354941986409],
            [-118.225461798422415, 36.871297219194972],
            [-118.222620772131819, 36.866009031968623],
            [-118.221771572235838, 36.864570232178998],
            [-118.220932438860942, 36.86358536501708],
            [-118.22044877153894, 36.863137965015454],
            [-118.219826371997698, 36.862658564972357],
            [-118.218660171011038, 36.861931432164496],
            [-118.21644770041631, 36.860788487157365],
            [-118.21341890557008, 36.859173093695915],
            [-118.212148272736655, 36.85850922385363],
            [-118.206537502371589, 36.855618178929205],
            [-118.205466600958445, 36.855081288067559],
            [-118.205253435233089, 36.854946832233431],
            [-118.204334767717896, 36.854302965797224],
            [-118.20335676827483, 36.853416365337822],
            [-118.203038613747268, 36.853050234962055],
            [-118.2027541586193, 36.852670027013133],
            [-118.202554283468587, 36.852355938321686],
            [-118.202076012326472, 36.851613546770793],
            [-118.201926105963423, 36.851363702481699],
            [-118.201590601374477, 36.850835462347085],
            [-118.197671628183983, 36.844639345162953],
            [-118.197107696391342, 36.843747047509538],
            [-118.193174445377679, 36.837536654020262],
            [-118.191109979412559, 36.834326466567603],
            [-118.188500763381015, 36.830200163880178],
            [-118.187819229541276, 36.829200430772104],
            [-118.187556546880813, 36.828888455996889],
            [-118.187396476978662, 36.828736931568478],
            [-118.187238838815972, 36.828576318165432],
            [-118.187039558349966, 36.828388935915015],
            [-118.1868432531042, 36.828231296466448],
            [-118.18656366594675, 36.827984427411288],
            [-118.186394128699817, 36.82783868593139],
            [-118.185647669122901, 36.827212545990307],
            [-118.182240381708112, 36.824580576256892],
            [-118.181523014071686, 36.823920187710527],
            [-118.181161336168586, 36.823582304253101],
            [-118.180856765066451, 36.823258697570672],
            [-118.180556953238707, 36.822882743070878],
            [-118.180323765862312, 36.822606725431989],
            [-118.180095337760292, 36.822292636944219],
            [-118.179947811034438, 36.822088002438811],
            [-118.179329151179729, 36.820974414972525],
            [-118.177625455819211, 36.817990571192759],
            [-118.177111491915909, 36.817124446744664],
            [-118.175642111317472, 36.814516348912058],
            [-118.17431118356221, 36.812226663144237],
            [-118.171702975440439, 36.807686551422016],
            [-118.169775611252263, 36.804374342187856],
            [-118.16947579942449, 36.803924624214538],
            [-118.169168848685189, 36.803503459594808],
            [-118.168740545432442, 36.802932388747514],
            [-118.168190889666278, 36.802361317957406],
            [-118.167819694112779, 36.801982983542459],
            [-118.167384251948462, 36.801568957312661],
            [-118.166877426956759, 36.801140654366854],
            [-118.166320633177378, 36.800733766975121],
            [-118.165621071946475, 36.800219803589947],
            [-118.165242737481421, 36.799941406035487],
            [-118.164493206564543, 36.799534518026995],
            [-118.163108359230989, 36.79886351058839],
            [-118.162016187508513, 36.798356684740028],
            [-118.161837728194186, 36.798242471004265],
            [-118.161709236769212, 36.7980782876066],
            [-118.161523638543315, 36.797749921913386],
            [-118.161302348454541, 36.797200266664603],
            [-118.161223826715556, 36.797000391835425],
            [-118.160759831599947, 36.79650070535817],
            [-118.160624201263417, 36.79630796891152],
            [-118.160545679524432, 36.796158062530928],
            [-118.160081684408794, 36.793880918805748],
            [-118.159510613704583, 36.791061256644113],
            [-118.159360707341563, 36.790604400332157],
            [-118.159210801876824, 36.790147544173543],
            [-118.158989510889754, 36.789662134217828],
            [-118.157615157675323, 36.787094814256122],
            [-118.157583249516435, 36.78703520870372],
            [-118.156098465505821, 36.784301207841523],
            [-118.155877175417046, 36.783815798260548],
            [-118.155770099828445, 36.783551677123889],
            [-118.155663023341504, 36.783080543518942],
            [-118.155584501602533, 36.782652241521923],
            [-118.155527541226974, 36.781985277169454],
            [-118.155448723043961, 36.781436158506928],
            [-118.155074254029572, 36.774372956713073],
            [-118.155025418017459, 36.773451827364241],
            [-118.154968963393429, 36.772852430642153],
            [-118.154926133517307, 36.77255975673468],
            [-118.154811919017149, 36.772124314649389],
            [-118.154697704516991, 36.771781672907395],
            [-118.154113295627425, 36.77038736224015],
            [-118.153348549944582, 36.7684551864036],
            [-118.153234336342734, 36.768048297412925],
            [-118.153148674793869, 36.76761285705031],
            [-118.153098706904501, 36.7672702145763],
            [-118.153084429979714, 36.766927571290779],
            [-118.153091567992931, 36.766370777903639],
            [-118.153112982931006, 36.765999582225035],
            [-118.15325809318874, 36.765137180424148],
            [-118.153561911502663, 36.762993622413276],
            [-118.153986204675988, 36.7604082843377],
            [-118.154176561277936, 36.759080544356294],
            [-118.15423842825156, 36.758661759407936],
            [-118.1542431857293, 36.75834291125777],
            [-118.154224150428419, 36.758076412260323],
            [-118.154181320552297, 36.757743287031452],
            [-118.154105177552196, 36.75729119020243],
            [-118.15401475762728, 36.756962824625759],
            [-118.153801161608911, 36.756424166327058],
            [-118.153767764043295, 36.756346603688513],
            [-118.153524589197545, 36.755982486183719],
            [-118.151292653907262, 36.752912981381385],
            [-118.150574056477168, 36.751932643008217],
            [-118.150231413874991, 36.751461510145411],
            [-118.1499649142729, 36.751161697995101],
            [-118.149581348019652, 36.750701425356802],
            [-118.149102748094165, 36.750304225366762],
            [-118.147541274009399, 36.74920873981597],
            [-118.147035214382299, 36.748830425136283],
            [-118.143241546292444, 36.746095225166357],
            [-118.142576946594133, 36.745517358967298],
            [-118.142264013075007, 36.745175625538252],
            [-118.141255012771481, 36.743358025163481],
            [-118.137733810893835, 36.736593624500735],
            [-118.137440690616614, 36.736059494693784],
            [-118.136601856380736, 36.734400773353052],
            [-118.136444812902738, 36.734115238386273],
            [-118.13632345949101, 36.73380828803041],
            [-118.136223521915667, 36.733479922748614],
            [-118.135681814443132, 36.731532213739811],
            [-118.134937994116527, 36.728933604708111],
            [-118.134795226665062, 36.72859453120634],
            [-118.134658407857415, 36.728267355356785],
            [-118.134277693755152, 36.727464287866745],
            [-118.133001542570966, 36.725068623800965],
            [-118.13288366653768, 36.724823850170353],
            [-118.132552584354883, 36.723990273884809],
            [-118.132433611478646, 36.7235976633512],
            [-118.132308689060295, 36.723175309252703],
            [-118.131862539876138, 36.720861282679891],
            [-118.13090480552755, 36.716102360445454],
            [-118.130321837535689, 36.713419517377339],
            [-118.129756715475295, 36.710790213530871],
            [-118.129662488490183, 36.710301947815147],
            [-118.129449193407453, 36.709259387106236],
            [-118.129370671668482, 36.708934590412426],
            [-118.129277668188791, 36.708589905661761],
            [-118.12914084848282, 36.708131858754001],
            [-118.128849364936045, 36.707432892060467],
            [-118.128498394052855, 36.706716079324224],
            [-118.128358600024981, 36.706368084002683],
            [-118.128272344689705, 36.706174752267522],
            [-118.128206909607783, 36.705942754407559],
            [-118.128177167287049, 36.705811884674333],
            [-118.128138500203946, 36.705562040724423],
            [-118.128004655718186, 36.704378259726568],
            [-118.127947599222949, 36.703829088945376],
            [-118.127893415539944, 36.703436528057196],
            [-118.127732088894689, 36.703062476225178],
            [-118.127394606215489, 36.702676755693652],
            [-118.127059539106085, 36.702401621665182],
            [-118.121677404353861, 36.699221955653876],
            [-118.121503530939052, 36.699128811551589],
            [-118.121295327507326, 36.69899496707972],
            [-118.120994920096521, 36.698762969155034],
            [-118.120810512138362, 36.698590458310285],
            [-118.120646924433558, 36.698429845087752],
            [-118.120468465119203, 36.698200820868927],
            [-118.120352465666585, 36.698034259598366],
            [-118.120126417201718, 36.697674365737392],
            [-118.118811764224475, 36.695181880188294],
            [-118.117360293337853, 36.692496063660833],
            [-118.115962359347236, 36.689961937309981],
            [-118.114674475267094, 36.68755273301835],
            [-118.114320530062002, 36.686901354864517],
            [-118.11417776261051, 36.686702075763485],
            [-118.114032019938819, 36.686538487055856],
            [-118.113832740371137, 36.686380848297247],
            [-118.113695920665151, 36.686306489722803],
            [-118.113532332960347, 36.686229158083449],
            [-118.113368746153839, 36.686175618975888],
            [-118.111768062403584, 36.685813743308472],
            [-118.111446834739453, 36.68570071917118],
            [-118.111119658431519, 36.685534156754457],
            [-118.11081032895332, 36.685308107492069],
            [-118.110614023707541, 36.685117750575216],
            [-118.110483152645358, 36.684969035234325],
            [-118.110340384295583, 36.684707294008668],
            [-118.109752657029361, 36.683045438720441],
            [-118.109670942677866, 36.682875380898253],
            [-118.109544455394271, 36.682706365132404],
            [-118.10939871272258, 36.682542777291083],
            [-118.109255944372777, 36.682432727250252],
            [-118.10870569482023, 36.682114474555668],
            [-118.108476671135193, 36.681959809973371],
            [-118.108354723937055, 36.681834887521752],
            [-118.108211955587251, 36.681662376157377],
            [-118.108079896053979, 36.681419672342884],
            [-118.107970440828183, 36.681172207923403],
            [-118.107903816376819, 36.68096757418337],
            [-118.10785146795196, 36.680729628043466],
            [-118.107789601876661, 36.680287048498798],
            [-118.107733089760444, 36.67968147548622],
            [-118.107697396999242, 36.679437580297893],
            [-118.107498117431561, 36.67784036638723],
            [-118.107399964808664, 36.677224681181308],
            [-118.107373195911535, 36.677049196937013],
            [-118.107319657218923, 36.676894530815808],
            [-118.10724827439148, 36.676733917663704],
            [-118.107068019344894, 36.676534291611709],
            [-118.106875799637038, 36.676403020948349],
            [-118.106129733522209, 36.676046620997894],
            [-118.105824166188413, 36.675913598753212],
            [-118.105571943511166, 36.675861249892101],
            [-118.105391103661304, 36.675875526792211],
            [-118.105257854758577, 36.675908839308775],
            [-118.104767684532234, 36.676151544660044],
            [-118.104639194005571, 36.676180097629448],
            [-118.10445359667797, 36.676194375190924],
            [-118.104282275376875, 36.676161062797995],
            [-118.104123199011426, 36.676100754340005],
            [-118.103671332948778, 36.675873020986089],
            [-118.103345732285845, 36.675639953998555],
            [-118.103002199453186, 36.675502154289738],
            [-118.102833287433711, 36.675453840541813],
            [-118.101062705313765, 36.675006221137153],
            [-118.10041787124662, 36.674818243698375],
            [-118.099977670706252, 36.674670716697072],
            [-118.099754001878608, 36.674575538463984],
            [-118.099369480716192, 36.674365670126804],
            [-118.098745109372899, 36.673996378362482],
            [-118.098560464259521, 36.673883591915008],
            [-118.098382003148544, 36.673793172283709],
            [-118.098148816670474, 36.673719408195936],
            [-118.098017945608305, 36.673667060723858],
            [-118.097941803506487, 36.673607573836208],
            [-118.097894213457693, 36.673531431215729],
            [-118.097868754304216, 36.673455288519854],
            [-118.097840200454598, 36.673286347162275],
            [-118.097817765030371, 36.673088587624889],
            [-118.09779023166692, 36.672841387488383],
            [-118.09778547329087, 36.672750968073402],
            [-118.097771195467729, 36.672691481197951],
            [-118.097654602228687, 36.672491606170027],
            [-118.097454727077974, 36.672163241087169],
            [-118.097340513476126, 36.671965745972415],
            [-118.09723105825033, 36.671739697185004],
            [-118.096702817422241, 36.670243015598921],
            [-118.096683782121374, 36.670181149767338],
            [-118.096671884833754, 36.670076452855369],
            [-118.096664746820494, 36.66993130603651],
            [-118.09666712555935, 36.669798056339467],
            [-118.09668616086023, 36.669638632381798],
            [-118.096719473085912, 36.669526797855177],
            [-118.096938383537506, 36.669039007890134],
            [-118.096974075400368, 36.668958107359323],
            [-118.096995491236754, 36.668851031004472],
            [-118.096995491236754, 36.668567874480082],
            [-118.096988352325184, 36.668475075855646],
            [-118.097083530626165, 36.668168125540326],
            [-118.097104946462551, 36.668049152583741],
            [-118.097112084475796, 36.66771840730248],
            [-118.097088289900526, 36.667599434371155],
            [-118.096983593949133, 36.667409077586825],
            [-118.096886036010943, 36.667247273733686],
            [-118.096862241435716, 36.667137818607721],
            [-118.096876518360531, 36.667021225496626],
            [-118.096926487148195, 36.666892733645362],
            [-118.097347651489372, 36.666245520496361],
            [-118.097378584077873, 36.666107512292953],
            [-118.097385722091104, 36.665974261739564],
            [-118.097366686790252, 36.665860048340001],
            [-118.097271508489257, 36.665562614969964],
            [-118.097181088564327, 36.665372258912292],
            [-118.097047838763302, 36.665167624220018],
            [-118.096907450050693, 36.664962991145437],
            [-118.096845584873705, 36.664789291187311],
            [-118.096831307050564, 36.664644143043333],
            [-118.09685272288695, 36.664529929831637],
            [-118.096926486249885, 36.664365746331477],
            [-118.0970787722501, 36.664158733921596],
            [-118.097571320317016, 36.663540073456154],
            [-118.097616530728644, 36.663442515759655],
            [-118.097630806755149, 36.663356854169152],
            [-118.097628427117925, 36.663273574037568],
            [-118.097587975980687, 36.663168877095934],
            [-118.09747376237884, 36.663021351540181],
            [-118.097076392612905, 36.662528802585364],
            [-118.097000249612805, 36.662393172901993],
            [-118.096974074502057, 36.662336066088422],
            [-118.096964556851631, 36.662269440818591],
            [-118.097000249612805, 36.660955978482683],
            [-118.09701452563931, 36.66060619790899],
            [-118.096985972688017, 36.66036825221358],
            [-118.096945521550751, 36.66021120694549],
            [-118.09684558397538, 36.659932810053931],
            [-118.096774200249655, 36.659813837338355],
            [-118.096331620072121, 36.659204694615084],
            [-118.096234063032256, 36.659028614389463],
            [-118.096191231359484, 36.658914400772311],
            [-118.096162678408191, 36.658728803192894],
            [-118.096160299669336, 36.658586035408739],
            [-118.096179334970202, 36.658474200675769],
            [-118.09621264719587, 36.658388539321379],
            [-118.096319723682782, 36.658124419635051],
            [-118.096329241333237, 36.658031620669632],
            [-118.096322102421667, 36.657905509223646],
            [-118.096284030921609, 36.657762741354006],
            [-118.096191231359484, 36.657543831355433],
            [-118.095855728567201, 36.656965621888084],
            [-118.095817656168819, 36.656851408092912],
            [-118.095746329036942, 36.656529552970277],
            [-118.095454809557566, 36.655175494101073],
            [-118.095327487739112, 36.654643268080207],
            [-118.095291795876221, 36.654464807846672],
            [-118.09527038003985, 36.654364871232445],
            [-118.09527038003985, 36.654257795475516],
            [-118.095291795876221, 36.654110267976499],
            [-118.095310831177088, 36.654015090259506],
            [-118.095358420327571, 36.653905635054855],
            [-118.095527361991472, 36.653620099350626],
            [-118.095603504991601, 36.653517782666761],
            [-118.09572684188349, 36.653424781402187],
            [-118.095820034907703, 36.653363118257346],
            [-118.095936629045042, 36.653298872129341],
            [-118.096017531319532, 36.653210832520095],
            [-118.096053223182423, 36.653125171074961],
            [-118.096053223182423, 36.653060926189809],
            [-118.096027048969987, 36.652991922551351],
            [-118.095977080182294, 36.652932435537942],
            [-118.095843830381227, 36.652818221525237],
            [-118.095698683292596, 36.652739699518492],
            [-118.09560826336768, 36.652649279549102],
            [-118.095515464703851, 36.652518408485477],
            [-118.095475013566627, 36.652439886893703],
            [-118.095458357004631, 36.652349467292908],
            [-118.09545359862858, 36.652261427318848],
            [-118.095455977367436, 36.652163869022118],
            [-118.095472633929447, 36.652087726086279],
            [-118.09562729866856, 36.651764119931087],
            [-118.095641575593348, 36.651695115851226],
            [-118.095632057942893, 36.651614213667067],
            [-118.09560112445611, 36.651569004115935],
            [-118.095544018553497, 36.651502379617533],
            [-118.095372696354104, 36.651376268287258],
            [-118.095120473676829, 36.651209705074947],
            [-118.094956291287275, 36.651066937761897],
            [-118.094756416136562, 36.650881340003359],
            [-118.094532746410607, 36.65061484000482],
            [-118.094432809733576, 36.650481590020028],
            [-118.094335251795385, 36.650288854352567],
            [-118.094287661746577, 36.65018653684583],
            [-118.09426624680853, 36.650100876360611],
            [-118.094251969883715, 36.650000938406777],
            [-118.094225795671264, 36.649772510885093],
            [-118.094132997007492, 36.649327551485854],
            [-118.094075889308243, 36.649070569760767],
            [-118.094002125945309, 36.648835002846532],
            [-118.093942639507205, 36.648556606620872],
            [-118.093925982945208, 36.6483971826326],
            [-118.093895051255032, 36.64813068196527],
            [-118.093826047166473, 36.647892736632706],
            [-118.093697554843175, 36.647497746031398],
            [-118.09363806840507, 36.647259800184756],
            [-118.093590480152869, 36.646871947477209],
            [-118.093540511365191, 36.646550720935636],
            [-118.093461987829571, 36.646103382458911],
            [-118.093461987829571, 36.645998685231035],
            [-118.093473886015545, 36.64590350685787],
            [-118.093576203228082, 36.645534690451782],
            [-118.093761800555654, 36.644502004056662],
            [-118.093768939467225, 36.644373512818454],
            [-118.093754662542437, 36.644283093116613],
            [-118.093628550754644, 36.643907139069455],
            [-118.093599997803324, 36.643797683913022],
            [-118.093590480152869, 36.643673951496368],
            [-118.093599997803324, 36.643545461039132],
            [-118.093635688767876, 36.643407451784064],
            [-118.093835563918589, 36.643012461244957],
            [-118.093868876144285, 36.642903005537967],
            [-118.093866496507104, 36.642788792507645],
            [-118.093852220480599, 36.642717407565875],
            [-118.093780835856535, 36.642596055607783],
            [-118.093504817705721, 36.64236524842898],
            [-118.09338584482947, 36.642248654559161],
            [-118.09330018507724, 36.642108265817249],
            [-118.093285907254113, 36.641991672279204],
            [-118.093304944351615, 36.641884597337587],
            [-118.093350153864932, 36.641772762133463],
            [-118.093573823590916, 36.641463432678584],
            [-118.093628550754644, 36.641361114979738],
            [-118.093716591042366, 36.641146963915503],
            [-118.093730867068871, 36.640966124038606],
            [-118.093735626343246, 36.640844772204787],
            [-118.09371896978125, 36.640732937653425],
            [-118.093683278816698, 36.640613964824283],
            [-118.093640448042265, 36.64049261171494],
            [-118.09362617111745, 36.64038077737311],
            [-118.093522267480111, 36.639465279685041],
            [-118.093498472904869, 36.639325486309822],
            [-118.093465755363894, 36.639224359443268],
            [-118.093388422994352, 36.639075642628264],
            [-118.093266474897902, 36.638935849266844],
            [-118.093123707446438, 36.638807953511979],
            [-118.092918479234925, 36.638686006484114],
            [-118.092716224447017, 36.638608673841233],
            [-118.092540739454591, 36.638572981604241],
            [-118.092383101291901, 36.638558110314527],
            [-118.091862593161792, 36.638540263465551],
            [-118.091737671641738, 36.638510520870568],
            [-118.091553262785283, 36.638439137009875],
            [-118.091386700758548, 36.638332061455323],
            [-118.090672861704547, 36.637600376918854],
            [-118.09060445230071, 36.637514122165314],
            [-118.090583632945666, 36.637424891715717],
            [-118.090571734759763, 36.637291047289317],
            [-118.090595529334976, 36.637094741469646],
            [-118.090601478877105, 36.636969819717166],
            [-118.090574709979961, 36.636847871942315],
            [-118.090411121376846, 36.63661290126489],
            [-118.089712153932368, 36.635735473702425],
            [-118.089423644707509, 36.635292300220421],
            [-118.089224364241517, 36.635045429963753],
            [-118.089084572010265, 36.634920509213728],
            [-118.088873394256623, 36.634792612560034],
            [-118.088656268757518, 36.634709331088409],
            [-118.087975147244478, 36.634566564907445],
            [-118.087850225724424, 36.634495180276041],
            [-118.087752073999852, 36.634382156456738],
            [-118.087302949595468, 36.633552319094498],
            [-118.087267257732606, 36.633424423053256],
            [-118.087261309088788, 36.633183501943201],
            [-118.087267257732606, 36.632945555852352],
            [-118.087258334766872, 36.632790891940999],
            [-118.087201822650684, 36.632680841404607],
            [-118.087127463704718, 36.632594585468937],
            [-118.086719981603608, 36.632350690294139],
            [-118.086615880336936, 36.632264435430642],
            [-118.086541522289281, 36.632148436140525],
            [-118.086416599870915, 36.631607109097494],
            [-118.086389830973786, 36.631455418329793],
            [-118.086395780515915, 36.631309676772403],
            [-118.086461214699511, 36.630991423900859],
            [-118.086648597877911, 36.630387635108512],
            [-118.086660495165503, 36.630301380210405],
            [-118.086648597877911, 36.630188356006961],
            [-118.086339267501373, 36.62918600814357],
            [-118.086276805843056, 36.628977804646375],
            [-118.086220294625164, 36.628704166062441],
            [-118.086193524829682, 36.628406734067866],
            [-118.086202448693726, 36.628183660219797],
            [-118.086223268947052, 36.628014122077374],
            [-118.086422548514733, 36.627359771524581],
            [-118.086449317411891, 36.627237823680041],
            [-118.086464189021399, 36.627121824753779],
            [-118.086437419225945, 36.62696418612753],
            [-118.08635413911091, 36.626800597322301],
            [-118.086145935679198, 36.626547779542967],
            [-118.085924646488735, 36.626216440005187],
            [-118.085838984939883, 36.626040360054404],
            [-118.085629591240405, 36.625474350372698],
            [-118.085554640304679, 36.625271794119129],
            [-118.085504076832265, 36.625096308955641],
            [-118.085477307036811, 36.62490000306957],
            [-118.085486230900841, 36.62474236350387],
            [-118.085637921318025, 36.624221856138682],
            [-118.085712278467355, 36.624007705741157],
            [-118.08574499600833, 36.623847091831593],
            [-118.085753918974035, 36.623701348863484],
            [-118.085747971228542, 36.623513967114263],
            [-118.085658740673054, 36.623290892082409],
            [-118.085593305591118, 36.623168945009837],
            [-118.085084695646941, 36.622467004438128],
            [-118.084974645736423, 36.622303415460806],
            [-118.084933005229743, 36.622163622672851],
            [-118.084891364723063, 36.622035725755531],
            [-118.084837826928776, 36.621943522093481],
            [-118.084674238325618, 36.621765062521412],
            [-118.084537419517972, 36.621604448985892],
            [-118.0842459350729, 36.621077993925951],
            [-118.084121013552846, 36.620822201323662],
            [-118.084094244655716, 36.620718099884549],
            [-118.084085321689983, 36.620426615539714],
            [-118.084082347368081, 36.620322514287366],
            [-118.084052604149008, 36.620194618641463],
            [-118.083990143389002, 36.620048875977631],
            [-118.083850349361128, 36.619852570936317],
            [-118.083764094025852, 36.619769289181342],
            [-118.083698658943916, 36.619700880105299],
            [-118.08363619818391, 36.619590830343967],
            [-118.083002666719679, 36.618502226527767],
            [-118.082859899268215, 36.618243459854178],
            [-118.082800412830082, 36.618201819921346],
            [-118.082699285885298, 36.618145306899955],
            [-118.082555322776187, 36.618113016301315],
            [-118.082259084446605, 36.618038231987249],
            [-118.082122265638958, 36.617990642849037],
            [-118.081940831104376, 36.61792223291576],
            [-118.081696937606424, 36.617776491724285],
            [-118.081524426037589, 36.61763669793752],
            [-118.081429247736622, 36.617535570727497],
            [-118.081351915367051, 36.617443366730321],
            [-118.081292428030636, 36.617336290121727],
            [-118.081000944483876, 36.616652195229783],
            [-118.080971201264816, 36.616527273506613],
            [-118.080959303977167, 36.616402351581094],
            [-118.0809682269429, 36.61629230143749],
            [-118.081090174141039, 36.61596215150638],
            [-118.081131814647705, 36.615843178646905],
            [-118.081131814647705, 36.61573610270014],
            [-118.081096122784842, 36.615620104491342],
            [-118.08103068680461, 36.615516002517133],
            [-118.080929559859825, 36.615405952550553],
            [-118.079730906335172, 36.614430373894947],
            [-118.079112247378774, 36.613927712908726],
            [-118.078799941782052, 36.613689766496528],
            [-118.078683944126041, 36.613606485295087],
            [-118.078585790604834, 36.613570793015036],
            [-118.077892772702498, 36.613377462428673],
            [-118.077553699106943, 36.613288232874751],
            [-118.077434726230692, 36.613225771837136],
            [-118.077378214114475, 36.613172233867608],
            [-118.077309804710637, 36.613059209063124],
            [-118.077265188983759, 36.612937262390282],
            [-118.077170011581103, 36.612443523526693],
            [-118.077095652635137, 36.612315627789883],
            [-118.07696478336959, 36.61221747450017],
            [-118.076337199650879, 36.611818914847703],
            [-118.076227149740362, 36.611732660081863],
            [-118.076099253898391, 36.611601789453907],
            [-118.076021921528877, 36.611456047131753],
            [-118.075894024788582, 36.611292460028068],
            [-118.075317005440567, 36.610837388033374],
            [-118.074927369270895, 36.61050723709986],
            [-118.07447527054461, 36.610147344191205],
            [-118.074201632030977, 36.60990344937516],
            [-118.074008301107114, 36.609716065817771],
            [-118.07380132118081, 36.609503615848119],
            [-118.073423192429956, 36.6090223934684],
            [-118.073232002191418, 36.6087642814689],
            [-118.073092209061826, 36.608517412774439],
            [-118.072931595678909, 36.608225928455639],
            [-118.072800724616755, 36.607934445198524],
            [-118.072759084110075, 36.607770856393671],
            [-118.072723392247212, 36.607583474144754],
            [-118.072711494061252, 36.607407989100643],
            [-118.072720417925296, 36.607232503657258],
            [-118.072753134567947, 36.607054043927022],
            [-118.072803698040332, 36.606884507630205],
            [-118.072860211054859, 36.606720920203976],
            [-118.072946466390135, 36.606548408546765],
            [-118.073071387910161, 36.606358052298056],
            [-118.07321415536164, 36.606203386959258],
            [-118.07335989713502, 36.606057645252164],
            [-118.073627587004879, 36.605858364549483],
            [-118.073794149929896, 36.605718572232284],
            [-118.073883379587087, 36.605632315691523],
            [-118.073978557888026, 36.605495496912418],
            [-118.074064279624039, 36.605331739958459],
            [-118.074077868439332, 36.605288912557171],
            [-118.074091432101795, 36.605215386444613],
            [-118.074095817677033, 36.6051398461315],
            [-118.07410463733649, 36.604993740404367],
            [-118.074097499323244, 36.604920929378515],
            [-118.074081794077117, 36.604840979018562],
            [-118.074044675689578, 36.604735330072778],
            [-118.073991850259304, 36.604641103837842],
            [-118.07391332852032, 36.604515468919352],
            [-118.073850511129152, 36.604439802442108],
            [-118.073652064299722, 36.604211373258011],
            [-118.073610732813492, 36.60416704381236],
            [-118.073490807723076, 36.604037125238861],
            [-118.073443443151376, 36.603983226086619],
            [-118.073166567109467, 36.603645466535355],
            [-118.073038670369215, 36.603446186091027],
            [-118.072976209609209, 36.603315315824801],
            [-118.072908220616924, 36.603103378993595],
            [-118.072869292124054, 36.60292927702973],
            [-118.072852786479046, 36.602854749145031],
            [-118.072839390801533, 36.602738296702043],
            [-118.072839390801533, 36.602660964769321],
            [-118.072860210156549, 36.602506298507741],
            [-118.072886979053706, 36.602402197581107],
            [-118.072980599675986, 36.602258297030396],
            [-118.07299986045399, 36.602225380300645],
            [-118.073033580514803, 36.602161796827467],
            [-118.073047680471504, 36.602126445409169],
            [-118.073075469854828, 36.601943063452701],
            [-118.073126033327227, 36.601595067360329],
            [-118.073164698613667, 36.601410659358109],
            [-118.073197417052953, 36.601258968306666],
            [-118.073250954847254, 36.601071586103984],
            [-118.073355056113954, 36.600768204532962],
            [-118.073451642075, 36.600550150883606],
            [-118.073545373190058, 36.600319245187372],
            [-118.073718474053734, 36.599910979655249],
            [-118.0737655870971, 36.599799621547142],
            [-118.073990232393498, 36.599268077463634],
            [-118.074237101111663, 36.598699980988115],
            [-118.07426981865261, 36.598634545462893],
            [-118.074356074886197, 36.598539367008108],
            [-118.074820070001806, 36.598194344936701],
            [-118.075260269643863, 36.59788204086729],
            [-118.075382216841987, 36.597757119029815],
            [-118.075414934382934, 36.597700607613668],
            [-118.075473147009987, 36.597612210945044],
            [-118.075713986235968, 36.597216547923097],
            [-118.075942466440296, 36.596834703474158],
            [-118.075997194502349, 36.596758560674409],
            [-118.07607333750245, 36.59667052064885],
            [-118.076627752543004, 36.596104208096151],
            [-118.077374902924348, 36.595354677682359],
            [-118.077558120614754, 36.59515718322023],
            [-118.077639022889244, 36.595050107402699],
            [-118.077669956376056, 36.594985860975385],
            [-118.077862692615227, 36.594181603748758],
            [-118.077879348278898, 36.594067389199971],
            [-118.077865072252393, 36.593910345812638],
            [-118.077829380389502, 36.593736644307931],
            [-118.077765134677023, 36.593555805708668],
            [-118.077503393451011, 36.592956181053452],
            [-118.077498634176635, 36.592872900544663],
            [-118.077534326937823, 36.592725373800384],
            [-118.077679474026482, 36.592413664267433],
            [-118.077696129690153, 36.592320865492958],
            [-118.077688991676922, 36.592192374531514],
            [-118.07765329981406, 36.5920852982062],
            [-118.077508151827061, 36.591849731642917],
            [-118.077360625999546, 36.591661754628177],
            [-118.077308277574687, 36.591554679009171],
            [-118.077282104260547, 36.591445223794459],
            [-118.077282104260547, 36.591366701275696],
            [-118.077305897937492, 36.591276282137265],
            [-118.077365384375597, 36.591133514139543],
            [-118.077531401124958, 36.590865712627114],
            [-118.077682447450073, 36.590612614737601],
            [-118.07771813931295, 36.590487693392838],
            [-118.077727062278669, 36.590383592117668],
            [-118.077703268601724, 36.590246772982333],
            [-118.077658652874831, 36.590124825585605],
            [-118.077572397539569, 36.590008827807061],
            [-118.077396911648819, 36.589827393351641],
            [-118.077135915126163, 36.589575814680458],
            [-118.076947242865344, 36.5893388202512],
            [-118.076891326332174, 36.589242689776107],
            [-118.076778301201443, 36.589036866854656],
            [-118.076674795517803, 36.588828663856496],
            [-118.076631964743342, 36.588679947188368],
            [-118.076552947134346, 36.588368237905314],
            [-118.076538075524795, 36.58817788151822],
            [-118.076508331407425, 36.587660347942936],
            [-118.07647858908669, 36.587526503669459],
            [-118.076428025614305, 36.587398607733306],
            [-118.076353666668325, 36.587294506619294],
            [-118.076234693792102, 36.587193379296842],
            [-118.076100849306343, 36.58711604693098],
            [-118.075955107532977, 36.58705656027648],
            [-118.075848031046064, 36.587032765890378],
            [-118.075773672998409, 36.587026816571409],
            [-118.075690391985034, 36.587026816571409],
            [-118.075559521821191, 36.587035739828373],
            [-118.075051170591777, 36.587117681404976],
            [-118.074794782426565, 36.587158377344089],
            [-118.074467607016913, 36.58720001816851],
            [-118.074101764524215, 36.587253555410896],
            [-118.073801357113425, 36.587262478641712],
            [-118.073500950600931, 36.587232735737246],
            [-118.073102390567271, 36.587161351277253],
            [-118.072926905574832, 36.587089968193858],
            [-118.07267706163644, 36.586979918062298],
            [-118.072534294184948, 36.586935302456048],
            [-118.072346911904901, 36.586902585482562],
            [-118.072165477370305, 36.586863919163605],
            [-118.071900762720716, 36.586774689233884],
            [-118.071320769050786, 36.586536743452491],
            [-118.071210719140268, 36.586474282392004],
            [-118.071005490030458, 36.586307720278718],
            [-118.070318420771912, 36.585766393092214],
            [-118.070232165436636, 36.585674188624701],
            [-118.070169703778348, 36.585587932756006],
            [-118.069809160447477, 36.58492505317799],
            [-118.069783717463693, 36.584875213994316],
            [-118.069670017698158, 36.584627225094451],
            [-118.069592685328601, 36.584419023185241],
            [-118.069487393794162, 36.584015198445059],
            [-118.069449583703843, 36.583748814182258],
            [-118.06943598410875, 36.583649813762371],
            [-118.069432071945698, 36.583232266556827],
            [-118.069443968335037, 36.58286345034476],
            [-118.069443968335037, 36.582563042708109],
            [-118.069449916978812, 36.582310224886832],
            [-118.069458839944545, 36.582223969587304],
            [-118.069484370064927, 36.582095082385855],
            [-118.069534042408549, 36.581886134260834],
            [-118.069566342232903, 36.581793848694993],
            [-118.069605564474841, 36.58170617824301],
            [-118.069665549477946, 36.581586207571831],
            [-118.069720920733729, 36.581497383435575],
            [-118.069958554770793, 36.581138624064586],
            [-118.070252713500466, 36.580687580466247],
            [-118.070452279630743, 36.580351892417845],
            [-118.070514572405813, 36.580206543356006],
            [-118.070541105046019, 36.580120026734619],
            [-118.07061262531569, 36.57971627905544],
            [-118.0706471340973, 36.579517190733604],
            [-118.070669976458362, 36.579384416568352],
            [-118.070701385153953, 36.579308749973016],
            [-118.070742787607088, 36.579253070501437],
            [-118.070868423287791, 36.579145994259768],
            [-118.071001048759712, 36.579040297867799],
            [-118.071111383436147, 36.578990013400599],
            [-118.071261317646972, 36.578951546547344],
            [-118.071371680171197, 36.578920659217154],
            [-118.07147756549206, 36.578887347314684],
            [-118.071623902848472, 36.578826670532642],
            [-118.071735736813125, 36.578764804865862],
            [-118.071808309908292, 36.578706507827434],
            [-118.071865475998052, 36.578649905994439],
            [-118.07190229973817, 36.578569688913682],
            [-118.071939180970475, 36.578470941550528],
            [-118.072061723751617, 36.578042637846572],
            [-118.072108122634376, 36.577829676479851],
            [-118.072108122634376, 36.577732118465917],
            [-118.072081948421939, 36.577663113749061],
            [-118.071900523768846, 36.577382624504232],
            [-118.071867797244721, 36.577225293236225],
            [-118.071858278695984, 36.577125356012772],
            [-118.071858278695984, 36.576982587811102],
            [-118.071874935257995, 36.576856476461565],
            [-118.071953457895262, 36.576485280902574],
            [-118.071993908134218, 36.576273508444224],
            [-118.071993908134218, 36.576180709742594],
            [-118.0719653542846, 36.576023665309819],
            [-118.071896350196042, 36.575773822088422],
            [-118.071822586833107, 36.575581085728317],
            [-118.071772618045429, 36.575454974253994],
            [-118.071757635943143, 36.575394155541829],
            [-118.071747336758392, 36.57524751519324],
            [-118.071734012047813, 36.575200877172882],
            [-118.071713072318531, 36.575159950569827],
            [-118.071645494754648, 36.575089518757693],
            [-118.071590291483801, 36.575052399009785],
            [-118.071515101596177, 36.575030507627559],
            [-118.071410716461855, 36.575006012646064],
            [-118.071245270142754, 36.574963407923363],
            [-118.071161988231054, 36.574920577373497],
            [-118.070954975965407, 36.574768291743467],
            [-118.07086455604049, 36.574701667226982],
            [-118.070757480451874, 36.574646938871972],
            [-118.070645645588883, 36.574596970411406],
            [-118.070536190363114, 36.574558899593946],
            [-118.070364869960329, 36.574489894205499],
            [-118.070267311123843, 36.574420890198276],
            [-118.069634374344332, 36.573906926356727],
            [-118.069439259366305, 36.57374988234961],
            [-118.069377392392681, 36.57367373986061],
            [-118.069310767043007, 36.573547628157066],
            [-118.069239384215564, 36.573378685563881],
            [-118.069106134414525, 36.572997971981081],
            [-118.069051407250782, 36.572755266976195],
            [-118.068984781901108, 36.572369795299821],
            [-118.068875326675325, 36.571955769064893],
            [-118.068837254276943, 36.571834416102249],
            [-118.068758732537987, 36.571677370766253],
            [-118.068739697237092, 36.571579813636703],
            [-118.068739697237092, 36.571475116917313],
            [-118.068711143387503, 36.571406112380522],
            [-118.068585031599682, 36.571263345147827],
            [-118.068435125236661, 36.571118198298961],
            [-118.068389915723344, 36.571044434734169],
            [-118.06832329127198, 36.57092308250391],
            [-118.068268564108251, 36.570839801309695],
            [-118.06816148762131, 36.570713690028427],
            [-118.068071067696422, 36.570642306165801],
            [-118.06792830024493, 36.570568542868003],
            [-118.067811706107577, 36.570494779499711],
            [-118.0676832155809, 36.570378185156166],
            [-118.067590416917099, 36.570316319935067],
            [-118.067480961691317, 36.570259212700712],
            [-118.067254912328153, 36.570161654501213],
            [-118.066890854787914, 36.570049819868274],
            [-118.066453033884741, 36.569918949961554],
            [-118.066341199920089, 36.569876120221231],
            [-118.066100873632124, 36.569750008809272],
            [-118.06595334780458, 36.569633414784278],
            [-118.065860548242497, 36.569516821304774],
            [-118.06580819981761, 36.569397848243931],
            [-118.065743955003441, 36.56910279492601],
            [-118.065693986215763, 36.568805361778836],
            [-118.065686847304192, 36.568669732351005],
            [-118.065715400255513, 36.568367540826593],
            [-118.065715400255513, 36.56823191135144],
            [-118.065679709290947, 36.568029657137387],
            [-118.065677329653738, 36.567720328345374],
            [-118.065672570379377, 36.567503796732467],
            [-118.065653535078496, 36.567330095688419],
            [-118.065594048640392, 36.567075493525337],
            [-118.065594048640392, 36.566916069853143],
            [-118.065615463578439, 36.566699538150033],
            [-118.065674950016572, 36.566359275601776],
            [-118.06570826314055, 36.566228405213771],
            [-118.065820097105231, 36.565999976919869],
            [-118.065891480830956, 36.56591669546772],
            [-118.066012127268564, 36.565785804127763],
            [-118.066105380479911, 36.565725627875473],
            [-118.066360272950178, 36.565595034914708],
            [-118.066534922509419, 36.565477029124345],
            [-118.066569537292281, 36.565442414154496],
            [-118.06659471167977, 36.565403079073889],
            [-118.066623032865749, 36.565319688030584],
            [-118.066621459915666, 36.565241017002748],
            [-118.066588418082901, 36.565174934056742],
            [-118.066511320173646, 36.565116717668936],
            [-118.06642635661575, 36.565083675428255],
            [-118.066324085217289, 36.56506479568769],
            [-118.066079354489489, 36.565066007102345],
            [-118.06585661362152, 36.565049414543488],
            [-118.065574646826903, 36.564988738432348],
            [-118.065367634561227, 36.564917353607612],
            [-118.065049975903719, 36.564803140492636],
            [-118.064925054383693, 36.564724617570427],
            [-118.064336137748043, 36.56432486812804],
            [-118.06399706415246, 36.564046471905634],
            [-118.063747221112379, 36.563818043653114],
            [-118.063404578510216, 36.563464693665942],
            [-118.06306907481958, 36.563189865181577],
            [-118.062972706250846, 36.563075650955589],
            [-118.062797815943114, 36.562815099458724],
            [-118.062747847155421, 36.562697315982625],
            [-118.062669324518154, 36.562447473662587],
            [-118.062572956847717, 36.562229752608012],
            [-118.06234809775232, 36.561847849808025],
            [-118.062205329402516, 36.56160514439879],
            [-118.062166069431356, 36.56144096095916],
            [-118.061944778444257, 36.561023366534087],
            [-118.061909086581394, 36.560884166928737],
            [-118.061919793601263, 36.560734260713097],
            [-118.062048285924561, 36.560523678917647],
            [-118.062073269869245, 36.560441587896186],
            [-118.062073269869245, 36.560323804409286],
            [-118.061980471205459, 36.56025955866405],
            [-118.061812718910971, 36.560213159086295],
            [-118.061573581992448, 36.560123929383771],
            [-118.061462937397209, 36.560023992398712],
            [-118.061402261589663, 36.559913347367932],
            [-118.061177402494266, 36.559253046318958],
            [-118.061120294795046, 36.558974649137141],
            [-118.061045342960981, 36.558517792991367],
            [-118.061048911069307, 36.558439270896223],
            [-118.061082380500153, 36.558356344965674],
            [-118.061393626983147, 36.558082639119014],
            [-118.061467390346081, 36.55798984020727],
            [-118.061486425646947, 36.557944630588679],
            [-118.061493564558518, 36.557885143828337],
            [-118.061493564558518, 36.557828036783967],
            [-118.06146025233285, 36.557770929697391],
            [-118.061346038730974, 36.557685268988415],
            [-118.061186614717528, 36.557601987953156],
            [-118.061093815155402, 36.557547259748333],
            [-118.060989814500005, 36.557448896084438],
            [-118.060946179733406, 36.557411211519309],
            [-118.060632912939312, 36.556971545115253],
            [-118.059767067261134, 36.555776545269794],
            [-118.058800712679101, 36.554652611749532],
            [-118.058428619708621, 36.554202531234218],
            [-118.058400065859004, 36.554145424354651],
            [-118.058392927845745, 36.554066901424335],
            [-118.058439326728504, 36.55394198012187],
            [-118.058683222023092, 36.553666676134625],
            [-118.058711774974384, 36.553595292394412],
            [-118.058697498947879, 36.553476320069187],
            [-118.058635631974283, 36.55334782796254],
            [-118.058583284447721, 36.553304997693935],
            [-118.058511900721996, 36.553262167401591],
            [-118.058024378729087, 36.553097411306723],
            [-118.057893240867301, 36.553038498833992],
            [-118.057826615517598, 36.553000426771654],
            [-118.057726677942227, 36.552910007442662],
            [-118.057355482388729, 36.552515016615821],
            [-118.057279339388629, 36.552386525797402],
            [-118.057246027162947, 36.552224722908811],
            [-118.057250786437336, 36.552105749916862],
            [-118.057172978859015, 36.551927011174634],
            [-118.057002778655374, 36.551476344692396],
            [-118.056955732985656, 36.551401429401302],
            [-118.056774893135781, 36.551268178969039],
            [-118.05651315280808, 36.551130170536076],
            [-118.056417974507085, 36.551034992685459],
            [-118.056379903905366, 36.550949331004198],
            [-118.056365626082226, 36.550778010243462],
            [-118.056313278555663, 36.550620965398117],
            [-118.055994430528727, 36.55014507400238],
            [-118.055923045904692, 36.55008320845419],
            [-118.055675582501806, 36.549983270751099],
            [-118.055542332700739, 36.549921404351679],
            [-118.055394805974913, 36.54983098502862],
            [-118.055242519974655, 36.549721529841101],
            [-118.055128306372808, 36.549578762223284],
            [-118.055075957947963, 36.549469307400251],
            [-118.055037886447892, 36.549359851700544],
            [-118.055018851147025, 36.549231359966427],
            [-118.055042645722295, 36.548931548938384],
            [-118.055027911555001, 36.548827611021132],
            [-118.054995056571784, 36.548722156030038],
            [-118.054947466522975, 36.548674566719164],
            [-118.054795181421071, 36.548565111337339],
            [-118.054633377770386, 36.548479450526969],
            [-118.05445729809324, 36.548384273020446],
            [-118.054290735168223, 36.548274817227544],
            [-118.054181279942398, 36.5481748800728],
            [-118.054005201163562, 36.547917897502884],
            [-118.053622624853745, 36.547394133066987],
            [-118.053454911186833, 36.547146010816832],
            [-118.053250577697369, 36.546986610971672],
            [-118.052753603631047, 36.546675819515556],
            [-118.052587040706001, 36.546575881736842],
            [-118.052477585480233, 36.546452149929038],
            [-118.052368130254408, 36.546342694286871],
            [-118.052306265077448, 36.546218963549222],
            [-118.052258675028639, 36.546080954039091],
            [-118.05211114920111, 36.545386151884898],
            [-118.051956910263442, 36.544799410752404],
            [-118.051875177047322, 36.544607144156565],
            [-118.051834310888395, 36.544524744659164],
            [-118.0518018188246, 36.544453402994506],
            [-118.05170188124923, 36.544277322633413],
            [-118.051616220598675, 36.544158349677069],
            [-118.051306342249859, 36.543794589358761],
            [-118.051171380259873, 36.543634867937335],
            [-118.051083119884893, 36.543535370079255],
            [-118.05098935193891, 36.543417861056],
            [-118.050948313303465, 36.543373636710399],
            [-118.050366527494546, 36.542689270091138],
            [-118.050324886987866, 36.542597066156638],
            [-118.050280271260959, 36.542451324159522],
            [-118.050199965467812, 36.54207060972297],
            [-118.050027453898977, 36.541315131675027],
            [-118.049947147207519, 36.540934418139059],
            [-118.04989410977484, 36.540798810515476],
            [-118.049819251365577, 36.540720266086538],
            [-118.049768687893177, 36.540690523300448],
            [-118.049063771804896, 36.540256270824869],
            [-118.048941823708446, 36.540172989773438],
            [-118.048870440881032, 36.540074837119427],
            [-118.048825826052436, 36.53996478711332],
            [-118.048864491338875, 36.539426433488835],
            [-118.048876389524835, 36.539265820342109],
            [-118.048837723340057, 36.539170641595909],
            [-118.048700904532382, 36.538980285917326],
            [-118.048674135635252, 36.538888081168238],
            [-118.048662237449307, 36.538501419224616],
            [-118.048659263127391, 36.538331882490631],
            [-118.048697930210494, 36.538218857794838],
            [-118.04874254503909, 36.538096910519229],
            [-118.048802031477194, 36.538001731055935],
            [-118.048903158421979, 36.537897630481467],
            [-118.049173821715414, 36.537662658633948],
            [-118.049242231119251, 36.53756748007968],
            [-118.04929874323544, 36.537472301408201],
            [-118.049479309099112, 36.536979610663799],
            [-118.049631867288895, 36.536571080202769],
            [-118.049643765474826, 36.53648482507181],
            [-118.0496407902546, 36.536368826117915],
            [-118.049572380850762, 36.536023804114464],
            [-118.049429613399298, 36.535327812292991],
            [-118.049393921536435, 36.535006585239998],
            [-118.049340383742134, 36.534831099774394],
            [-118.049286845049494, 36.534756741455077],
            [-118.049155975783975, 36.534661563654822],
            [-118.048567059148311, 36.534417668518181],
            [-118.048430240340664, 36.534364130018261],
            [-118.04827557470324, 36.534349258847755],
            [-118.048061423526022, 36.534349258847755],
            [-118.047993014122213, 36.534334386952573],
            [-118.047930552463868, 36.534298695547406],
            [-118.047882964211695, 36.534224337437927],
            [-118.047838348484788, 36.534084543883139],
            [-118.047808605265729, 36.533885263610244],
            [-118.04782050255335, 36.533718702129967],
            [-118.0478918871774, 36.533459934843613],
            [-118.047909732210513, 36.533349884806405],
            [-118.047894860601005, 36.533091118451452],
            [-118.047900809244808, 36.532972145605314],
            [-118.047945424073376, 36.532879941631982],
            [-118.048055473983894, 36.532787736826911],
            [-118.048201216655585, 36.532683635729541],
            [-118.048281523347043, 36.53262414973775],
            [-118.048343269946415, 36.532556572175039],
            [-118.048363257461503, 36.532514694729215],
            [-118.048365161889905, 36.532485189150805],
            [-118.048360402615515, 36.532456634912144],
            [-118.048329175379621, 36.532380143512469],
            [-118.048289062008919, 36.532329314018448],
            [-118.048204309555132, 36.532287217017661],
            [-118.048142444378129, 36.532265326510412],
            [-118.047993014122213, 36.532247242133117],
            [-118.047896883607038, 36.532224399538933],
            [-118.047784572636942, 36.532186328774209],
            [-118.047746501136871, 36.532163486162041],
            [-118.04763609369688, 36.532064975424973],
            [-118.047588505444708, 36.53197277181372],
            [-118.047588505444708, 36.531901388250652],
            [-118.047600401834018, 36.531806209823543],
            [-118.047603377054244, 36.531696158876741],
            [-118.047582555902579, 36.531612878711414],
            [-118.047537941972308, 36.531526622381108],
            [-118.047499274889233, 36.531443341311331],
            [-118.047454660060637, 36.531380880450165],
            [-118.047383276334898, 36.531327343457065],
            [-118.04729404667772, 36.531276779624648],
            [-118.047136407616748, 36.531217293272555],
            [-118.047053125705048, 36.531172677937121],
            [-118.046960921725969, 36.531110217579204],
            [-118.046931179405235, 36.531065602903844],
            [-118.046919281219289, 36.531018012829719],
            [-118.046919281219289, 36.530916886170985],
            [-118.046935770694631, 36.530873437137686],
            [-118.047045225920456, 36.530530794317499],
            [-118.047059502845244, 36.530368991158191],
            [-118.047045225920456, 36.530269053955976],
            [-118.046969082920327, 36.530159598501776],
            [-118.046621681942071, 36.52989785760596],
            [-118.046445601366614, 36.529731295478378],
            [-118.046364700888745, 36.529607564143028],
            [-118.046207655614154, 36.529122153630404],
            [-118.045826942410201, 36.528455904226639],
            [-118.045769834710981, 36.528336931468814],
            [-118.045779352361421, 36.528184646418254],
            [-118.045879289936764, 36.52778965558084],
            [-118.045869772286323, 36.527580263160353],
            [-118.045484298909713, 36.526523781203998],
            [-118.044975095179126, 36.525795667027033],
            [-118.044951299705545, 36.525671934449363],
            [-118.044951299705545, 36.525600551568104],
            [-118.044289809076417, 36.524620212542573],
            [-118.044166076925805, 36.524520275131728],
            [-118.044047104049596, 36.524453651322638],
            [-118.044004274173474, 36.52437274920424],
            [-118.043813917571498, 36.523754089560974],
            [-118.043766327522704, 36.52363987480981],
            [-118.043661631571283, 36.523520901863847],
            [-118.04354741707111, 36.523382892988451],
            [-118.043390372694802, 36.523083081348815],
            [-118.043261882168139, 36.52295459070293],
            [-118.043081043216617, 36.522792786133877],
            [-118.042871650415478, 36.522635742916918],
            [-118.042790748140987, 36.522535805108305],
            [-118.042719365313573, 36.52244538552187],
            [-118.042429070237915, 36.521702993919746],
            [-118.042367173619922, 36.521548342363793],
            [-118.042333306235378, 36.521268142474739],
            [-118.042329132662545, 36.521136682446524],
            [-118.042314856636096, 36.521055779747172],
            [-118.042248231286393, 36.52095108460118],
            [-118.042172088286293, 36.52088921735055],
            [-118.041910347958563, 36.520746449915393],
            [-118.041853240259343, 36.52065127147894],
            [-118.041819928033647, 36.520594164360894],
            [-118.041819928033647, 36.520494226802811],
            [-118.041853240259343, 36.520370495853108],
            [-118.042043596861305, 36.520156343887841],
            [-118.042167329011903, 36.520032612397763],
            [-118.042183772673184, 36.519965742155378],
            [-118.042172088286293, 36.519889844825897],
            [-118.042148293711023, 36.519851772321942],
            [-118.042105463834915, 36.519808942266707],
            [-118.041962695485111, 36.519751835248854],
            [-118.041753302684, 36.519713764120894],
            [-118.041491562356271, 36.519656657032797],
            [-118.041405901705716, 36.519604308891822],
            [-118.041025187603452, 36.519137934491511],
            [-118.040125751221893, 36.517976757194035],
            [-118.040006778345656, 36.517795918088964],
            [-118.039906840770286, 36.517567490319514],
            [-118.039792626270128, 36.51741520500596],
            [-118.039564198168122, 36.517158222724312],
            [-118.03896457451259, 36.516734679078745],
            [-118.038855119286794, 36.516625223967452],
            [-118.038807529237985, 36.516525286336943],
            [-118.038702833286564, 36.516158849660734],
            [-118.038645726485655, 36.516039875318789],
            [-118.038445851334913, 36.515830484306733],
            [-118.038017548082195, 36.515349831791198],
            [-118.037984234958188, 36.51527844877203],
            [-118.037931887431625, 36.514964359673066],
            [-118.037884297382845, 36.514888217019262],
            [-118.037589244829448, 36.51467882433505],
            [-118.037513101829347, 36.514616957845313],
            [-118.037379852926605, 36.514160101635937],
            [-118.037051487249229, 36.5136080671816],
            [-118.037022932501301, 36.513517647270184],
            [-118.037037210324428, 36.513398674643632],
            [-118.03716094247504, 36.513246389068222],
            [-118.037222807652014, 36.513155969456307],
            [-118.037237084576802, 36.513079826467269],
            [-118.037175218501517, 36.512956094491777],
            [-118.036965825700392, 36.512775255927977],
            [-118.03674215687272, 36.512680076350755],
            [-118.036556558646822, 36.512622970569893],
            [-118.036470897996281, 36.512542068355117],
            [-118.036442344146636, 36.512442130505704],
            [-118.036409031920968, 36.51225653274409],
            [-118.036304335969547, 36.511975756982046],
            [-118.036237710619872, 36.511809193812532],
            [-118.036218675319006, 36.511728292191158],
            [-118.036237710619872, 36.511637872971683],
            [-118.036290059044759, 36.511571248178029],
            [-118.036361442770456, 36.511528417871702],
            [-118.036480415646707, 36.51149034630793],
            [-118.036780227474466, 36.511461792983823],
            [-118.036899200350689, 36.511409445075302],
            [-118.036965825700392, 36.511342820085012],
            [-118.036975344249129, 36.51126191797615],
            [-118.036975344249129, 36.511185775289796],
            [-118.036942032023433, 36.511147703557477],
            [-118.036751674523146, 36.511019212586241],
            [-118.036542281722006, 36.510862169300388],
            [-118.036218675319006, 36.510586151634037],
            [-118.036094943168393, 36.510438624409716],
            [-118.035971210119484, 36.510248268055541],
            [-118.035952174818618, 36.510086463631154],
            [-118.03596169246903, 36.509977008503284],
            [-118.035983253832498, 36.509804370242684],
            [-118.035990247216972, 36.509691474259689],
            [-118.035990247216972, 36.509582018573269],
            [-118.035947415544214, 36.509353589663711],
            [-118.035933139517738, 36.509277447266101],
            [-118.035952174818618, 36.509215581512876],
            [-118.036047353119585, 36.509015706480973],
            [-118.036109220093209, 36.508839626304216],
            [-118.036090182995707, 36.508715894770511],
            [-118.036018800168293, 36.508587403372523],
            [-118.035423933990529, 36.507935430990749],
            [-118.035371586463953, 36.507840253404396],
            [-118.035333514963895, 36.507716520995281],
            [-118.035333514963895, 36.507630860425145],
            [-118.035362068813527, 36.507507128403404],
            [-118.035514353915417, 36.507221592991293],
            [-118.035623809141228, 36.507002682421266],
            [-118.035690434490888, 36.50677901362058],
            [-118.035723746716599, 36.506598173621548],
            [-118.035757058942238, 36.506117522978613],
            [-118.035795129544013, 36.505636871517659],
            [-118.035814166641501, 36.505394166541706],
            [-118.035828442668006, 36.50519905090465],
            [-118.035884770629565, 36.504891207976947],
            [-118.035921119160918, 36.50475669536636],
            [-118.035995004694726, 36.504575631854657],
            [-118.036118736845339, 36.504385274801862],
            [-118.036236629048261, 36.504230272367273],
            [-118.036646977673428, 36.503761855697526],
            [-118.036956307151627, 36.503395419247219],
            [-118.037208529828902, 36.503114642392347],
            [-118.037275155178577, 36.503033741070858],
            [-118.037432199554829, 36.502767240812851],
            [-118.03794616345813, 36.501934429176195],
            [-118.038650483065084, 36.500758976170381],
            [-118.039340526645503, 36.499593039479784],
            [-118.039454741145661, 36.499350334332348],
            [-118.039507089570577, 36.499217085200051],
            [-118.039557770722226, 36.499000940847566],
            [-118.039564196371487, 36.498817334983258],
            [-118.039549919446671, 36.498679326824529],
            [-118.039469018070491, 36.498236747003126],
            [-118.039445223495264, 36.49805114912256],
            [-118.039449981871314, 36.497760855331776],
            [-118.039454741145661, 36.497660917174805],
            [-118.039473776446542, 36.497513390593504],
            [-118.039616543898049, 36.496918525406684],
            [-118.040329111835902, 36.49406817349567],
            [-118.040389155229491, 36.493797782356118],
            [-118.040459846354139, 36.493425368223512],
            [-118.040470501271741, 36.492969539548206],
            [-118.040441946523785, 36.491413371640121],
            [-118.040441946523785, 36.491280121850515],
            [-118.040475259647792, 36.491203979010656],
            [-118.040560919400022, 36.491085006034638],
            [-118.040718202728172, 36.490972219972861],
            [-118.041070362082479, 36.490743791765127],
            [-118.041232166631474, 36.490644806528842],
            [-118.041285466372216, 36.490585795928226],
            [-118.0413006946129, 36.490519171072435],
            [-118.041298791082838, 36.490462063388556],
            [-118.041285466372216, 36.490408763134482],
            [-118.041251201932312, 36.490357366580881],
            [-118.041066555920636, 36.490149877727831],
            [-118.041030387052317, 36.490092770493852],
            [-118.041007544691311, 36.490047085687451],
            [-118.040997569798392, 36.489933649569082],
            [-118.04099136423639, 36.489873147060266],
            [-118.041009210167829, 36.489651856857726],
            [-118.04100564116122, 36.48953407387382],
            [-118.040941395448741, 36.489348476081197],
            [-118.040509524087668, 36.488516854075577],
            [-118.040452416388433, 36.488427623973536],
            [-118.040216849374858, 36.488134950481879],
            [-118.03955654901344, 36.487364004856254],
            [-118.039360242869364, 36.487117731088851],
            [-118.039317412993256, 36.487032070841323],
            [-118.039317412993256, 36.486903578847979],
            [-118.039356674761066, 36.486628751967821],
            [-118.039348020391614, 36.486513583961418],
            [-118.039295568660506, 36.486400539180352],
            [-118.038696374399677, 36.485522301738015],
            [-118.038560744961444, 36.485318858278099],
            [-118.038521483193648, 36.485229628825969],
            [-118.038485791330785, 36.485086861344328],
            [-118.038410838598409, 36.484176715985278],
            [-118.038378715742169, 36.484026811299437],
            [-118.038285916180072, 36.483726998168564],
            [-118.03823594739238, 36.483605646108579],
            [-118.038064626989609, 36.483266572212791],
            [-118.037932566558013, 36.482973899446542],
            [-118.037847187978443, 36.482753547998016],
            [-118.036990567998231, 36.479756538796011],
            [-118.036902301335061, 36.479476205688151],
            [-118.036854669963731, 36.479311908554379],
            [-118.036854669963731, 36.479219109748129],
            [-118.036876084901806, 36.479126310830686],
            [-118.036990299401964, 36.478865759624512],
            [-118.037183035641107, 36.478473147770487],
            [-118.037240143340355, 36.478326811140377],
            [-118.037282973216477, 36.478187612203207],
            [-118.037429309674579, 36.477391683406559],
            [-118.037564938214501, 36.476667137670475],
            [-118.037714844577522, 36.4761067738633],
            [-118.03782905907768, 36.475692747884786],
            [-118.038111024974015, 36.474700512404745],
            [-118.038193116617933, 36.474536330113132],
            [-118.038271638356932, 36.474411408225805],
            [-118.038503636363899, 36.474125872140085],
            [-118.038671388658358, 36.473829629614706],
            [-118.038735633472541, 36.47366187773013],
            [-118.038764187322158, 36.473522678359792],
            [-118.038790304940733, 36.47330559907946],
            [-118.038788696058063, 36.472987002610658],
            [-118.038788696058063, 36.472859106396271],
            [-118.038833309988334, 36.472680647587097],
            [-118.038907668934272, 36.472525981893938],
            [-118.039011769302661, 36.472374290630256],
            [-118.039169409262001, 36.472225575258172],
            [-118.039675044884291, 36.471960859456274],
            [-118.039898119925525, 36.471827014920336],
            [-118.040049810342722, 36.471696144917416],
            [-118.040147962067294, 36.47157122278665],
            [-118.040246115588502, 36.471410609664233],
            [-118.040516778881923, 36.470824667073074],
            [-118.040617905826707, 36.470655130159422],
            [-118.040876672730818, 36.47033390339729],
            [-118.040986722641321, 36.470191135199101],
            [-118.041067029332766, 36.470113802796895],
            [-118.041144362600647, 36.470045393355399],
            [-118.041269283222377, 36.469953189544164],
            [-118.041661894612233, 36.469750935452176],
            [-118.041774918844666, 36.469685499809323],
            [-118.041834406181096, 36.46962303967728],
            [-118.042105069474502, 36.469224478960712],
            [-118.04242332191842, 36.468709920576543],
            [-118.042634499672062, 36.4683886937],
            [-118.042670191534924, 36.468284592673697],
            [-118.042964650301911, 36.466678455673133],
            [-118.043000341266463, 36.466476201706193],
            [-118.043006290808592, 36.466330460102427],
            [-118.042997367842858, 36.46606574439663],
            [-118.042973573267616, 36.465893233647229],
            [-118.042923008896892, 36.465720722513893],
            [-118.042836754459941, 36.465536313885679],
            [-118.042664242891107, 36.465182368939921],
            [-118.042542295692968, 36.464935500179379],
            [-118.042426296240336, 36.46462319649644],
            [-118.042384655733656, 36.46448340221356],
            [-118.04234004090506, 36.464269251716736],
            [-118.042292972777418, 36.463969141798898],
            [-118.042239434084806, 36.463658622301146],
            [-118.042206716543859, 36.463486705112686],
            [-118.042200767900056, 36.463349886754898],
            [-118.042221588153382, 36.463135735294529],
            [-118.042266202981978, 36.46294240461048],
            [-118.042328663741998, 36.462793687760346],
            [-118.042335967045247, 36.462711536365283],
            [-118.042313792132461, 36.462641996958403],
            [-118.042284049811713, 36.462594408164385],
            [-118.042034205873321, 36.462410000047278],
            [-118.041802207866354, 36.46228507812377],
            [-118.041689183633949, 36.462192874474681],
            [-118.04158805668915, 36.462100669993461],
            [-118.041341187970986, 36.4618032378363],
            [-118.040499453075029, 36.460783042945074],
            [-118.040428068450979, 36.460693813418644],
            [-118.040332890149983, 36.460568891620142],
            [-118.040225760662466, 36.460405722666692],
            [-118.039901299961628, 36.459831736492973],
            [-118.039659728608683, 36.459379472938501],
            [-118.039175329159704, 36.458497651993184],
            [-118.039107646492951, 36.458390098563299],
            [-118.039086230656565, 36.458338701724699],
            [-118.039074810374359, 36.458270174239438],
            [-118.039074810374359, 36.45819593455689],
            [-118.039091941246838, 36.45802175825618],
            [-118.039091941246838, 36.457987493297331],
            [-118.039080520066321, 36.457948946735833],
            [-118.039036261868901, 36.457878990504881],
            [-118.038976299323664, 36.457827593327529],
            [-118.038910849868714, 36.457783197964972],
            [-118.038740732310089, 36.457656689177206],
            [-118.038708372298629, 36.457618617864128],
            [-118.038666493738376, 36.457542475181995],
            [-118.038643651377328, 36.457454910210373],
            [-118.038636037256978, 36.457395899622014],
            [-118.038636037256978, 36.457344504292088],
            [-118.038643499562056, 36.457303602734981],
            [-118.03867756637257, 36.457155203092505],
            [-118.038670766125875, 36.457072802958045],
            [-118.038633550720292, 36.456967311063472],
            [-118.038615704788839, 36.456867373751358],
            [-118.038622841903802, 36.456763867784659],
            [-118.038715640567574, 36.456621099885183],
            [-118.038765609355252, 36.456471193199512],
            [-118.038886962766995, 36.4559500915001],
            [-118.038886962766995, 36.455857292180255],
            [-118.038833424074369, 36.455660987478304],
            [-118.038783456185001, 36.455493235294647],
            [-118.038765609355252, 36.45503994789339],
            [-118.03874419531553, 36.454954286870731],
            [-118.038562166096256, 36.454543829983265],
            [-118.038508628301926, 36.454404631689364],
            [-118.038315892062784, 36.453544456688],
            [-118.038155277781541, 36.452787787893691],
            [-118.038148139768296, 36.45267000451706],
            [-118.038155277781541, 36.452534375193544],
            [-118.038219523494021, 36.452305947121729],
            [-118.038476505445672, 36.451692046371221],
            [-118.038512196410224, 36.451581401027333],
            [-118.038508628301926, 36.451442202474823],
            [-118.03811601601376, 36.450289353068605],
            [-118.037998232506951, 36.449968126470999],
            [-118.03789829493158, 36.449654037694728],
            [-118.037894726823282, 36.449543393056807],
            [-118.03790543384315, 36.449447024435038],
            [-118.038012510330063, 36.449232872878419],
            [-118.038501489390356, 36.448258483671729],
            [-118.038569303211162, 36.448108576720422],
            [-118.03872991749239, 36.447558921442301],
            [-118.038762040348615, 36.447423292576005],
            [-118.038804870224737, 36.447316216607419],
            [-118.038876254848802, 36.447248401991807],
            [-118.039029729320134, 36.447134188566928],
            [-118.039111820964067, 36.447066373069525],
            [-118.039147512826929, 36.446962866307828],
            [-118.039165358758368, 36.446745145410468],
            [-118.03920818863449, 36.446641639665444],
            [-118.039283142265162, 36.446552409043733],
            [-118.039418771703396, 36.446413210861053],
            [-118.039632921982275, 36.446334689162313],
            [-118.039747137380786, 36.446266874411315],
            [-118.039789967256894, 36.446170506055005],
            [-118.039793536263531, 36.446113398931523],
            [-118.039775690332078, 36.44597063093876],
            [-118.039764982413899, 36.44589210879213],
            [-118.039814951201549, 36.445781464569642],
            [-118.040173263117239, 36.445369172811311],
            [-118.040375792789632, 36.445128829901684],
            [-118.041061078892341, 36.444395955607355],
            [-118.041194327795068, 36.444248429506267],
            [-118.041305247274778, 36.444174482800683],
            [-118.041489380348466, 36.444077107378469],
            [-118.041665545365575, 36.444015013952708],
            [-118.042902780633341, 36.443696393958419],
            [-118.043078861208812, 36.443610733416271],
            [-118.043164521859353, 36.443563143783926],
            [-118.043240663961143, 36.443477483817318],
            [-118.043364397010066, 36.44329664491633],
            [-118.043640414262569, 36.44275888650531],
            [-118.043868842364603, 36.442197333103223],
            [-118.04390215459027, 36.441978423068775],
            [-118.043911898616187, 36.441808200874746],
            [-118.043873601638992, 36.441631021974004],
            [-118.043797458638878, 36.44150728932545],
            [-118.04364517263862, 36.441307414481464],
            [-118.043502406085508, 36.441178924012732],
            [-118.043297771660392, 36.44107898659356],
            [-118.042698147106549, 36.440879111369021],
            [-118.042303156977809, 36.440736344584842],
            [-118.042050933402237, 36.440650683665609],
            [-118.041727326999208, 36.440479362266139],
            [-118.041427515171463, 36.440255692915031],
            [-118.041237158569501, 36.440041542003847],
            [-118.041084871670961, 36.439798836778927],
            [-118.041008729569171, 36.439551372668284],
            [-118.040927828192991, 36.439389569451734],
            [-118.040544868302518, 36.439067374132598],
            [-118.039343106607006, 36.438099900630704],
            [-118.038976669429573, 36.437804848056196],
            [-118.038833901978109, 36.437652562743928],
            [-118.038733964402738, 36.437486000928729],
            [-118.038515053951159, 36.436900653338348],
            [-118.038429393300603, 36.436738849654098],
            [-118.038348491026113, 36.436638912298463],
            [-118.03814385749935, 36.436429519842832],
            [-118.03783452712284, 36.436158261267828],
            [-118.037767903569772, 36.435996458203938],
            [-118.037748866472285, 36.435877485041374],
            [-118.037539473671131, 36.434763896937206],
            [-118.0375156799942, 36.434611611439863],
            [-118.037472849219768, 36.434421255232046],
            [-118.037406224768404, 36.434268969785109],
            [-118.036449680687568, 36.432579551833783],
            [-118.036284096027899, 36.432333000661423],
            [-118.036210020051215, 36.432231229802035],
            [-118.035845297757675, 36.431751499727348],
            [-118.035773914031935, 36.431608732052418],
            [-118.03569777103182, 36.431446927454623],
            [-118.035478860580227, 36.430990071502769],
            [-118.035436030704133, 36.430875857998146],
            [-118.035307538380835, 36.429957385919529],
            [-118.03523139627903, 36.429533841067887],
            [-118.035212360978164, 36.429438662578221],
            [-118.035250432478222, 36.429276859962059],
            [-118.035459824381036, 36.428891386708329],
            [-118.035478860580227, 36.428748618832707],
            [-118.035288503079968, 36.427477986472226],
            [-118.035269467779074, 36.42730190675185],
            [-118.035272562475242, 36.427150933667903],
            [-118.035302780004784, 36.4269211927122],
            [-118.035407475956191, 36.426454819011092],
            [-118.035478860580227, 36.426283496633268],
            [-118.035635904058225, 36.426021755931494],
            [-118.035745359283993, 36.425821880961301],
            [-118.035797708607191, 36.425655319779629],
            [-118.035788189160129, 36.425422132368467],
            [-118.035602591832529, 36.424832025847429],
            [-118.035607351106918, 36.424708293884045],
            [-118.035678733934333, 36.424384687390386],
            [-118.036035653461326, 36.423123572714857],
            [-118.036054688762206, 36.422947492516002],
            [-118.036054688762206, 36.422462082104595],
            [-118.03604517111178, 36.422214618378739],
            [-118.036111796461427, 36.422090885858644],
            [-118.036411608289214, 36.4217910746573],
            [-118.036478232740578, 36.421676859907812],
            [-118.036511544966245, 36.421524574759538],
            [-118.036549617364628, 36.420753629595289],
            [-118.03657341193987, 36.420625137629017],
            [-118.036706660842583, 36.420401468893076],
            [-118.038248552552446, 36.418302783407157],
            [-118.038381801455174, 36.418088632650822],
            [-118.038424633127917, 36.417883998768566],
            [-118.038453186079238, 36.417574669004523],
            [-118.038496015955332, 36.417336723139172],
            [-118.038666627587361, 36.41692296967242],
            [-118.038809890908865, 36.416688822782405],
            [-118.03892087237233, 36.416436210993119],
            [-118.038951329752038, 36.416337225579127],
            [-118.038985594191928, 36.416227770316823],
            [-118.039011054243687, 36.416128230174152],
            [-118.039074310012751, 36.41588306822127],
            [-118.039112177595243, 36.415736306249194],
            [-118.039118843992966, 36.415712855305955],
            [-118.039143589884105, 36.415596736887579],
            [-118.039154785587471, 36.415438447659263],
            [-118.039150728795661, 36.415389010357416],
            [-118.039131693494795, 36.415341421493785],
            [-118.03890088485727, 36.414963087183587],
            [-118.038812845467845, 36.414832216659391],
            [-118.038750979392532, 36.414677551998814],
            [-118.038736702467745, 36.414563336908095],
            [-118.038729563556174, 36.414063650688824],
            [-118.038770014693412, 36.41394229876564],
            [-118.039022237370659, 36.41353779002177],
            [-118.039098380370788, 36.413416437277021],
            [-118.039136450972535, 36.413330776571947],
            [-118.039162626083268, 36.413266530981161],
            [-118.039179282645279, 36.41316421389979],
            [-118.039181661384163, 36.412959580778612],
            [-118.039210214335455, 36.412721634510092],
            [-118.039238769083383, 36.412628835542549],
            [-118.039300634260385, 36.412509862715744],
            [-118.03952430398634, 36.412176737831338],
            [-118.039709902212252, 36.411829337102418],
            [-118.039764629375995, 36.411710363774048],
            [-118.039954986876253, 36.4110607703374],
            [-118.040007334402816, 36.410908484615],
            [-118.040062061566559, 36.410806168042406],
            [-118.040361874292643, 36.410439731663402],
            [-118.040599820045102, 36.410135160377017],
            [-118.040773520983365, 36.409904351879611],
            [-118.040866319647165, 36.409832968593598],
            [-118.041297002537121, 36.409652129389073],
            [-118.041489738776264, 36.409540294844717],
            [-118.041558742864794, 36.40945463420303],
            [-118.041599194002046, 36.409354697150356],
            [-118.041601572740916, 36.409283312636305],
            [-118.041513533351477, 36.408869286366858],
            [-118.041477840590304, 36.408740795705064],
            [-118.041482599864693, 36.408631340582758],
            [-118.041546845577173, 36.408388635479199],
            [-118.04159205509049, 36.408210175828344],
            [-118.041608711652472, 36.408012679868584],
            [-118.041613470926848, 36.407912743852847],
            [-118.041603952378111, 36.407800908250579],
            [-118.041565880878039, 36.407667659355923],
            [-118.041363626988456, 36.407246494438205],
            [-118.041287483988356, 36.407101346473432],
            [-118.041175650023675, 36.406808674001638],
            [-118.040909149523287, 36.406047245553978],
            [-118.040835386160353, 36.405916375914799],
            [-118.040738015071767, 36.405811063185958],
            [-118.04069975672212, 36.405768848981516],
            [-118.040383289230689, 36.405473795720638],
            [-118.040314284243834, 36.405383375435541],
            [-118.040273834004893, 36.405281058816307],
            [-118.040254797805702, 36.405150189332574],
            [-118.040288110031398, 36.404819443382983],
            [-118.040292869305759, 36.40472664437489],
            [-118.040273834004893, 36.404664779030952],
            [-118.040181033544485, 36.404498216576229],
            [-118.040107271079876, 36.404350689842317],
            [-118.040083476504606, 36.40420554225188],
            [-118.040107271079876, 36.404100846100981],
            [-118.040202449380843, 36.403777239778933],
            [-118.040211967031269, 36.403655886970348],
            [-118.040192931730402, 36.403503601193393],
            [-118.040054923553328, 36.403160958911471],
            [-118.039900257915889, 36.402842111220949],
            [-118.039819356539724, 36.402718379652001],
            [-118.039574270977383, 36.402413808463066],
            [-118.039034133759998, 36.401837978347253],
            [-118.038953232383818, 36.401766594880336],
            [-118.038713893344365, 36.401631930783481],
            [-118.038156112316457, 36.401338291978774],
            [-118.038003827214538, 36.401240733400016],
            [-118.037911027652427, 36.401145555662126],
            [-118.037751603638952, 36.400874297457278],
            [-118.037663564249542, 36.400741047529422],
            [-118.037454171448374, 36.400491203750789],
            [-118.037068698970089, 36.40016283776292],
            [-118.036928310257494, 36.400074798078244],
            [-118.036716537819132, 36.399960583932838],
            [-118.036490489354293, 36.399858267403594],
            [-118.036228748128266, 36.399772606933155],
            [-118.036050288813925, 36.399722637618957],
            [-118.035315035720188, 36.399587009043735],
            [-118.035053295392487, 36.399522762933181],
            [-118.034946218905574, 36.399465656921912],
            [-118.034329938688046, 36.399151566963965],
            [-118.03344477923126, 36.398682813939338],
            [-118.033064064230686, 36.398447247651532],
            [-118.031990927809147, 36.397702475612682],
            [-118.031893368972646, 36.39760253790552],
            [-118.031812468494792, 36.397485944112965],
            [-118.031660182494562, 36.397107609616256],
            [-118.031600696056458, 36.397012431878004],
            [-118.031267571104706, 36.396710239671563],
            [-118.030023112483732, 36.395677554512119],
            [-118.02996600478447, 36.395596652423521],
            [-118.029889862682694, 36.395432470470936],
            [-118.029766131430421, 36.395163590826165],
            [-118.029649537293039, 36.395068412153542],
            [-118.029544840443322, 36.395001786941052],
            [-118.029454421416716, 36.394963715985206],
            [-118.029178404164199, 36.394878055904847],
            [-118.029078466588828, 36.39482570662544],
            [-118.028988046663912, 36.394713872434323],
            [-118.028947595526674, 36.39461393449988],
            [-118.028919042575353, 36.393842989801279],
            [-118.028907145287732, 36.393745431214057],
            [-118.028876211800949, 36.393602663810576],
            [-118.028827101802662, 36.393503806218277],
            [-118.02871048251248, 36.393395696310364],
            [-118.028512888184281, 36.393222569882404],
            [-118.028468868040406, 36.393164273338414],
            [-118.028440314190789, 36.393119063640277],
            [-118.028417709883271, 36.393079802241743],
            [-118.028398674582405, 36.39300247035326],
            [-118.028374880007163, 36.39272169282853],
            [-118.028359412814581, 36.392661016855051],
            [-118.02832966959555, 36.392597961778471],
            [-118.028184522506876, 36.392413553641703],
            [-118.028025098493416, 36.392292200443208],
            [-118.027714578747478, 36.392081618182367],
            [-118.027531206546826, 36.391941411918644],
            [-118.027483399105733, 36.391901139721483],
            [-118.02736658218619, 36.39180072307785],
            [-118.027034648400488, 36.391383126854976],
            [-118.026749112599219, 36.391044054024796],
            [-118.026670589961924, 36.390897718060309],
            [-118.026649175023877, 36.3907121199491],
            [-118.026677727975184, 36.390533659475203],
            [-118.026977540701239, 36.389655638853618],
            [-118.02700609365256, 36.389541424583399],
            [-118.026998954740989, 36.389412933057677],
            [-118.026909725982136, 36.389138106381779],
            [-118.026663451050354, 36.388609865611542],
            [-118.026663451050354, 36.388499220746368],
            [-118.026692004899999, 36.388399283500071],
            [-118.026756249714154, 36.388285068830491],
            [-118.027434396905306, 36.387382063474128],
            [-118.028019766093891, 36.386635169207572],
            [-118.028065287322605, 36.386582635753498],
            [-118.028424585588482, 36.386259028806634],
            [-118.028599714848056, 36.386116260671642],
            [-118.028700447432456, 36.386034757072331],
            [-118.028887533268446, 36.385856591043726],
            [-118.028937025949034, 36.385797579535925],
            [-118.028988637755361, 36.385710128882749],
            [-118.029020490218713, 36.385616529636422],
            [-118.029200558415738, 36.384945595178358],
            [-118.029250020553576, 36.384768914979198],
            [-118.029292850429698, 36.384640424244431],
            [-118.029410633936493, 36.384483379483655],
            [-118.029906751908371, 36.38409790667329],
            [-118.029985273647341, 36.383980123214648],
            [-118.030053088366444, 36.383794525223202],
            [-118.0301530259418, 36.383619635946573],
            [-118.03023154857911, 36.383533974937443],
            [-118.030367178017343, 36.383444744830229],
            [-118.030659850933532, 36.383305545600585],
            [-118.030756219502265, 36.383223455429196],
            [-118.030809757296566, 36.38312708620591],
            [-118.030870433104113, 36.382923642488137],
            [-118.030913264776856, 36.382816566519196],
            [-118.030963231767913, 36.382763028841104],
            [-118.031505749520818, 36.382299034086564],
            [-118.031637809952414, 36.382224080972634],
            [-118.03177700839727, 36.382181250796073],
            [-118.032041128362167, 36.382131282467917],
            [-118.032248141526125, 36.382109866633805],
            [-118.032440878663593, 36.38206703639429],
            [-118.03254081534061, 36.382027775923369],
            [-118.033094040113411, 36.38165658030308],
            [-118.033268930421158, 36.381506673487792],
            [-118.033736494543376, 36.380953448396312],
            [-118.033907815844458, 36.380789266617001],
            [-118.034146952762981, 36.380603668242166],
            [-118.03435039602202, 36.380460900572103],
            [-118.034457470712297, 36.380318132639928],
            [-118.03450743949999, 36.38012182639568],
            [-118.03450743949999, 36.380025459114592],
            [-118.034437454451137, 36.379843577795974],
            [-118.034389655993181, 36.379774188344015],
            [-118.034071999132323, 36.379329466034044],
            [-118.033957784632136, 36.379154575394608],
            [-118.033900676932916, 36.379008238749947],
            [-118.033768617399602, 36.378455013966665],
            [-118.033725787523494, 36.378258708805618],
            [-118.033732956977772, 36.378100195250404],
            [-118.033781862160154, 36.377951956635073],
            [-118.033894174028575, 36.377767310525478],
            [-118.034265369582059, 36.377497003551198],
            [-118.034368162003389, 36.377346620769487],
            [-118.034406233503447, 36.377209565217179],
            [-118.034385550692335, 36.376890848303752],
            [-118.034282421402779, 36.376164663921529],
            [-118.034240780896098, 36.376015947874372],
            [-118.033883862267402, 36.375557900865068],
            [-118.033788683966435, 36.375355646666591],
            [-118.033645916514942, 36.37493924160529],
            [-118.033526943638734, 36.374802421940913],
            [-118.033175972755544, 36.374570425030853],
            [-118.032194443831713, 36.374195659830676],
            [-118.032129009648074, 36.374130225347379],
            [-118.031808113462304, 36.373261636459141],
            [-118.031780289943001, 36.373178528132065],
            [-118.031780454334708, 36.372696599780298],
            [-118.03180183334014, 36.372422961724773],
            [-118.03184347384682, 36.372173117347756],
            [-118.031980292654495, 36.37189353112106],
            [-118.032387048018492, 36.371442881762199],
            [-118.032845837397034, 36.370889525051261],
            [-118.032872591022823, 36.37082872281983],
            [-118.032872591022823, 36.370668108064727],
            [-118.032842846905453, 36.37057887910931],
            [-118.032777412721856, 36.37051344375368],
            [-118.032616799338967, 36.370400419444891],
            [-118.032456184159415, 36.370311189459123],
            [-118.032295570776498, 36.370192216226705],
            [-118.031932702605687, 36.369710375704386],
            [-118.031611475839881, 36.369377250371251],
            [-118.031403272408127, 36.369192842137537],
            [-118.030963072766113, 36.368865666213431],
            [-118.030362258842814, 36.36840762050165],
            [-118.030255182355916, 36.368294596750289],
            [-118.030165953597034, 36.368110188120518],
            [-118.030011287959667, 36.367503425893744],
            [-118.029933955590096, 36.367152454652889],
            [-118.029886365541302, 36.36629584847018],
            [-118.029844725034593, 36.365421396001935],
            [-118.029862570966046, 36.365225091224318],
            [-118.029945851979406, 36.364981195908761],
            [-118.030415795738833, 36.364410125423589],
            [-118.030534768615041, 36.364279255131692],
            [-118.031141250009455, 36.363930864849017],
            [-118.031255032419963, 36.363830012778514],
            [-118.031329731827441, 36.363676668798369],
            [-118.031340394829854, 36.363503729389407],
            [-118.031321359528974, 36.363399033400803],
            [-118.031180970816351, 36.363208676302406],
            [-118.031160031985408, 36.363180836611889],
            [-118.030728159726053, 36.362816779205311],
            [-118.030067859364678, 36.362263554291332],
            [-118.029514633693566, 36.361767436760708],
            [-118.029075623420951, 36.361285596151141],
            [-118.028529536661424, 36.360653848960688],
            [-118.028383200203322, 36.360475389681312],
            [-118.028279694519654, 36.360282653344633],
            [-118.028122649245063, 36.359900748600118],
            [-118.027694345992316, 36.358697931298664],
            [-118.027565855465653, 36.358394549890207],
            [-118.027519454786287, 36.358151845648287],
            [-118.027504271461353, 36.357982246378995],
            [-118.027587353947027, 36.357620327023255],
            [-118.02776415407304, 36.356955526826155],
            [-118.027776734080291, 36.356888902961849],
            [-118.027857338114089, 36.356531927661763],
            [-118.027857338114089, 36.356393919547813],
            [-118.027776437636248, 36.355713393151113],
            [-118.027771677463562, 36.355513518197448],
            [-118.0277954729371, 36.355318402399661],
            [-118.027881132689359, 36.355085215167463],
            [-118.028314195216453, 36.354357100323497],
            [-118.028675874017836, 36.353871689778956],
            [-118.029418265124832, 36.353067432761215],
            [-118.029879881501586, 36.35251539669607],
            [-118.029984576554668, 36.352286968880165],
            [-118.030184451705381, 36.351687345025816],
            [-118.030298665307257, 36.351463674685029],
            [-118.030450950409161, 36.351206693671664],
            [-118.030860218361013, 36.350687970595267],
            [-118.030874495285829, 36.350554720763071],
            [-118.030845941436212, 36.350250149998608],
            [-118.030750763135245, 36.349888471798728],
            [-118.03071269253347, 36.349341195655505],
            [-118.030693655435996, 36.349179392663373],
            [-118.030550887984532, 36.348827231792292],
            [-118.030531852683637, 36.348717776971235],
            [-118.030579441834121, 36.348408446888243],
            [-118.030579441834121, 36.348260920813381],
            [-118.030393844506548, 36.347347206967619],
            [-118.030355772108166, 36.347204439047246],
            [-118.030370049032982, 36.34658102061934],
            [-118.030374807409032, 36.34631927991245],
            [-118.030365289758606, 36.345976638162917],
            [-118.030436674382656, 36.345505504652152],
            [-118.030469986608324, 36.34531514720576],
            [-118.030465227333949, 36.345210451352521],
            [-118.030579441834121, 36.345024853483331],
            [-118.030622271710229, 36.344867808341633],
            [-118.030627030086293, 36.344748836007689],
            [-118.030536611957999, 36.344453782735258],
            [-118.030550887984532, 36.344311014574757],
            [-118.030850699812277, 36.343930301335938],
            [-118.030955395763669, 36.343749461515635],
            [-118.03097919033894, 36.343630488920198],
            [-118.030950637387619, 36.343487720697482],
            [-118.029960781081115, 36.341841133603772],
            [-118.029884638081015, 36.341731678369172],
            [-118.028671112946839, 36.340698992601261],
            [-118.028599729221114, 36.340580019687252],
            [-118.028390336419946, 36.340075574191637],
            [-118.028152389769176, 36.339771002959623],
            [-118.027609872914582, 36.339114272049493],
            [-118.027509935339211, 36.338938191847028],
            [-118.027486140763969, 36.338709763274288],
            [-118.027519452989665, 36.338467058448025],
            [-118.027519452989665, 36.338367120606271],
            [-118.027486140763969, 36.33825290628981],
            [-118.027191087312275, 36.337905505220483],
            [-118.027076873710428, 36.337767496651992],
            [-118.026805615732286, 36.336844265444583],
            [-118.026734231108207, 36.336587283942862],
            [-118.026746723978889, 36.336315192705293],
            [-118.026834763368299, 36.336062969580681],
            [-118.027032257983521, 36.33579646956634],
            [-118.027175025435014, 36.33560135356533],
            [-118.027275583746231, 36.335449641525578],
            [-118.027294792421912, 36.335381253816301],
            [-118.027324536539311, 36.335244434798625],
            [-118.027140127682827, 36.334280752255907],
            [-118.027110383565457, 36.334084447101361],
            [-118.027146075428348, 36.333882192941857],
            [-118.028133552995982, 36.332609181758762],
            [-118.028258473617711, 36.332490208790524],
            [-118.029317334012774, 36.331800164741878],
            [-118.029608818457845, 36.331580064384639],
            [-118.029852713752433, 36.331282630951016],
            [-118.030060915387523, 36.330973301088655],
            [-118.030114454080135, 36.330824585526649],
            [-118.03009660814871, 36.330081004182254],
            [-118.030126350469445, 36.329938236452591],
            [-118.030358348476412, 36.329599162136603],
            [-118.030465424065, 36.329456394247742],
            [-118.030620089702424, 36.329099475552148],
            [-118.030709318461277, 36.32887937552622],
            [-118.030834239981331, 36.328689018695506],
            [-118.031387465652415, 36.328219074612761],
            [-118.031690846486796, 36.327981128837372],
            [-118.031774127500142, 36.327909745614427],
            [-118.031875255343252, 36.32776697752481],
            [-118.032089405622173, 36.327344623591365],
            [-118.032202430752889, 36.327160214930061],
            [-118.032595041244463, 36.326850884623056],
            [-118.033368366736553, 36.326333351248635],
            [-118.034165486803943, 36.325946690040816],
            [-118.034546200007853, 36.325732537479432],
            [-118.034683018815528, 36.325548129345435],
            [-118.034742505253632, 36.325381566808154],
            [-118.03474845389745, 36.325226902258414],
            [-118.034718711576716, 36.324887829152658],
            [-118.034700864746966, 36.32475101052421],
            [-118.034796043946258, 36.324542807519485],
            [-118.034885272705125, 36.324411936795315],
            [-118.03501019512349, 36.324043121078269],
            [-118.035063732917763, 36.323840865459616],
            [-118.035069680663284, 36.323210309013056],
            [-118.035099424780626, 36.322960465177957],
            [-118.035747827854408, 36.321532788228716],
            [-118.035843006155375, 36.321354329032928],
            [-118.036479511941522, 36.320515569103073],
            [-118.036800739605653, 36.320075368432207],
            [-118.037026788070492, 36.319795781822926],
            [-118.037300425685814, 36.319516194934494],
            [-118.037580011944954, 36.319260403382593],
            [-118.037698986617826, 36.319099788626751],
            [-118.037823907239542, 36.318951073565422],
            [-118.038151083547504, 36.318606050982666],
            [-118.038371183368525, 36.318385950994312],
            [-118.038460413025689, 36.318225338055548],
            [-118.038579386800222, 36.317969545162661],
            [-118.038615077764774, 36.317785136754857],
            [-118.038573437258094, 36.317624523301916],
            [-118.038496104888551, 36.317487704227226],
            [-118.038394977943739, 36.31740442271343],
            [-118.038092845767622, 36.317219895710174],
            [-118.036807936907707, 36.316398982084252],
            [-118.036707999332364, 36.316284768135112],
            [-118.036550954956056, 36.316070616529508],
            [-118.036208313252203, 36.315785081587798],
            [-118.035872808663257, 36.31555665317093],
            [-118.03560154978679, 36.315470991799181],
            [-118.03544450541051, 36.315349639475748],
            [-118.035258907184613, 36.315099795776817],
            [-118.034516515179305, 36.314057591633592],
            [-118.034423716515505, 36.31388627056841],
            [-118.034052520063696, 36.312365795451413],
            [-118.033952582488325, 36.312151643938023],
            [-118.033852645811294, 36.312016014703893],
            [-118.033624216810949, 36.311873246453153],
            [-118.033381511784114, 36.311730479388693],
            [-118.033267297283956, 36.311494912581693],
            [-118.033231605421093, 36.311266483899871],
            [-118.033360095947756, 36.310645444629984],
            [-118.033374372872558, 36.310402739248737],
            [-118.033310127160078, 36.310024406204377],
            [-118.033267297283956, 36.309903052641587],
            [-118.032888962818888, 36.309396227444097],
            [-118.032838994031209, 36.30927487579919],
            [-118.032946069619811, 36.307761538224788],
            [-118.032946069619811, 36.307611631699693],
            [-118.032810440181592, 36.307147637036522],
            [-118.032789026141842, 36.306990592275248],
            [-118.032831856017964, 36.305491531811541],
            [-118.032860408969285, 36.305355902575052],
            [-118.033117391819218, 36.304813385441882],
            [-118.033302989146819, 36.304442190077403],
            [-118.033431479673482, 36.304106685347094],
            [-118.033445756598312, 36.30398533270975],
            [-118.033410063837096, 36.303806873159559],
            [-118.033460032624788, 36.303635552012508],
            [-118.033902612802351, 36.303014512776535],
            [-118.033988273452877, 36.302836053176669],
            [-118.034009688390952, 36.302693285492325],
            [-118.034009688390952, 36.302436302857167],
            [-118.034023965315768, 36.302307812307944],
            [-118.034388022856007, 36.301565420575635],
            [-118.034516514280995, 36.301394099572562],
            [-118.035237490449916, 36.300608876932365],
            [-118.03533028911373, 36.300487524644232],
            [-118.036158221395311, 36.299076722022988],
            [-118.036211521136067, 36.298962508038379],
            [-118.036198196425474, 36.298829258781637],
            [-118.036169642575857, 36.298616059063015],
            [-118.03618689561921, 36.298410254344823],
            [-118.036265417358194, 36.298267486523116],
            [-118.036408184809645, 36.298103304834115],
            [-118.0364938454602, 36.298003367355037],
            [-118.036508122385015, 36.297903429747983],
            [-118.036636612911678, 36.296918332728822],
            [-118.036629475796744, 36.296782703063371],
            [-118.036558091172694, 36.295983204211261],
            [-118.036565230084264, 36.295847575091976],
            [-118.036629474898433, 36.293570431159139],
            [-118.036629474898433, 36.293320587184517],
            [-118.036600921048816, 36.293134989526664],
            [-118.036468502189422, 36.292590311546469],
            [-118.03642091303891, 36.292418989656198],
            [-118.036311457813113, 36.292247668837859],
            [-118.036244832463439, 36.292152490282035],
            [-118.035621413334383, 36.291586177899482],
            [-118.035526235033373, 36.291457687578614],
            [-118.035454852205945, 36.291295883846793],
            [-118.0350884141302, 36.290367894574516],
            [-118.034993235829205, 36.290182296409291],
            [-118.034813507195381, 36.289942684294402],
            [-118.0345636641553, 36.289609560222772],
            [-118.034468484956008, 36.289526278620599],
            [-118.03425433377879, 36.289401356774768],
            [-118.033141935589413, 36.28903254052269],
            [-118.032909937582446, 36.28891951597852],
            [-118.032618454035713, 36.288699416185835],
            [-118.0307803195047, 36.287128971726972],
            [-118.030459092738894, 36.286867231169502],
            [-118.030137865074764, 36.286623335950033],
            [-118.029542999795311, 36.2863437495932],
            [-118.029215824385687, 36.286200982136897],
            [-118.029007620953948, 36.286052265155398],
            [-118.028472242112599, 36.285487143109819],
            [-118.028216450428715, 36.285278940972461],
            [-118.027907120052205, 36.285100480624472],
            [-118.027544251881409, 36.284945816542184],
            [-118.027377689854674, 36.284844689136982],
            [-118.027240871047027, 36.284731665044198],
            [-118.026866105588581, 36.284130850738023],
            [-118.026675748986634, 36.283809623174889],
            [-118.026455648267259, 36.283518139409829],
            [-118.025319455502654, 36.2822391795196],
            [-118.024986330550902, 36.282001232444259],
            [-118.024801921694433, 36.281912003280731],
            [-118.024088084437054, 36.281632417424937],
            [-118.023921521512008, 36.281555084158192],
            [-118.023659781184307, 36.281287395555516],
            [-118.022853738151241, 36.280416750780311],
            [-118.022389743035632, 36.279928960538911],
            [-118.021604521154202, 36.279048559772718],
            [-118.021176217901456, 36.278441797497088],
            [-118.020099511574969, 36.276954633641459],
            [-118.019938898192052, 36.276794020103829],
            [-118.019706900185085, 36.276704790781139],
            [-118.019480851720246, 36.276680995939905],
            [-118.019236957323983, 36.27659771502482],
            [-118.018850294577902, 36.276103976242815],
            [-118.018606399283314, 36.275925516642268],
            [-118.018225685181079, 36.275758954559748],
            [-118.018053174510541, 36.275651879678726],
            [-118.017755742319977, 36.275384189661054],
            [-118.017160876142242, 36.274729837731172],
            [-118.017077595128853, 36.274539481224757],
            [-118.017089493314799, 36.274271791738087],
            [-118.017053800553597, 36.27414092137456],
            [-118.01686344395165, 36.273831592198377],
            [-118.016756367464708, 36.273629337425803],
            [-118.016673086451362, 36.273409236517146],
            [-118.016607651369441, 36.273034471926636],
            [-118.016530318999898, 36.272850063729976],
            [-118.015298947934298, 36.270946494957037],
            [-118.015049103995892, 36.270583627399716],
            [-118.014109217375363, 36.269381998710053],
            [-118.013865322080804, 36.269078617896056],
            [-118.013704708697887, 36.268941799123738],
            [-118.013383480135445, 36.268715749625336],
            [-118.013014664219128, 36.268495650075188],
            [-118.012752923891426, 36.268299344410536],
            [-118.011991495686928, 36.267514121887039],
            [-118.011717858071606, 36.267252380739869],
            [-118.01143827001583, 36.267067972648782],
            [-118.011241964770051, 36.266895462674576],
            [-118.011188427874075, 36.266740796562445],
            [-118.011146787367394, 36.266508800079237],
            [-118.011182478331946, 36.265896088048976],
            [-118.011164632400479, 36.265771166045838],
            [-118.011122991893842, 36.265670039149953],
            [-118.011021864949029, 36.265562964194721],
            [-118.009629880500512, 36.264611179718692],
            [-118.009130192623743, 36.264254260446968],
            [-118.008618609255961, 36.263790265055711],
            [-118.00391917256006, 36.259614310701345],
            [-118.002991181430531, 36.258793397122055],
            [-118.002604519582803, 36.258394837306923],
            [-118.00095079390826, 36.25623547643999],
            [-118.000796129169174, 36.255997530519494],
            [-118.000700949969868, 36.255813122656981],
            [-118.00042731235456, 36.254974362047037],
            [-117.999802703856034, 36.252826897883523],
            [-117.999713473300559, 36.252588952448065],
            [-117.999606396813618, 36.252410492714773],
            [-117.998565383248305, 36.251048251166274],
            [-117.998357179816608, 36.250863842488528],
            [-117.998262002413924, 36.250798407280342],
            [-117.998047850338395, 36.250715126290473],
            [-117.99554338864877, 36.249915957515014],
            [-117.995011471016213, 36.249749384872189],
            [-117.994597470739421, 36.249617717818275],
            [-117.992785537370338, 36.249069118281376],
            [-117.992615937241325, 36.249014184656559],
            [-117.992493078253176, 36.248983632393205],
            [-117.992185590321313, 36.248853654195905],
            [-117.991882209486903, 36.248696609476276],
            [-117.991689472349464, 36.248564550167373],
            [-117.990810270519646, 36.247701718262725],
            [-117.990740068078495, 36.247597299193281],
            [-117.99065440742794, 36.247415270209864],
            [-117.990640130503124, 36.247243949150828],
            [-117.990811450905909, 36.245834118456472],
            [-117.990854281680356, 36.245669935147276],
            [-117.990925666304406, 36.245498614609048],
            [-117.991528858966547, 36.244670561374917],
            [-117.991718026199081, 36.244406441243612],
            [-117.99178227101325, 36.24427081234505],
            [-117.991803686849636, 36.244117337426509],
            [-117.991825102685993, 36.243917462476865],
            [-117.99178227101325, 36.243696172973969],
            [-117.991650211479964, 36.243460605806781],
            [-117.991550273904593, 36.243346391584197],
            [-117.991361106672088, 36.243178639210242],
            [-117.988926917492179, 36.240990724515527],
            [-117.987781206178809, 36.239959228814932],
            [-117.986510574243738, 36.23881708732943],
            [-117.986264944302334, 36.238523372828077],
            [-117.986166791679437, 36.238350862130517],
            [-117.986089459309881, 36.238166453922453],
            [-117.986041869261072, 36.23805342892453],
            [-117.985982382822996, 36.23777979114341],
            [-117.985797974864823, 36.237015389349011],
            [-117.985762283001932, 36.236938056821948],
            [-117.985693873598123, 36.236866672158364],
            [-117.985610592584749, 36.23680123827279],
            [-117.985521362927585, 36.236741751557339],
            [-117.985408720479171, 36.236690606712578],
            [-117.983677712740729, 36.23642437793481],
            [-117.982404701168477, 36.236234021542167],
            [-117.982220292311993, 36.236192380543997],
            [-117.982083473504318, 36.236132894089856],
            [-117.981851475497365, 36.235984177394172],
            [-117.980060931015188, 36.234372092953592],
            [-117.979870574413226, 36.234270965991264],
            [-117.979763497926285, 36.234241222401167],
            [-117.97958503861193, 36.234217427665861],
            [-117.97941252704311, 36.23422932539674],
            [-117.979240017270882, 36.234318554697438],
            [-117.978502383641654, 36.234800395509176],
            [-117.978340067052926, 36.234869584402965],
            [-117.978126875276473, 36.234920855791543],
            [-117.977846098749581, 36.23496368650418],
            [-117.97767001907242, 36.234949410085655],
            [-117.977493938496963, 36.234925615565878],
            [-117.97719888504524, 36.234849472909019],
            [-117.975171584180018, 36.234249848615917],
            [-117.974557682701402, 36.234069009480386],
            [-117.974324496223318, 36.233978589393502],
            [-117.973710594744674, 36.233626429156551],
            [-117.971759435981255, 36.232565189155615],
            [-117.971564321003228, 36.232398628082855],
            [-117.97143582867993, 36.232232065206105],
            [-117.971331132728508, 36.232003637114431],
            [-117.971240713701903, 36.231680029992049],
            [-117.971159812325723, 36.231508709225587],
            [-117.971093186976049, 36.231413531262383],
            [-117.97098373175028, 36.231337388083759],
            [-117.970674401373742, 36.23116606656658],
            [-117.970507839347022, 36.231037576088163],
            [-117.970317482745074, 36.230847218898944],
            [-117.969822554142652, 36.230257112290687],
            [-117.969722617465592, 36.2300857913052],
            [-117.96969882199204, 36.22994778324562],
            [-117.969713098916856, 36.229333882324063],
            [-117.969717857292906, 36.229124489176243],
            [-117.969655992115918, 36.228976962046666],
            [-117.969594126040619, 36.228886543317792],
            [-117.969577057151923, 36.228861629562061],
            [-117.969507910231215, 36.22880261941485],
            [-117.969374210374241, 36.22871969832191],
            [-117.969236017144183, 36.228652047468138],
            [-117.969055178192662, 36.228575905223778],
            [-117.968917169117219, 36.228523555757327],
            [-117.968664945541661, 36.228466449711853],
            [-117.968498384413266, 36.228452172831624],
            [-117.967979661235574, 36.228433137228819],
            [-117.967865446735416, 36.228423618338759],
            [-117.967789303735316, 36.228390305837536],
            [-117.967708403257447, 36.228337958420752],
            [-117.967313412230396, 36.227966762426242],
            [-117.967165885504542, 36.227819236011229],
            [-117.967072675412354, 36.227693927761258],
            [-117.966980113903787, 36.227571561387101],
            [-117.966947442176902, 36.227510817628414],
            [-117.966271207499005, 36.226253550724465],
            [-117.966104645472285, 36.226039398434601],
            [-117.965964445405902, 36.225850891468717],
            [-117.965891205760798, 36.225774468225339],
            [-117.965853392975546, 36.225735013048151],
            [-117.965628534778446, 36.225513723528458],
            [-117.965446505559171, 36.225413785887049],
            [-117.965193092614129, 36.225313848842575],
            [-117.965006943720965, 36.225271899841154],
            [-117.96493968056744, 36.22525674117805],
            [-117.964696975540605, 36.225263879910152],
            [-117.964586330047055, 36.225253172898725],
            [-117.964482822566765, 36.225203203927542],
            [-117.96435076393179, 36.225124682125696],
            [-117.964242947233103, 36.225005045198877],
            [-117.96395906343362, 36.224461117394796],
            [-117.963770863686662, 36.223936984151919],
            [-117.963558063575633, 36.22334418391064],
            [-117.963465529914842, 36.223086383502732],
            [-117.963329129722084, 36.222706516978576],
            [-117.962273262513563, 36.219765383405367],
            [-117.962152929588001, 36.219430383699134],
            [-117.96121026178335, 36.216804183285277],
            [-117.961007328767394, 36.216238983447404],
            [-117.960673662131541, 36.215309316634062],
            [-117.960313928182728, 36.213991916169554],
            [-117.959922061496243, 36.212556116082339],
            [-117.95980812816876, 36.212139183287853],
            [-117.959476661507011, 36.210771916514098],
            [-117.958822060956109, 36.208072382931761],
            [-117.959122927406014, 36.206709182505151],
            [-117.95953072751071, 36.204861515758118],
            [-117.959655327433879, 36.204296982066289],
            [-117.95970532766259, 36.204249382342446],
            [-117.961026860836611, 36.202991715492956],
            [-117.961375060417168, 36.202660315488778],
            [-117.962472927458492, 36.20161518138972],
            [-117.962579127189699, 36.201412715050282],
            [-117.963257860980733, 36.200118115183642],
            [-117.963214460674394, 36.199393981618456],
            [-117.963166072921609, 36.198585842991051],
            [-117.963136061106297, 36.198084580972257],
            [-117.96309272727531, 36.197362580912248],
            [-117.962043660313455, 36.194838581044287],
            [-117.961841059674171, 36.19435091407906],
            [-117.961273060309921, 36.193800780634966],
            [-117.960671260036477, 36.193217913946299],
            [-117.959456859044892, 36.192041714089214],
            [-117.959362259258953, 36.191950114456198],
            [-117.959007659182021, 36.191606580803992],
            [-117.957018458562942, 36.189979114485979],
            [-117.955864658818768, 36.189035114119832],
            [-117.955557458347812, 36.187564714310689],
            [-117.955278858438859, 36.186230980246854],
            [-117.955147124993999, 36.185600314196584],
            [-117.95515212501688, 36.185591313573148],
            [-117.955698457914792, 36.18461751381362],
            [-117.956110525017095, 36.183883113691877],
            [-117.956353718727442, 36.183692176290506],
            [-117.956797268187174, 36.183343935584865],
            [-117.957244295025362, 36.183044416771274],
            [-117.957686404485713, 36.182840555242286],
            [-117.957859245736273, 36.1825171529877],
            [-117.958018270897782, 36.182088418461994],
            [-117.958019315638438, 36.182085601562662],
            [-117.958042328679397, 36.18179212359945],
            [-117.957800478848711, 36.181595620499948],
            [-117.957534314318224, 36.181278556814341],
            [-117.957520037393408, 36.18102157493734],
            [-117.957677081769688, 36.180835976592199],
            [-117.957805572296351, 36.180578995438658],
            [-117.957976893597476, 36.180307735753573],
            [-117.958176768748189, 36.179893709933076],
            [-117.958362366075761, 36.179579621670257],
            [-117.958419473775024, 36.179008550193736],
            [-117.958390919027082, 36.17865163167005],
            [-117.958418985091498, 36.178029067140052],
            [-117.958494426507357, 36.177651860608115],
            [-117.959184470087806, 36.176795255408869],
            [-117.959446211313832, 36.175748291738017],
            [-117.959303442964057, 36.175010659203153],
            [-117.958946523437035, 36.174606151131705],
            [-117.957995928, 36.173811807155154],
            [-117.958009457526515, 36.172966378848422],
            [-117.958053524382763, 36.172539378848349],
            [-117.958053657333437, 36.171111179001009],
            [-117.958418257456103, 36.169314711810195],
            [-117.958384723346569, 36.16745891207065],
            [-117.958309723003509, 36.166747378059732],
            [-117.958208057069513, 36.166290778541871],
            [-117.957663256697472, 36.165552911939521],
            [-117.956175255819829, 36.164752978221067],
            [-117.955062522558862, 36.164215978342547],
            [-117.954747856189556, 36.164014911481679],
            [-117.952129522257877, 36.163775111943188],
            [-117.951354255506459, 36.163289978500224],
            [-117.950967521793473, 36.163109111725902],
            [-117.947920054565756, 36.161813578439649],
            [-117.946510253830212, 36.161262978595872],
            [-117.946164653974122, 36.160987378776866],
            [-117.944628520465201, 36.160181378700116],
            [-117.944547920024661, 36.159040378386322],
            [-117.94467152012291, 36.157288578493002],
            [-117.944834520329536, 36.156853511834285],
            [-117.945495119829928, 36.156045378186299],
            [-117.947786053773143, 36.153754311001649],
            [-117.947862919917057, 36.153451177892237],
            [-117.94819745342717, 36.152788510684552],
            [-117.948420253583919, 36.152208510803938],
            [-117.948019920275883, 36.149556510754074],
            [-117.949234919545447, 36.147225709920228],
            [-117.949130453562731, 36.147028510092014],
            [-117.948554852654524, 36.14464371027772],
            [-117.948610919206374, 36.143752510076872],
            [-117.948524852517309, 36.142652709771419],
            [-117.948873653070763, 36.141815709495752],
            [-117.949234452421479, 36.141409576331412],
            [-117.949343519575066, 36.140771576522965],
            [-117.949811319055925, 36.139466109647721],
            [-117.950979519692424, 36.139125709165143],
            [-117.951898053358633, 36.138964309041704],
            [-117.952829853344966, 36.139063709189351],
            [-117.953217253607875, 36.1391527089053],
            [-117.953589652903844, 36.139279709197275],
            [-117.953713823432309, 36.138745261184958],
            [-117.953850120318776, 36.138375375727612],
            [-117.953816252934288, 36.138172108977649],
            [-117.953768719479342, 36.13768837546565],
            [-117.953666919696403, 36.136974108983445],
            [-117.95361251951941, 36.136397108880914],
            [-117.953544719173351, 36.136083775684526],
            [-117.953463252756862, 36.135226508748268],
            [-117.952726674648048, 36.134137223511303],
            [-117.952594450723083, 36.133832256659851],
            [-117.952242003009573, 36.13289090358694],
            [-117.951968368987508, 36.13196441702938],
            [-117.952060715798709, 36.131458252943538],
            [-117.952663335335686, 36.129908407361498],
            [-117.953872648269495, 36.1268227398524],
            [-117.954976085763903, 36.124008713403889],
            [-117.955551627383272, 36.122493525183096],
            [-117.95570614839194, 36.121946070638558],
            [-117.956071183299215, 36.120662898590972],
            [-117.956339788552313, 36.119368159744042],
            [-117.956450755642749, 36.118799233019104],
            [-117.956501596694579, 36.118152684683892],
            [-117.956520544858833, 36.115194271418794],
            [-117.956534866699428, 36.112957898174116],
            [-117.956549757173562, 36.110632700712159],
            [-117.956575702315618, 36.110487033942171],
            [-117.956685764802529, 36.109869090375334],
            [-117.957882098877093, 36.108000480971825],
            [-117.958322650658744, 36.107917918228743],
            [-117.958732104561875, 36.107855997384512],
            [-117.958990037829409, 36.107721699550225],
            [-117.959100650983586, 36.107664105525707],
            [-117.959357917701183, 36.107301305818858],
            [-117.959425517722963, 36.107246305362153],
            [-117.959439117318055, 36.107207905247421],
            [-117.959527118079905, 36.107108905295973],
            [-117.959662517549432, 36.106713305591967],
            [-117.959675917718528, 36.106586772256414],
            [-117.959784250948516, 36.106454905033274],
            [-117.959933250911419, 36.106339505336621],
            [-117.959994118060123, 36.106311971753748],
            [-117.960061917507872, 36.106256972055903],
            [-117.960237918133302, 36.106191105329124],
            [-117.960271718144185, 36.106191105329124],
            [-117.960373451451787, 36.106136105546653],
            [-117.96045465106863, 36.106053572052183],
            [-117.96046131746634, 36.105943705072903],
            [-117.960441051473538, 36.105927171922282],
            [-117.960440917624553, 36.105679905103621],
            [-117.960644050964817, 36.105471105260818],
            [-117.961050118219333, 36.104910372119178],
            [-117.961104250698369, 36.104717971546478],
            [-117.96116525079772, 36.104569704923811],
            [-117.961388651029097, 36.104360771488075],
            [-117.961747451628312, 36.104250771498975],
            [-117.961943851197205, 36.104173771632709],
            [-117.961984451454768, 36.104080304924558],
            [-117.961930051277776, 36.103305505114378],
            [-117.962017918190668, 36.103063704763578],
            [-117.962173651026646, 36.102942771648017],
            [-117.962383651088928, 36.10287670472399],
            [-117.962485117596913, 36.102821771572359],
            [-117.962742450789833, 36.102761304851633],
            [-117.962931918059653, 36.10266790468873],
            [-117.963047118011687, 36.102574304818084],
            [-117.96310125138902, 36.102425971730241],
            [-117.963080918022584, 36.102283104426881],
            [-117.963047051536364, 36.102244704789236],
            [-117.962809917860909, 36.102173304755397],
            [-117.962742251363835, 36.102129304714396],
            [-117.962572851559116, 36.102079904619224],
            [-117.962437451191278, 36.1019699711144],
            [-117.962410317578133, 36.10189850478195],
            [-117.962403450856115, 36.101568771271261],
            [-117.962457650708771, 36.101447904807088],
            [-117.962457517758125, 36.101365505018357],
            [-117.962572517385851, 36.101063171151957],
            [-117.962640251256587, 36.100980704910015],
            [-117.962714718000385, 36.100821371158126],
            [-117.96285685124127, 36.100590504236806],
            [-117.962877050758749, 36.100359704864807],
            [-117.962849918043915, 36.100233304283627],
            [-117.962490850645068, 36.099865170968023],
            [-117.962470517278575, 36.099821304639043],
            [-117.962247050571889, 36.09957397142324],
            [-117.962158917757677, 36.099409104681044],
            [-117.962152117510968, 36.099326704205772],
            [-117.962185851046513, 36.099216771203722],
            [-117.962409250379579, 36.098914504556504],
            [-117.962456650883851, 36.098820971346733],
            [-117.962456650883851, 36.098738570980537],
            [-117.962456517034894, 36.098584704084651],
            [-117.962375250942699, 36.098392370766895],
            [-117.962341317082846, 36.098364904079865],
            [-117.962341317082846, 36.098337371331404],
            [-117.962300650349945, 36.098309970677043],
            [-117.962300650349945, 36.09828250468712],
            [-117.962138117267273, 36.098035304538641],
            [-117.961995717226756, 36.097672504641409],
            [-117.961982117631663, 36.097315371266767],
            [-117.962036250110685, 36.097194504066501],
            [-117.962022716990916, 36.09715050414075],
            [-117.962063317248507, 36.097057104566481],
            [-117.962063250773184, 36.097002170975266],
            [-117.962205317538746, 36.096644903899197],
            [-117.962286450680239, 36.096287570596871],
            [-117.962401516783316, 36.095985371075422],
            [-117.962401450307993, 36.095919370887891],
            [-117.962455517209975, 36.095781970610076],
            [-117.962557050193297, 36.095589570910874],
            [-117.962597716926183, 36.095441303756736],
            [-117.962692450561121, 36.095254370502879],
            [-117.962780317473971, 36.095144370830042],
            [-117.962780317473971, 36.09500697064891],
            [-117.962766850829553, 36.094996104287659],
            [-117.962780250100337, 36.094556503912223],
            [-117.962813917160574, 36.094501503969589],
            [-117.963064450106799, 36.094265103949425],
            [-117.963199916949961, 36.094215570428631],
            [-117.963254050327279, 36.09417170384927],
            [-117.963403050290211, 36.094100104120123],
            [-117.963694050543324, 36.093924303490539],
            [-117.963727917029559, 36.093924303490539],
            [-117.963782116882214, 36.093896770637961],
            [-117.964100250748515, 36.093687770348403],
            [-117.964168050196264, 36.093632770523683],
            [-117.964249250711418, 36.09353390372511],
            [-117.96426951760256, 36.093495370603264],
            [-117.964343916972709, 36.09343497074611],
            [-117.964425117487863, 36.093330570229774],
            [-117.964433230173199, 36.093307055704535],
            [-117.964472517093824, 36.093193170506936],
            [-117.96454011711559, 36.093044770348421],
            [-117.964628050503819, 36.092616103420731],
            [-117.964722716765081, 36.092357770463373],
            [-117.965009518292575, 36.092173047505376],
            [-117.965115317375179, 36.09210490342948],
            [-117.965237117249586, 36.092027903274705],
            [-117.965230450851848, 36.092000370483667],
            [-117.965284516855547, 36.091956503393789],
            [-117.965331917359862, 36.091846503460381],
            [-117.965609317119572, 36.091626569915249],
            [-117.965724450596255, 36.091582569775646],
            [-117.965914117292101, 36.091588103367648],
            [-117.966137451048155, 36.091417703688947],
            [-117.96625265100019, 36.091269303081638],
            [-117.966401450638784, 36.091186769940158],
            [-117.966435317125004, 36.091186703156339],
            [-117.966502917146755, 36.091142770280314],
            [-117.966536851006623, 36.091142770280314],
            [-117.966604517503725, 36.091104303495939],
            [-117.96663845046524, 36.091104303495939],
            [-117.966794050350558, 36.090994303095805],
            [-117.966861850696645, 36.090895369823613],
            [-117.966841317005873, 36.090702969775847],
            [-117.966611050950775, 36.09044476990649],
            [-117.966522917238265, 36.090181103008867],
            [-117.966475317307982, 36.089730369782366],
            [-117.966414450159277, 36.089675502936224],
            [-117.966285650612136, 36.08936230341186],
            [-117.966116250807445, 36.089076502893214],
            [-117.96611611695846, 36.088818169916784],
            [-117.966149916969343, 36.088719302869265],
            [-117.966149916969343, 36.088625903437901],
            [-117.966183850829196, 36.088526970088431],
            [-117.966183516655903, 36.087966502951765],
            [-117.966149650169712, 36.087801569752997],
            [-117.966149517219066, 36.087636702994985],
            [-117.966115516883846, 36.087372969328136],
            [-117.965912116743979, 36.086636569592194],
            [-117.965844450246877, 36.086499169782613],
            [-117.965844450246877, 36.086400302722204],
            [-117.965966117170666, 36.086015569442985],
            [-117.965986316688102, 36.085900169491509],
            [-117.966026916945694, 36.085658302514531],
            [-117.966067449829623, 36.085262702978717],
            [-117.966067116554669, 36.084833969652323],
            [-117.965958716849329, 36.084256969692028],
            [-117.965917916267458, 36.084048102758544],
            [-117.965897516425642, 36.08380090284772],
            [-117.965992116211581, 36.083388702349687],
            [-117.965998716133996, 36.083031502615988],
            [-117.96596484964779, 36.082883168938665],
            [-117.965863250189145, 36.082690768881513],
            [-117.965829316329277, 36.082663302514952],
            [-117.965829316329277, 36.082635902203855],
            [-117.965775249427267, 36.082514968868942],
            [-117.965748049338771, 36.082399502795596],
            [-117.965741116141402, 36.082163302325029],
            [-117.965775050001298, 36.082053369272487],
            [-117.965774916152313, 36.081904969136069],
            [-117.965713916052934, 36.081767502250976],
            [-117.965639449309151, 36.081712568863118],
            [-117.965605516347594, 36.081657702228789],
            [-117.96553784985052, 36.081597302713263],
            [-117.965388849887589, 36.081404902413496],
            [-117.965375249394214, 36.08121256916116],
            [-117.965537516575537, 36.080871768737374],
            [-117.965557849942002, 36.080772902586062],
            [-117.965557849942002, 36.080597102641299],
            [-117.965537316251229, 36.080432169227613],
            [-117.965503516240361, 36.080322301999658],
            [-117.965503315916038, 36.07989370218138],
            [-117.965537115926921, 36.079811168712574],
            [-117.965537049451598, 36.079690302182627],
            [-117.965591249304254, 36.079525369044859],
            [-117.965625049315136, 36.079305568737539],
            [-117.965624916364462, 36.079151702276079],
            [-117.965591048979974, 36.079058302367955],
            [-117.965557116018388, 36.078821968435825],
            [-117.965557049543094, 36.078618568568857],
            [-117.965895315553226, 36.078123969018826],
            [-117.965963049423948, 36.077975568726444],
            [-117.966010316079263, 36.077673301703804],
            [-117.966016849526326, 36.077255702195778],
            [-117.966206249422484, 36.076793968625559],
            [-117.96621171297609, 36.076736086200505],
            [-117.966253449602476, 36.076293902070333],
            [-117.966199115900835, 36.075936702051443],
            [-117.9662193154183, 36.075634368381436],
            [-117.966368115955248, 36.075233168419274],
            [-117.966469648938542, 36.075139768213283],
            [-117.966469648938542, 36.0751123013872],
            [-117.966523715840552, 36.075068301443096],
            [-117.966794449202553, 36.074683501820502],
            [-117.966787315680875, 36.074188968279024],
            [-117.966807649047325, 36.074007567960727],
            [-117.966895515960218, 36.073804167984342],
            [-117.96694964933755, 36.073749168043143],
            [-117.966942849090856, 36.073694301660879],
            [-117.966953987302091, 36.073667126211269],
            [-117.967010449112621, 36.073529368290281],
            [-117.967030716003748, 36.073254568362159],
            [-117.96697644877743, 36.072990768298894],
            [-117.96698311607345, 36.072732568343454],
            [-117.966996649193234, 36.072622568376083],
            [-117.967098115701191, 36.072413701032829],
            [-117.967064115366, 36.072155501361195],
            [-117.967064048890677, 36.071880767789601],
            [-117.967064001279965, 36.071835496832755],
            [-117.967063915940017, 36.071754367878668],
            [-117.967118049317349, 36.071605901109635],
            [-117.96713144858812, 36.071441101317298],
            [-117.967165315972636, 36.071386101175818],
            [-117.967557249134472, 36.069830701176272],
            [-117.967591049145355, 36.069473500847145],
            [-117.967590848821061, 36.06915470092278],
            [-117.967536648968391, 36.069044900716243],
            [-117.967536020147719, 36.069040829386466],
            [-117.967502715108523, 36.068824967281422],
            [-117.96744184885813, 36.068616301154435],
            [-117.967367315639024, 36.068500767474923],
            [-117.967346848423574, 36.06841836727353],
            [-117.967062448092861, 36.067824967821217],
            [-117.96683184876278, 36.06691276722659],
            [-117.966764048416707, 36.066418167398879],
            [-117.966472648413259, 36.065582900376143],
            [-117.966438848402376, 36.065555500648983],
            [-117.966404914542508, 36.06547296738195],
            [-117.966418314711603, 36.065126767343592],
            [-117.966431714880727, 36.065044367238762],
            [-117.966472315138304, 36.065005900756269],
            [-117.966485914733383, 36.064813567335342],
            [-117.966621114776899, 36.064373900573948],
            [-117.96683744796195, 36.063945167364821],
            [-117.966870495184608, 36.063849936167394],
            [-117.966911848230382, 36.063730766843612],
            [-117.967013248263044, 36.063186700687083],
            [-117.966979114977178, 36.062818566702695],
            [-117.966755514421521, 36.062093166655607],
            [-117.966471047615428, 36.061505166607454],
            [-117.966416847762773, 36.061450300398995],
            [-117.966423648009467, 36.061422767066794],
            [-117.966322047652525, 36.061279966844069],
            [-117.966064647984254, 36.060796366813364],
            [-117.965793714297916, 36.060417300397077],
            [-117.965759713962768, 36.060016100521644],
            [-117.965725913951857, 36.059878699948889],
            [-117.96571224788147, 36.059603900262253],
            [-117.965285513985521, 36.058818100046061],
            [-117.965251713974652, 36.05879070014165],
            [-117.965102647536398, 36.058356566882054],
            [-117.965081917114603, 36.057540039395562],
            [-117.965062644658474, 36.057289945674924],
            [-117.965101146451545, 36.056927531465327],
            [-117.965184599043127, 36.056581034561887],
            [-117.965362613691411, 36.055841897605553],
            [-117.965334810833369, 36.055747719813539],
            [-117.965220678079874, 36.055361108117125],
            [-117.964911913642013, 36.055136299645405],
            [-117.964850913542662, 36.054982366294723],
            [-117.964844247144939, 36.054872499829052],
            [-117.965202446771187, 36.053839166550802],
            [-117.965202313820541, 36.053580899379632],
            [-117.965256447197859, 36.053317099433706],
            [-117.965384913470018, 36.053124699675422],
            [-117.965384846994695, 36.053097299241273],
            [-117.965418713480901, 36.053042299348171],
            [-117.965506713344453, 36.052976299425822],
            [-117.965540513355336, 36.052904899671923],
            [-117.965547247126693, 36.052855499147185],
            [-117.965574313366204, 36.05278396637712],
            [-117.965574246890881, 36.052673966114632],
            [-117.965540313031042, 36.052520165938923],
            [-117.965364246828585, 36.051970699414305],
            [-117.965370846750986, 36.051739899655836],
            [-117.965472313258957, 36.051393699475518],
            [-117.965539846805385, 36.051272699219943],
            [-117.965539913280708, 36.051228765832583],
            [-117.965607513302487, 36.051118765575517],
            [-117.965625357437261, 36.050602433323562],
            [-117.96557695890472, 36.049629742633854],
            [-117.965559446248278, 36.049277765640831],
            [-117.965586446012438, 36.049123899272537],
            [-117.965586446012438, 36.048947965403869],
            [-117.965626913319355, 36.048766565714736],
            [-117.965593046833149, 36.048684165909258],
            [-117.965586246586469, 36.048590765413728],
            [-117.965552446575558, 36.048508365424233],
            [-117.965545446004555, 36.048052299013563],
            [-117.965592712659856, 36.047821498660603],
            [-117.965592646184533, 36.047585165300802],
            [-117.965572446667068, 36.047574165281269],
            [-117.965572246342745, 36.047392765331686],
            [-117.965606046353628, 36.047200498534679],
            [-117.965775046408012, 36.046788298699859],
            [-117.965862845947257, 36.046370565743985],
            [-117.966079112656956, 36.045606564991218],
            [-117.966390245952255, 36.045177898770461],
            [-117.966437646456541, 36.045018498415303],
            [-117.966471312618452, 36.044990965145018],
            [-117.966593046017536, 36.044655698668471],
            [-117.966626713077773, 36.044144565332246],
            [-117.966795645758509, 36.043457565343047],
            [-117.96680904592759, 36.043265298378188],
            [-117.966808845603296, 36.042512364826152],
            [-117.966707045820343, 36.041902497963733],
            [-117.966602420835841, 36.041605602573711],
            [-117.966585045621613, 36.041556298102456],
            [-117.966470045993901, 36.041303497980728],
            [-117.966436112134033, 36.04127596486402],
            [-117.966436112134033, 36.041248497837529],
            [-117.966165312296695, 36.040902298006294],
            [-117.965793045951372, 36.040572698029507],
            [-117.965738845200377, 36.04049029836451],
            [-117.965610245977572, 36.040232097806864],
            [-117.965549245878194, 36.040017698058129],
            [-117.965522708746406, 36.03995538015176],
            [-117.965352712460358, 36.039556165063495],
            [-117.965251245054077, 36.039402297854863],
            [-117.964976467476646, 36.039148644571888],
            [-117.964906112321898, 36.03908369789162],
            [-117.964452645461421, 36.038742964835819],
            [-117.964351045104479, 36.038688098013765],
            [-117.963904312015373, 36.038330964792245],
            [-117.963762245249811, 36.038177098095261],
            [-117.96376211140084, 36.038001298119795],
            [-117.96372824491462, 36.037968297671604],
            [-117.963694311953063, 36.037808897975353],
            [-117.962983511899665, 36.036874764828561],
            [-117.962767044865686, 36.036610964833748],
            [-117.962716882041903, 36.036578823151984],
            [-117.962509844623412, 36.03644616439081],
            [-117.962374511629235, 36.036336364309783],
            [-117.96227355087278, 36.036293911743542],
            [-117.962191711655421, 36.036259497696825],
            [-117.961494711521453, 36.035929897900786],
            [-117.961284844409818, 36.035776097702005],
            [-117.960594510673516, 36.035155164564387],
            [-117.960513311056673, 36.035056297621935],
            [-117.960411844548702, 36.034990364707241],
            [-117.959802710429273, 36.034369498018449],
            [-117.95972658898873, 36.034293341393337],
            [-117.959511643700793, 36.034078297833616],
            [-117.959315443557927, 36.033918897528444],
            [-117.959085310453503, 36.033671564789813],
            [-117.959024243878801, 36.033462897709505],
            [-117.958976843374515, 36.033215498158818],
            [-117.95888211063793, 36.033067164262015],
            [-117.958760184999349, 36.032999692518025],
            [-117.958584310138093, 36.032902364394651],
            [-117.958347510635917, 36.032704564434482],
            [-117.958056443907466, 36.032330964420865],
            [-117.957501310214695, 36.031286897431173],
            [-117.957399910182062, 36.031149497562637],
            [-117.957399843706725, 36.031121964528197],
            [-117.957142709939788, 36.030907764456281],
            [-117.956987110054499, 36.030836297467808],
            [-117.956953243568279, 36.030836297467808],
            [-117.956824643447135, 36.030764897976084],
            [-117.956736710058919, 36.030698964374942],
            [-117.956689309554633, 36.030545098023396],
            [-117.956635109701978, 36.030506697497437],
            [-117.956533643194007, 36.030231897704844],
            [-117.956540243116407, 36.02991856464871],
            [-117.956510114520071, 36.029784050869047],
            [-117.956499642858816, 36.029737297652829],
            [-117.956438709234789, 36.029676764561231],
            [-117.956228909496829, 36.029391097345197],
            [-117.956168043246407, 36.029242697401351],
            [-117.95607324313616, 36.029094364014426],
            [-117.956012309512133, 36.028978964107793],
            [-117.955950714728047, 36.028828890288956],
            [-117.955944643015044, 36.028814097568215],
            [-117.955876909144294, 36.028720697476793],
            [-117.955653642761888, 36.028484364180471],
            [-117.955281309042931, 36.02790749724916],
            [-117.955085042424699, 36.027495297403718],
            [-117.954875242686754, 36.027204097233046],
            [-117.954807642664989, 36.027149097414267],
            [-117.954604509324739, 36.026857764466584],
            [-117.954300042427178, 36.026203897315938],
            [-117.954272842338668, 36.026115964035831],
            [-117.954245109549234, 36.026072343541919],
            [-117.954164509108665, 36.025945564192874],
            [-117.954097325905209, 36.0258866432277],
            [-117.953826242200236, 36.025648897074262],
            [-117.95369090920606, 36.025434563698148],
            [-117.95369090920606, 36.025407097685488],
            [-117.953589308849089, 36.025231297541382],
            [-117.953509509705768, 36.025131889962402],
            [-117.953487842341119, 36.025104897535869],
            [-117.953183308968221, 36.024852163756684],
            [-117.953027708184621, 36.024654363925158],
            [-117.952950581529265, 36.024579214316852],
            [-117.95292624167665, 36.02455549760667],
            [-117.952648841916897, 36.024165296978481],
            [-117.95240510831907, 36.023643297558664],
            [-117.952405041843747, 36.023324497259779],
            [-117.952378042079559, 36.023143097392271],
            [-117.952352529027181, 36.023089414860792],
            [-117.952344108219691, 36.023071697466854],
            [-117.952202041454143, 36.022846363777703],
            [-117.952208707851881, 36.022533097251163],
            [-117.952201908503497, 36.022335297410152],
            [-117.952134241108084, 36.022131963680856],
            [-117.951762041238098, 36.021620963881958],
            [-117.951680707772283, 36.021291164061331],
            [-117.951674041374559, 36.021192163469145],
            [-117.95162664176857, 36.020977964007763],
            [-117.951606693779382, 36.020906700893349],
            [-117.951457441389877, 36.020373496605472],
            [-117.951139307523576, 36.019532697113732],
            [-117.951132440801558, 36.019477697025891],
            [-117.951051241184686, 36.019257763862015],
            [-117.951037708064945, 36.019147963799092],
            [-117.951003840680414, 36.019093097132718],
            [-117.950963307796485, 36.018867696846307],
            [-117.950936240658663, 36.018829297167734],
            [-117.950929441310251, 36.018779763371221],
            [-117.950919299330721, 36.018707896660764],
            [-117.950902307697106, 36.018587496468804],
            [-117.950915840816876, 36.018158763106548],
            [-117.951341840789226, 36.017427763668842],
            [-117.951389107444541, 36.017196963660382],
            [-117.951409307860303, 36.016949563163315],
            [-117.951558241347911, 36.016647363274004],
            [-117.951666307778268, 36.016339563033263],
            [-117.951700107789151, 36.016081296387533],
            [-117.951882707438642, 36.015680096551122],
            [-117.951970640826858, 36.015592163152455],
            [-117.952010261920762, 36.01548828929657],
            [-117.952031440601914, 36.015432763226848],
            [-117.952078707257215, 36.015163496329258],
            [-117.952069279438291, 36.015079140198388],
            [-117.952058441264413, 36.014982162689037],
            [-117.952031440601914, 36.014877696564398],
            [-117.951975125216748, 36.014735275496975],
            [-117.951679440249421, 36.013987496364606],
            [-117.951679440249421, 36.013932496039928],
            [-117.951510240769011, 36.013470895948238],
            [-117.951428907303182, 36.013003762753662],
            [-117.951307107428747, 36.012630096204326],
            [-117.951293506935372, 36.012173962992371],
            [-117.951320506699531, 36.011998096266851],
            [-117.95129344046002, 36.011569362665007],
            [-117.95115804009221, 36.011256162487655],
            [-117.951151239845487, 36.010893495704792],
            [-117.951278298457609, 36.01024442645793],
            [-117.95129324013574, 36.010168096094077],
            [-117.951299840058084, 36.010047162568057],
            [-117.95124570668078, 36.009838362431708],
            [-117.951225439789653, 36.00959109579636],
            [-117.95111710655965, 36.009217296076301],
            [-117.951076506302059, 36.008821695909475],
            [-117.951089906471154, 36.008513895629136],
            [-117.95122510651467, 36.008337962604074],
            [-117.951495640450716, 36.008162096040678],
            [-117.951732307002203, 36.007953162289262],
            [-117.951955506909258, 36.007650962061653],
            [-117.952036640050778, 36.007475162273941],
            [-117.952084039656739, 36.007420162492188],
            [-117.952208651258005, 36.00716161882135],
            [-117.952280106848946, 36.007013362317664],
            [-117.952300306366467, 36.006881562133877],
            [-117.952340906624016, 36.006672695477924],
            [-117.952307040137811, 36.00632649557145],
            [-117.952137706808429, 36.005743962409227],
            [-117.952056506293289, 36.00535376238453],
            [-117.951988839796186, 36.004886695182293],
            [-117.951934639943531, 36.004271162253964],
            [-117.951934506094545, 36.004034762171187],
            [-117.952286106696747, 36.003479695188616],
            [-117.952394306077764, 36.003265361836903],
            [-117.952394306077764, 36.003210495015573],
            [-117.952630906153928, 36.002699294779234],
            [-117.952718839542172, 36.002440961640815],
            [-117.952766106197458, 36.002396961770657],
            [-117.953002840122608, 36.002012361381347],
            [-117.953070440144359, 36.001874961338444],
            [-117.953070440144359, 36.001830961879214],
            [-117.95310410630627, 36.001759561541682],
            [-117.95313083657588, 36.001621027348001],
            [-117.953138039267827, 36.001583694839319],
            [-117.953171706328021, 36.001215495212648],
            [-117.953294581485864, 36.000871373089375],
            [-117.953354239502175, 36.000704295124358],
            [-117.953442039939745, 36.000434961202423],
            [-117.953442039939745, 36.000380094591982],
            [-117.953475906425936, 36.000325094948209],
            [-117.953475906425936, 36.000270094539367],
            [-117.95356370596518, 36.000077694551479],
            [-117.953579439957394, 35.999952694628057],
            [-117.953592906601813, 35.999589961313255],
            [-117.95364690613016, 35.999375561428586],
            [-117.953876839808615, 35.998836961352332],
            [-117.954167439413126, 35.998287360870158],
            [-117.954552706177239, 35.997776161423673],
            [-117.954924639247565, 35.997259560886675],
            [-117.95528964001889, 35.996528560969992],
            [-117.955404505797645, 35.995973561072105],
            [-117.955424639738084, 35.995676760785109],
            [-117.955451705977609, 35.995500894326803],
            [-117.955397506124939, 35.995022760680286],
            [-117.95513350563597, 35.994313893770439],
            [-117.954923705897997, 35.993901694113241],
            [-117.954795239625867, 35.993379694141225],
            [-117.954700239191297, 35.992494893515044],
            [-117.954524238565867, 35.991621160573999],
            [-117.954510638970774, 35.991472760740017],
            [-117.95453090586193, 35.9913352936371],
            [-117.954591705636972, 35.991104493557444],
            [-117.95456463849915, 35.990983560593399],
            [-117.954476705110935, 35.990791293494333],
            [-117.953969305197418, 35.990164893998646],
            [-117.953759638410119, 35.989829560653483],
            [-117.953570238513933, 35.989472493817615],
            [-117.953434838146109, 35.989082293235398],
            [-117.953400905184566, 35.9888184938794],
            [-117.953394104937843, 35.988268960237697],
            [-117.953360238451651, 35.987999693606952],
            [-117.95347503865338, 35.987510559874544],
            [-117.953535838428436, 35.987202693127834],
            [-117.953529038181742, 35.987026893547473],
            [-117.953562838192624, 35.986757560166481],
            [-117.953420638476402, 35.986048759998631],
            [-117.953041837785719, 35.985482692941595],
            [-117.952906504791542, 35.985114493019864],
            [-117.952838704445483, 35.98476275986323],
            [-117.952662905042672, 35.984460560175648],
            [-117.952514104505752, 35.984323293108154],
            [-117.952358637571123, 35.984158293182936],
            [-117.952169104724263, 35.983762693059298],
            [-117.952033838205409, 35.983432959474243],
            [-117.951898638161907, 35.983284559503076],
            [-117.95174303737825, 35.983147293297371],
            [-117.951344245579236, 35.982989609433922],
            [-117.951225356246326, 35.982952417849958],
            [-117.950793879245694, 35.982817437200545],
            [-117.95051439269956, 35.982732157451238],
            [-117.950363504477906, 35.982636359916192],
            [-117.949822503979519, 35.982394559433359],
            [-117.949403236880229, 35.982169293383677],
            [-117.949186837219855, 35.981993492765511],
            [-117.948923103530547, 35.981680292879517],
            [-117.948652636968134, 35.981295559488117],
            [-117.948490303311488, 35.981147159858878],
            [-117.948084503754927, 35.980883493169465],
            [-117.947110836886466, 35.980350492883126],
            [-117.94692823633865, 35.980224159758414],
            [-117.946752436935867, 35.980064759573494],
            [-117.946069236721243, 35.978932693289835],
            [-117.945988102681412, 35.978608492689602],
            [-117.945900236666873, 35.978399692913321],
            [-117.945834102695642, 35.978308493180258],
            [-117.945764902774357, 35.978212893095112],
            [-117.945656702495, 35.978097359814591],
            [-117.945501236458682, 35.977993092715607],
            [-117.945318635910866, 35.977954559724971],
            [-117.945136102736726, 35.977844692691981],
            [-117.945054903119882, 35.977756759263663],
            [-117.945000836217886, 35.977624892740948],
            [-117.944845302807906, 35.977377559271034],
            [-117.944730302281869, 35.977130292633561],
            [-117.944649102664997, 35.976811492529535],
            [-117.944520635494541, 35.976448892703146],
            [-117.944412436113524, 35.976305959503243],
            [-117.944182502435055, 35.97608609274743],
            [-117.944040502144873, 35.975915759237004],
            [-117.944006702133962, 35.975822359715103],
            [-117.944216235970615, 35.975206759179827],
            [-117.944364902658592, 35.974920959266882],
            [-117.944486636057675, 35.974585759604068],
            [-117.944554235181116, 35.974261559322997],
            [-117.94456090247715, 35.974091159354003],
            [-117.944533835339328, 35.973777959368107],
            [-117.944540502635377, 35.973563559122667],
            [-117.944709501791436, 35.973299759502076],
            [-117.944763635168769, 35.973090959494854],
            [-117.945007035491656, 35.97255235880656],
            [-117.945189301866165, 35.971513692010561],
            [-117.945148702506913, 35.971062959020642],
            [-117.944891701690636, 35.970079291943151],
            [-117.944790301658003, 35.969821091899526],
            [-117.944587435117398, 35.969491358956219],
            [-117.944553635106502, 35.969326492331625],
            [-117.944553502155827, 35.969172558535725],
            [-117.944573835522306, 35.969024158650726],
            [-117.944621235128281, 35.968853892057176],
            [-117.944607501684203, 35.96855709226439],
            [-117.944573834623995, 35.968414158588395],
            [-117.944303301586288, 35.967941558669104],
            [-117.944174835314115, 35.96744149225362],
            [-117.944039501421628, 35.967056758525501],
            [-117.943836634881023, 35.96672149202508],
            [-117.943498701247535, 35.966325891748028],
            [-117.943282234213527, 35.966089558263626],
            [-117.943241701329598, 35.965979692165952],
            [-117.943234901082903, 35.96575435818194],
            [-117.943268634618434, 35.965589491751615],
            [-117.943261900847091, 35.965474091952771],
            [-117.943207834843392, 35.965210291475479],
            [-117.943011701175806, 35.96489149194575],
            [-117.943011701175806, 35.9647595581256],
            [-117.943038834788993, 35.964622291693516],
            [-117.943113034733116, 35.964451892003773],
            [-117.943119901455177, 35.964270491931728],
            [-117.942964300671534, 35.963946291459983],
            [-117.942714233950952, 35.963671491597211],
            [-117.942437034515521, 35.963473758592606],
            [-117.942173300826212, 35.963303358605721],
            [-117.942044833655729, 35.963143958424212],
            [-117.941963700514236, 35.962951691842761],
            [-117.941902900739152, 35.962731758082313],
            [-117.941774433568696, 35.962374558459679],
            [-117.941456700351011, 35.961671158381122],
            [-117.941389033853937, 35.961451358477625],
            [-117.941395700251661, 35.961275491356737],
            [-117.941422700914146, 35.961149091347906],
            [-117.941436234033915, 35.960885291691419],
            [-117.941422700015835, 35.960659957712231],
            [-117.941301033990385, 35.960407157703244],
            [-117.940963033881587, 35.95987955836943],
            [-117.940800700224912, 35.959670757772088],
            [-117.940570900395443, 35.959500358304645],
            [-117.940395233044995, 35.959439958157702],
            [-117.939955833801861, 35.959324558097578],
            [-117.939502899642363, 35.959258691271039],
            [-117.939340633359322, 35.959203691319942],
            [-117.939144633540764, 35.959038758132685],
            [-117.938806633431952, 35.958599091434657],
            [-117.93861063271504, 35.958417757903057],
            [-117.938299633268755, 35.9581539578489],
            [-117.938232033246976, 35.957906691352974],
            [-117.938137432562741, 35.957774891291614],
            [-117.937894033138178, 35.957472557736573],
            [-117.937745299076596, 35.957384691055211],
            [-117.937580565121451, 35.957276664159942],
            [-117.93753244865988, 35.957187193175152],
            [-117.937533298466164, 35.957177788986627],
            [-117.937540974570254, 35.957092890193699],
            [-117.93765470128524, 35.956961467618875],
            [-117.937647853427833, 35.956864255042227],
            [-117.937468099641137, 35.956582291355666],
            [-117.93717069889162, 35.95645035819669],
            [-117.936940899062151, 35.956279957598603],
            [-117.936819232138419, 35.956225091551289],
            [-117.93654883294964, 35.956203091457603],
            [-117.936258232446818, 35.956120557784246],
            [-117.936082432145724, 35.956021758242393],
            [-117.935906699218265, 35.95585135817403],
            [-117.935812032058692, 35.955741490921284],
            [-117.935393032657345, 35.955571090975425],
            [-117.93525103236712, 35.955466691595113],
            [-117.935257832613843, 35.955081957698013],
            [-117.935237499247378, 35.954988557525915],
            [-117.935136099214731, 35.954889691123093],
            [-117.934967099160318, 35.954757691146057],
            [-117.934771098443434, 35.954730291411842],
            [-117.934466898345505, 35.954812691284495],
            [-117.934379032330924, 35.95480715825893],
            [-117.934311498784496, 35.954768757930943],
            [-117.934277632298304, 35.954702757868958],
            [-117.934270898526933, 35.9546422915165],
            [-117.934324898953619, 35.954576358248602],
            [-117.934527699018872, 35.954394958034968],
            [-117.934642632171276, 35.954208091237263],
            [-117.934642698646599, 35.954081690825362],
            [-117.934608898635716, 35.953971757846872],
            [-117.934521031722852, 35.95383449084359],
            [-117.934478831565727, 35.953786357493208],
            [-117.934385831679322, 35.953680491215707],
            [-117.934203431455828, 35.953592557778592],
            [-117.934027632053045, 35.953565091466878],
            [-117.933398898490736, 35.9535211581466],
            [-117.933250231802816, 35.953482691020021],
            [-117.933121898481303, 35.9534002912144],
            [-117.932898831524909, 35.95304309083722],
            [-117.932817698383388, 35.952977090787812],
            [-117.932682498339858, 35.952933090966617],
            [-117.932425697847904, 35.952889158022053],
            [-117.932222897782623, 35.952839691162538],
            [-117.932006698446557, 35.952746291247969],
            [-117.931851231511928, 35.952592357854513],
            [-117.931689031704209, 35.952520891144211],
            [-117.93143883113467, 35.95252095804571],
            [-117.931323897982239, 35.952498957647514],
            [-117.931182031541013, 35.952399957961596],
            [-117.931019830834984, 35.952312091455092],
            [-117.930864431274003, 35.952257091030006],
            [-117.930573697820478, 35.952246091522163],
            [-117.930141097925755, 35.952339491300862],
            [-117.929918030969347, 35.952366958038759],
            [-117.92969489753763, 35.952339491300862],
            [-117.929526031332173, 35.952306491352758],
            [-117.929276031086928, 35.952202091293827],
            [-117.928992097880126, 35.952059091655094],
            [-117.928890697847493, 35.951971157867504],
            [-117.92885689783661, 35.951866758092621],
            [-117.928796097163243, 35.95153155799985],
            [-117.928789430765505, 35.951328291147028],
            [-117.928708230250351, 35.951091890964925],
            [-117.928417495000232, 35.950683932785147],
            [-117.928394163057348, 35.95064944500745],
            [-117.928316848654092, 35.950535169457552],
            [-117.928248697066763, 35.950432358190803],
            [-117.928086497259045, 35.950333491176146],
            [-117.927836430538463, 35.950305957555173],
            [-117.927579630046523, 35.950333491176146],
            [-117.92726863060021, 35.950415758192484],
            [-117.927113230140918, 35.950498291281441],
            [-117.926978030097388, 35.950514691280162],
            [-117.926856296698276, 35.950487291528667],
            [-117.926734630672826, 35.950437757716365],
            [-117.92653869732959, 35.950267357965146],
            [-117.926254830598111, 35.949998091139193],
            [-117.92601829699727, 35.949717758086258],
            [-117.925802096762908, 35.949344091369149],
            [-117.925633229659184, 35.948937357533801],
            [-117.925470896900791, 35.948640490886689],
            [-117.925457496731724, 35.948530691418306],
            [-117.925471029851465, 35.9484481577284],
            [-117.925727896818756, 35.948217358047621],
            [-117.925809029960277, 35.948129491252608],
            [-117.925863029488625, 35.948008557892955],
            [-117.925869896210656, 35.947898691368216],
            [-117.925836096199788, 35.947805290702853],
            [-117.925626629736769, 35.947524957869142],
            [-117.9255928297259, 35.947425957768139],
            [-117.925599629972609, 35.947343557463149],
            [-117.925660429747651, 35.947266691353541],
            [-117.925707696402966, 35.947013890659484],
            [-117.925701030005243, 35.946920491129909],
            [-117.92549149616859, 35.946590690929902],
            [-117.925478095999495, 35.94632689065002],
            [-117.925551120048951, 35.946175941738069],
            [-117.925554498612726, 35.945986876658992],
            [-117.925533787953839, 35.945937033852879],
            [-117.925424029995796, 35.945672891036466],
            [-117.925336229558241, 35.94556849093879],
            [-117.925329429311546, 35.945546490786363],
            [-117.924451096152609, 35.943523957467931],
            [-117.92388163882265, 35.942193349700297],
            [-117.923532295686741, 35.941468490821286],
            [-117.923519793832924, 35.941440159181433],
            [-117.922491894772449, 35.939110756716993],
            [-117.922465807696582, 35.939053607345848],
            [-117.921370494565636, 35.936653956865122],
            [-117.921289427899438, 35.936423156921798],
            [-117.921263154872321, 35.936384817483216],
            [-117.921127427517746, 35.936186756514402],
            [-117.920073427906658, 35.934746756474226],
            [-117.918256226816752, 35.932229556418832],
            [-117.917439293507485, 35.928772556269351],
            [-117.917427904666312, 35.928724198886499],
            [-117.916845225931979, 35.926249956132835],
            [-117.916042092542099, 35.922759955778659],
            [-117.916015164643127, 35.922644137687236],
            [-117.914867824684165, 35.917709155196142],
            [-117.914856040584269, 35.917567577269509],
            [-117.914551291615723, 35.913906088486357],
            [-117.914436891164272, 35.912350754587415],
            [-117.914441408791831, 35.912305116239317],
            [-117.914450490759364, 35.912213354908836],
            [-117.914957890672866, 35.909635954640663],
            [-117.91507282472358, 35.909003954301156],
            [-117.915085534986517, 35.908940595738585],
            [-117.915370490476121, 35.907520154460883],
            [-117.915383302248728, 35.907454712306915],
            [-117.916310690608682, 35.902717086862509],
            [-117.916319387198939, 35.902672588276054],
            [-117.917244024019197, 35.897941353121276],
            [-117.917266330086022, 35.897833648853059],
            [-117.917703823104105, 35.895721152765162],
            [-117.917739310151106, 35.895539943506861],
            [-117.918498144919383, 35.891664825144851],
            [-117.918535690006664, 35.891473085503925],
            [-117.91965128979173, 35.885686151877948],
            [-117.920050222626244, 35.883729751753762],
            [-117.92038148896367, 35.882037084564942],
            [-117.920457222332018, 35.881533751038297],
            [-117.920461909741164, 35.881502631397495],
            [-117.920537022373651, 35.881003951242164],
            [-117.9206666223197, 35.874953084061104],
            [-117.920468821378975, 35.871807483493626],
            [-117.92046682172915, 35.871775683782808],
            [-117.920271421086838, 35.869209082928322],
            [-117.920143487515674, 35.867142682958587],
            [-117.920055287327813, 35.86543668272877],
            [-117.920556821242528, 35.864861682512718],
            [-117.920753487611037, 35.864302549272551],
            [-117.922052288018477, 35.863399282193157],
            [-117.922166488145635, 35.862802549066707],
            [-117.922160332889277, 35.862727864925084],
            [-117.922149621377841, 35.862597882056058],
            [-117.923507420438199, 35.856909948714659],
            [-117.924027620446211, 35.854772081491049],
            [-117.924581420140782, 35.852370481334852],
            [-117.925155486726439, 35.849957880621709],
            [-117.925709287319322, 35.847748547089523],
            [-117.926141486565456, 35.845830546700512],
            [-117.926134820167732, 35.845699080510997],
            [-117.925948686545908, 35.843646346736939],
            [-117.925930635798593, 35.843530975059792],
            [-117.925750419379554, 35.842379146752961],
            [-117.924312819379224, 35.841301880134807],
            [-117.923597485528617, 35.840669746597285],
            [-117.923253218772373, 35.840400480309029],
            [-117.923057618704092, 35.840213546661047],
            [-117.922956418995767, 35.839883879860658],
            [-117.922929419231579, 35.839631079768779],
            [-117.922848419040733, 35.839466146290384],
            [-117.922605485841828, 35.839246346842714],
            [-117.92238948593176, 35.839114346869096],
            [-117.921937285695805, 35.839141879864542],
            [-117.921579618770508, 35.839103279924728],
            [-117.921005885459778, 35.838916346861033],
            [-117.920736018073697, 35.838800946456942],
            [-117.920304018253589, 35.838493146412262],
            [-117.920135417949481, 35.838234746819161],
            [-117.920040884638865, 35.83814688022084],
            [-117.919453684683731, 35.837987346487687],
            [-117.919231018375925, 35.83793787987414],
            [-117.918502084930225, 35.837734479907695],
            [-117.918178218015768, 35.837580480016562],
            [-117.916949884154135, 35.837129679768935],
            [-117.91636948444571, 35.836865746839933],
            [-117.915215417003566, 35.836304946531612],
            [-117.914473084287081, 35.835986146619064],
            [-117.914290883489585, 35.835870680050327],
            [-117.912597216920886, 35.834721679819367],
            [-117.91212481626917, 35.834331479949462],
            [-117.911699816121725, 35.8337323468457],
            [-117.911382816827626, 35.83320468036144],
            [-117.911261483178848, 35.83279248012807],
            [-117.911356082964787, 35.83227587966158],
            [-117.91137648280656, 35.831693346479447],
            [-117.911491283008289, 35.831369079600918],
            [-117.911666882985102, 35.831011879569097],
            [-117.912389415934413, 35.830000746278259],
            [-117.912443482836423, 35.829687546568891],
            [-117.91209268263313, 35.82899494600921],
            [-117.912072483115665, 35.828648746156837],
            [-117.912113082474946, 35.82847834631108],
            [-117.912059215897216, 35.828428945873611],
            [-117.911046882844005, 35.828384746414486],
            [-117.910628416143609, 35.82821427972366],
            [-117.910365282528886, 35.828170279708061],
            [-117.910169615985296, 35.828087746473962],
            [-117.910081882023093, 35.827939346232924],
            [-117.910095482516468, 35.827790946442668],
            [-117.910149415569492, 35.827648145832867],
            [-117.910298215208087, 35.82698314626365],
            [-117.910338815465678, 35.826631479405037],
            [-117.910318615948214, 35.826224679249563],
            [-117.91064948253532, 35.825592746058192],
            [-117.910663082130412, 35.825466345560045],
            [-117.910278481916251, 35.825147479521185],
            [-117.910238081982982, 35.824938679465234],
            [-117.910177415158572, 35.824751879096233],
            [-117.910029015270283, 35.824603345881961],
            [-117.909516282058931, 35.824229545737822],
            [-117.909327414863697, 35.824004145883137],
            [-117.909104881506565, 35.823558945456675],
            [-117.909179081450731, 35.82331174555717],
            [-117.90937488184332, 35.822932479389216],
            [-117.909462815231535, 35.822657745388121],
            [-117.909543881897733, 35.822344545835378],
            [-117.909692414736696, 35.821954279277065],
            [-117.909820681582843, 35.821811479091529],
            [-117.910131214803528, 35.821525745382175],
            [-117.910198814825279, 35.821157545228353],
            [-117.910077482074783, 35.820640945503996],
            [-117.910300214857926, 35.820426678578521],
            [-117.910779414858041, 35.820223345170533],
            [-117.91100221501479, 35.820086078491158],
            [-117.91147461476821, 35.820014678571155],
            [-117.911683615005572, 35.820097145174351],
            [-117.911953615342327, 35.820179545406965],
            [-117.912459682155927, 35.820196278345712],
            [-117.912675615590672, 35.820179744990199],
            [-117.912837615074054, 35.820130345214757],
            [-117.912925281662652, 35.820080878395096],
            [-117.912925415511637, 35.819943478170714],
            [-117.91275668225687, 35.819828144866229],
            [-117.912689215185765, 35.819624678811181],
            [-117.912763615454224, 35.819492878558869],
            [-117.9129660157692, 35.8193939448227],
            [-117.913674615848478, 35.819185278228431],
            [-117.9138096155677, 35.819102878420637],
            [-117.913769215634417, 35.818773078018857],
            [-117.913674682323801, 35.818635678444664],
            [-117.91368161552117, 35.818289345266443],
            [-117.913830081884797, 35.818135545103893],
            [-117.913877415015421, 35.818042144981924],
            [-117.913884215262144, 35.817860744967632],
            [-117.913870682142374, 35.817602478504405],
            [-117.913931614868105, 35.817217745120374],
            [-117.913607681478325, 35.817025344585439],
            [-117.913270281444127, 35.816777945143969],
            [-117.913081481622555, 35.816508677906597],
            [-117.912852215392377, 35.816338278221387],
            [-117.912616081541842, 35.816107344557651],
            [-117.912582415379958, 35.815958944498917],
            [-117.912649881552753, 35.815579744455441],
            [-117.912196281741601, 35.814470278178206],
            [-117.911437880859609, 35.813081678114173],
            [-117.911399812054498, 35.813011958306653],
            [-117.911178881291832, 35.812607344441687],
            [-117.910418280435707, 35.81023187744637],
            [-117.908712213522833, 35.807214277733316],
            [-117.90745141275022, 35.805032143884439],
            [-117.906413079757712, 35.803190743592623],
            [-117.905260078615811, 35.801244944038636],
            [-117.904087078280753, 35.799145276636416],
            [-117.903608411879929, 35.798331743752122],
            [-117.903565792209577, 35.798271639536438],
            [-117.90346021141761, 35.798122743481564],
            [-117.903386077948809, 35.797853477106365],
            [-117.903224411740382, 35.797353343296621],
            [-117.902921277942681, 35.796287076872417],
            [-117.902153211188249, 35.793703742760236],
            [-117.901863610510304, 35.792675876475222],
            [-117.902295677704075, 35.791840676052715],
            [-117.9026264778159, 35.791335142837887],
            [-117.902714210879793, 35.791258276079958],
            [-117.902862677243462, 35.79115934287362],
            [-117.90320001080228, 35.791033076286404],
            [-117.903422610634763, 35.790829742669324],
            [-117.903456410645632, 35.790752876151231],
            [-117.904124610791627, 35.789862742640324],
            [-117.904968211488438, 35.788714275915936],
            [-117.906321327631233, 35.787655064014238],
            [-117.907066324750858, 35.787044651643832],
            [-117.907185122455587, 35.786874212791716],
            [-117.907371793269959, 35.786606396331827],
            [-117.908403011605429, 35.784862541659784],
            [-117.909442211472182, 35.783076541784226],
            [-117.911473478399358, 35.779686074696542],
            [-117.913916012029929, 35.778920474440085],
            [-117.914932032667409, 35.775116621320642],
            [-117.914973466561591, 35.774961486907436],
            [-117.914504981666184, 35.7728873377607],
            [-117.913991210900676, 35.772756273342473],
            [-117.913924210953539, 35.771003073382651],
            [-117.913783477287865, 35.767941873190587],
            [-117.913636210175113, 35.764375072826951],
            [-117.913683476830414, 35.763814472708717],
            [-117.913198209608908, 35.763297672819959],
            [-117.912719609683407, 35.762720539475843],
            [-117.912173476211464, 35.76226427217513],
            [-117.909510609197909, 35.760411672647628],
            [-117.908620809044393, 35.759729872557486],
            [-117.907865875659368, 35.7590921391932],
            [-117.907818675479405, 35.758987672462581],
            [-117.907670475017085, 35.758630472740549],
            [-117.907138474739511, 35.757031072616023],
            [-117.906714208515695, 35.75570087254318],
            [-117.90734820800219, 35.754931671922535],
            [-117.907935074682342, 35.75429427189485],
            [-117.908393675414686, 35.753920671631519],
            [-117.909290674666906, 35.753294338765258],
            [-117.91140807565678, 35.751975737810675],
            [-117.912251075380667, 35.751486871306305],
            [-117.912885008391825, 35.751212138105828],
            [-117.913539008868113, 35.751041871050099],
            [-117.913815408802947, 35.750915537835503],
            [-117.914280675933, 35.750552937569516],
            [-117.914516808885224, 35.750256271415367],
            [-117.914660675874586, 35.749955871420958],
            [-117.914741608691799, 35.749906337580626],
            [-117.91483600905174, 35.74972507071422],
            [-117.914977608693363, 35.74955467070555],
            [-117.915038409366744, 35.749384337405104],
            [-117.915092275944417, 35.749170070782583],
            [-117.914993914014076, 35.749036289455411],
            [-117.914971008770962, 35.749005137524058],
            [-117.91438447536575, 35.748807137403496],
            [-117.913912608313311, 35.748664137941638],
            [-117.913407008623665, 35.748543271110059],
            [-117.912463208043434, 35.748389071292735],
            [-117.911977808769535, 35.748290070892281],
            [-117.911519408361542, 35.748213137731746],
            [-117.911094675013743, 35.748125137997377],
            [-117.910649674774817, 35.748064537968013],
            [-117.910123874669324, 35.747954471369788],
            [-117.909665474261303, 35.74784453803904],
            [-117.909281274695758, 35.747663071085931],
            [-117.908897007756565, 35.747399137570433],
            [-117.908546607303578, 35.747113337471781],
            [-117.908243274079894, 35.74684393769229],
            [-117.908034407691517, 35.746607538102474],
            [-117.90790627379603, 35.746343737425413],
            [-117.907906607070984, 35.745717137867821],
            [-117.908021274322081, 35.745326937472854],
            [-117.908520607364309, 35.743969670620878],
            [-117.908716273907928, 35.743507937579601],
            [-117.908783807454355, 35.74310673717352],
            [-117.908750207767795, 35.742842937289829],
            [-117.90858847418572, 35.74260113764295],
            [-117.908197607324126, 35.742337270463146],
            [-117.907011273295296, 35.741743470413184],
            [-117.906485473189832, 35.741501537642336],
            [-117.906013806461701, 35.741221070369001],
            [-117.905508273247349, 35.740781270502147],
            [-117.905245472907609, 35.740456937296848],
            [-117.905110806463369, 35.740050137028796],
            [-117.90513787270288, 35.73987987088686],
            [-117.905482006508421, 35.739143470515302],
            [-117.905819206218339, 35.7385335374397],
            [-117.906264406781546, 35.7378356702487],
            [-117.90652067277594, 35.737522336873646],
            [-117.906763406548848, 35.737159736847481],
            [-117.90721527350982, 35.736593736519517],
            [-117.907599606924322, 35.736291536404217],
            [-117.90784240627427, 35.73612673688114],
            [-117.90822660673814, 35.735994936684371],
            [-117.908948006911857, 35.735929136401566],
            [-117.909588273045799, 35.735846869747398],
            [-117.909669206761322, 35.73581387001866],
            [-117.909723207187994, 35.735687536698805],
            [-117.909858938135869, 35.733229484154187],
            [-117.909888158535423, 35.732730804062612],
            [-117.910035006134919, 35.730224669616099],
            [-117.91006887262111, 35.729405736004253],
            [-117.91004880605432, 35.729125335511654],
            [-117.908896472360638, 35.728047935943131],
            [-117.908707872863403, 35.727767535775378],
            [-117.908270072621477, 35.726778268888516],
            [-117.907785072199573, 35.725805335594742],
            [-117.907785205150248, 35.725607468845922],
            [-117.908028405148812, 35.724035735786174],
            [-117.90829867228517, 35.722035268201225],
            [-117.908785004908637, 35.718858734954402],
            [-117.909379271011787, 35.714786334292576],
            [-117.909912804713542, 35.711329467610263],
            [-117.909946604724439, 35.71090626737756],
            [-117.909946604724439, 35.710807334164038],
            [-117.909886004375352, 35.710724933611665],
            [-117.909751404406435, 35.710609467368471],
            [-117.909657071420156, 35.710472067565583],
            [-117.909630204606614, 35.710153267541621],
            [-117.909852604114803, 35.709763067221914],
            [-117.910014470647511, 35.709647733798327],
            [-117.910344670684722, 35.70934006728681],
            [-117.91054687067539, 35.708955333674581],
            [-117.91057476695822, 35.708873881649481],
            [-117.910623228372827, 35.708739017261053],
            [-117.910623419714, 35.708722535854413],
            [-117.910628004715193, 35.708328866652067],
            [-117.910479870728224, 35.707927533525762],
            [-117.910284470984237, 35.707636266877039],
            [-117.910089270666262, 35.707504333466424],
            [-117.90988720452458, 35.707262466650796],
            [-117.909638003779918, 35.70678973376598],
            [-117.909422470993789, 35.706492866637767],
            [-117.908998003547339, 35.706240066675939],
            [-117.908661203587755, 35.70599813329148],
            [-117.907893203308646, 35.70551426650826],
            [-117.907630470342554, 35.705360333512147],
            [-117.907428403302532, 35.705047067159043],
            [-117.907004069705039, 35.704700733706588],
            [-117.906754868062052, 35.704527021870028],
            [-117.906357270124047, 35.704249866760236],
            [-117.905454469551728, 35.703985866689806],
            [-117.90527926932522, 35.703958333547689],
            [-117.905104202947726, 35.703914266932308],
            [-117.904679802874895, 35.703606466681833],
            [-117.904524803064206, 35.703556933190264],
            [-117.904309202904415, 35.703507466779612],
            [-117.90386446946512, 35.703446867083827],
            [-117.903682602840931, 35.703369866529989],
            [-117.902820402526189, 35.702754066594991],
            [-117.902086202257934, 35.702077866882753],
            [-117.901938069169276, 35.701857933232333],
            [-117.901884202591575, 35.701759066844154],
            [-117.901938202119922, 35.701390733611362],
            [-117.902579402501757, 35.698890266542016],
            [-117.903051802255149, 35.696851466062768],
            [-117.903416202053535, 35.695592932379228],
            [-117.903686201491965, 35.694394865807922],
            [-117.904347468440577, 35.691663532150606],
            [-117.904833268363063, 35.689707065583846],
            [-117.905319001810255, 35.687921065018337],
            [-117.906121868400476, 35.684568664649191],
            [-117.906661667851338, 35.682375931498342],
            [-117.906931467863785, 35.68134273134379],
            [-117.907397000895145, 35.679446731058356],
            [-117.907909667631174, 35.677440863933136],
            [-117.908004067991087, 35.676979130616509],
            [-117.908074843557415, 35.676774689751475],
            [-117.908229527161126, 35.676401768661563],
            [-117.908347867623377, 35.676116464017028],
            [-117.908314267936817, 35.675984463863422],
            [-117.90804500062535, 35.675643663982967],
            [-117.907923800825529, 35.675462263890417],
            [-117.907432200481225, 35.675209330533278],
            [-117.907129067581891, 35.67492893056243],
            [-117.907001266961345, 35.674720063691083],
            [-117.906529867032859, 35.674362663360931],
            [-117.90551980042909, 35.673642530008458],
            [-117.905169666775734, 35.673450063819608],
            [-117.905014799915691, 35.673263130143368],
            [-117.904604000336249, 35.673054130475926],
            [-117.904166399520321, 35.67260333054999],
            [-117.903620866123006, 35.67235592992914],
            [-117.903304399529915, 35.672240330042776],
            [-117.902860065840898, 35.671751130382411],
            [-117.902626895532492, 35.671667288320513],
            [-117.902435449274094, 35.671641504217938],
            [-117.902146065988447, 35.671602530303588],
            [-117.901674666059975, 35.671459530188471],
            [-117.901203266131475, 35.671289063482313],
            [-117.900792465653737, 35.671228463389085],
            [-117.900644399040402, 35.671167930388805],
            [-117.900462598891508, 35.670948064028003],
            [-117.900173065587254, 35.670645730281912],
            [-117.899796066018681, 35.670387263810404],
            [-117.899196665145382, 35.670112330468733],
            [-117.898388599106255, 35.669793264006373],
            [-117.897519998295124, 35.669424730613358],
            [-117.896765664984727, 35.669199130609584],
            [-117.896341465236205, 35.668990130517912],
            [-117.895829798325096, 35.668715263883918],
            [-117.895493064840835, 35.668577663453988],
            [-117.895021664912363, 35.66845106372616],
            [-117.894577264748051, 35.668269530518835],
            [-117.894220398221648, 35.668055130398564],
            [-117.893856864399211, 35.667824263927116],
            [-117.893095997641751, 35.667268730670557],
            [-117.892799864415096, 35.666966463997873],
            [-117.892221063707851, 35.666240730452955],
            [-117.891090064103906, 35.66526206338267],
            [-117.890383263350145, 35.664712130526176],
            [-117.890039996418821, 35.664497663925253],
            [-117.88968319636777, 35.664239263667994],
            [-117.889353396979203, 35.663931330019444],
            [-117.888875462705315, 35.663293663869062],
            [-117.888693796405391, 35.663134063892194],
            [-117.888511996256497, 35.66302953043099],
            [-117.888134996687967, 35.662864530520913],
            [-117.887885863316967, 35.662694130123114],
            [-117.887562996227459, 35.662243330078944],
            [-117.886984395844507, 35.661215330111276],
            [-117.886644595511896, 35.660259463176359],
            [-117.88658766208583, 35.660099463733687],
            [-117.88640606226123, 35.659824529996243],
            [-117.886278395489697, 35.659412330156307],
            [-117.88631899574726, 35.659099063628268],
            [-117.886453862515808, 35.658807863178936],
            [-117.886440462346712, 35.658620930249441],
            [-117.886521595488233, 35.658208862875725],
            [-117.886757462539137, 35.657829663368837],
            [-117.887040462396357, 35.65753306290415],
            [-117.887107995942799, 35.657395662900711],
            [-117.887229395168603, 35.656966929956248],
            [-117.887471995990865, 35.656631863295829],
            [-117.88757826219738, 35.656539663277876],
            [-117.887788662009996, 35.65635712929268],
            [-117.887762262320393, 35.655582129456661],
            [-117.887675195806438, 35.654680862578289],
            [-117.887749395750589, 35.654477462409496],
            [-117.888018995438728, 35.654180862633922],
            [-117.88846359592732, 35.653878729626861],
            [-117.890174595489427, 35.652895529223265],
            [-117.890201795577923, 35.652411928664307],
            [-117.89035019546624, 35.651999862101903],
            [-117.890532262414752, 35.651604128956677],
            [-117.890539262087444, 35.651186528830408],
            [-117.890667262133974, 35.650939261850553],
            [-117.890829062191358, 35.650774328933934],
            [-117.891004195942543, 35.650444662088127],
            [-117.892661395402271, 35.649225128783151],
            [-117.893031862422049, 35.648950528437034],
            [-117.894197263009815, 35.648060528459986],
            [-117.894459995975879, 35.647840861261685],
            [-117.894463355675072, 35.647781128112648],
            [-117.894534795994687, 35.646510728183344],
            [-117.894575395353939, 35.646027128390564],
            [-117.894711062521409, 35.644175061287839],
            [-117.894826461899427, 35.642284460912173],
            [-117.89522399515873, 35.641735061175673],
            [-117.895493461896194, 35.641432727787041],
            [-117.895614862020352, 35.641070127265323],
            [-117.895965395423985, 35.640333727391038],
            [-117.896046261765861, 35.640124927711362],
            [-117.896053022486683, 35.640048874983094],
            [-117.896093662270147, 35.639591727016231],
            [-117.896167862214284, 35.63922912690149],
            [-117.896336461620066, 35.638827927275834],
            [-117.896585662364714, 35.638498260779109],
            [-117.89688879526409, 35.638212660805678],
            [-117.897319861734658, 35.637976460289146],
            [-117.897515062052634, 35.637888527198847],
            [-117.897555595834859, 35.637674127281791],
            [-117.897508595080907, 35.637443327027896],
            [-117.897286462372378, 35.637157460455072],
            [-117.896862462049839, 35.636964926765394],
            [-117.896398061794031, 35.636810927222861],
            [-117.896344261691709, 35.636541526966298],
            [-117.896438662051622, 35.636349260465522],
            [-117.89684266228268, 35.636107660528488],
            [-117.896997662093369, 35.63595372650262],
            [-117.897118994843865, 35.635634926572969],
            [-117.897233595619596, 35.635453726894369],
            [-117.897617395434864, 35.635223060407384],
            [-117.897873462003204, 35.634794326738543],
            [-117.898014995169504, 35.634431660320899],
            [-117.898169862029533, 35.634272326839685],
            [-117.898573995211237, 35.634069126597872],
            [-117.898910662220146, 35.633810926511821],
            [-117.898977995442294, 35.633739460184444],
            [-117.899002272412815, 35.63370130740195],
            [-117.899712262185815, 35.63258552612966],
            [-117.900419995390848, 35.630920459636563],
            [-117.900830862343909, 35.630414926184017],
            [-117.901362995572143, 35.629865459452127],
            [-117.901672661918582, 35.629645726171091],
            [-117.902009461878166, 35.629305059279808],
            [-117.902319195598238, 35.629046859138363],
            [-117.902676195075287, 35.628794125585905],
            [-117.902891595809066, 35.628695259217814],
            [-117.903322461955312, 35.628574458725403],
            [-117.90344379560409, 35.628503059272106],
            [-117.903423662561949, 35.628173325363285],
            [-117.903383262628694, 35.62786552575745],
            [-117.904023261962976, 35.627030325634713],
            [-117.904353395524836, 35.626354325443259],
            [-117.904683662037357, 35.625238858560927],
            [-117.904703862453147, 35.624958458376625],
            [-117.904847662068875, 35.624430125500602],
            [-117.905083662070439, 35.623457325240757],
            [-117.905386995294094, 35.622303258100807],
            [-117.905737261898096, 35.621423924950605],
            [-117.905885595311091, 35.621011857776296],
            [-117.906330061950726, 35.620385324664632],
            [-117.906478195039412, 35.620231524666245],
            [-117.90649166168383, 35.620132657933411],
            [-117.906461852887745, 35.620063427780032],
            [-117.906195795256764, 35.619445524556241],
            [-117.906364062285917, 35.619148857544388],
            [-117.906700862245501, 35.618610257658382],
            [-117.906889395267456, 35.618253057529678],
            [-117.906930062000356, 35.617725457345387],
            [-117.907057995571535, 35.617533124412191],
            [-117.907266795484617, 35.617346257761653],
            [-117.907879395304406, 35.616945257208144],
            [-117.907994085911668, 35.616898436910297],
            [-117.90809479513986, 35.61685732435182],
            [-117.908350594908583, 35.616571657283856],
            [-117.908653795181607, 35.615780257321333],
            [-117.909071262057083, 35.61501092382008],
            [-117.909589862165546, 35.61395025695834],
            [-117.91002759503381, 35.613345723558957],
            [-117.910263261760377, 35.61295005679716],
            [-117.910424995342467, 35.612180656637655],
            [-117.910519394804098, 35.611867456887047],
            [-117.910687661833208, 35.611636656620931],
            [-117.911104994859699, 35.61140045645714],
            [-117.911508862140082, 35.611405923608388],
            [-117.911697395162022, 35.611351056354536],
            [-117.911865595715852, 35.61107632295716],
            [-117.91230999498184, 35.610251922837016],
            [-117.912370661806236, 35.609927656145302],
            [-117.912512194972507, 35.609619856420473],
            [-117.912855461903831, 35.609268256528615],
            [-117.913198795310464, 35.609114322680576],
            [-117.913387261857054, 35.608944055962425],
            [-117.913415728570101, 35.608675224954169],
            [-117.913449169254861, 35.608405428258017],
            [-117.913528862397001, 35.607762456274727],
            [-117.913751261905134, 35.606910522579867],
            [-117.914027395040321, 35.605910455701796],
            [-117.914323662115976, 35.605184922738871],
            [-117.914646861582156, 35.604536522258243],
            [-117.914882461833415, 35.604179255629774],
            [-117.91531339535328, 35.603695655369037],
            [-117.915535461586472, 35.603365922159256],
            [-117.915502062224235, 35.6026294554568],
            [-117.915407862188573, 35.602404121870677],
            [-117.915609994805607, 35.601684122074275],
            [-117.91598026150109, 35.600672921901371],
            [-117.916242861516537, 35.59990352200127],
            [-117.916364061316358, 35.599480321841021],
            [-117.91649206136286, 35.599205655054703],
            [-117.916626861656084, 35.59812845482174],
            [-117.916653861420272, 35.597534721267586],
            [-117.916849194688908, 35.597166521463237],
            [-117.917273195011404, 35.596710454809426],
            [-117.917892394753636, 35.596303921349111],
            [-117.918302994907066, 35.596067654738235],
            [-117.918686461447351, 35.595952254909584],
            [-117.919507462328198, 35.595919454426586],
            [-117.920429262268797, 35.596106321455913],
            [-117.92114926196902, 35.596408721059021],
            [-117.92130399587839, 35.596386721253971],
            [-117.921606861978105, 35.596238454331221],
            [-117.921958000846288, 35.595991878582211],
            [-117.922326862576668, 35.59573285430934],
            [-117.922616262031966, 35.595512921331512],
            [-117.922676862381024, 35.595287654633005],
            [-117.922562595778572, 35.595040320653048],
            [-117.921930195293271, 35.594100454347434],
            [-117.921506395295054, 35.593369321091124],
            [-117.921425794854514, 35.592880254295686],
            [-117.921459461914736, 35.592605453825726],
            [-117.921513262017086, 35.59247352095128],
            [-117.921694861841672, 35.592308720883189],
            [-117.922569795775573, 35.59190205403192],
            [-117.922805262177846, 35.591764720902539],
            [-117.923121595820319, 35.591374520401928],
            [-117.924009862549653, 35.590390853606593],
            [-117.9245280620095, 35.589835719985643],
            [-117.924898195754338, 35.58950605386115],
            [-117.925456796045779, 35.58892905324101],
            [-117.92627099578165, 35.587983720216812],
            [-117.927414861955427, 35.586747119781158],
            [-117.92880106215182, 35.585158919353141],
            [-117.929325862432364, 35.584521452409888],
            [-117.929534462919435, 35.584021252521623],
            [-117.929592126675857, 35.583577293244367],
            [-117.929670700517136, 35.582912801369496],
            [-117.929676904282474, 35.582898082438177],
            [-117.929731016998559, 35.582769662259132],
            [-117.929884462723805, 35.582421919494699],
            [-117.930415995877425, 35.581465652348292],
            [-117.930839995301639, 35.580674252202776],
            [-117.932225996072063, 35.578321918291543],
            [-117.932542062016537, 35.577689918252702],
            [-117.93284486253927, 35.57736025180516],
            [-117.934035662991676, 35.576629251358277],
            [-117.934419062158298, 35.576348918260706],
            [-117.935159062848356, 35.575354118151601],
            [-117.935825063020189, 35.574381318121588],
            [-117.936020195964545, 35.574238450911018],
            [-117.936497862540463, 35.573985517901242],
            [-117.937298396205861, 35.573672317730548],
            [-117.937580684597421, 35.573429496774871],
            [-117.937621730419337, 35.573365879360175],
            [-117.937670155901387, 35.573290822611916],
            [-117.937836462806573, 35.572754450942966],
            [-117.937971062775489, 35.572512650876085],
            [-117.938253596407066, 35.572160917202652],
            [-117.938616862531532, 35.571781650762105],
            [-117.938852262458482, 35.571556317295808],
            [-117.939625862835086, 35.570979250910362],
            [-117.940708796283133, 35.57020971689041],
            [-117.940957662854501, 35.569945917417279],
            [-117.941966596682704, 35.5686653166307],
            [-117.942471063596813, 35.568055250191364],
            [-117.942713196396809, 35.567857316795958],
            [-117.943224396183979, 35.567703316461845],
            [-117.94368846316479, 35.567582450182528],
            [-117.944112263163035, 35.567456049995663],
            [-117.944502463474663, 35.567280116351952],
            [-117.944926196997557, 35.566961316748355],
            [-117.94524226384037, 35.566691916535973],
            [-117.946170396903725, 35.565960916656429],
            [-117.94661426346876, 35.565356249501889],
            [-117.947138863424996, 35.564933049418492],
            [-117.947448263870086, 35.564669249379456],
            [-117.947798063350177, 35.564416449114958],
            [-117.948026663928729, 35.564306449193737],
            [-117.948564797004721, 35.564070049439309],
            [-117.949028863985561, 35.56394351583053],
            [-117.949835997573388, 35.56369064897045],
            [-117.950158863764614, 35.563619115616937],
            [-117.950334357740203, 35.563524075321141],
            [-117.950397470677117, 35.563489895775561],
            [-117.950986063919245, 35.563102449113217],
            [-117.952176397247712, 35.562129515663948],
            [-117.953286064558654, 35.561255448610055],
            [-117.953837464853081, 35.560760715081123],
            [-117.954261197477663, 35.560524448831124],
            [-117.955041264825979, 35.560150515382588],
            [-117.956224864383088, 35.559683115301809],
            [-117.958440558133049, 35.558645976296027],
            [-117.9605355982589, 35.557665248038525],
            [-117.961255199107114, 35.557252914692562],
            [-117.961665265661253, 35.556961514324868],
            [-117.96229066557558, 35.556488714636579],
            [-117.96266046514711, 35.556263314047101],
            [-117.96303719881432, 35.55605991421298],
            [-117.963561599344587, 35.55590584735814],
            [-117.963985265493818, 35.555757447750743],
            [-117.965512972805357, 35.555473651317669],
            [-117.965717756350784, 35.555438349442213],
            [-117.966170679730524, 35.555360270005018],
            [-117.966527398933209, 35.555251114185516],
            [-117.966903865800788, 35.55501471403074],
            [-117.96756279982462, 35.554432047246209],
            [-117.967972866378787, 35.554140513842967],
            [-117.968443599757336, 35.553926047342941],
            [-117.968746266431069, 35.553816046909553],
            [-117.969667466297054, 35.553650913693815],
            [-117.971026000179336, 35.553485647124091],
            [-117.971469800269034, 35.55338111354618],
            [-117.971771436575125, 35.553224729872191],
            [-117.971852303815325, 35.553182804793884],
            [-117.972565799712868, 35.552699313106352],
            [-117.973029667267738, 35.552352913217483],
            [-117.97323806653219, 35.55224291354898],
            [-117.973426400128133, 35.552171446718283],
            [-117.973648266935314, 35.552105446639715],
            [-117.974213200349482, 35.551995246376414],
            [-117.974845400510503, 35.551940113299288],
            [-117.975598467196292, 35.551813513034475],
            [-117.976136467321652, 35.551681312708482],
            [-117.976593601105122, 35.551521846592905],
            [-117.97955206774607, 35.550218246033481],
            [-117.980130267480391, 35.549981712635521],
            [-117.980587601588169, 35.549910112231139],
            [-117.981065067839751, 35.549909912701523],
            [-117.981603067965111, 35.550074645794034],
            [-117.982401804999981, 35.550469396187488],
            [-117.982847602044572, 35.550689712321947],
            [-117.983170468235798, 35.550722512326857],
            [-117.983634468741272, 35.550672912528185],
            [-117.985564269160506, 35.550177445661781],
            [-117.986828402682818, 35.54983071182847],
            [-117.987595002488405, 35.549758911759248],
            [-117.988213669529628, 35.549786112151359],
            [-117.988536469245531, 35.549813512064048],
            [-117.988906469141369, 35.549796845106592],
            [-117.98924926894874, 35.549686711834532],
            [-117.991219069550922, 35.548680111597015],
            [-117.991907245533881, 35.54836118465154],
            [-117.992335069984577, 35.548162911721391],
            [-117.992704803080784, 35.547964911655804],
            [-117.993242602881836, 35.547580044573564],
            [-117.993773403010167, 35.546947644906936],
            [-117.994561112326622, 35.546045240731196],
            [-117.994972375436745, 35.545578164065809],
            [-117.995008846138958, 35.545518687117443],
            [-117.995035451542734, 35.545475299827871],
            [-117.995150470035071, 35.545017911142388],
            [-117.995183870295634, 35.544671644717681],
            [-117.995163202755904, 35.543984644190999],
            [-117.995155803332921, 35.543055844586867],
            [-117.99522946967781, 35.54269851124748],
            [-117.995760003006509, 35.541692511111755],
            [-117.995867269936255, 35.541390111054348],
            [-117.996411069585093, 35.540153310391865],
            [-117.996901070029836, 35.53911431058372],
            [-117.997297069864942, 35.538141310405372],
            [-117.997471670016836, 35.537800510590188],
            [-117.997706869619478, 35.537498043227501],
            [-117.997982269729405, 35.53718464344513],
            [-117.998378803163803, 35.536937110318718],
            [-117.99972320295339, 35.536485710268863],
            [-118.000523070068894, 35.536172043370257],
            [-118.000918403354063, 35.536074509975236],
            [-118.002841870650542, 35.535426909610891],
            [-118.00295627020364, 35.535383043167265],
            [-118.003716203611532, 35.535130509473738],
            [-118.004160070176553, 35.534993443064586],
            [-118.006823404314062, 35.534104309127258],
            [-118.007273870801484, 35.533961642790182],
            [-118.007421870939496, 35.533895708867583],
            [-118.007704270722115, 35.533818908945221],
            [-118.007892670793382, 35.533731109214187],
            [-118.008114604075885, 35.533615709496438],
            [-118.008343404080435, 35.533445442341382],
            [-118.011418471146968, 35.529649041914794],
            [-118.011828870976089, 35.529165641547877],
            [-118.015152071588716, 35.526017707876498],
            [-118.015279804835586, 35.525891441011794],
            [-118.015367204624539, 35.525825507768261],
            [-118.015535471653635, 35.525644241514975],
            [-118.015690071714047, 35.525512308037435],
            [-118.015878604735988, 35.525309108022313],
            [-118.016409804614625, 35.524864107718287],
            [-118.018420671700042, 35.523716107413797],
            [-118.018736805018193, 35.523430507240853],
            [-118.019046205463297, 35.52307344034282],
            [-118.019167271414133, 35.522864507256976],
            [-118.020251204687099, 35.519809240529781],
            [-118.020446405005089, 35.519391506706533],
            [-118.020897204767465, 35.518721106404776],
            [-118.021448805386228, 35.518083839956979],
            [-118.021529471403809, 35.517984906321558],
            [-118.021933204835193, 35.517265106328068],
            [-118.022054405533339, 35.516913439539195],
            [-118.022121671381782, 35.516616639789049],
            [-118.022216204692427, 35.516045039857943],
            [-118.022176071558775, 35.515451506689338],
            [-118.020500403635111, 35.506091238547633],
            [-118.020406403923786, 35.505700905363533],
            [-118.020278870102914, 35.505343638940616],
            [-118.018633231960877, 35.50188448842821],
            [-118.018241006846594, 35.501048762602757],
            [-118.017976069414786, 35.500484238604741],
            [-118.017586469177758, 35.49996203799639],
            [-118.017495069190858, 35.499691704775195],
            [-118.017354069623849, 35.499543305020616],
            [-118.017273469183309, 35.499438905194552],
            [-118.017233203098982, 35.499383838385633],
            [-118.017199602514111, 35.499345304907301],
            [-118.017139202489346, 35.499268438282101],
            [-118.017092069683045, 35.499224437986001],
            [-118.017038402531313, 35.499180438397154],
            [-118.016998135548732, 35.499125437963066],
            [-118.016957802989083, 35.499076038099489],
            [-118.016930869700246, 35.499032038429355],
            [-118.016897402964332, 35.499004637994297],
            [-118.016816669573132, 35.498960505180875],
            [-118.016762869470753, 35.498938504951525],
            [-118.016715869615098, 35.498916638551776],
            [-118.0166420029459, 35.498872504958584],
            [-118.01656820275204, 35.498845037916922],
            [-118.016507602402982, 35.498800971568038],
            [-118.01646726894505, 35.498790037984485],
            [-118.016326269378041, 35.498724038600976],
            [-118.016124669461988, 35.498625037961318],
            [-118.015956669232494, 35.498537038102903],
            [-118.015869402394202, 35.498504038313932],
            [-118.015815602291852, 35.498465505144921],
            [-118.015775202358597, 35.498454504963192],
            [-118.015728268978251, 35.498421505140378],
            [-118.015681202647244, 35.498388505304007],
            [-118.015627402544894, 35.498361038096853],
            [-118.015573602442515, 35.498339038434636],
            [-118.015540069231292, 35.498311504657927],
            [-118.015486269128914, 35.498267438016313],
            [-118.015432669350858, 35.498234571953454],
            [-118.015392402368249, 35.498196037923819],
            [-118.015365469079399, 35.498163105278891],
            [-118.015345268663594, 35.498102638040855],
            [-118.015244602554546, 35.498020105186249],
            [-118.015204269096614, 35.497954238276016],
            [-118.01515060194491, 35.497877237944984],
            [-118.015103602089241, 35.497789237998731],
            [-118.015036401817795, 35.497657304817459],
            [-118.014942468581765, 35.497388038202317],
            [-118.014647202229355, 35.496629438334537],
            [-118.014519802257439, 35.496277638017482],
            [-118.014365401623067, 35.495914771269888],
            [-118.014076801668352, 35.495194704680067],
            [-118.013929068329972, 35.494826437654659],
            [-118.013795001960347, 35.49446910457705],
            [-118.013727868164224, 35.494320704682536],
            [-118.013701067826034, 35.494188838212168],
            [-118.013687601181587, 35.494144838059391],
            [-118.013647268621966, 35.494062437907964],
            [-118.013586868597216, 35.493919437829817],
            [-118.013493001836565, 35.493677637743616],
            [-118.013425868040414, 35.493545637835979],
            [-118.013338667677488, 35.4933258376659],
            [-118.013278201177386, 35.493259838181579],
            [-118.013211068279603, 35.493166304565669],
            [-118.013070001338946, 35.492984904597165],
            [-118.012962601458511, 35.49284750437505],
            [-118.012801401475741, 35.492666037860836],
            [-118.012693867746307, 35.492534104311424],
            [-118.012532801612494, 35.492325238033217],
            [-118.012438801002858, 35.492215304537979],
            [-118.012264200850964, 35.492011838126722],
            [-118.012176801062054, 35.491896371115097],
            [-118.012009001156855, 35.491709438104628],
            [-118.011901601276435, 35.49158843754963],
            [-118.011753800564435, 35.491401571112547],
            [-118.011491867997265, 35.491088104701745],
            [-118.01144486724327, 35.491038704284456],
            [-118.011411267556696, 35.490956238045797],
            [-118.011371067947749, 35.490895837793552],
            [-118.011344267609545, 35.490857304632428],
            [-118.011324000718432, 35.490818838011656],
            [-118.011297201278552, 35.490780304082172],
            [-118.011283801109457, 35.490747437881964],
            [-118.011256867820592, 35.49068690435481],
            [-118.011223401084706, 35.490631904688591],
            [-118.011196600746516, 35.49054403796989],
            [-118.011183067626774, 35.490516504447328],
            [-118.011169667457651, 35.490478037663415],
            [-118.011156267288584, 35.490417504664741],
            [-118.011149667366169, 35.490362637932556],
            [-118.011122800552656, 35.49025263738708],
            [-118.011122867027979, 35.490120704263454],
            [-118.011109467757223, 35.4900547043407],
            [-118.011109467757223, 35.489983304263461],
            [-118.011109600707869, 35.48984043735895],
            [-118.011076400771614, 35.489169904441091],
            [-118.011043400261343, 35.488268504296691],
            [-118.01103040074085, 35.487526504069393],
            [-118.011010667449, 35.486878037304145],
            [-118.010997267279905, 35.486663704067318],
            [-118.01099086678353, 35.486278904311916],
            [-118.010991000632487, 35.486042637399571],
            [-118.010971000541005, 35.485905237009895],
            [-118.010964200294325, 35.48582270406029],
            [-118.010971067016328, 35.485729303691059],
            [-118.010971067016328, 35.48565243720499],
            [-118.010984600136098, 35.485575437519039],
            [-118.010998000305193, 35.485520503843453],
            [-118.01103166736543, 35.485427103854448],
            [-118.011052000731851, 35.485372103514123],
            [-118.011099000587521, 35.485289637311915],
            [-118.011166267334318, 35.485163304201407],
            [-118.011199867020878, 35.48509743699163],
            [-118.011327666743099, 35.484905103815713],
            [-118.011522666736781, 35.484685303417272],
            [-118.011818600537453, 35.484328236849088],
            [-118.012020266928857, 35.484092037349896],
            [-118.012168267066855, 35.48390510373995],
            [-118.012706200716863, 35.483229303615623],
            [-118.012867600125631, 35.483020503856565],
            [-118.012901267185867, 35.482976636570854],
            [-118.013015600263643, 35.482855703330173],
            [-118.01307606676373, 35.482784303440141],
            [-118.013123200468371, 35.482723970194748],
            [-118.013183600493136, 35.48263043675054],
            [-118.013224000426405, 35.482553503661009],
            [-118.013264400359688, 35.482487569941156],
            [-118.013298000046262, 35.482443636530306],
            [-118.013338400877828, 35.482377703451832],
            [-118.013378666962126, 35.482311836885152],
            [-118.013412267547025, 35.482223836715335],
            [-118.013459466828692, 35.482141436774889],
            [-118.013486400117529, 35.482064503217366],
            [-118.013520000702428, 35.481993036789866],
            [-118.013533600297492, 35.481905103568792],
            [-118.013587400399871, 35.481767703420722],
            [-118.013607600815661, 35.481668836965696],
            [-118.013607800241658, 35.481405036681359],
            [-118.013560866861312, 35.481036836664885],
            [-118.013540866769844, 35.480871903326211],
            [-118.013514200280639, 35.480630036913148],
            [-118.013500800111544, 35.480459636895191],
            [-118.013494200189143, 35.480206903354521],
            [-118.013467399850938, 35.479998036491473],
            [-118.013447400657782, 35.47977810343663],
            [-118.013447467133133, 35.479657236340884],
            [-118.013414000397219, 35.479409903283134],
            [-118.013380600136642, 35.47926703660179],
            [-118.01333366675631, 35.479036103095993],
            [-118.013286666900612, 35.478882236546703],
            [-118.013273266731545, 35.47881623617274],
            [-118.01325986656245, 35.478761302998144],
            [-118.013239799995631, 35.478711636043201],
            [-118.013206066460071, 35.478656836666538],
            [-118.013145666435321, 35.478585302834936],
            [-118.013098800428637, 35.478535836209844],
            [-118.01289726698792, 35.478370902860341],
            [-118.012668999684323, 35.478189436574965],
            [-118.012333066598984, 35.477898103120161],
            [-118.011990600066568, 35.477623036510778],
            [-118.011654866407227, 35.477337236556814],
            [-118.011271999941584, 35.477040236420436],
            [-118.010983266137913, 35.47680390284733],
            [-118.01076166613035, 35.476644235994861],
            [-118.010566999411637, 35.476462836040383],
            [-118.010419199597962, 35.476341835939202],
            [-118.010264666012901, 35.476237302818781],
            [-118.010143799488034, 35.476127436565349],
            [-118.009962465564769, 35.475967902974809],
            [-118.009828198870849, 35.475874436287647],
            [-118.009734199159524, 35.475781036063111],
            [-118.009646865845923, 35.475704036430855],
            [-118.009512599151989, 35.475583035919215],
            [-118.00945219912721, 35.475522636549691],
            [-118.009398465500183, 35.475473102931666],
            [-118.009351465644514, 35.475418103095699],
            [-118.009257399457852, 35.475335636191311],
            [-118.009223865348289, 35.475297169456987],
            [-118.009170199094896, 35.475225636293729],
            [-118.009103065298774, 35.475165102780473],
            [-118.009049399045381, 35.475099236156396],
            [-118.009002265340769, 35.475049636437141],
            [-118.008962065731765, 35.474983703146471],
            [-118.00880766599569, 35.474769303077082],
            [-118.008747198597291, 35.474675836459582],
            [-118.008626398547776, 35.474488902898734],
            [-118.008579465167443, 35.474411902760558],
            [-118.008411665262258, 35.47408210293235],
            [-118.008378198526344, 35.473983235803885],
            [-118.008344665315093, 35.473911702934771],
            [-118.008243999206044, 35.473730302667505],
            [-118.008170265487522, 35.473581902517985],
            [-118.008129865554267, 35.473471903147335],
            [-118.008089665046995, 35.473422436302243],
            [-118.008049398962712, 35.473362036041195],
            [-118.007968798522114, 35.473224502775878],
            [-118.007874865286141, 35.473037636072171],
            [-118.007827998381117, 35.47296610309332],
            [-118.007774198278767, 35.472900236130904],
            [-118.007660198475946, 35.47272430287893],
            [-118.007586198856103, 35.472603303003936],
            [-118.007512398662271, 35.472498835986329],
            [-118.007452065112815, 35.472405436229934],
            [-118.007418398950918, 35.472361435855952],
            [-118.007371465570614, 35.47230643608615],
            [-118.007223798707557, 35.472108502738877],
            [-118.006935064903885, 35.471800636016638],
            [-118.006639664702504, 35.471470702570187],
            [-118.006371197789932, 35.471195702493603],
            [-118.005807197725318, 35.470590969267661],
            [-118.004578664437688, 35.469320835664689],
            [-118.003960997221398, 35.468677435533635],
            [-118.003531397699675, 35.46823210239689],
            [-118.003101664329037, 35.467759235718518],
            [-118.002940597296885, 35.467599768929915],
            [-118.00290699761031, 35.467566702296224],
            [-118.002813064374322, 35.467456835901217],
            [-118.002645263570827, 35.467275302548003],
            [-118.00252439704596, 35.467143302443681],
            [-118.002477397190304, 35.467099436005483],
            [-118.00244379750373, 35.467055435654679],
            [-118.002423663563278, 35.467027902133921],
            [-118.002390063876703, 35.466989435814945],
            [-118.002322997454215, 35.466912435811516],
            [-118.002262597429464, 35.466829835805754],
            [-118.002208797327114, 35.466747502761898],
            [-118.002182063464247, 35.466698035438377],
            [-118.002121663439468, 35.466621035887606],
            [-118.002067997186103, 35.466538502161505],
            [-118.002027796678817, 35.466467102412317],
            [-118.001960663781006, 35.466362635471036],
            [-118.001900263756241, 35.466247235504405],
            [-118.00183986373149, 35.466137235611505],
            [-118.001792996826495, 35.465999835585947],
            [-118.001759463615258, 35.465928302199586],
            [-118.001732596801716, 35.465867902162614],
            [-118.001685596946047, 35.465752435638109],
            [-118.00167219677698, 35.465702902586173],
            [-118.001631997168019, 35.465604035398279],
            [-118.001591663710059, 35.46552163598308],
            [-118.001551597051758, 35.465444636037688],
            [-118.00149779694938, 35.465340102651645],
            [-118.001430663153258, 35.465235702289789],
            [-118.001370263128493, 35.465153235917121],
            [-118.001316663350451, 35.465076302199201],
            [-118.001269663494767, 35.464960836001559],
            [-118.001209263470031, 35.464878435927389],
            [-118.00112206310709, 35.464751902460208],
            [-118.00103486364246, 35.464631035456698],
            [-118.000913863268636, 35.464641901985559],
            [-117.999715262744587, 35.4634812354426],
            [-117.998874996594125, 35.462657302081134],
            [-117.998659796184668, 35.462426635489287],
            [-117.99837059615534, 35.461943101922813],
            [-117.998222463066682, 35.46166283555003],
            [-117.997946662308152, 35.46107490187331],
            [-117.997556262570512, 35.460096835028544],
            [-117.997132395198676, 35.459162701716529],
            [-117.996419194846808, 35.457514301980744],
            [-117.995981795253499, 35.456492234742385],
            [-117.995490594659529, 35.455288834855992],
            [-117.995416394715363, 35.454992035007905],
            [-117.995355594940321, 35.454557834983589],
            [-117.995362194862707, 35.45440403501663],
            [-117.995435861207568, 35.454112701735873],
            [-117.995999395046567, 35.453090101738624],
            [-117.996301395170349, 35.452589834426746],
            [-117.999471142871187, 35.447441311765331],
            [-118.002971056473228, 35.441755577558972],
            [-118.011782754164358, 35.427596113327859],
            [-118.012170359243129, 35.427038012148408],
            [-118.012476137681034, 35.426888713351708],
            [-118.015890859553096, 35.425221350070593],
            [-118.017449200314132, 35.424460376170018],
            [-118.020189263153313, 35.423149296553689],
            [-118.020484662456411, 35.423072496901717],
            [-118.021048796369982, 35.422968229835391],
            [-118.021975463382788, 35.422803696445008],
            [-118.022613396591922, 35.422518096303797],
            [-118.023399196988379, 35.422177629481823],
            [-118.0240909967752, 35.421831629901],
            [-118.024379797054209, 35.421589829739148],
            [-118.024614863706176, 35.421392095921938],
            [-118.024863463477914, 35.421023896459097],
            [-118.025159063105292, 35.420545829289907],
            [-118.025508663159371, 35.419924829673533],
            [-118.025510581960816, 35.419921459265765],
            [-118.025871463058223, 35.419287429177693],
            [-118.025938663329669, 35.419051095789364],
            [-118.025911996840463, 35.418732296082055],
            [-118.025784596868547, 35.418413495845307],
            [-118.025697462980943, 35.418050695752491],
            [-118.025664196569338, 35.417490095725618],
            [-118.025697996580234, 35.416896495854687],
            [-118.025819063429395, 35.416473428987651],
            [-118.025919863387401, 35.416149228665141],
            [-118.025926662735799, 35.415852428729679],
            [-118.025859662788633, 35.415484095598408],
            [-118.025725596419022, 35.415203829239665],
            [-118.025416996372854, 35.414604628729556],
            [-118.025202976349647, 35.413762488027992],
            [-118.025092529383784, 35.413327884787556],
            [-118.024016262333461, 35.409602828659338],
            [-118.023888995312191, 35.409179628318149],
            [-118.023882395389833, 35.408728828359472],
            [-118.02400346223898, 35.408041895226305],
            [-118.024111261869706, 35.407442828167326],
            [-118.024373195335187, 35.407058094625491],
            [-118.024541262040003, 35.406794428236978],
            [-118.024648661920452, 35.406607628390439],
            [-118.02468246193132, 35.406448227874918],
            [-118.02468246193132, 35.406217428027745],
            [-118.024622262230878, 35.406025027809989],
            [-118.024360595565028, 35.4056676948518],
            [-118.024031795103014, 35.405458694526899],
            [-118.023628995021227, 35.405233228078082],
            [-118.023280061517099, 35.40504082770763],
            [-118.023085461273709, 35.404848294350195],
            [-118.023011794928863, 35.404710894401923],
            [-118.022984861639998, 35.404557027767119],
            [-118.022992688661063, 35.404188172934191],
            [-118.023057599126844, 35.401129183033461],
            [-118.023071544573313, 35.400347507471331],
            [-118.023136460429029, 35.396708627134821],
            [-118.023136562836953, 35.396707841407355],
            [-118.023230794313648, 35.395983226788708],
            [-118.023642661091628, 35.394263567247606],
            [-118.0238951667382, 35.393209243208652],
            [-118.02390339350957, 35.393174893044424],
            [-118.024021660309998, 35.392692026623457],
            [-118.024434594286561, 35.391306426234728],
            [-118.0246361942026, 35.390833692792782],
            [-118.024830993871973, 35.390460092667517],
            [-118.025035342632805, 35.390090904575175],
            [-118.025153393837527, 35.389877626587122],
            [-118.025354860802935, 35.389377493128443],
            [-118.025455793711643, 35.389185226287289],
            [-118.025489393398217, 35.388987292859724],
            [-118.025489460771851, 35.388734492480474],
            [-118.025946260382028, 35.387915692512962],
            [-118.026107460364827, 35.387635492879816],
            [-118.026167993340252, 35.387322225634506],
            [-118.02614139332637, 35.387063892921596],
            [-118.02614139332637, 35.3868824924633],
            [-118.026188593506333, 35.386618892650425],
            [-118.026316059953587, 35.38645389250194],
            [-118.026631660570771, 35.386190092084512],
            [-118.02684666065592, 35.386044635046652],
            [-118.026958964439487, 35.385968656175045],
            [-118.027316460684915, 35.385783625820928],
            [-118.027396993751807, 35.385657292482392],
            [-118.027450793854157, 35.385371492591887],
            [-118.027377060135663, 35.385003225242805],
            [-118.027310194037483, 35.384706425608108],
            [-118.027263393607811, 35.384382092390346],
            [-118.027270193854505, 35.384046892181445],
            [-118.027216594076464, 35.383788491852748],
            [-118.026820793667326, 35.383293825307604],
            [-118.026700193043808, 35.38294202520278],
            [-118.02666686015688, 35.382408892144582],
            [-118.02672739043733, 35.38205623346451],
            [-118.026760200504782, 35.381855610724571],
            [-118.026813928741916, 35.38168911404491],
            [-118.027023260457625, 35.381040424973492],
            [-118.027164460348956, 35.380320491842802],
            [-118.027231860046385, 35.379809424812755],
            [-118.027191659539127, 35.379529024901807],
            [-118.027144793532429, 35.379435624943426],
            [-118.027138193610028, 35.379353091930163],
            [-118.027480593667093, 35.378864091396473],
            [-118.028165460256545, 35.377902491811803],
            [-118.028279659485335, 35.377611291232007],
            [-118.028380593292368, 35.376957224680062],
            [-118.028434393394747, 35.376786891560123],
            [-118.028602259775241, 35.376567024393914],
            [-118.028870793163136, 35.376292424529261],
            [-118.029380993125372, 35.375836291494345],
            [-118.030296592893876, 35.374964024427634],
            [-118.030873993127585, 35.374354090731913],
            [-118.037163393977437, 35.367936023410273],
            [-118.0378163056956, 35.367288803130059],
            [-118.037827169920646, 35.367278042867902],
            [-118.037977963819188, 35.367128694911031],
            [-118.038039265752516, 35.367057857511668],
            [-118.038076260172517, 35.366996422951857],
            [-118.038109794282079, 35.36695228951902],
            [-118.038129993799572, 35.366919423292643],
            [-118.038156794137763, 35.366870022837048],
            [-118.038197060222032, 35.366771023315962],
            [-118.038250793849087, 35.366694089370689],
            [-118.038284260584973, 35.36656762285341],
            [-118.038331260440657, 35.366446823116917],
            [-118.038384994067698, 35.366342422738164],
            [-118.038452194339143, 35.366183023214347],
            [-118.038485660176747, 35.36606762325971],
            [-118.038532660930727, 35.365946689450745],
            [-118.038626660642038, 35.365781822839629],
            [-118.038734193473132, 35.365578489477194],
            [-118.038989394065567, 35.365100422424504],
            [-118.039063793435716, 35.362731489514069],
            [-118.039449789631831, 35.362368899651464],
            [-118.039532593639791, 35.362292917533054],
            [-118.039828871495232, 35.362021043407218],
            [-118.04349959435865, 35.358670621983975],
            [-118.042056902707287, 35.355525021563977],
            [-118.041819746573964, 35.35500577280218],
            [-118.037860923219142, 35.346336866836516],
            [-118.037860658216118, 35.346336287248029],
            [-118.037954658825782, 35.346067020679428],
            [-118.038709137663233, 35.343887016091969],
            [-118.038846149608688, 35.343490899433981],
            [-118.040682756105383, 35.338180617705561],
            [-118.040866346596616, 35.337648688330738],
            [-118.042727391760636, 35.332256085676271],
            [-118.042767657844919, 35.332135085844961],
            [-118.042787791785386, 35.332058219304827],
            [-118.042821391471946, 35.331975685492715],
            [-118.042834858116365, 35.331882285483253],
            [-118.042868391327616, 35.331777885858081],
            [-118.042908591834902, 35.331679019204422],
            [-118.042928791352367, 35.331596485737968],
            [-118.042935457750104, 35.331503085290315],
            [-118.04295565816588, 35.331338218718749],
            [-118.042995857774855, 35.331129285279204],
            [-118.043076458215396, 35.330860018600198],
            [-118.044103657488279, 35.325776218641323],
            [-118.045250858208391, 35.323803284885521],
            [-118.044682590247874, 35.31557001748024],
            [-118.045246323512856, 35.313481483489618],
            [-118.045299390589946, 35.313304883235091],
            [-118.045347056995553, 35.313146283608539],
            [-118.046903590346218, 35.307820683102953],
            [-118.047017656624362, 35.307496483102305],
            [-118.048345590294801, 35.305803815943271],
            [-118.049559256464462, 35.30489708218844],
            [-118.051323401257079, 35.301185098345734],
            [-118.051641047338194, 35.300521637139518],
            [-118.055902856268659, 35.29161881418667],
            [-118.056278389786669, 35.291338480597986],
            [-118.056352189980529, 35.291289014133895],
            [-118.061835657391768, 35.28792007985296],
            [-118.062271457085529, 35.287672813044956],
            [-118.062720457522431, 35.287398012926239],
            [-118.063256790374609, 35.287079212998847],
            [-118.064262191128805, 35.28645807939165],
            [-118.064282257695609, 35.286419612690807],
            [-118.064295657864704, 35.286403213063345],
            [-118.064315857382169, 35.286364679608617],
            [-118.064329191075942, 35.286331679411433],
            [-118.064416390540586, 35.286073413027154],
            [-118.064523590995009, 35.285622679347711],
            [-118.068765790601148, 35.271178610847173],
            [-118.068812590132495, 35.271085077561864],
            [-118.068846056868452, 35.271024677497344],
            [-118.068879656555012, 35.270969810979935],
            [-118.068879590079661, 35.270903811226049],
            [-118.068933189857731, 35.270810277623511],
            [-118.069006857100916, 35.270738877613432],
            [-118.073128190182217, 35.26662747656605],
            [-118.073429657605061, 35.266297676673446],
            [-118.077973568975779, 35.256855675791108],
            [-118.078180388103632, 35.256438336192268],
            [-118.078306390296987, 35.2561840757391],
            [-118.078326456863792, 35.256145675349941],
            [-118.078373390244124, 35.256096275414741],
            [-118.078420257149133, 35.25604127555242],
            [-118.078500590790028, 35.256008275470393],
            [-118.078554190568084, 35.255947809150584],
            [-118.084644057627045, 35.251984074910084],
            [-118.084932191356103, 35.251742274379026],
            [-118.086740591651207, 35.249972074310477],
            [-118.08758719182272, 35.249199407421393],
            [-118.087674258336676, 35.249056407859506],
            [-118.087694258428158, 35.248743207815849],
            [-118.087807857582391, 35.247979207205105],
            [-118.08783459144523, 35.247638407043588],
            [-118.087546258290175, 35.247006407474935],
            [-118.087673391462431, 35.246627207129841],
            [-118.087666657691059, 35.246259007342729],
            [-118.08753239099714, 35.245813807523383],
            [-118.08734485780009, 35.245577606816894],
            [-118.086936057870503, 35.245517207548268],
            [-118.086828790940729, 35.245379807261351],
            [-118.086801990602538, 35.24523140720683],
            [-118.08672145753566, 35.24491260712832],
            [-118.086627590774981, 35.244654273982306],
            [-118.086634190697367, 35.244077273843558],
            [-118.086573657721928, 35.243830006726505],
            [-118.086392056999046, 35.241626073563722],
            [-118.086150790174997, 35.241016006807996],
            [-118.086170790266465, 35.240807206995832],
            [-118.086204056678085, 35.240131073313783],
            [-118.08617045699151, 35.239922206658292],
            [-118.085989590192199, 35.239817873278],
            [-118.085755057139494, 35.23973000680482],
            [-118.085621057245191, 35.239653006996811],
            [-118.085567456568839, 35.239405806362576],
            [-118.085580656413626, 35.23908707289312],
            [-118.085272256691738, 35.238229673496875],
            [-118.085211856666987, 35.23800440646],
            [-118.085238589631516, 35.237861406231467],
            [-118.085385989694913, 35.237603206170533],
            [-118.085452456941098, 35.235756406360352],
            [-118.085651855984736, 35.231040672436137],
            [-118.085654055958855, 35.230988472534101],
            [-118.085771588835684, 35.228149672279827],
            [-118.085797989423568, 35.227209871784112],
            [-118.085791389501168, 35.2270724052593],
            [-118.085799493203339, 35.227021037879325],
            [-118.086005883834844, 35.225712891620638],
            [-118.086049320972066, 35.225436247125579],
            [-118.086106968558795, 35.225069091501346],
            [-118.08710145568061, 35.218734670973177],
            [-118.087158159137957, 35.218570262354994],
            [-118.087183864429846, 35.218495732540084],
            [-118.087194714281821, 35.218421623174066],
            [-118.087704055454665, 35.218053003993461],
            [-118.088032188468389, 35.217772604475584],
            [-118.088306588753397, 35.217541670741085],
            [-118.088607988802593, 35.217294270628706],
            [-118.089163655196302, 35.216838003853248],
            [-118.089712789041258, 35.216392670440698],
            [-118.090268589283966, 35.215936270163134],
            [-118.090797388864161, 35.215485470751211],
            [-118.09146025571232, 35.214946803409603],
            [-118.092002455461625, 35.214507003673241],
            [-118.092538055288514, 35.214056203663361],
            [-118.093174189172132, 35.213533870023987],
            [-118.093709656048375, 35.213077469819794],
            [-118.094031056189053, 35.212813670204973],
            [-118.094359056252102, 35.212544202979636],
            [-118.094559989618233, 35.212379203476921],
            [-118.094660388927622, 35.212296803049014],
            [-118.094747388966269, 35.212252803178146],
            [-118.09482778908253, 35.212153803014637],
            [-118.094918156006827, 35.21205666695009],
            [-118.095125407224344, 35.212006955387622],
            [-118.095318818098278, 35.21196056269693],
            [-118.095385885419077, 35.211637715514634],
            [-118.095374927769257, 35.211173119609796],
            [-118.096325443256205, 35.208643332929434],
            [-118.096399884847173, 35.208445201838749],
            [-118.096825537171512, 35.207412380412997],
            [-118.096989907308924, 35.207166246389512],
            [-118.097145293395215, 35.20693356200762],
            [-118.09925118966126, 35.205287802267314],
            [-118.099941414701377, 35.205122964913755],
            [-118.100039447848346, 35.204945696049272],
            [-118.100204509688538, 35.204647219528091],
            [-118.100769398186969, 35.20323964437889],
            [-118.101265455073374, 35.202479565087934],
            [-118.101576322467366, 35.202133933950876],
            [-118.103442716200533, 35.201305394194215],
            [-118.103796935391799, 35.201101436711106],
            [-118.104066107481842, 35.200946446885695],
            [-118.104170656109559, 35.200751868153695],
            [-118.104618656721541, 35.199405267668702],
            [-118.104620464131884, 35.199399912707179],
            [-118.105006389361094, 35.198256401222402],
            [-118.105093256449081, 35.198047467887768],
            [-118.10523385626577, 35.197789201339667],
            [-118.105454656772707, 35.197607801241098],
            [-118.105668856458948, 35.197486801305402],
            [-118.106164190201554, 35.197167801144793],
            [-118.106646056401445, 35.196865267396468],
            [-118.107268589791616, 35.196474800858333],
            [-118.108505979569642, 35.195697019483909],
            [-118.108806819070097, 35.195543323831018],
            [-118.109134376263739, 35.195434290240208],
            [-118.109759761804924, 35.195384365157196],
            [-118.110056142068331, 35.195316101591345],
            [-118.110824520538159, 35.195238835005767],
            [-118.111260341791521, 35.195375998670741],
            [-118.111592766955695, 35.195503916920025],
            [-118.111864975351395, 35.195573721190847],
            [-118.112029655407582, 35.195571248028941],
            [-118.11212220972962, 35.195465203709375],
            [-118.112357884541055, 35.195195174588086],
            [-118.113707857478644, 35.193504266926013],
            [-118.114330190544564, 35.192904999911242],
            [-118.114597857058214, 35.192690466895222],
            [-118.114778590906823, 35.192580599918934],
            [-118.114979390423983, 35.192541866228119],
            [-118.115200391255229, 35.192552866298691],
            [-118.115441457754969, 35.192547199618076],
            [-118.115689057701815, 35.192448199656681],
            [-118.117107990710508, 35.191798999768118],
            [-118.117603390928451, 35.191644866540891],
            [-118.117944658209964, 35.191540266269151],
            [-118.118219257920956, 35.191446799694909],
            [-118.118426658258784, 35.191309266000452],
            [-118.118627391300606, 35.191061799173454],
            [-118.118638594190529, 35.191047426286488],
            [-118.119686427765487, 35.189703189657294],
            [-118.12074667875261, 35.188342963564466],
            [-118.122297073914922, 35.185178704919124],
            [-118.122459889068608, 35.185000676693797],
            [-118.122674410351692, 35.184766108752299],
            [-118.12386657354844, 35.183983840198835],
            [-118.123977060938472, 35.1839113388017],
            [-118.124124640664931, 35.183728371034178],
            [-118.124308716246432, 35.183375951693584],
            [-118.124466963466887, 35.182935633700403],
            [-118.124592654843127, 35.182675337479303],
            [-118.124682193520769, 35.182489911724389],
            [-118.125589045495005, 35.181033683221578],
            [-118.125740209499426, 35.180662592516072],
            [-118.125914276950368, 35.180429098715202],
            [-118.126267305873867, 35.18014395095728],
            [-118.126350837517194, 35.180006114717884],
            [-118.126909461164828, 35.179759956387308],
            [-118.127289543751445, 35.179621943279692],
            [-118.127453871668038, 35.17952201858327],
            [-118.127769943002448, 35.179329822545277],
            [-118.128053191692985, 35.179112597933468],
            [-118.12814039205594, 35.178958597770816],
            [-118.128173858791854, 35.178936664435085],
            [-118.128227392094573, 35.178914664277173],
            [-118.128321191481589, 35.178898397828171],
            [-118.128325659701815, 35.17889745872953],
            [-118.128347858869134, 35.178892797745867],
            [-118.128388058478109, 35.178876397659891],
            [-118.128441591780827, 35.17886539794069],
            [-118.128501991805578, 35.178859863938165],
            [-118.128568858802069, 35.178854464301985],
            [-118.128669259009783, 35.178832464121882],
            [-118.128756258150105, 35.178826997667606],
            [-118.128850058435447, 35.178821664111375],
            [-118.128943792245465, 35.178816197656374],
            [-118.129044191554883, 35.178805197194762],
            [-118.129171392100773, 35.178783264551889],
            [-118.129265192386129, 35.178761264352516],
            [-118.12938565826235, 35.178722997662966],
            [-118.129472658300983, 35.17870099744728],
            [-118.129579792280083, 35.178635064315131],
            [-118.129680258963162, 35.178585664176161],
            [-118.129760659079395, 35.178541797297527],
            [-118.129847792068688, 35.178453797671288],
            [-118.129907991769159, 35.178398864122457],
            [-118.130015258698904, 35.178305463934635],
            [-118.130088992417427, 35.178245063792211],
            [-118.130155992364564, 35.178179197107056],
            [-118.130242992403225, 35.178096797225798],
            [-118.130323458994781, 35.178036397662531],
            [-118.130417191906474, 35.177975997320182],
            [-118.130490859149688, 35.177915464033084],
            [-118.130642559448319, 35.177789006427822],
            [-118.130745867502625, 35.177702889351252],
            [-118.131021048423605, 35.17749354851609],
            [-118.131188646207846, 35.177392925126618],
            [-118.131274110127379, 35.177327102540758],
            [-118.131401659219591, 35.177228863820112],
            [-118.13150219237798, 35.177173996995393],
            [-118.131662858761501, 35.177053063551455],
            [-118.131783392011386, 35.176970796898622],
            [-118.131836992687738, 35.176932397199018],
            [-118.131877192296713, 35.176899464065599],
            [-118.131910659032641, 35.176871997504911],
            [-118.131937459370832, 35.176838996794778],
            [-118.131970858733084, 35.176800597032965],
            [-118.132004459317983, 35.176772996802875],
            [-118.13204465892693, 35.176723597000858],
            [-118.132071391891486, 35.176690596964754],
            [-118.132091592307276, 35.176624663670466],
            [-118.132098258705, 35.176591663594202],
            [-118.132111658874095, 35.176547797108014],
            [-118.132265859184187, 35.176196064013531],
            [-118.132353058648818, 35.175981796746989],
            [-118.132413392198245, 35.175849863605066],
            [-118.13256765898366, 35.175437663583295],
            [-118.132601192194898, 35.175344397302794],
            [-118.132634658930826, 35.175283863524669],
            [-118.132661459269016, 35.175239863428551],
            [-118.132688258708853, 35.175206997163016],
            [-118.132715059047058, 35.175157597143617],
            [-118.132748592258324, 35.17510259675079],
            [-118.132775392596486, 35.175047597055041],
            [-118.132815658680784, 35.175003663650543],
            [-118.132849058941346, 35.174970663650555],
            [-118.13288925855035, 35.174932196920984],
            [-118.132976392437925, 35.174866263669124],
            [-118.133070192723281, 35.174794863638432],
            [-118.133157191863603, 35.174728997094853],
            [-118.133244191902236, 35.174646596653467],
            [-118.133404859184054, 35.174536663427588],
            [-118.133469608851428, 35.174489017940267],
            [-118.133471992081866, 35.174487263735216],
            [-118.133512058740166, 35.174459863179386],
            [-118.133726458750715, 35.174283996711225],
            [-118.133947392208327, 35.174135797083316],
            [-118.134101458669463, 35.174025863166726],
            [-118.134295659162518, 35.173877596982223],
            [-118.134463059317383, 35.17374026338674],
            [-118.13458365904259, 35.173520463358798],
            [-118.134818192095295, 35.173256663035779],
            [-118.134958792810295, 35.173031463146131],
            [-118.135039259401879, 35.172877596854377],
            [-118.135081923987968, 35.172759822585874],
            [-118.135174058796778, 35.172702118345612],
            [-118.135253659412427, 35.172652263006242],
            [-118.135581659475477, 35.172471063060861],
            [-118.136003592774529, 35.172256996722162],
            [-118.136391859013372, 35.171954796123416],
            [-118.136894192428684, 35.171669263233461],
            [-118.137590459537421, 35.171224395902485],
            [-118.137831592512484, 35.17108706296554],
            [-118.137992259794331, 35.171010196307584],
            [-118.138173193068965, 35.17088379625244],
            [-118.138333859452487, 35.17073546265528],
            [-118.138522788631477, 35.170560372384294],
            [-118.138546686512967, 35.170520631725715],
            [-118.138655392543811, 35.170339862482535],
            [-118.138729192737657, 35.17020259634365],
            [-118.138883259198792, 35.169916795880575],
            [-118.138997059575587, 35.169801462630851],
            [-118.139144459638985, 35.169636595867594],
            [-118.139231659103615, 35.169438796285981],
            [-118.139485128642519, 35.169174918098669],
            [-118.139675133104888, 35.16897750438806],
            [-118.139726841030964, 35.168932273071896],
            [-118.139828400065397, 35.168843432510641],
            [-118.141615793257571, 35.167037862060617],
            [-118.141856793282003, 35.16684566221074],
            [-118.142057659274485, 35.166647862449459],
            [-118.142763549136518, 35.166240418481294],
            [-118.142926854770323, 35.166146831750794],
            [-118.143661625468781, 35.165725747411209],
            [-118.145445393060456, 35.164703461633238],
            [-118.145693193331596, 35.164489194923505],
            [-118.145780193370229, 35.164406661464128],
            [-118.145894060222375, 35.164153994847169],
            [-118.145900753569563, 35.164105567772587],
            [-118.145922861108673, 35.163945629632089],
            [-118.146000272529989, 35.163786402057831],
            [-118.146128659750403, 35.163483594956162],
            [-118.146296393180265, 35.162983461279588],
            [-118.146376793296497, 35.162653661585011],
            [-118.146497460395366, 35.162340461529986],
            [-118.146544393775699, 35.162093194384582],
            [-118.146664993500877, 35.161972394936242],
            [-118.146839060053509, 35.161807461627099],
            [-118.147421460310056, 35.161439394824647],
            [-118.147689259774381, 35.161219661424994],
            [-118.14777285429976, 35.161152373827832],
            [-118.148050860422302, 35.16092859454087],
            [-118.148345460224789, 35.160620794565872],
            [-118.149149059840298, 35.159708660965109],
            [-118.150367660455828, 35.158422993853556],
            [-118.150561793575221, 35.158252660421773],
            [-118.151110793571235, 35.157879060464118],
            [-118.15150579358145, 35.157549393570413],
            [-118.151766793697362, 35.157368193756398],
            [-118.151913917079654, 35.15725637316298],
            [-118.152128260496326, 35.157093460287207],
            [-118.152175193876673, 35.156967193568732],
            [-118.152322660415393, 35.156472593542354],
            [-118.152516993859123, 35.155851593529938],
            [-118.153019460225096, 35.154708393241904],
            [-118.15340786031291, 35.154081993171246],
            [-118.153923593897289, 35.15318079312037],
            [-118.154198193608295, 35.152631193410876],
            [-118.154251660435705, 35.152559792954001],
            [-118.154700260223962, 35.152131259627609],
            [-118.154854152411914, 35.151975515370225],
            [-118.15498806067805, 35.151839992761424],
            [-118.155195593966567, 35.151664193425027],
            [-118.155322860987809, 35.151570793377395],
            [-118.155536994198741, 35.151394992724875],
            [-118.15571779362439, 35.151268659871882],
            [-118.15586499426179, 35.151153259780664],
            [-118.155992193909398, 35.151065259893919],
            [-118.156219793764706, 35.150878592729512],
            [-118.156373793750518, 35.150768659691536],
            [-118.156474471537649, 35.150691402173585],
            [-118.15668159429606, 35.150532459348419],
            [-118.156808860419019, 35.150422459737591],
            [-118.156895860457666, 35.150340059640634],
            [-118.157022993629894, 35.150219192793038],
            [-118.157156994422536, 35.15010385952236],
            [-118.157257260781279, 35.149993859332199],
            [-118.157404594369353, 35.149807059702255],
            [-118.157491660883338, 35.149669792697011],
            [-118.157585393795003, 35.149559859494921],
            [-118.157665793911264, 35.149449859303914],
            [-118.157772860516729, 35.149323592475028],
            [-118.157879860646815, 35.149169659293932],
            [-118.157993661023639, 35.149004792576541],
            [-118.158114260748846, 35.148856459474636],
            [-118.15823479399873, 35.14869159285724],
            [-118.158348594375553, 35.14853225903461],
            [-118.158489194192256, 35.148389392837629],
            [-118.15858959439997, 35.148290458824313],
            [-118.158676594438631, 35.148207992665043],
            [-118.158817194255306, 35.148098058957167],
            [-118.159024661068486, 35.147982792459935],
            [-118.159412794356683, 35.147763059439988],
            [-118.159780861078033, 35.147526658660865],
            [-118.159934994014478, 35.147444392253902],
            [-118.160062060711411, 35.14736185912961],
            [-118.160182593961295, 35.147279458871594],
            [-118.160309794507214, 35.14715865872757],
            [-118.160356661412237, 35.146949792366193],
            [-118.160403661267893, 35.146636459132139],
            [-118.160403794218539, 35.146471658532754],
            [-118.16037706125401, 35.146053992263504],
            [-118.160330461148661, 35.14539445847587],
            [-118.160303994085425, 35.14451505855633],
            [-118.160270660300171, 35.143827991972167],
            [-118.160264194226755, 35.143300391780556],
            [-118.160237660688225, 35.142393458708504],
            [-118.160431793807618, 35.142102258359806],
            [-118.160639393571486, 35.141816458330432],
            [-118.161094594180469, 35.141277991620925],
            [-118.161743794059873, 35.140646058076555],
            [-118.162399660337016, 35.140074791313566],
            [-118.162928394340213, 35.139662591423473],
            [-118.163477194011918, 35.139233990915756],
            [-118.164133061187371, 35.138733990990787],
            [-118.164263795705594, 35.138647476274791],
            [-118.164581460651306, 35.138437257693468],
            [-118.165257394393592, 35.137975657762723],
            [-118.165652194079499, 35.137711991193214],
            [-118.166060394832812, 35.137448190803831],
            [-118.166394994818262, 35.137233857454426],
            [-118.166568994895542, 35.137129457520061],
            [-118.167010594112796, 35.136909790699747],
            [-118.167385394605503, 35.1367559905148],
            [-118.168061194498833, 35.136448257040151],
            [-118.16888419502952, 35.136096590755955],
            [-118.169319195222712, 35.135898857281596],
            [-118.169479661281898, 35.135827456837241],
            [-118.169573395091902, 35.135788990696078],
            [-118.169673795299644, 35.135750590653821],
            [-118.169754061566906, 35.135723190272117],
            [-118.169820861189734, 35.135701190178771],
            [-118.169894594908271, 35.135679190814081],
            [-118.169974861175533, 35.135635190597675],
            [-118.170028394478251, 35.135596656779228],
            [-118.170128794685994, 35.135503257392315],
            [-118.170229061943047, 35.135409857163609],
            [-118.170262595154298, 35.135371456942529],
            [-118.170316194932354, 35.135316456827752],
            [-118.170516995347796, 35.135091190098343],
            [-118.170630661875663, 35.13490979040774],
            [-118.170777994565427, 35.134591056736561],
            [-118.170824861470422, 35.134508656773349],
            [-118.17090506126236, 35.134327257254128],
            [-118.170945261769617, 35.134217257045954],
            [-118.171005595319059, 35.134112990622612],
            [-118.171052261899732, 35.134013990034475],
            [-118.171085861586334, 35.133942590141075],
            [-118.171145994811425, 35.133865656794264],
            [-118.171259795188277, 35.133651256710415],
            [-118.171360261871314, 35.133453390202],
            [-118.171507461610403, 35.133151190173294],
            [-118.171862194638024, 35.132431189672097],
            [-118.172397595038916, 35.131365056803567],
            [-118.172939861263544, 35.130304256265177],
            [-118.172993394566262, 35.130188989549168],
            [-118.173046861393686, 35.13011198947288],
            [-118.173374794981385, 35.129738389626333],
            [-118.173455061248674, 35.129611989362573],
            [-118.174052928697819, 35.128974574071677],
            [-118.174334676303516, 35.128674182410194],
            [-118.174846795067197, 35.128150189111409],
            [-118.175442395168574, 35.127534589089301],
            [-118.176004261734391, 35.126902656136515],
            [-118.176285394892446, 35.126622255812983],
            [-118.176405795191656, 35.126528855683247],
            [-118.176633395047006, 35.126325655441512],
            [-118.176773795437683, 35.126232188846828],
            [-118.176981194877214, 35.126083789265842],
            [-118.177101661651776, 35.125990389253325],
            [-118.177161862250529, 35.125951856013671],
            [-118.177221995475662, 35.125896989133629],
            [-118.177282261651428, 35.125858455849787],
            [-118.177429462288828, 35.125732055441738],
            [-118.177476261820203, 35.125682588641048],
            [-118.177556595461112, 35.125605655572258],
            [-118.177643595499731, 35.125534255653449],
            [-118.177777262119065, 35.125385788675281],
            [-118.178011461896787, 35.124973655486521],
            [-118.178161461684624, 35.124690255216571],
            [-118.17836226210008, 35.124212055297939],
            [-118.178556395219502, 35.123849388522558],
            [-118.178950995479411, 35.123349188318748],
            [-118.18036279496647, 35.121727854835491],
            [-118.183078595208144, 35.118727187739275],
            [-118.183125462113139, 35.118622787591079],
            [-118.183145595155281, 35.118441254223896],
            [-118.183085262504164, 35.118232454530471],
            [-118.183085262504164, 35.118183054450128],
            [-118.18309386207639, 35.11803145413846],
            [-118.183098661774977, 35.117946654480875],
            [-118.183125462113139, 35.117864254576546],
            [-118.183185661813582, 35.117649854249493],
            [-118.183299395715068, 35.117336654405399],
            [-118.183406462320534, 35.117078387937752],
            [-118.183466595545681, 35.116633187584156],
            [-118.183848061537802, 35.112747387179539],
            [-118.18390159484052, 35.112434186860987],
            [-118.184028595062117, 35.112236254108922],
            [-118.185633795541648, 35.110834786995987],
            [-118.189359195263137, 35.107570053019842],
            [-118.189519662220675, 35.107421653247499],
            [-118.18962666235079, 35.107317186436063],
            [-118.189693461973647, 35.107196252778238],
            [-118.189773795614528, 35.106811586135528],
            [-118.190037033433839, 35.105673108273166],
            [-118.190118520511547, 35.105320675615687],
            [-118.190302062493771, 35.104547052952512],
            [-118.190663062168809, 35.103354386034091],
            [-118.191004195601323, 35.102431052656556],
            [-118.19145219531498, 35.101150452340789],
            [-118.191592595705671, 35.100688785134224],
            [-118.19171286215591, 35.100425052242969],
            [-118.191813194990004, 35.100232651724049],
            [-118.191891633185662, 35.100135144544019],
            [-118.192356056797664, 35.09955780066484],
            [-118.192667748845054, 35.099170317605996],
            [-118.193103661726568, 35.098622184849745],
            [-118.193324395758196, 35.098314385207871],
            [-118.193759061778081, 35.097841651579472],
            [-118.194106862506644, 35.097368985033107],
            [-118.194268163999055, 35.097146939153383],
            [-118.194339374349923, 35.097048910854738],
            [-118.194446747280892, 35.096818309612466],
            [-118.19501444121795, 35.095400576484018],
            [-118.195056022435836, 35.095296691085494],
            [-118.195420106027228, 35.094387062528142],
            [-118.19547308776437, 35.094280076309886],
            [-118.195513688920272, 35.0941980898059],
            [-118.195544966461838, 35.094135275938363],
            [-118.19565008731638, 35.09392416483427],
            [-118.195929443606786, 35.093546036727687],
            [-118.196398296811481, 35.092714979443109],
            [-118.196445813198409, 35.092629500007114],
            [-118.196469242159353, 35.092587352316713],
            [-118.197085830499006, 35.09153936859115],
            [-118.197294849600979, 35.091244901479307],
            [-118.197783529522297, 35.090776105632408],
            [-118.198173258218418, 35.090468818097705],
            [-118.198695918711948, 35.089995676604502],
            [-118.198834113738641, 35.089820042916401],
            [-118.198865641011864, 35.08978845348058],
            [-118.199010087414592, 35.089643723783659],
            [-118.201184615866651, 35.08715186486473],
            [-118.201688803404707, 35.086487150326114],
            [-118.202260503827958, 35.085755140735969],
            [-118.202282984167937, 35.085726356280531],
            [-118.20284684050209, 35.085004374598221],
            [-118.202972920848865, 35.084639026658827],
            [-118.203026559254468, 35.083771247715241],
            [-118.203030455247884, 35.083708203815512],
            [-118.203076705010275, 35.083327751716183],
            [-118.203158950266101, 35.08304392580235],
            [-118.203445705979519, 35.082635494417794],
            [-118.205290038885977, 35.081373209781454],
            [-118.206460698211416, 35.080331830487374],
            [-118.206737561676917, 35.080077652480426],
            [-118.206804824830456, 35.080015898831348],
            [-118.208416370110783, 35.078603396778334],
            [-118.20875945737906, 35.078360751588924],
            [-118.208924262301082, 35.078264420229736],
            [-118.20995548512812, 35.077661637965669],
            [-118.211440220629726, 35.076535392081539],
            [-118.211649799382116, 35.076300148315234],
            [-118.211808430183197, 35.076019883388426],
            [-118.212057419823765, 35.075125286011051],
            [-118.212210612224112, 35.074724239608891],
            [-118.212415770367016, 35.074422837794692],
            [-118.212898427084326, 35.07398885286856],
            [-118.213049539884807, 35.073878271272456],
            [-118.213433956842664, 35.073596959197623],
            [-118.213530864400553, 35.073526043055175],
            [-118.214342290138816, 35.072980053818071],
            [-118.215029393533356, 35.072421433048881],
            [-118.215182229302528, 35.072172731219347],
            [-118.216659948961734, 35.070127926810208],
            [-118.216896441240067, 35.06996939510659],
            [-118.217595835384301, 35.069500555658962],
            [-118.217666940632313, 35.069452889867719],
            [-118.220095196439729, 35.067846380334402],
            [-118.221892386658411, 35.066732874790993],
            [-118.222249979921884, 35.066463010326814],
            [-118.222584459533067, 35.066063580842489],
            [-118.223236307645962, 35.06537480341278],
            [-118.22333322239038, 35.065279810354419],
            [-118.223773624153353, 35.064677233638953],
            [-118.223924560884043, 35.06452075159207],
            [-118.224004528910626, 35.06443784402169],
            [-118.224637157567997, 35.063950540036608],
            [-118.226163865054602, 35.062840284276248],
            [-118.22669866088934, 35.06235352737346],
            [-118.226939051856007, 35.062069660119768],
            [-118.228214270588936, 35.06036208134271],
            [-118.228271295643182, 35.060223173874128],
            [-118.228483843327624, 35.060023854784653],
            [-118.228809150241432, 35.059900285469823],
            [-118.229970499427267, 35.059621777523887],
            [-118.230282541817616, 35.059427657898823],
            [-118.23042750295501, 35.059229168518456],
            [-118.230912910313748, 35.058319382645685],
            [-118.231000461917972, 35.058163389174091],
            [-118.231135247838139, 35.057923237031744],
            [-118.231409896058153, 35.057602296267405],
            [-118.232219359875842, 35.057178330652931],
            [-118.232411750263608, 35.057011003355022],
            [-118.232507261839558, 35.056927933735849],
            [-118.232634917831319, 35.056824149354114],
            [-118.234212671185645, 35.0545586466122],
            [-118.234275445457683, 35.054388166573901],
            [-118.234321164315759, 35.054322770327929],
            [-118.23441325690375, 35.054191045966192],
            [-118.235035654648343, 35.052877137381373],
            [-118.235211477407333, 35.052630047530307],
            [-118.235691761674005, 35.051958784783452],
            [-118.23615775374445, 35.051491230319385],
            [-118.236322209221854, 35.051326222570083],
            [-118.236504953500088, 35.051105503777016],
            [-118.237815523634396, 35.048764155407085],
            [-118.238515426225092, 35.047853854339074],
            [-118.238720885303636, 35.047630472001856],
            [-118.238772581551601, 35.047574265410447],
            [-118.239509527071334, 35.046805220301167],
            [-118.240996027762449, 35.044812033747256],
            [-118.241095431738515, 35.044619130662383],
            [-118.241136128115855, 35.044540157431413],
            [-118.242118585897686, 35.042985431233511],
            [-118.242365187816219, 35.042763516088222],
            [-118.244480651140051, 35.041565422630164],
            [-118.246611644538504, 35.040093436126561],
            [-118.247669824010586, 35.039013778871322],
            [-118.247862877355033, 35.038814833875627],
            [-118.247926716130706, 35.038749047109498],
            [-118.248900332693495, 35.037756171245235],
            [-118.250931896064756, 35.035449868913943],
            [-118.252197463298259, 35.034233673747906],
            [-118.252953262659176, 35.033249359342562],
            [-118.253135876681739, 35.032950700315716],
            [-118.253288099799875, 35.032657903370307],
            [-118.253339476247604, 35.032458766364961],
            [-118.253325535292689, 35.032287069181002],
            [-118.253181432944714, 35.031891888156188],
            [-118.253005947952289, 35.031576965806437],
            [-118.252990814034689, 35.031494547048013],
            [-118.253416235491997, 35.029390345865586],
            [-118.253928048828499, 35.02689472153974],
            [-118.253924818486738, 35.026650460260534],
            [-118.253951724826123, 35.026572724626554],
            [-118.253974359676349, 35.026507330388576],
            [-118.254052688277525, 35.026072948072347],
            [-118.254075935778786, 35.025467383060295],
            [-118.254020269875582, 35.023801033236275],
            [-118.253940812990365, 35.020918554833386],
            [-118.25395386910472, 35.020589521960403],
            [-118.254029805492294, 35.020333696176905],
            [-118.255012205781952, 35.018578363831189],
            [-118.255248380056699, 35.018399219516908],
            [-118.255317784793831, 35.018307909139985],
            [-118.255684568720994, 35.018073879255113],
            [-118.256212299306, 35.01770118968755],
            [-118.256302567415645, 35.017587299943997],
            [-118.256409515443494, 35.017358879185892],
            [-118.256452303997094, 35.016990710939218],
            [-118.256326185921111, 35.014354670543376],
            [-118.256248122322887, 35.012254785531454],
            [-118.256445236950753, 35.011756652679146],
            [-118.259159682532967, 35.006449979027934],
            [-118.259383487904543, 35.006057994526252],
            [-118.26020884291961, 35.00518626353665],
            [-118.261269408317062, 35.004039065647426],
            [-118.261379083630118, 35.003928841873218],
            [-118.261483431035217, 35.003893856498237],
            [-118.261726595999463, 35.003754151047765],
            [-118.262766711249498, 35.00333072205575],
            [-118.262936150580089, 35.003283167760301],
            [-118.26318656135544, 35.003168033521341],
            [-118.263317782760552, 35.003146410467771],
            [-118.263532243856531, 35.003049346536244],
            [-118.263745865027744, 35.002933892617868],
            [-118.2639431629119, 35.002825300900476],
            [-118.264036955112374, 35.002770086301588],
            [-118.264275130833553, 35.00259794266492],
            [-118.264520306227425, 35.002387341713209],
            [-118.264647725063952, 35.002244001600843],
            [-118.264820609433656, 35.002099305088088],
            [-118.264963313104715, 35.001945592080951],
            [-118.265169574378817, 35.001649738523582],
            [-118.265726880197917, 35.001237863192046],
            [-118.269488440702887, 34.998752643570903],
            [-118.270053067791565, 34.998521145051754],
            [-118.272668822660052, 34.997826670584764],
            [-118.274337912220886, 34.996955074867024],
            [-118.278748851369997, 34.99466683235098],
            [-118.283000874952094, 34.992431346880188],
            [-118.286266481876893, 34.990738864846392],
            [-118.286438778748391, 34.990640384965928],
            [-118.286482300327293, 34.990615508685785],
            [-118.28760522677176, 34.990038484606551],
            [-118.288880176010139, 34.98941721251196],
            [-118.289332528959648, 34.98924069792416],
            [-118.290481487682783, 34.98890723227791],
            [-118.290649119602989, 34.988844705386114],
            [-118.290708697669274, 34.988822482422371],
            [-118.290914023797129, 34.988756806302064],
            [-118.291145684037545, 34.988578423897017],
            [-118.291651222641789, 34.987883225506458],
            [-118.292631412177514, 34.986621249421574],
            [-118.293369034128688, 34.985795808678091],
            [-118.29531235868447, 34.983494027438404],
            [-118.295591627838334, 34.983228492521398],
            [-118.2960724124666, 34.983024175822493],
            [-118.296961835327721, 34.982588670524386],
            [-118.297386153653861, 34.982146636644551],
            [-118.297982243337046, 34.981214927628969],
            [-118.298486530588107, 34.980608978986517],
            [-118.300921504895541, 34.978497672941465],
            [-118.300995467684473, 34.978428858851075],
            [-118.301047399291051, 34.978380542258456],
            [-118.301451576490194, 34.978072263574965],
            [-118.302370535957863, 34.977348946797925],
            [-118.302697564043768, 34.977152074683225],
            [-118.303081448300674, 34.97699244397991],
            [-118.303369433807717, 34.976803123775028],
            [-118.304665076636937, 34.975632081071581],
            [-118.304783788103407, 34.975521619563168],
            [-118.304816138233448, 34.975491517694238],
            [-118.305199445771905, 34.975205813272318],
            [-118.305379264237274, 34.975100505961962],
            [-118.305793496279406, 34.974934989227691],
            [-118.306824963448179, 34.974716817136105],
            [-118.306951872041637, 34.974687148525057],
            [-118.307009400152452, 34.97467370026262],
            [-118.307332446006697, 34.974618601376037],
            [-118.308318549151963, 34.974308995351201],
            [-118.308763694917985, 34.974092950363527],
            [-118.309212424063645, 34.973935586747047],
            [-118.309923461272277, 34.97356416095122],
            [-118.310588568518739, 34.973145952234617],
            [-118.310992403459778, 34.972945314434462],
            [-118.312940508849536, 34.971484546992045],
            [-118.31476380231372, 34.970051605568131],
            [-118.31486872464059, 34.969879134004032],
            [-118.315174274008058, 34.96957874923617],
            [-118.315295505248912, 34.96939940783021],
            [-118.315443235892346, 34.969263179886781],
            [-118.315590301782464, 34.969093680646743],
            [-118.315994558033339, 34.968770468321509],
            [-118.316802316848637, 34.968183562902396],
            [-118.317099736462779, 34.967840209718027],
            [-118.317209174620601, 34.967652014540263],
            [-118.317367722776638, 34.967217224010845],
            [-118.317383908621451, 34.967172836272304],
            [-118.318297869862874, 34.965183015633599],
            [-118.318460098416679, 34.965012341856472],
            [-118.322520339770421, 34.962058577207763],
            [-118.322643628153301, 34.961968503352338],
            [-118.322686242433733, 34.961937370241678],
            [-118.323356442229539, 34.961443840869769],
            [-118.323488020265856, 34.961299592000316],
            [-118.32435541463957, 34.959906838494796],
            [-118.324404940557812, 34.959827116443236],
            [-118.324439285846083, 34.95977182940598],
            [-118.325409936171795, 34.958247716544847],
            [-118.325459791771763, 34.958182328066705],
            [-118.325531295871741, 34.958088546696118],
            [-118.326609382010545, 34.956361974793815],
            [-118.327274895295517, 34.955673542258019],
            [-118.327851411586977, 34.955146394354202],
            [-118.327865687613453, 34.955117574190162],
            [-118.327878863203736, 34.95509097089613],
            [-118.327920482150859, 34.954874144856127],
            [-118.327910745311485, 34.954187117140414],
            [-118.327949415987845, 34.953864391590862],
            [-118.328029331912134, 34.953698597080994],
            [-118.328416132100458, 34.953262483786283],
            [-118.328968439693327, 34.952723313831186],
            [-118.329387171396689, 34.952360336455833],
            [-118.330291597919697, 34.951825984001111],
            [-118.330517259210652, 34.951629851635673],
            [-118.330866695771334, 34.951163387538834],
            [-118.332917320494602, 34.948451305648682],
            [-118.333432865432769, 34.947761867857174],
            [-118.333861377094649, 34.947332379402887],
            [-118.334651189367179, 34.946707196665045],
            [-118.334735492663327, 34.946638156324582],
            [-118.33477020356591, 34.946609729318233],
            [-118.334861749978202, 34.94655599145463],
            [-118.336323738340184, 34.945445640612874],
            [-118.336942854539032, 34.944888583328151],
            [-118.337499035667406, 34.944304752729494],
            [-118.338596441873023, 34.943098224605087],
            [-118.340220087460239, 34.941230123490868],
            [-118.34047554946244, 34.940896653109569],
            [-118.340687185356842, 34.940566113680859],
            [-118.340881685887211, 34.940177657732022],
            [-118.341535733075901, 34.938878904774711],
            [-118.341689439312589, 34.93864310575033],
            [-118.342152325008826, 34.938255480938473],
            [-118.343503758607099, 34.937350339149887],
            [-118.345014501234473, 34.936344680368791],
            [-118.345837082251933, 34.93584828756795],
            [-118.346877813746275, 34.93541534689313],
            [-118.346984490482882, 34.935371842594364],
            [-118.348211898181432, 34.934871283745082],
            [-118.348281734109946, 34.934842801845065],
            [-118.349508051253778, 34.934371041458895],
            [-118.350424278046347, 34.933974397037602],
            [-118.350600356825183, 34.933900419858119],
            [-118.350654613271686, 34.933877623758903],
            [-118.351606241771293, 34.933499963483015],
            [-118.352099171622186, 34.933415445731121],
            [-118.356271489485792, 34.933032556681354],
            [-118.356626889063335, 34.933056367854981],
            [-118.356933212778571, 34.933115685868351],
            [-118.357224098945693, 34.933200269473787],
            [-118.357432660805188, 34.933208039831406],
            [-118.357743386265341, 34.933080916952683],
            [-118.357775974448899, 34.933052953634146],
            [-118.357838420835876, 34.932999371116907],
            [-118.357999366595436, 34.932830798464558],
            [-118.358699469510412, 34.931696454639791],
            [-118.359545911578465, 34.930437188643339],
            [-118.359694884591931, 34.930274646943104],
            [-118.362521247682139, 34.928426817555078],
            [-118.363440231404311, 34.927784414072406],
            [-118.36376063261838, 34.92765910122445],
            [-118.36532774452985, 34.927146940186091],
            [-118.366461316010472, 34.926455409813322],
            [-118.367279126075445, 34.926044184508505],
            [-118.367564840641464, 34.925925594924841],
            [-118.369506639857903, 34.925626405016459],
            [-118.370253883664091, 34.925147199821652],
            [-118.373480178515408, 34.923722428944771],
            [-118.374977058341344, 34.923654329706871],
            [-118.37569161425094, 34.923560043346875],
            [-118.375766643340128, 34.923558914225573],
            [-118.375960825866869, 34.923555992357215],
            [-118.376200456858797, 34.92350881378016],
            [-118.376429752733372, 34.923375176597517],
            [-118.37678548738252, 34.923152631367522],
            [-118.37709868410802, 34.92299279162733],
            [-118.377383443764884, 34.922922613978429],
            [-118.37836951187586, 34.922950725113431],
            [-118.378705048804122, 34.922960288465461],
            [-118.379804772663164, 34.922716927178108],
            [-118.380359655725968, 34.922534950235558],
            [-118.380701937205416, 34.922346092734635],
            [-118.381263749872303, 34.921940329037859],
            [-118.38190104887083, 34.92126409005283],
            [-118.382091489016119, 34.921134395731833],
            [-118.382363989364308, 34.921003580888268],
            [-118.382996413205788, 34.920836174618863],
            [-118.383158170144043, 34.920807606823736],
            [-118.383205199644124, 34.920799300542996],
            [-118.383965730431626, 34.920662598501536],
            [-118.38473110493517, 34.920387778780629],
            [-118.385330971135829, 34.920141419373131],
            [-118.387085877654059, 34.919344273495582],
            [-118.387200279003821, 34.919290137691355],
            [-118.387298637340891, 34.919243593805568],
            [-118.387655948533364, 34.919059202004796],
            [-118.38878274132685, 34.918335938929616],
            [-118.388916515744015, 34.918259874145321],
            [-118.388951179035885, 34.918240165910703],
            [-118.39129021147437, 34.916773263626411],
            [-118.391748593916077, 34.916528420354844],
            [-118.39412265526073, 34.915010139167237],
            [-118.394685566567205, 34.91468563297834],
            [-118.395184953508391, 34.914440211858292],
            [-118.39545152767063, 34.914351290074137],
            [-118.396390257261061, 34.914105681587529],
            [-118.396761743868723, 34.91409274418173],
            [-118.397455735544852, 34.914102344660755],
            [-118.397643899359196, 34.914073159436768],
            [-118.397821669665717, 34.914008920969174],
            [-118.398458449438024, 34.913547677041414],
            [-118.398683122582156, 34.913440946892912],
            [-118.401767807012092, 34.912344047520143],
            [-118.401926548305966, 34.912291681675988],
            [-118.401959591935366, 34.91228078228044],
            [-118.402160031228092, 34.912215832284069],
            [-118.402312169006279, 34.912126912510303],
            [-118.402741280742788, 34.912076788879958],
            [-118.403546217949739, 34.912105546822104],
            [-118.403701472882005, 34.912027140356386],
            [-118.405533607565218, 34.911429647434424],
            [-118.40601809774401, 34.91135019795896],
            [-118.40658930139891, 34.911239041345631],
            [-118.40674646075955, 34.911182504594812],
            [-118.407067693813573, 34.911031009955096],
            [-118.407359559144311, 34.910902739629066],
            [-118.407415926631757, 34.910877966582063],
            [-118.408043857100211, 34.910618583218323],
            [-118.408688726201646, 34.910292869959385],
            [-118.409011860989125, 34.910163243755406],
            [-118.409769337504684, 34.909615399067121],
            [-118.410078781967243, 34.909455064441126],
            [-118.410223825749625, 34.909419417702011],
            [-118.410421500027923, 34.909406895039965],
            [-118.41124697631551, 34.909335200018582],
            [-118.411704812581533, 34.909320232331503],
            [-118.414650374025143, 34.909236226707861],
            [-118.416484630529041, 34.909108985656964],
            [-118.417168344579977, 34.909068557019353],
            [-118.417363935665136, 34.909049012329561],
            [-118.417575960530073, 34.909007728383706],
            [-118.417708185353348, 34.908959737731962],
            [-118.418224270179024, 34.908755435515509],
            [-118.418447361389951, 34.908689750473201],
            [-118.418608501185631, 34.908662080880148],
            [-118.418887012161363, 34.90865975666339],
            [-118.419952166153294, 34.908871308003995],
            [-118.420129074975463, 34.908881349625446],
            [-118.420285888484713, 34.908854519907131],
            [-118.420692396812058, 34.90876654312175],
            [-118.420969720214984, 34.908706522396862],
            [-118.42135099396765, 34.908587780315315],
            [-118.421919863799403, 34.908391717672593],
            [-118.423256918963247, 34.907838411170701],
            [-118.425226123084101, 34.90702476989015],
            [-118.426659196473679, 34.906471248638304],
            [-118.426841251744122, 34.906406122395452],
            [-118.427893268773332, 34.906049168108886],
            [-118.428552799278521, 34.905850235105092],
            [-118.430546928953575, 34.905213306926562],
            [-118.430605631162408, 34.905197926668087],
            [-118.430767754613328, 34.905155450264658],
            [-118.431348831651519, 34.905007675203763],
            [-118.432014656651887, 34.90483834296284],
            [-118.433691919983488, 34.904644994996225],
            [-118.434086683736751, 34.904571775975981],
            [-118.435279398499077, 34.904272603998869],
            [-118.436698715088411, 34.903780941418908],
            [-118.437030818655685, 34.903712508109024],
            [-118.44009359317586, 34.903052498622273],
            [-118.443620281064952, 34.902305661951949],
            [-118.44391935717249, 34.902295555430463],
            [-118.44418886792738, 34.902324583496352],
            [-118.446230363072416, 34.902972175384896],
            [-118.446457330513795, 34.903042865171855],
            [-118.446843173996285, 34.903093700101977],
            [-118.447049452338362, 34.903110685346114],
            [-118.447270318422312, 34.903063439026141],
            [-118.447329329651652, 34.903050814462986],
            [-118.447573851970304, 34.902995719007876],
            [-118.447907625505707, 34.902871306167377],
            [-118.448674762503799, 34.90249552847127],
            [-118.450400808846908, 34.901773293824071],
            [-118.452665595527151, 34.900831000636821],
            [-118.453089723410457, 34.900733443420485],
            [-118.453993577706612, 34.900586804574566],
            [-118.454403278646453, 34.900425311828215],
            [-118.4544818677591, 34.900374567340343],
            [-118.454518479496798, 34.900350927924933],
            [-118.454726529316602, 34.900173147308728],
            [-118.455723540704369, 34.89858443888037],
            [-118.455789679167154, 34.898237195862748],
            [-118.45575779705942, 34.898062457225002],
            [-118.455746018349387, 34.897997893838955],
            [-118.455667130996076, 34.897722202525955],
            [-118.455466951316495, 34.897603045227982],
            [-118.454594682684061, 34.897357906069843],
            [-118.454116140250733, 34.897164502179301],
            [-118.452351968508637, 34.896361616864908],
            [-118.452196659677483, 34.896352358391376],
            [-118.451929410880467, 34.896315494684899],
            [-118.451697196379513, 34.896232244228031],
            [-118.451394698589041, 34.895994606668047],
            [-118.450769006722311, 34.894992355689844],
            [-118.450742607931062, 34.894950067786468],
            [-118.450619562093337, 34.894618100283786],
            [-118.450677673210748, 34.893766285746473],
            [-118.450613374497664, 34.893590955515968],
            [-118.450267738708931, 34.893351842580437],
            [-118.449881412831104, 34.893016841772649],
            [-118.449645692205593, 34.892593137402187],
            [-118.448657313627749, 34.891648792929978],
            [-118.447496574397974, 34.890678730782973],
            [-118.447353462891755, 34.890513619829996],
            [-118.447288639562544, 34.890348486439969],
            [-118.447256610131078, 34.890117421452359],
            [-118.447525059077321, 34.889110878079983],
            [-118.447532972336688, 34.888911574675191],
            [-118.447463271155442, 34.88804019549243],
            [-118.447246410659361, 34.886940428617287],
            [-118.44687524385192, 34.88560872415254],
            [-118.446841728606998, 34.885249405446139],
            [-118.446872182393449, 34.884961658573069],
            [-118.447005586704705, 34.884732935754108],
            [-118.447158207776553, 34.884589455408701],
            [-118.448390788872828, 34.883829919888676],
            [-118.448581450003672, 34.883725838594628],
            [-118.448658532641588, 34.883683758593619],
            [-118.449066714530261, 34.883455817756953],
            [-118.452233513062026, 34.881300436380506],
            [-118.45237306993468, 34.881218743303577],
            [-118.452436204431166, 34.881181785849755],
            [-118.457903580320718, 34.877509384401051],
            [-118.458066991955747, 34.877397848882886],
            [-118.458157186403511, 34.877336286364873],
            [-118.459531768688322, 34.876459874775421],
            [-118.461631109049435, 34.875066210013223],
            [-118.461966267787005, 34.874798073191684],
            [-118.462061978788952, 34.874731299741107],
            [-118.462153228757202, 34.874667637038002],
            [-118.462992558863135, 34.873906361920639],
            [-118.464021448765351, 34.872948204360178],
            [-118.466238110899212, 34.871019776066554],
            [-118.466814889498735, 34.870658282761056],
            [-118.467292308139633, 34.870359058036705],
            [-118.469445311160868, 34.869167314103329],
            [-118.469511631981675, 34.869138154923277],
            [-118.470416442983606, 34.868740331518175],
            [-118.470506830569178, 34.868701816994147],
            [-118.473615405694105, 34.867380468092946],
            [-118.473709985717122, 34.867335089542578],
            [-118.473916885693356, 34.867235819454052],
            [-118.475670167159223, 34.865988430894085],
            [-118.475853268966986, 34.865854254920173],
            [-118.476035215541231, 34.865720922663726],
            [-118.479876920142587, 34.862992779761733],
            [-118.482568895266311, 34.861080908478947],
            [-118.482647762856701, 34.861004373469534],
            [-118.482687728005345, 34.860965590701753],
            [-118.482871417311287, 34.860885647945601],
            [-118.486268564543153, 34.858515463795754],
            [-118.486684036260357, 34.858224318792182],
            [-118.48681442762215, 34.858132944903907],
            [-118.48951594824409, 34.85637155090226],
            [-118.490167900561516, 34.856055894746284],
            [-118.490527332676379, 34.855985621570099],
            [-118.491356909773287, 34.855951560092599],
            [-118.492051130519783, 34.855638094617227],
            [-118.492123296678159, 34.855605508038991],
            [-118.492692006609801, 34.855342147920346],
            [-118.49314174276688, 34.855210162362035],
            [-118.494167994317138, 34.855189676779688],
            [-118.494565539254538, 34.855264097875775],
            [-118.49527319161119, 34.855650268692997],
            [-118.495946615460539, 34.855738808041799],
            [-118.49769397523211, 34.855585277610061],
            [-118.497991901496093, 34.855607094392184],
            [-118.498330059708366, 34.855681105991145],
            [-118.501133630743212, 34.856918652297011],
            [-118.50131325247753, 34.857007650256314],
            [-118.501541968040442, 34.857079037114772],
            [-118.501828951027633, 34.857147032334083],
            [-118.50361946137383, 34.857105106796041],
            [-118.503946851480805, 34.857093115746203],
            [-118.504285669056529, 34.857102914543013],
            [-118.504574105517833, 34.857142589596172],
            [-118.504828740171646, 34.857184874101705],
            [-118.505272505227083, 34.857182147425164],
            [-118.505552090587869, 34.857175499169564],
            [-118.505680537097106, 34.857142360345897],
            [-118.506203015232643, 34.856956048199493],
            [-118.506451697649368, 34.856895379271265],
            [-118.506658208655097, 34.856858979219709],
            [-118.506842344423731, 34.856846978551161],
            [-118.507624600966395, 34.856886130357324],
            [-118.507802782701319, 34.856887305360885],
            [-118.507914809803751, 34.856865385718443],
            [-118.50882245229549, 34.856595686508193],
            [-118.509031213581011, 34.85656684868848],
            [-118.509241263948951, 34.85652574698257],
            [-118.509435859700716, 34.856399572032814],
            [-118.509563498624502, 34.856330547876354],
            [-118.509772418911822, 34.856285660066114],
            [-118.509931928265232, 34.856290486166614],
            [-118.510094495483898, 34.856338761162107],
            [-118.510234851857135, 34.856395387255638],
            [-118.510343178798948, 34.8565103384447],
            [-118.510586877362456, 34.856831052599816],
            [-118.510658023932976, 34.856937261424861],
            [-118.510801762463274, 34.857005238332803],
            [-118.51158080573218, 34.857133090082655],
            [-118.512285489156795, 34.857243455240813],
            [-118.513975265121985, 34.857609513622641],
            [-118.514455413743036, 34.857695736998373],
            [-118.514675766888985, 34.857672630784883],
            [-118.515014099374426, 34.857614418518935],
            [-118.515297227690724, 34.85760305042249],
            [-118.515594358047366, 34.857588940918681],
            [-118.51575934532741, 34.85762872778195],
            [-118.51619732792733, 34.857739215376448],
            [-118.516353139815038, 34.857764778437684],
            [-118.516504761960263, 34.857743108917418],
            [-118.516623061100049, 34.857675905136091],
            [-118.51683535096798, 34.857526229854045],
            [-118.517035129100634, 34.857391417193902],
            [-118.517094476299889, 34.85735136926921],
            [-118.517692393156366, 34.856954013690633],
            [-118.517839013482103, 34.856849227570947],
            [-118.517940388361907, 34.856609137175681],
            [-118.517954694931134, 34.856458171422602],
            [-118.517922123815538, 34.8559840116354],
            [-118.517863351538082, 34.855803302163523],
            [-118.517849784282348, 34.855409515782235],
            [-118.517779756114393, 34.855307095439208],
            [-118.517727271145588, 34.855197235584207],
            [-118.517724194415749, 34.855037659445877],
            [-118.517722244173257, 34.854881866837545],
            [-118.517750235677511, 34.854760257550659],
            [-118.517818789710105, 34.854658738684989],
            [-118.517931605533377, 34.854556563619504],
            [-118.518069854458972, 34.854473437461671],
            [-118.51826927236722, 34.854446411582749],
            [-118.519901824750491, 34.854471185428281],
            [-118.520141647083577, 34.854480296027084],
            [-118.520323362790819, 34.854476755432856],
            [-118.520518269359698, 34.854434589692936],
            [-118.520805875777697, 34.854322216416342],
            [-118.521104595254087, 34.854263730502865],
            [-118.52145261606988, 34.854269952175251],
            [-118.521683224383096, 34.854282586444327],
            [-118.522013507065282, 34.854330043628401],
            [-118.522387084950921, 34.854357009098095],
            [-118.522663118373117, 34.854355018754852],
            [-118.523078364613184, 34.854289728096958],
            [-118.523436631613109, 34.854215570761866],
            [-118.523808246679849, 34.854086739206444],
            [-118.524149442096103, 34.853971871616679],
            [-118.524395531076607, 34.853935695844932],
            [-118.524680739891124, 34.85394792177437],
            [-118.525019074173215, 34.854005807858172],
            [-118.525352584502244, 34.854080656107527],
            [-118.525681741595363, 34.854124318476259],
            [-118.52604163095269, 34.854121916051433],
            [-118.527023598254388, 34.854101801729975],
            [-118.527312662638096, 34.854077225333874],
            [-118.528083752223452, 34.853946228499851],
            [-118.528448779045902, 34.853894757950208],
            [-118.528648191564258, 34.853867714189136],
            [-118.528791908534998, 34.853819542421633],
            [-118.528922908954556, 34.853761847133676],
            [-118.529327308935919, 34.85349442371907],
            [-118.529810078840953, 34.853191623170453],
            [-118.529932713250275, 34.853155588593246],
            [-118.530666640430653, 34.853131965819138],
            [-118.530956481857089, 34.853027135760875],
            [-118.531077328618991, 34.852935384562741],
            [-118.531334272841377, 34.852620748011418],
            [-118.53149195232659, 34.852453702178856],
            [-118.531580439975329, 34.852336253645554],
            [-118.531704824302835, 34.852239804346169],
            [-118.531869930160482, 34.852147391753171],
            [-118.532084933838902, 34.852073235435824],
            [-118.532328913575128, 34.852013426150663],
            [-118.532658030244079, 34.851940943124376],
            [-118.532928571366611, 34.851903960715227],
            [-118.533142290454165, 34.851842068754557],
            [-118.533332828515839, 34.851768698740905],
            [-118.533513371921629, 34.851645226400237],
            [-118.533665911246771, 34.851527239301738],
            [-118.533786404072458, 34.851351457009407],
            [-118.534323825682762, 34.850933803281706],
            [-118.534425530244263, 34.850893853946495],
            [-118.534816089882028, 34.850729230722223],
            [-118.535422149966564, 34.850558425761882],
            [-118.535593042771268, 34.850468876773029],
            [-118.535915651145984, 34.850225456250286],
            [-118.536078025226857, 34.850173617720934],
            [-118.536257628994875, 34.850146434879967],
            [-118.536609716483966, 34.8499853384156],
            [-118.536789785579302, 34.849910007995277],
            [-118.537000773788392, 34.849888688052509],
            [-118.537180532066643, 34.849845456175082],
            [-118.537332753388156, 34.849759562211752],
            [-118.537560619144813, 34.849678869147887],
            [-118.537787864165594, 34.849662372685714],
            [-118.537978747180333, 34.849673023840673],
            [-118.538126343974781, 34.849704171531179],
            [-118.538270246896772, 34.84975606638389],
            [-118.538413996206842, 34.849824010153512],
            [-118.538775904078619, 34.850093489022932],
            [-118.539168226210975, 34.850348997806677],
            [-118.539352388030736, 34.850453072699253],
            [-118.539740000296035, 34.850593367474872],
            [-118.54032542338355, 34.850750959591259],
            [-118.540598725028971, 34.850789507586079],
            [-118.54093736563658, 34.850815249733778],
            [-118.541561515994275, 34.85082107726717],
            [-118.542136738711747, 34.850828481661956],
            [-118.542395681685647, 34.850785739776541],
            [-118.54289782196318, 34.850763411576004],
            [-118.543254002176695, 34.85078170436465],
            [-118.543665111674898, 34.850901363016398],
            [-118.543894156919521, 34.850940567781322],
            [-118.54423536221725, 34.850941769408763],
            [-118.544473072611126, 34.850927213496774],
            [-118.544765964716248, 34.850865797029684],
            [-118.546666896875479, 34.850216837630754],
            [-118.54687931879576, 34.850167185636273],
            [-118.547068099752721, 34.850154206461973],
            [-118.547679159860138, 34.850066451384436],
            [-118.548158112823529, 34.850032626310067],
            [-118.548440597047787, 34.850085374636066],
            [-118.549361807693558, 34.850325271755899],
            [-118.549602213033253, 34.850343532205144],
            [-118.549809068093708, 34.850317677855372],
            [-118.551154739897768, 34.849761479682861],
            [-118.551291360177743, 34.849722677607723],
            [-118.552703893588372, 34.849605895296996],
            [-118.553531116200901, 34.849563826583804],
            [-118.553699424552548, 34.849498782774461],
            [-118.553857724773593, 34.849383638223827],
            [-118.553947453894068, 34.849253905604002],
            [-118.554925974360017, 34.84736794849038],
            [-118.55598303003967, 34.845298359527561],
            [-118.55628200373927, 34.844711073703102],
            [-118.556426822942839, 34.844418345625037],
            [-118.556570583032723, 34.844237961684563],
            [-118.5566987627423, 34.844104687284648],
            [-118.556905819025403, 34.844004001643],
            [-118.557154419695436, 34.843943225108966],
            [-118.557366967379878, 34.843877503740508],
            [-118.557480542279549, 34.843811172606614],
            [-118.557926262069003, 34.843467428730179],
            [-118.558112541217909, 34.843346785344387],
            [-118.558228222666941, 34.843304068326184],
            [-118.558462521259329, 34.84327813435209],
            [-118.558596716986358, 34.843247804803823],
            [-118.558750631632236, 34.84310146962644],
            [-118.558825314869992, 34.843036734784398],
            [-118.558887986734092, 34.842982412300884],
            [-118.558999151453875, 34.842924561223612],
            [-118.559220650850108, 34.842772976861198],
            [-118.559478802408279, 34.842562137126855],
            [-118.55973544569504, 34.842263484056708],
            [-118.55990523447025, 34.842037937340741],
            [-118.56035740775674, 34.841748982724212],
            [-118.560736874099035, 34.841514338785124],
            [-118.561105577725954, 34.841309840130386],
            [-118.561292826157043, 34.84120902425731],
            [-118.561810245879229, 34.841039425639352],
            [-118.562223428689094, 34.840934329499092],
            [-118.562593186039805, 34.840865786350065],
            [-118.562907248741226, 34.840776131704104],
            [-118.56319391102987, 34.840627771228256],
            [-118.563356994779809, 34.840495647050616],
            [-118.563823441397815, 34.840171833795345],
            [-118.565123218273996, 34.839512279894549],
            [-118.565374653128771, 34.839394854916691],
            [-118.565529911654281, 34.839352372520331],
            [-118.566275199828056, 34.839218133194358],
            [-118.569003624992746, 34.838810827875761],
            [-118.569209077783043, 34.838754483865031],
            [-118.569343409155692, 34.83870809342519],
            [-118.569566005394904, 34.838560272616334],
            [-118.569973128169863, 34.83835220174069],
            [-118.57104812051081, 34.837816787167142],
            [-118.572582460982375, 34.837215219203181],
            [-118.57280430892493, 34.837147638107055],
            [-118.573228899440608, 34.837064287913776],
            [-118.573495981150998, 34.837015861519603],
            [-118.574520151304753, 34.836938956109059],
            [-118.574752018157668, 34.836921472033239],
            [-118.574870921863621, 34.836906137980286],
            [-118.575007359785602, 34.836883356248407],
            [-118.576064569975486, 34.836503571064355],
            [-118.576259695733299, 34.836429213369634],
            [-118.576512775403359, 34.836383529451616],
            [-118.57666532191503, 34.836381613880825],
            [-118.576836384501306, 34.836392083160597],
            [-118.576974346864318, 34.836457113734163],
            [-118.577127979439155, 34.836591159222536],
            [-118.577297973030255, 34.836846151774722],
            [-118.577462466236895, 34.837066179137182],
            [-118.577607209981977, 34.837153908261932],
            [-118.577789572476249, 34.837202209230831],
            [-118.578061023592184, 34.837184955254138],
            [-118.578227714976265, 34.837164239564977],
            [-118.578389196131752, 34.837076459576238],
            [-118.578620014650753, 34.83679082687231],
            [-118.578872882318407, 34.836512879043255],
            [-118.579017956643526, 34.836436329290706],
            [-118.579181549738209, 34.836372163583242],
            [-118.57927358842727, 34.83636610571849],
            [-118.579788344644655, 34.836353137639506],
            [-118.580030669684106, 34.836337592605567],
            [-118.580369975045031, 34.836277414280985],
            [-118.581183098599183, 34.836089250649984],
            [-118.583905951514154, 34.835533125167061],
            [-118.584568009878552, 34.835339003646837],
            [-118.585095140388972, 34.834957768368128],
            [-118.585532008179612, 34.83471530622468],
            [-118.585909060748776, 34.83444898960331],
            [-118.586226251384005, 34.834393803185158],
            [-118.586758833769878, 34.834324785639581],
            [-118.587200436580417, 34.834245156177332],
            [-118.58773126455651, 34.834140877189597],
            [-118.58794896677405, 34.833870253337132],
            [-118.587953328993066, 34.833385203217169],
            [-118.587923921743908, 34.832052328354386],
            [-118.587458734563938, 34.812231985558448],
            [-118.587448446158987, 34.812081804288148],
            [-118.587439014746806, 34.811999221583768],
            [-118.587430103459184, 34.811921188706954],
            [-118.587433084967628, 34.811848505906745],
            [-118.587365901764159, 34.808161530393171],
            [-118.586833100189381, 34.787762795222505],
            [-118.586831633240521, 34.787700928828244],
            [-118.58683183356483, 34.787602194963007],
            [-118.586831633240521, 34.787544195060683],
            [-118.586831699715844, 34.787470395187135],
            [-118.586831633240521, 34.787399395060476],
            [-118.586829700066019, 34.787332995570438],
            [-118.586785832635741, 34.785824328475144],
            [-118.586549231661266, 34.775952193866537],
            [-118.586502298280934, 34.774676993662993],
            [-118.586487498536627, 34.774529593665676],
            [-118.586437431832564, 34.774411794195395],
            [-118.586327898453376, 34.774304527067144],
            [-118.586182698364084, 34.774217994272483],
            [-118.585954231634517, 34.774142127474704],
            [-118.585545298754255, 34.774009327021517],
            [-118.58529229813594, 34.773923593783657],
            [-118.584991431686049, 34.773809127213461],
            [-118.584688897962963, 34.773615793695427],
            [-118.58382729772282, 34.772936727614557],
            [-118.583633698202689, 34.772810794277902],
            [-118.583452498128409, 34.772714527082968],
            [-118.582547431106633, 34.772272727532133],
            [-118.581654830904341, 34.771840793590272],
            [-118.581292830506086, 34.771677527277014],
            [-118.580714030697166, 34.771408993900423],
            [-118.580569097407533, 34.771331927634492],
            [-118.580448030558387, 34.77124439407087],
            [-118.580325297334369, 34.771078726895745],
            [-118.579980897627493, 34.770570394180332],
            [-118.579821496970226, 34.77035539376557],
            [-118.579686830525958, 34.770189327068323],
            [-118.579443430203114, 34.769955727136882],
            [-118.57777062970186, 34.768435593557257],
            [-118.576812203650476, 34.768047684770792],
            [-118.576780635953099, 34.76803388830551],
            [-118.575574096118586, 34.767506593879325],
            [-118.574060495950278, 34.766507793586918],
            [-118.573964296264805, 34.766437593807012],
            [-118.573891628846539, 34.766347194013001],
            [-118.572989895472773, 34.765092526805056],
            [-118.572893428987655, 34.765009327327412],
            [-118.572789895456197, 34.764971193775018],
            [-118.572583628792245, 34.764928194066734],
            [-118.570577895578694, 34.764660527242206],
            [-118.56855969464732, 34.764350727392539],
            [-118.568329694493542, 34.764320927431491],
            [-118.567410694601691, 34.764221727230961],
            [-118.565279827865695, 34.764027727741059],
            [-118.563940627524957, 34.763874727426142],
            [-118.563821493850298, 34.763844127329143],
            [-118.563678027509553, 34.763786794088979],
            [-118.563574094227789, 34.763723327496173],
            [-118.562517093345363, 34.763018994185465],
            [-118.562420293585305, 34.762922127397033],
            [-118.562371226706134, 34.762838327227421],
            [-118.5623528265142, 34.762687993998398],
            [-118.562330226698265, 34.762323127704292],
            [-118.562336226546051, 34.762224993710682],
            [-118.562358227185683, 34.762146394183127],
            [-118.562379293577408, 34.761996194008354],
            [-118.562420426535951, 34.761656527149363],
            [-118.562402426992605, 34.76155179395252],
            [-118.562392226622563, 34.761427993764059],
            [-118.562351493414326, 34.761356926946206],
            [-118.562239027035687, 34.761273927390739],
            [-118.561911426722915, 34.761081994012443],
            [-118.561823226535068, 34.761024527490086],
            [-118.56142109300319, 34.760664594034047],
            [-118.56129249288206, 34.760548527532485],
            [-118.561228226508319, 34.760503594163723],
            [-118.561156893088224, 34.760484794244583],
            [-118.560714026348123, 34.760490394220952],
            [-118.560643426851613, 34.760510994130733],
            [-118.560565493509159, 34.760577327384674],
            [-118.560256492814332, 34.760959527423559],
            [-118.560139493536795, 34.761052794340735],
            [-118.560014292640702, 34.761119327157012],
            [-118.55983289314041, 34.761147993970319],
            [-118.559635293422318, 34.761156793862334],
            [-118.559532492916148, 34.761151927501494],
            [-118.559429026758352, 34.761113794381167],
            [-118.559204426377775, 34.760934127672016],
            [-118.559123225862606, 34.760830927125227],
            [-118.559082092904063, 34.76074632779077],
            [-118.559048692643501, 34.760642527750917],
            [-118.559015292382895, 34.760140194230061],
            [-118.559002026062785, 34.760065394197142],
            [-118.558969225876837, 34.759987594090966],
            [-118.558855892623953, 34.759864993774869],
            [-118.55850869286833, 34.759464927270464],
            [-118.558354825833192, 34.759271327676494],
            [-118.558266292370377, 34.759194193988378],
            [-118.558154492541675, 34.759136994051886],
            [-118.558003226129287, 34.759079727654225],
            [-118.557279492132452, 34.758860727505663],
            [-118.556977092258336, 34.758760393787789],
            [-118.556738091883744, 34.758665327200831],
            [-118.556459025749163, 34.758531994085779],
            [-118.556307091888527, 34.758442593773154],
            [-118.556219491775295, 34.75841112743786],
            [-118.556108625296176, 34.758399527194307],
            [-118.555398025567101, 34.758447527453718],
            [-118.555255491677599, 34.758436327223471],
            [-118.555152292319434, 34.758417994002009],
            [-118.555009292204289, 34.758380793956142],
            [-118.554618491818047, 34.758209527400425],
            [-118.554547224873275, 34.758191327711081],
            [-118.554427692346636, 34.75816012770715],
            [-118.554284825182165, 34.758129327701106],
            [-118.554220892083407, 34.758090593907802],
            [-118.553965091416345, 34.757937194387274],
            [-118.553873291679153, 34.757889927430504],
            [-118.553786024840889, 34.757877527091793],
            [-118.553627825231146, 34.75786652752776],
            [-118.553026492081614, 34.757841527573831],
            [-118.55291569117955, 34.757836593857071],
            [-118.552836225311196, 34.757817927651722],
            [-118.552724291633538, 34.757747927868088],
            [-118.552373491430245, 34.757595727747919],
            [-118.552262225200849, 34.757557727306569],
            [-118.552150891597776, 34.757539927486164],
            [-118.552048091091635, 34.757541127523908],
            [-118.55194589155839, 34.75756839406003],
            [-118.551828491632207, 34.757628527275735],
            [-118.551083624768296, 34.757958127784249],
            [-118.550957424945608, 34.757985594187858],
            [-118.550839224620503, 34.757993327968599],
            [-118.550712224398922, 34.757981927671487],
            [-118.550585490976943, 34.757957727773672],
            [-118.550410291648774, 34.757901327740313],
            [-118.549239290963527, 34.757426394682689],
            [-118.549103624694368, 34.757362794044553],
            [-118.54899169101671, 34.757299527686321],
            [-118.548863624494857, 34.757215994143849],
            [-118.548715624356845, 34.757123194496273],
            [-118.548539223981152, 34.756975527715682],
            [-118.548329290394193, 34.756762927414101],
            [-118.548103490762699, 34.75651779451735],
            [-118.547950090851515, 34.756350194376552],
            [-118.547893290376081, 34.756265794150423],
            [-118.54785249069252, 34.756207727937415],
            [-118.547771490501674, 34.756110594104051],
            [-118.547706624053319, 34.756013994500442],
            [-118.547649490302931, 34.755916794015107],
            [-118.547592223601868, 34.75581319455636],
            [-118.547567024061536, 34.755741394453437],
            [-118.547500223540368, 34.755546794191574],
            [-118.547474090650454, 34.755410127436754],
            [-118.547413290875369, 34.754692927526648],
            [-118.547395290433741, 34.754588927243603],
            [-118.547370223844041, 34.754510927129864],
            [-118.547297290524412, 34.754407593822606],
            [-118.547224490155486, 34.754330127154489],
            [-118.547088423237724, 34.754246794312586],
            [-118.546873890276501, 34.754184194249802],
            [-118.546302090140287, 34.754034727246726],
            [-118.54557582379266, 34.753884527814321],
            [-118.545250423454007, 34.753829394468468],
            [-118.54476722325596, 34.753770727233956],
            [-118.544442489467272, 34.753742194401177],
            [-118.544110223304941, 34.753739727789373],
            [-118.543928889381675, 34.753754993915756],
            [-118.543763222975272, 34.753783527482192],
            [-118.543621822759647, 34.753843927681039],
            [-118.543112423196362, 34.754085394445539],
            [-118.542979423126951, 34.75416532794236],
            [-118.542902423134052, 34.754263927636778],
            [-118.542864889724868, 34.754375327369921],
            [-118.54283629006116, 34.7545451944031],
            [-118.542783889534007, 34.754702594584352],
            [-118.54273002295632, 34.754775394179411],
            [-118.542637023069886, 34.75488079431679],
            [-118.542355822538184, 34.755047194413876],
            [-118.542215289196804, 34.755147128191354],
            [-118.542051089739303, 34.755260194728308],
            [-118.541925689417198, 34.75530739455175],
            [-118.541783622651678, 34.755328927912373],
            [-118.541530823255997, 34.755332128098701],
            [-118.541419822927907, 34.755313794926046],
            [-118.541308623173819, 34.755282594572854],
            [-118.541117222729511, 34.755199927676621],
            [-118.540957489695543, 34.755110594609263],
            [-118.540853089289897, 34.755040394732276],
            [-118.540780689569559, 34.754962927919721],
            [-118.540755822405856, 34.754891727853654],
            [-118.540722222719296, 34.754794128235567],
            [-118.540658022820878, 34.754736328163851],
            [-118.540457089454762, 34.754562394828568],
            [-118.540384289085821, 34.754484994730902],
            [-118.540327422135078, 34.754394394381343],
            [-118.54029408924815, 34.754296794175438],
            [-118.540273288757717, 34.754042927852538],
            [-118.540271688858212, 34.753957794586128],
            [-118.540231022125283, 34.75389292771213],
            [-118.540151089133005, 34.753842127543777],
            [-118.539975822431202, 34.753778994291856],
            [-118.539865088902744, 34.75376739487357],
            [-118.539675488682221, 34.753782794584474],
            [-118.539573688899281, 34.753836394265036],
            [-118.539370888834029, 34.753982194933123],
            [-118.539175021966088, 34.75407592806831],
            [-118.539057089338968, 34.754110127620422],
            [-118.53893862221426, 34.754125127976288],
            [-118.538732688825249, 34.754101194864404],
            [-118.538455822664801, 34.754084994416203],
            [-118.538321022371576, 34.754067594614632],
            [-118.538027488869332, 34.754018928291231],
            [-118.537892888900416, 34.754014394375737],
            [-118.537790822317859, 34.754047794632378],
            [-118.537681421889275, 34.754114527941574],
            [-118.537611621893404, 34.754180794742545],
            [-118.537558022115334, 34.754272794687857],
            [-118.537482489071294, 34.754475994852115],
            [-118.537361288373162, 34.754751394830983],
            [-118.537221688381379, 34.754896928183975],
            [-118.537097222307182, 34.755009527875821],
            [-118.536972221735411, 34.755089394791476],
            [-118.536823289146142, 34.755156728033185],
            [-118.536705289145345, 34.755196994659791],
            [-118.536488621787029, 34.755242595162528],
            [-118.536243688938285, 34.755251928556824],
            [-118.535990488894001, 34.755242127976153],
            [-118.53583208895995, 34.75522439481923],
            [-118.535673088951285, 34.755174528367391],
            [-118.535323021773294, 34.755054994894515],
            [-118.535147622120803, 34.754965328070135],
            [-118.535027621571899, 34.754902128513962],
            [-118.534932488186669, 34.754889794889465],
            [-118.534758221309758, 34.754865994849013],
            [-118.534646621805365, 34.754808794866328],
            [-118.534566422013441, 34.754757395222235],
            [-118.534501488191452, 34.754660794773656],
            [-118.534475421776833, 34.75454319500566],
            [-118.534424221398908, 34.754335394683537],
            [-118.534383088440364, 34.754257595082613],
            [-118.534326688613589, 34.754199128166789],
            [-118.533428888064094, 34.753518994520448],
            [-118.53334842147251, 34.753448394734164],
            [-118.533283888299138, 34.753377128412282],
            [-118.533242820917621, 34.753299327908557],
            [-118.533201087884464, 34.753182594909546],
            [-118.533073888236856, 34.752714194710919],
            [-118.5330558877952, 34.752610194888149],
            [-118.53299822134386, 34.752473928476931],
            [-118.532899687835297, 34.752285794931701],
            [-118.532729220832024, 34.752033327730707],
            [-118.532590887464792, 34.751832727722217],
            [-118.532510487348546, 34.751749194554165],
            [-118.532398420720213, 34.751665527708575],
            [-118.532287020641846, 34.751640994560134],
            [-118.53209762074566, 34.751643394807147],
            [-118.531924087792319, 34.751678194690029],
            [-118.531703887359967, 34.751733394423319],
            [-118.531562087394079, 34.751761127869031],
            [-118.531459287786234, 34.75176239515627],
            [-118.531372020947927, 34.751743794743355],
            [-118.531276087163803, 34.751693128322103],
            [-118.52909108705046, 34.749987128096173],
            [-118.528830219885222, 34.749760527972704],
            [-118.528481687029711, 34.749570994710147],
            [-118.52816062016403, 34.749359194640405],
            [-118.527836887098559, 34.748998728349903],
            [-118.527640886381647, 34.748852927740998],
            [-118.527417619999255, 34.748719327824759],
            [-118.527029486711058, 34.748610394608242],
            [-118.526626486304949, 34.748455927881722],
            [-118.526277486325483, 34.748221394738252],
            [-118.526077819583946, 34.747870595030129],
            [-118.525879286516243, 34.747588528291537],
            [-118.525571485970644, 34.74735339480663],
            [-118.525153619344891, 34.747119728042293],
            [-118.524845286098355, 34.746861528263267],
            [-118.524687085590301, 34.74649892821266],
            [-118.524475085878194, 34.746240127868369],
            [-118.524184819548651, 34.746198128169553],
            [-118.523935686177623, 34.746166794461203],
            [-118.523740018735722, 34.746009794319022],
            [-118.52364048540224, 34.745852128080621],
            [-118.523554685512806, 34.745693727833626],
            [-118.523318486085259, 34.74560532782283],
            [-118.523070419014502, 34.745608394783147],
            [-118.522918685478174, 34.745599128207616],
            [-118.52275101852365, 34.745487394808187],
            [-118.522612419255097, 34.74544339437071],
            [-118.522474818913125, 34.745479594900054],
            [-118.52236768583235, 34.745651594992317],
            [-118.522038618570733, 34.745769594942928],
            [-118.521776685105223, 34.745760994922186],
            [-118.521609685598975, 34.745683594695343],
            [-118.521401618711195, 34.745617994995619],
            [-118.52109761893756, 34.745587528378636],
            [-118.520794018914273, 34.745579994947661],
            [-118.52048981881633, 34.745538194948551],
            [-118.520169818250878, 34.74540572788132],
            [-118.520000618770482, 34.745202728318866],
            [-118.519789418559, 34.744966394465315],
            [-118.519482685211955, 34.744787728239196],
            [-118.519123018636833, 34.744735328076999],
            [-118.518748284619406, 34.744614794807831],
            [-118.518140484498176, 34.744565527968142],
            [-118.517260218164765, 34.744701594841395],
            [-118.51693008460289, 34.744762527979404],
            [-118.516533084044539, 34.744926995336037],
            [-118.515984217897511, 34.745081928524286],
            [-118.515612084502862, 34.745097794884046],
            [-118.513227484123291, 34.744433195160319],
            [-118.512782016760426, 34.744211128278849],
            [-118.512512417072315, 34.743804194925083],
            [-118.512214616572464, 34.743363795212254],
            [-118.512073283730501, 34.743172328058193],
            [-118.511866416991921, 34.743174928592381],
            [-118.511496883321712, 34.743338928165272],
            [-118.510295816922223, 34.744036795581877],
            [-118.509106816693631, 34.74465512857855],
            [-118.507166815904355, 34.745681195751423],
            [-118.506563882855318, 34.745904995511737],
            [-118.50591808309926, 34.746037995448802],
            [-118.505021882449313, 34.746071596012854],
            [-118.503697215951561, 34.746042929132386],
            [-118.502399615693335, 34.745978929254242],
            [-118.500929281982366, 34.745920395950534],
            [-118.50047821542033, 34.745865729694394],
            [-118.498968814875994, 34.745454329156992],
            [-118.497785615069176, 34.744998929587162],
            [-118.496918214407259, 34.744579529130981],
            [-118.496183481438052, 34.744138796216795],
            [-118.495508280721054, 34.743647329065702],
            [-118.494942480432613, 34.743163929284492],
            [-118.494447480863286, 34.742580596266514],
            [-118.494036013835611, 34.741925728996506],
            [-118.493793213587338, 34.741238395977575],
            [-118.493701880075776, 34.740869929291541],
            [-118.493602813866232, 34.740061195709707],
            [-118.493309413314677, 34.739234729432752],
            [-118.492970280430285, 34.738559329180354],
            [-118.492569680322617, 34.737844529020471],
            [-118.492026012726143, 34.737240929223447],
            [-118.4918532792734, 34.737073329090144],
            [-118.49092527916072, 34.735974528629939],
            [-118.490261213061672, 34.735412995675546],
            [-118.489830079217469, 34.735008528975932],
            [-118.489519279197168, 34.734562128505921],
            [-118.489122679287419, 34.73406712875228],
            [-118.488496611924901, 34.73358499511577],
            [-118.488043278913409, 34.733300328957768],
            [-118.48720987858664, 34.73275092872445],
            [-118.486593278568904, 34.732128395280235],
            [-118.486432249266002, 34.731948007725229],
            [-118.486386936446436, 34.731871938191105],
            [-118.486232811594832, 34.73161319538444],
            [-118.485711411437649, 34.730909528768443],
            [-118.485271077946607, 34.72999519506989],
            [-118.484767010782789, 34.728891128799567],
            [-118.484480610802237, 34.728444928586519],
            [-118.484200210669428, 34.728338395401792],
            [-118.483606810542213, 34.728345595220489],
            [-118.482096277222283, 34.728524128670763],
            [-118.481031876916859, 34.728606928577065],
            [-118.48064547737718, 34.728661728808255],
            [-118.479503810279212, 34.728485728728934],
            [-118.47885021045154, 34.728503195197007],
            [-118.477896409825604, 34.728664729213222],
            [-118.476764409498386, 34.729018795434129],
            [-118.475960763170491, 34.72932476472436],
            [-118.475894905880381, 34.729347420403187],
            [-118.475708977074476, 34.729411381484631],
            [-118.475079809625882, 34.729638929265981],
            [-118.474335675787231, 34.730018128895189],
            [-118.473907809115715, 34.730462796082818],
            [-118.473190276189271, 34.730301929288913],
            [-118.472206209524771, 34.730123195914565],
            [-118.471914476246354, 34.730056929747441],
            [-118.471091008591699, 34.730057329154853],
            [-118.470556008839395, 34.729953329600491],
            [-118.470394675905951, 34.729725329381253],
            [-118.470375875065358, 34.729345596107038],
            [-118.470538075771401, 34.728943729488002],
            [-118.470482075694889, 34.728514929578417],
            [-118.470031475358482, 34.726990395485828],
            [-118.469758275222702, 34.726613795573044],
            [-118.469525675344514, 34.726466729130188],
            [-118.468310474852359, 34.725551528969383],
            [-118.467587274454758, 34.725060329284325],
            [-118.467296074775632, 34.725023929322028],
            [-118.46509227382171, 34.725030129004367],
            [-118.463554273613653, 34.725038996240059],
            [-118.462631006724209, 34.724859595855015],
            [-118.46217987368685, 34.72468519575034],
            [-118.462018273953746, 34.724447195875797],
            [-118.46143700647275, 34.723432329154676],
            [-118.461228607208298, 34.723068596303811],
            [-118.460463396198151, 34.722287250218677],
            [-118.460408556744994, 34.722243599954972],
            [-118.460385496991648, 34.722225243933821],
            [-118.460294006274907, 34.722114395954854],
            [-118.459848473335029, 34.722023396098734],
            [-118.459493472609481, 34.721943729056655],
            [-118.458988206194746, 34.721884396076611],
            [-118.458594872559402, 34.721767929534032],
            [-118.458284072539087, 34.721638128940988],
            [-118.458122406330659, 34.7214471962236],
            [-118.457999806057316, 34.721088595814038],
            [-118.457950606227513, 34.720868929359895],
            [-118.4578974726751, 34.720412528934204],
            [-118.457646672929229, 34.720064395536298],
            [-118.457403472930693, 34.719911729482753],
            [-118.457082472540321, 34.719863195880933],
            [-118.456805406055537, 34.719918929296988],
            [-118.456637606150366, 34.720023529214863],
            [-118.456383472756485, 34.720325196131327],
            [-118.45617067264547, 34.720433129240348],
            [-118.455904072432062, 34.720464395917411],
            [-118.455294472087019, 34.720459395730792],
            [-118.453925205133729, 34.720490996137364],
            [-118.453149404782977, 34.720450595933201],
            [-118.452805005076129, 34.720547729609606],
            [-118.452614872154655, 34.720664929585809],
            [-118.452046605092448, 34.721085329325774],
            [-118.451683271594305, 34.721387796435366],
            [-118.451026871717872, 34.721945729981449],
            [-118.450414005098452, 34.722397129996132],
            [-118.449657871564227, 34.722837596413441],
            [-118.449065605110889, 34.723192996665816],
            [-118.448343671337867, 34.723443796978543],
            [-118.447738071190756, 34.723665196843129],
            [-118.44751707125782, 34.723717396988938],
            [-118.446945004321961, 34.7237089969762],
            [-118.446399004699003, 34.72369973015973],
            [-118.446121671414602, 34.72376553036721],
            [-118.445765670864148, 34.723859396723789],
            [-118.44534060424138, 34.723871196737576],
            [-118.445088871145941, 34.723880397085047],
            [-118.444382471040797, 34.723941197172635],
            [-118.444043870857385, 34.723954797224977],
            [-118.443877070777106, 34.723885130527172],
            [-118.443769870322683, 34.723761930258483],
            [-118.443693604253369, 34.723713197351884],
            [-118.443517070927001, 34.723731130716324],
            [-118.443195270137707, 34.723824997112018],
            [-118.442915470079555, 34.723970930487233],
            [-118.442619203902211, 34.724027397249394],
            [-118.442397470045677, 34.724052130563599],
            [-118.442061870235321, 34.724005797401368],
            [-118.441717003404491, 34.723873597053014],
            [-118.441526403359077, 34.723729797287525],
            [-118.441439870444384, 34.723522397158462],
            [-118.441347870382884, 34.7234085303879],
            [-118.441162870434951, 34.723373530321417],
            [-118.441023870517782, 34.723384730137532],
            [-118.439888470067231, 34.723447730828674],
            [-118.439696203646974, 34.723437597177238],
            [-118.439326869402763, 34.723395197523175],
            [-118.438981803145936, 34.723253330630058],
            [-118.438734803273704, 34.723100730270112],
            [-118.438532202634448, 34.722932397085188],
            [-118.438378603297267, 34.72275379692082],
            [-118.438272203241766, 34.722674530763932],
            [-118.437880202706296, 34.722427730682277],
            [-118.437101669680445, 34.721790596882528],
            [-118.436917802508106, 34.721621997438589],
            [-118.436799202432709, 34.721508397549314],
            [-118.436556802833096, 34.721191197000977],
            [-118.436434269035061, 34.720856730204055],
            [-118.436350269369484, 34.720575397472544],
            [-118.436321668807466, 34.720435997038848],
            [-118.436300602415713, 34.719873797356875],
            [-118.436215202276614, 34.71927513007391],
            [-118.436146869229603, 34.718601397148156],
            [-118.436071802411178, 34.718384730032959],
            [-118.435921401974724, 34.718175796904944],
            [-118.435825802363894, 34.718089530179896],
            [-118.435594602060874, 34.717765930215762],
            [-118.43554624574918, 34.717734654396018],
            [-118.435534610769579, 34.717722154992934],
            [-118.435418402009503, 34.717597329948966],
            [-118.435098268493391, 34.717579596833843],
            [-118.434579068310299, 34.717576197297184],
            [-118.434420601900925, 34.717562330376019],
            [-118.434204001916243, 34.717428397063365],
            [-118.434004001899694, 34.716734930250333],
            [-118.433916602110784, 34.71647499702437],
            [-118.433755201803677, 34.715625329755156],
            [-118.433759001677345, 34.715407796813224],
            [-118.433738068236266, 34.715280596508784],
            [-118.433807001357891, 34.714683596537661],
            [-118.433782401892145, 34.714369996909028],
            [-118.434409492435805, 34.714072753548912],
            [-118.43444733845871, 34.71201825236485],
            [-118.434301419717215, 34.711773110026371],
            [-118.433612437945456, 34.711410050299172],
            [-118.433603227518859, 34.711405197253576],
            [-118.432299813364082, 34.71151238362566],
            [-118.431122761627094, 34.711564559690672],
            [-118.430008365584527, 34.711641017131527],
            [-118.42916048351708, 34.711578472662517],
            [-118.428393441740383, 34.711337142342096],
            [-118.427928449494829, 34.71116719459868],
            [-118.427418326787702, 34.710799609955465],
            [-118.427188482940778, 34.71047506726314],
            [-118.427097108106707, 34.709895293280944],
            [-118.42700159024254, 34.708338810817629],
            [-118.426366890968453, 34.706615178487574],
            [-118.427161793095394, 34.705188583511891],
            [-118.427452658601212, 34.705118065761503],
            [-118.428151608079389, 34.704948609636389],
            [-118.429186948783681, 34.704750083508863],
            [-118.430133589836828, 34.699093894891647],
            [-118.430142195697258, 34.699003985659459],
            [-118.430153864812794, 34.698882045964091],
            [-118.430255072605931, 34.698429638715083],
            [-118.430605865622724, 34.696365994656325],
            [-118.430886265755504, 34.694964527778268],
            [-118.431220465990677, 34.692751527472105],
            [-118.432329398479652, 34.686362993424801],
            [-118.433036598983719, 34.682216726373873],
            [-118.433377198816942, 34.680366992784002],
            [-118.433534550417065, 34.679492355802182],
            [-118.43468886489589, 34.673194525285084],
            [-118.434712998136007, 34.673067392328306],
            [-118.434756398442346, 34.672837525748349],
            [-118.436385864214273, 34.664466590941771],
            [-118.436913864293899, 34.660215190629529],
            [-118.437176663735315, 34.658570990716278],
            [-118.438142663482836, 34.653306123065164],
            [-118.438709420477053, 34.650087080339588],
            [-118.43874781716724, 34.649869007126298],
            [-118.439021797040695, 34.648312922786751],
            [-118.440079996275713, 34.642068122164929],
            [-118.440920262426175, 34.636955188340899],
            [-118.441432995637527, 34.634105521189994],
            [-118.443978595675574, 34.632658587053143],
            [-118.444445596554132, 34.632276587115065],
            [-118.445117996324086, 34.631139920451147],
            [-118.445523795880618, 34.630382186996229],
            [-118.447752062451315, 34.626547320177316],
            [-118.448335066375776, 34.625595469631371],
            [-118.44852073646689, 34.62529234130109],
            [-118.448704462603743, 34.624992386045868],
            [-118.450527091314626, 34.621956211032291],
            [-118.451161462703652, 34.620899385415264],
            [-118.451219101307231, 34.620748889530553],
            [-118.453142396127163, 34.615726718055733],
            [-118.454600996043865, 34.611997784537813],
            [-118.455095062263609, 34.61074138421278],
            [-118.455093995963367, 34.610721117412979],
            [-118.454970995939703, 34.608339784269376],
            [-118.454955170319352, 34.608026917590884],
            [-118.454792195265583, 34.604804584014623],
            [-118.454599594672004, 34.601143783105499],
            [-118.454545595143657, 34.600058982918938],
            [-118.453334661649095, 34.598799183129572],
            [-118.453202061330032, 34.598663916779302],
            [-118.453091861400836, 34.596512916396684],
            [-118.453587860795082, 34.594430382551735],
            [-118.453816660799603, 34.592992182343984],
            [-118.454500194289182, 34.589855315260181],
            [-118.454541393723076, 34.589704915444514],
            [-118.454447994086351, 34.589584782052945],
            [-118.454273146897776, 34.589312145477912],
            [-118.452942106853087, 34.587236677971156],
            [-118.452534285188847, 34.586600564525497],
            [-118.451873460211317, 34.585569714987308],
            [-118.451256192745291, 34.584615115237654],
            [-118.452238793359271, 34.58245851479262],
            [-118.453580459575434, 34.579556514704535],
            [-118.454892793102644, 34.576647580462904],
            [-118.456223459448182, 34.573674913572731],
            [-118.457572593359316, 34.570685913658345],
            [-118.457685859238538, 34.570465913464986],
            [-118.457768792603915, 34.569418513305592],
            [-118.457753459260317, 34.567954512967077],
            [-118.458097859865518, 34.567462912800039],
            [-118.462275593671933, 34.564905112634527],
            [-118.466906193365901, 34.562074712056813],
            [-118.467184393524562, 34.56189391196483],
            [-118.46757499358651, 34.561640578563818],
            [-118.471554394649559, 34.559739778156924],
            [-118.476166261774907, 34.557508177411222],
            [-118.480957662599664, 34.555210710023992],
            [-118.48193446189353, 34.554725977177391],
            [-118.48576306276982, 34.553717510082478],
            [-118.489405463548977, 34.552758509409514],
            [-118.490534397027787, 34.552460709309628],
            [-118.493352197376709, 34.551748375965637],
            [-118.493920663864898, 34.551559909124116],
            [-118.49520599762792, 34.550976575978048],
            [-118.500929798513667, 34.548284775403545],
            [-118.501474264712442, 34.548057308095181],
            [-118.503940065607168, 34.546891907861301],
            [-118.507547398852552, 34.544364373918519],
            [-118.513407199282412, 34.540290173672524],
            [-118.517183800280165, 34.537689372637217],
            [-118.520288000609654, 34.534153372327978],
            [-118.52085620029824, 34.534146305860276],
            [-118.522453067106838, 34.534462305663467],
            [-118.523513400738977, 34.534649105484256],
            [-118.525237067444891, 34.534406105643278],
            [-118.525184667816077, 34.534283971999223],
            [-118.524909600981132, 34.533817305584648],
            [-118.52621740071109, 34.530490105033039],
            [-118.527776200511212, 34.527137171288963],
            [-118.527824067241127, 34.527033970940806],
            [-118.528412467345476, 34.526872904607316],
            [-118.528516000876934, 34.526814104719946],
            [-118.528525667647713, 34.526718170893901],
            [-118.528857267260122, 34.523287570512785],
            [-118.529243867124109, 34.519693570355003],
            [-118.529461800208665, 34.5176461697829],
            [-118.530951200661519, 34.516024903184842],
            [-118.531212200777446, 34.51571437000915],
            [-118.53156086658359, 34.513867769367302],
            [-118.531857266609919, 34.512318903059054],
            [-118.53257879973431, 34.508662502042554],
            [-118.533097600167096, 34.505968968410052],
            [-118.533234199785824, 34.505189568502814],
            [-118.533552599553445, 34.503601902045943],
            [-118.533489800128592, 34.503334368550867],
            [-118.533107066613567, 34.501429367961087],
            [-118.532799199592631, 34.499997901568804],
            [-118.531841398768719, 34.494823501038987],
            [-118.530113198265596, 34.491865567490912],
            [-118.529894665106426, 34.49147250070088],
            [-118.529747664793334, 34.490856700359245],
            [-118.529360997555685, 34.490103366825771],
            [-118.528954664399848, 34.486416300184921],
            [-118.528683664238201, 34.482713366480496],
            [-118.526099796867371, 34.482338566455915],
            [-118.526100196617648, 34.481642099541254],
            [-118.526061996658512, 34.480925166210923],
            [-118.52597786314395, 34.480345166691798],
            [-118.525932396712477, 34.48017776621073],
            [-118.525840596076961, 34.479982766115882],
            [-118.524459796552037, 34.477869766260611],
            [-118.525443996167212, 34.475439899490645],
            [-118.525451796238841, 34.475249299007899],
            [-118.525314396221191, 34.47313989912891],
            [-118.525314395322866, 34.472208898850219],
            [-118.525314262372206, 34.47198009886003],
            [-118.525283662160376, 34.471567965509401],
            [-118.525268395292102, 34.471136965296267],
            [-118.525238061879918, 34.470969365638467],
            [-118.523979194281779, 34.461924897719832],
            [-118.52388746101991, 34.46146329815754],
            [-118.523872394475973, 34.461341164267829],
            [-118.523841594838132, 34.461242364244171],
            [-118.523834260992174, 34.461173697518205],
            [-118.523834260992174, 34.461100964455227],
            [-118.523841594838132, 34.460979164078331],
            [-118.523856794332758, 34.460807097763833],
            [-118.524251732359204, 34.45990559234933],
            [-118.524093660310228, 34.452655563571199],
            [-118.524093794159214, 34.452586897190905],
            [-118.524109060129149, 34.452487963844433],
            [-118.524123993722455, 34.452377363603624],
            [-118.524139593865655, 34.452262763172811],
            [-118.524163175540181, 34.452146986273945],
            [-118.524169860802516, 34.452114163641689],
            [-118.524383460414157, 34.451160296461907],
            [-118.524559060390942, 34.450378563585986],
            [-118.52459719387474, 34.450206763585257],
            [-118.524627860561921, 34.450039096719706],
            [-118.524658193974119, 34.449874696313351],
            [-118.524734393568096, 34.449638096261793],
            [-118.524772660002569, 34.449439896524872],
            [-118.524818394131998, 34.449256762951535],
            [-118.524841193373916, 34.44909296325698],
            [-118.524864059989483, 34.448986163155567],
            [-118.524887193404666, 34.448848962830432],
            [-118.524910060020233, 34.448711162988616],
            [-118.524917460341541, 34.448574162963588],
            [-118.524947994078047, 34.448471296494461],
            [-118.52497879371586, 34.44788356281709],
            [-118.52500919360341, 34.447364696489295],
            [-118.525024460471641, 34.447238896534039],
            [-118.525032060218948, 34.447109162770445],
            [-118.525039460540285, 34.447052163056746],
            [-118.525032060218948, 34.44700269645363],
            [-118.525062460106497, 34.446834963151701],
            [-118.525070059853789, 34.446712495989892],
            [-118.525070260178097, 34.446590762780488],
            [-118.525062460106497, 34.44651416263406],
            [-118.525047393562531, 34.446430495921312],
            [-118.525032193169622, 34.446403562631424],
            [-118.525024393098008, 34.446342762866315],
            [-118.524971193070243, 34.446243162809445],
            [-118.524124060197749, 34.445262962392817],
            [-118.524078459917291, 34.445202162538351],
            [-118.524047859705462, 34.445129896350984],
            [-118.524032793161538, 34.445049362630733],
            [-118.524040059633847, 34.44496536256635],
            [-118.524078459917291, 34.444866295735203],
            [-118.524124193148424, 34.444725362340321],
            [-118.52413179289573, 34.44457649603968],
            [-118.524101393008209, 34.444500162963053],
            [-118.524047660279493, 34.444427562800158],
            [-118.523994392878095, 34.444355095921615],
            [-118.523880059800291, 34.444221762479266],
            [-118.523491059637863, 34.443740762878711],
            [-118.523162659824507, 34.443306362322986],
            [-118.523094259403834, 34.443230096241997],
            [-118.523002792941583, 34.443134895966196],
            [-118.522949193163541, 34.443084762518772],
            [-118.522837859560482, 34.442968895851493],
            [-118.522706659714927, 34.442883295720556],
            [-118.522595659386837, 34.442849095944879],
            [-118.522430459206092, 34.442806562528816],
            [-118.52233885979318, 34.442779562877234],
            [-118.52223199261374, 34.442734162400768],
            [-118.522087192274796, 34.442611962594988],
            [-118.522010792356483, 34.442539562298364],
            [-118.517669591219487, 34.438190962216183],
            [-118.517607191544926, 34.438134362416591],
            [-118.517547591919083, 34.438080362307645],
            [-118.514923057815324, 34.435493962419379],
            [-118.514877257210571, 34.435413962489164],
            [-118.514343057857189, 34.434582095594585],
            [-118.514312657071358, 34.43450249562175],
            [-118.514297257252423, 34.434437295840731],
            [-118.514648390730699, 34.43267909491955],
            [-118.514640457708396, 34.432617695392096],
            [-118.514610056922564, 34.4325150952725],
            [-118.512733056780817, 34.42860909531192],
            [-118.51267979027773, 34.428490761923499],
            [-118.512542456735389, 34.427948694863844],
            [-118.512397656396431, 34.427368894868899],
            [-118.512344189569035, 34.427117561323868],
            [-118.512252456307166, 34.426796894797505],
            [-118.512160855995958, 34.426438494978129],
            [-118.512099855896594, 34.426178761108702],
            [-118.512061856261738, 34.425900361083436],
            [-118.511977989546835, 34.425645094421625],
            [-118.511916856496782, 34.425446294623832],
            [-118.51133705596466, 34.423081360965476],
            [-118.511123455454708, 34.422055560871243],
            [-118.510863988763006, 34.42107136122231],
            [-118.51081038898495, 34.420834694428073],
            [-118.51075705600654, 34.420613361087284],
            [-118.510711389250758, 34.420434094019924],
            [-118.510673189291595, 34.420258760710261],
            [-118.510627589011165, 34.420102094421509],
            [-118.510581655455752, 34.419915494451985],
            [-118.510543588447234, 34.41973629406391],
            [-118.51052078920533, 34.419602361115992],
            [-118.510467255902611, 34.419449760423568],
            [-118.510413988501213, 34.419190560623441],
            [-118.510337655058251, 34.418912094347093],
            [-118.510268855785583, 34.418622094228503],
            [-118.510207988636893, 34.418435160448524],
            [-118.510146655262531, 34.418206560682101],
            [-118.510123855122316, 34.418050093596619],
            [-118.510047455204031, 34.417771493837741],
            [-118.509994389025252, 34.417523693700517],
            [-118.509902788714058, 34.417214960712187],
            [-118.509833988543051, 34.416867494213889],
            [-118.509757788050777, 34.416596760625978],
            [-118.509689188204106, 34.416280360833504],
            [-118.509597588791223, 34.415970960737859],
            [-118.509551655235796, 34.4157652933931],
            [-118.509452654603294, 34.415513360266559],
            [-118.509307454514001, 34.415288693558516],
            [-118.509139455182833, 34.414986960706074],
            [-118.509032854803024, 34.414803960609525],
            [-118.508849854504902, 34.414479960149016],
            [-118.508727588404838, 34.414288693617173],
            [-118.50859805493414, 34.414090893964243],
            [-118.508483654482731, 34.413884893693471],
            [-118.508353855110684, 34.41366715996373],
            [-118.508246987931216, 34.413472960551481],
            [-118.508147988197024, 34.413297160578665],
            [-118.508063987633093, 34.413144360141899],
            [-118.508002854583083, 34.413071893557856],
            [-118.507911454596183, 34.41292369344341],
            [-118.507827254606298, 34.412759560179943],
            [-118.507773854254225, 34.412683093547535],
            [-118.507728187498444, 34.412622093608675],
            [-118.50766705444839, 34.412469560217438],
            [-118.507613654096346, 34.412305160006753],
            [-118.507560188167261, 34.412168293724228],
            [-118.507506854290511, 34.412034893368002],
            [-118.507461254010053, 34.411862893733492],
            [-118.507430587322929, 34.411721760167325],
            [-118.507377454668813, 34.41156189333681],
            [-118.507323987841417, 34.411310093547279],
            [-118.50643105346586, 34.407895693319198],
            [-118.506423654042834, 34.407785292716092],
            [-118.506392987355682, 34.407647560051508],
            [-118.506263453884969, 34.40745709315614],
            [-118.50607258703991, 34.407014759744882],
            [-118.506087986858816, 34.40693849315938],
            [-118.506682986885608, 34.405691292677737],
            [-118.506690586632871, 34.405622492836976],
            [-118.5067133867731, 34.405492559580296],
            [-118.506713587097437, 34.405389359182173],
            [-118.505738580840855, 34.397073139992351],
            [-118.505660852314278, 34.396410091828812],
            [-118.500930451588886, 34.393057492092993],
            [-118.500876785335478, 34.393019292034055],
            [-118.500823451458757, 34.392980958528312],
            [-118.50077018495567, 34.392946691637256],
            [-118.500709184856291, 34.392900691833148],
            [-118.500617651918731, 34.392820691920235],
            [-118.500457385285529, 34.392713758391167],
            [-118.500379113278186, 34.39264718579566],
            [-118.500327585015171, 34.392603358511565],
            [-118.500159851585323, 34.392481358217438],
            [-118.499968784415984, 34.392351758145246],
            [-118.499633384929922, 34.392103492050467],
            [-118.499389185106466, 34.391962158362617],
            [-118.499320451410796, 34.391904958703051],
            [-118.499122051293767, 34.391737158576909],
            [-118.499007851166667, 34.391642158370473],
            [-118.498900851036524, 34.391554558323364],
            [-118.49881678489561, 34.391489558559172],
            [-118.498763451018888, 34.391436091702694],
            [-118.498649051465762, 34.391367091853716],
            [-118.498572850973474, 34.391306558210736],
            [-118.498473784763959, 34.391237958551379],
            [-118.498397250996689, 34.391184292127136],
            [-118.498344050968925, 34.391134691647451],
            [-118.498313251331069, 34.391104091907799],
            [-118.498290651515163, 34.39107389171285],
            [-118.498267651050639, 34.391043158518535],
            [-118.498252450657716, 34.391008958291685],
            [-118.498237050838782, 34.390982158368608],
            [-118.498237050838782, 34.390943758696196],
            [-118.498237184687767, 34.390917291592586],
            [-118.498236984363487, 34.390886891922477],
            [-118.498237050838782, 34.390856491500074],
            [-118.498237251163118, 34.390822091789047],
            [-118.498282851443577, 34.390768558531057],
            [-118.498290451190883, 34.390737958657567],
            [-118.498343784169293, 34.390696291988455],
            [-118.498381984128443, 34.390650158255866],
            [-118.498397184521366, 34.390623491651027],
            [-118.498442984227822, 34.390581758208377],
            [-118.498481184186943, 34.390550891400075],
            [-118.498527184217693, 34.390501158594383],
            [-118.498588184317057, 34.390432891858566],
            [-118.498649250891788, 34.390367891964686],
            [-118.498710184515772, 34.390314757975787],
            [-118.49874078472763, 34.390276558147754],
            [-118.498794051230718, 34.390219091951387],
            [-118.49883218471453, 34.39017735830712],
            [-118.498877851470311, 34.390127891405996],
            [-118.498923851501075, 34.390078158348992],
            [-118.498977184479486, 34.390017291671242],
            [-118.499022784759944, 34.389967691982683],
            [-118.499053584397771, 34.389932891603706],
            [-118.499083851334646, 34.389883491275292],
            [-118.499099251153552, 34.389848958471376],
            [-118.499099184678229, 34.389811157992696],
            [-118.499091651406246, 34.389769091300145],
            [-118.499084050760629, 34.389742558590456],
            [-118.499084050760629, 34.389708291856294],
            [-118.49906878479068, 34.389681358082122],
            [-118.499053384073477, 34.389635357966171],
            [-118.499053584397771, 34.389593691489551],
            [-118.499030450982573, 34.389536358259306],
            [-118.499022984185942, 34.389498158076051],
            [-118.498999984619701, 34.389433091480143],
            [-118.498977250954809, 34.389360691832081],
            [-118.498961784660565, 34.389307291816088],
            [-118.49894665074298, 34.389242691354134],
            [-118.498923651176767, 34.389170291541397],
            [-118.498900784561201, 34.389105157972907],
            [-118.498893183915612, 34.389025291574676],
            [-118.498862784028063, 34.388937758472103],
            [-118.498839983887819, 34.388846158446817],
            [-118.498832384140513, 34.388758291566752],
            [-118.498809384574301, 34.388693158418974],
            [-118.498794184181364, 34.388582957839056],
            [-118.498771050766194, 34.388506558067583],
            [-118.498720173781749, 34.388330046603777],
            [-118.498583955048716, 34.387748339560162],
            [-118.498454225745263, 34.387194331812289],
            [-118.498360924923205, 34.386810328781401],
            [-118.498264060484473, 34.386566698845336],
            [-118.498191865580026, 34.386396661796759],
            [-118.49812278423633, 34.38632069148602],
            [-118.498099783771821, 34.386252091447517],
            [-118.498092051073826, 34.386179557832264],
            [-118.498076983631577, 34.386153158166486],
            [-118.498076850680903, 34.386103557671106],
            [-118.498069183559963, 34.386042291488877],
            [-118.498054184389673, 34.385981091240808],
            [-118.498023450328859, 34.385897358013978],
            [-118.498000450762646, 34.385809757885852],
            [-118.497992851015326, 34.385744491227172],
            [-118.497970183825771, 34.385672091354493],
            [-118.497962383754171, 34.385596091474035],
            [-118.497947184259544, 34.385523558031743],
            [-118.497931983866621, 34.385431891256736],
            [-118.49790905077576, 34.385348157480649],
            [-118.497893650956826, 34.385286958207821],
            [-118.497893650956826, 34.38523349109645],
            [-118.497863384019951, 34.385134558094414],
            [-118.49784018412943, 34.385054291288959],
            [-118.497817583415198, 34.384981890819382],
            [-118.497787050577017, 34.384875291261302],
            [-118.497771850184066, 34.384787491382852],
            [-118.497741383821207, 34.384699291084658],
            [-118.497733450798947, 34.384634690773666],
            [-118.497718250406024, 34.384596558040485],
            [-118.497703050013115, 34.384531890928848],
            [-118.497687784043165, 34.384455491167216],
            [-118.497680183397549, 34.384371557732649],
            [-118.497649650559353, 34.384299157414112],
            [-118.497626783943787, 34.384234091225558],
            [-118.497619050347524, 34.384180690904856],
            [-118.497611250275909, 34.38411195789346],
            [-118.497603783479263, 34.384051158047818],
            [-118.497588583984665, 34.383997891054179],
            [-118.497580850388374, 34.38393255774389],
            [-118.497580850388374, 34.383871691046053],
            [-118.497580850388374, 34.383798957426585],
            [-118.497581183663328, 34.383749957517601],
            [-118.497588650459988, 34.38367715781169],
            [-118.497604050278895, 34.383570491352927],
            [-118.497603983803572, 34.383486557772613],
            [-118.497603783479263, 34.383383357666858],
            [-118.497603849954615, 34.383257691253284],
            [-118.497611650026201, 34.383063157333758],
            [-118.497642183762707, 34.382902757567834],
            [-118.497657183831336, 34.382811291057308],
            [-118.497657183831336, 34.382754357226048],
            [-118.497657183831336, 34.382677691175047],
            [-118.497672450699568, 34.382547957306571],
            [-118.497687983469163, 34.382460357380907],
            [-118.497687850518517, 34.38238029114661],
            [-118.497702983537764, 34.382273557795322],
            [-118.497718250406024, 34.382102090820446],
            [-118.49776940137663, 34.381942501015835],
            [-118.497807035397145, 34.381794492641447],
            [-118.497858463048829, 34.381612019717195],
            [-118.498096323461326, 34.380608867477214],
            [-118.498254877007298, 34.379940166285571],
            [-118.498626054594496, 34.378246034371678],
            [-118.498795489433505, 34.377458919107028],
            [-118.498795468772229, 34.377335888421875],
            [-118.498778983788441, 34.377226690113048],
            [-118.498817049898619, 34.377131490311669],
            [-118.498839850038863, 34.377001690020222],
            [-118.498870450250692, 34.37688735696495],
            [-118.498900983088873, 34.37678835701265],
            [-118.498923650278442, 34.376688889849639],
            [-118.498946783693654, 34.37657089004783],
            [-118.498969582935544, 34.37646009001476],
            [-118.499007649944033, 34.376364956811258],
            [-118.499022983287617, 34.376273489832428],
            [-118.499053383175138, 34.376185756559764],
            [-118.499061050296106, 34.376105556801278],
            [-118.499084250186627, 34.376029290222185],
            [-118.499099250255242, 34.375975556959403],
            [-118.499122249821468, 34.375910956591071],
            [-118.499129650142777, 34.375853490173114],
            [-118.499152783557975, 34.375792890447713],
            [-118.49918304959651, 34.375723756853709],
            [-118.499213583333017, 34.375601689700382],
            [-118.499229183476231, 34.37553715651373],
            [-118.499251983616475, 34.375468156907353],
            [-118.499267050160441, 34.375376689690519],
            [-118.499396983381445, 34.375003089640067],
            [-118.4999081831686, 34.373267356752521],
            [-118.499969249743302, 34.373126290071738],
            [-118.499930983308815, 34.372905156757419],
            [-118.499847249544558, 34.372405156376679],
            [-118.499770649301965, 34.371959290015546],
            [-118.499686849960682, 34.371581556632876],
            [-118.499633449608638, 34.371260956012023],
            [-118.49960284939678, 34.371005489257833],
            [-118.499641049355915, 34.37063528937967],
            [-118.499664049820439, 34.370189156305919],
            [-118.499686782587048, 34.369525089227217],
            [-118.499763049554659, 34.368098755820235],
            [-118.499793649766517, 34.367392755884332],
            [-118.499847049220236, 34.366828555682716],
            [-118.500047989772881, 34.365122870392362],
            [-118.500098848790998, 34.364665355217859],
            [-118.500403849287835, 34.36166348846325],
            [-118.500930448893911, 34.356815354576405],
            [-118.501283848821643, 34.354114154378152],
            [-118.501704048372218, 34.350332954256643],
            [-118.502104181355946, 34.346656086959946],
            [-118.502414236672891, 34.343908705502599],
            [-118.502744047739554, 34.340995285970479],
            [-118.503384047073837, 34.335438885765093],
            [-118.503410647087719, 34.335290485174603],
            [-118.503357647384277, 34.335196951995755],
            [-118.503019980550434, 34.334894485401044],
            [-118.502708780779813, 34.334592085218702],
            [-118.502496980493717, 34.334377685104066],
            [-118.501960580267905, 34.333893685382371],
            [-118.500927579674908, 34.332942285105617],
            [-118.500655188921215, 34.332688741520833],
            [-118.498755478470741, 34.330920403700951],
            [-118.498519446129819, 34.330700684958238],
            [-118.498287563107212, 34.328618137205346],
            [-118.498168645926555, 34.327550085302612],
            [-118.497863245679412, 34.324738884820654],
            [-118.497741645230974, 34.324673751609332],
            [-118.497657445241074, 34.32462415107149],
            [-118.497466778720323, 34.324494551370542],
            [-118.497321845430719, 34.324330684703092],
            [-118.497176778292101, 34.324097951643267],
            [-118.496760194460563, 34.322732620718838],
            [-118.496545379428355, 34.322028559377259],
            [-118.496501953070904, 34.321904514006278],
            [-118.496397117880605, 34.321576680465661],
            [-118.495365780069235, 34.319015341369507],
            [-118.493102643594156, 34.313394084103876],
            [-118.49301124360727, 34.31309708373724],
            [-118.492980777244398, 34.312909750394176],
            [-118.492972977172784, 34.31258575043374],
            [-118.493095176797496, 34.311174683218063],
            [-118.493067843758354, 34.310901749947966],
            [-118.492927243043368, 34.310712483242952],
            [-118.49279764309729, 34.31064014988268],
            [-118.492698243612793, 34.310548350000126],
            [-118.492583977010341, 34.310422949828592],
            [-118.492454176740011, 34.310285350152711],
            [-118.492309243450364, 34.310174949999464],
            [-118.49214157649584, 34.310102550137366],
            [-118.491897242823413, 34.310014883394985],
            [-118.491210643383781, 34.309797283263919],
            [-118.491042776104962, 34.3097474832378],
            [-118.490859443430182, 34.309675283350195],
            [-118.490638176697615, 34.309549483414052],
            [-118.490477976539736, 34.309457883424535],
            [-118.490287242645351, 34.309354750211341],
            [-118.490111776517523, 34.309201950084457],
            [-118.489921176472109, 34.309037950419807],
            [-118.489753242717967, 34.30886248328305],
            [-118.489562642672553, 34.3086072834706],
            [-118.489386775896136, 34.308339950064813],
            [-118.489226776062551, 34.308065283112619],
            [-118.488998042533325, 34.307665083342677],
            [-118.488761575407835, 34.307290950006184],
            [-118.488708175954073, 34.307054283664634],
            [-118.488707975629765, 34.306814149861502],
            [-118.488761642781469, 34.3065435502279],
            [-118.488967375846173, 34.306120083139739],
            [-118.489173375710479, 34.305784550077405],
            [-118.489272575768979, 34.305559082925683],
            [-118.48941004226198, 34.305345482766953],
            [-118.489493776026222, 34.305139882862484],
            [-118.489493842501574, 34.304971949804944],
            [-118.489463575564699, 34.304602083164568],
            [-118.489440575998486, 34.304361683370743],
            [-118.489448175745792, 34.30427368264445],
            [-118.489501442248866, 34.304174349830866],
            [-118.489678242374893, 34.304093883049376],
            [-118.489188775529414, 34.303674882708073],
            [-118.4891123756111, 34.303518549659984],
            [-118.489058975259056, 34.303266749344893],
            [-118.489028641846858, 34.303030349196],
            [-118.488952241928573, 34.302763082631635],
            [-118.488883575606579, 34.302541883199737],
            [-118.488648763177821, 34.302575928818037],
            [-118.488248658940165, 34.302641188261269],
            [-118.487832755133283, 34.302924306591251],
            [-118.487497943145442, 34.303221411954674],
            [-118.486844113349036, 34.303597759934739],
            [-118.486434559732899, 34.303038290086107]
          ]
        ]
      }
    },
    {
      "type": "Feature",
      "properties": {
        "Name": "Delta-Mendota Canal"
      },
      "geometry": {
        "type": "MultiLineString",
        "coordinates": [
          [
            [-121.555534921811159, 37.817247474473021],
            [-121.555672188878106, 37.81725467450601],
            [-121.555763922139988, 37.817253475210194],
            [-121.555901188308681, 37.817246407880255],
            [-121.55608232190761, 37.817223874596515],
            [-121.556303522164853, 37.817177075059647],
            [-121.5564339216115, 37.817142875215573],
            [-121.556518388401031, 37.8171150742143],
            [-121.556753387679365, 37.817020674493705],
            [-121.556936122076138, 37.817033808597252],
            [-121.556981921782594, 37.817034408246947],
            [-121.557165122404996, 37.817027474309228],
            [-121.557347788529825, 37.817015007980295],
            [-121.557437788043202, 37.817001207516832],
            [-121.557481788424127, 37.816991007789682],
            [-121.557574188235932, 37.816959474706564],
            [-121.560555245709651, 37.816042329073255],
            [-121.564984501507425, 37.816127739447609],
            [-121.569185154929983, 37.816089468543964],
            [-121.573454512403814, 37.816036311915582],
            [-121.5752373879684, 37.815538707103379],
            [-121.578197588357881, 37.812662474909139],
            [-121.57824032211424, 37.812651207923388],
            [-121.578302521464536, 37.812624674860643],
            [-121.578302521464536, 37.812602674560665],
            [-121.578454721226493, 37.812459808001513],
            [-121.578551722209184, 37.812339008261873],
            [-121.578551722209184, 37.812317075297322],
            [-121.578565588603908, 37.81230607439263],
            [-121.57859318844271, 37.812306008391459],
            [-121.578717921316525, 37.812179674227878],
            [-121.578731721235926, 37.812141274242776],
            [-121.578740920882737, 37.81207007439496],
            [-121.579921298182924, 37.810497754187175],
            [-121.580618910967956, 37.808481996455839],
            [-121.585334928767352, 37.797020665753905],
            [-121.590786742242884, 37.78339125972218],
            [-121.590907317713615, 37.783104800610296],
            [-121.590988530805191, 37.782361794843297],
            [-121.590706821827027, 37.781788207244908],
            [-121.590188936777523, 37.781277549286131],
            [-121.589386243562132, 37.7805449436215],
            [-121.588928453110199, 37.779786147937337],
            [-121.588480735467542, 37.778878250772777],
            [-121.588629861194605, 37.77823398021085],
            [-121.588651983106786, 37.77776392658474],
            [-121.588386795045039, 37.777282124001033],
            [-121.587733502441168, 37.776859199721393],
            [-121.586514701501329, 37.776704681272406],
            [-121.58568401678167, 37.776491277969953],
            [-121.584643617664028, 37.775686192110193],
            [-121.582519031050182, 37.774116755630729],
            [-121.582307149017367, 37.773966798545672],
            [-121.581921388179865, 37.773742007910236],
            [-121.579325721437755, 37.771731808323793],
            [-121.576996015308566, 37.770076381986023],
            [-121.575659573694082, 37.768988428429154],
            [-121.57442690905448, 37.766122520508219],
            [-121.574241543492207, 37.76506238690677],
            [-121.574665600408622, 37.764188683863075],
            [-121.57591592862164, 37.761889534271013],
            [-121.576271199740091, 37.760438312047356],
            [-121.576429701183784, 37.759198564963008],
            [-121.576222544289379, 37.758460403312206],
            [-121.575646823905245, 37.757765036064292],
            [-121.574682278530162, 37.757324800091105],
            [-121.574637177713015, 37.757308972166278],
            [-121.574165387915684, 37.757221674203777],
            [-121.573643321208536, 37.757246674625783],
            [-121.572389521006912, 37.757494207537704],
            [-121.571568388073715, 37.757779341193064],
            [-121.570808122289179, 37.758551807647081],
            [-121.570059388177967, 37.759278274242398],
            [-121.569375188138451, 37.759555674080566],
            [-121.568647988441228, 37.759711807840894],
            [-121.567824988808852, 37.759518607480032],
            [-121.56644698843435, 37.758704808681578],
            [-121.564372388574498, 37.75734420822171],
            [-121.56339198883299, 37.756706074570886],
            [-121.563126188120208, 37.756349808231668],
            [-121.562880921098156, 37.755814874962184],
            [-121.562794321708139, 37.754702074693128],
            [-121.562804722402504, 37.752284674937933],
            [-121.562857188506683, 37.750380474693763],
            [-121.562881388222138, 37.749896674643075],
            [-121.562857188506683, 37.749828474742721],
            [-121.562860522154693, 37.749828008082083],
            [-121.562880721672173, 37.749807208651809],
            [-121.56286638905182, 37.749768408319369],
            [-121.562830122267172, 37.749703075036855],
            [-121.562753122274273, 37.749614807784823],
            [-121.5626919218506, 37.749562074960849],
            [-121.562624320930524, 37.749514407910503],
            [-121.562494788358151, 37.749414074667619],
            [-121.561824588562317, 37.748985474831471],
            [-121.561677388823227, 37.748900608345849],
            [-121.561049588610487, 37.74861227536762],
            [-121.560972522142265, 37.748574074614012],
            [-121.560492987968885, 37.748299808662665],
            [-121.559930988452422, 37.747992407974372],
            [-121.55978632196242, 37.747905608310447],
            [-121.559258186237216, 37.747592029825235],
            [-121.559113705698493, 37.747502419695493],
            [-121.558369178397754, 37.747040649779869],
            [-121.557433548893385, 37.746413847125652],
            [-121.55482861782572, 37.744341843013217],
            [-121.553842796751468, 37.743528159290285],
            [-121.553097843649283, 37.742946886309007],
            [-121.552739982687882, 37.743011331218334],
            [-121.550386243031568, 37.742589993246852],
            [-121.549988361225928, 37.742317154968397],
            [-121.549502033094043, 37.74206329236938],
            [-121.548884536557622, 37.740676464201165],
            [-121.548130924594432, 37.740294667001386],
            [-121.547263293065456, 37.74030789856932],
            [-121.545751100557226, 37.740471764941695],
            [-121.544802537109362, 37.740383512963682],
            [-121.54427046855983, 37.740141921285918],
            [-121.544073131149787, 37.739899664609254],
            [-121.5439978774818, 37.739457299863133],
            [-121.543739246223325, 37.738840831759084],
            [-121.543036922672925, 37.738232591364437],
            [-121.542426085347714, 37.737929978902365],
            [-121.542364787905996, 37.73789980802264],
            [-121.541999788931335, 37.737704474189457],
            [-121.541654921202166, 37.737531075118028],
            [-121.541314121942946, 37.737353274651248],
            [-121.541239988474146, 37.737311874792127],
            [-121.540255388210355, 37.736798208000351],
            [-121.540178188791458, 37.736760407506729],
            [-121.539923387949329, 37.736624008297674],
            [-121.539202321948849, 37.73625040834186],
            [-121.538446388738961, 37.735853275120505],
            [-121.538407121581244, 37.735835275097891],
            [-121.5382267219059, 37.735725608212064],
            [-121.538159522532737, 37.735677407955954],
            [-121.537587122321924, 37.735219274844042],
            [-121.535858188793483, 37.733805674684199],
            [-121.535792921696526, 37.733756208587124],
            [-121.533720922459409, 37.732057874566699],
            [-121.533656188063404, 37.73200780838318],
            [-121.53296818904856, 37.731440008460659],
            [-121.532902988426898, 37.731390474709727],
            [-121.532120921428756, 37.730745675390928],
            [-121.53205578818077, 37.73069607510147],
            [-121.531879922302636, 37.730582208091505],
            [-121.531842588319435, 37.730561474300359],
            [-121.531638921379908, 37.730481474763991],
            [-121.531596588272166, 37.730468208047434],
            [-121.531163588627109, 37.730356874958709],
            [-121.531124388843054, 37.730338807525499],
            [-121.530992189172579, 37.730240807786842],
            [-121.530798321954464, 37.730043207919422],
            [-121.530061388112841, 37.729275074829296],
            [-121.529485122451348, 37.728635474955347],
            [-121.529452522589679, 37.728610408028132],
            [-121.529379188621462, 37.72856780822913],
            [-121.52914498884374, 37.728457408005525],
            [-121.528194122115494, 37.728036607466656],
            [-121.528152989156951, 37.728021074529416],
            [-121.527312322357872, 37.727648408106546],
            [-121.527234588441402, 37.72761120829054],
            [-121.526836921333114, 37.727438007969091],
            [-121.526759188314955, 37.727400808047399],
            [-121.525491921468912, 37.72683920824268],
            [-121.525411188976008, 37.726806074985873],
            [-121.52501672256507, 37.726628474707347],
            [-121.524936121226204, 37.726595275278534],
            [-121.523690225300754, 37.726040258713816],
            [-121.523656588783297, 37.726025274588729],
            [-121.52338492117336, 37.725894008293949],
            [-121.523081122622386, 37.7257366741634],
            [-121.522697722557425, 37.725544075019101],
            [-121.522433987969805, 37.725404008025414],
            [-121.521056921843211, 37.724645674077429],
            [-121.519723788723923, 37.723900474495181],
            [-121.518507122181205, 37.723212474882956],
            [-121.518143788683076, 37.722998075260961],
            [-121.518068988664325, 37.722957475268629],
            [-121.517924721924629, 37.722870475007099],
            [-121.517888721939627, 37.722848675364943],
            [-121.517786521508071, 37.722777074722025],
            [-121.517727521956829, 37.722723008261021],
            [-121.517595521712337, 37.722577474632473],
            [-121.517523388791659, 37.72248667531084],
            [-121.517366321957496, 37.72227020800576],
            [-121.517261322375504, 37.722072874646784],
            [-121.51709038824832, 37.721705408726436],
            [-121.517055788736812, 37.721639408328336],
            [-121.516958122102523, 37.721478407896456],
            [-121.516932121264915, 37.721449008379146],
            [-121.516819122185325, 37.7213370748062],
            [-121.516583388085095, 37.721120408025477],
            [-121.516206988591165, 37.720763274739717],
            [-121.516086188541649, 37.720656874050668],
            [-121.516028522090281, 37.720601874484025],
            [-121.515718988694545, 37.720293674495494],
            [-121.515618187838186, 37.720200874949583],
            [-121.515591521348981, 37.720171874268253],
            [-121.515530788049247, 37.720119008199042],
            [-121.515333588081447, 37.719922874958691],
            [-121.515214254980776, 37.719815407905863],
            [-121.515133922238206, 37.719728875067801],
            [-121.515014388813213, 37.719621608117102],
            [-121.514762188593835, 37.719368874979033],
            [-121.514586921892004, 37.719205008090491],
            [-121.514480122086212, 37.719089207675509],
            [-121.514421321960953, 37.719035008485577],
            [-121.514137987930454, 37.718756474731194],
            [-121.514108588766149, 37.718729208031149],
            [-121.514006588658901, 37.718657874851445],
            [-121.513893522205677, 37.718597675125551],
            [-121.51369738853812, 37.718505875387983],
            [-121.513574189088459, 37.718459807777023],
            [-121.513489121326003, 37.718434074424074],
            [-121.513270521691496, 37.718382008662374],
            [-121.512742522510223, 37.718268674850449],
            [-121.512345388102901, 37.718186808096384],
            [-121.512256188988445, 37.718171808170666],
            [-121.511990855399603, 37.718119408245272],
            [-121.511814921249538, 37.718081074508184],
            [-121.511593922214928, 37.718037475240891],
            [-121.51150638857699, 37.718016875082689],
            [-121.511421721463151, 37.717990475037162],
            [-121.51129692121566, 37.717946474229755],
            [-121.511181122087336, 37.717889207979354],
            [-121.510999721688748, 37.717729607802347],
            [-121.510912588699469, 37.717647274299665],
            [-121.510744256093318, 37.717478874235056],
            [-121.510162587963706, 37.716884875148615],
            [-121.509762488217632, 37.716461570757289],
            [-121.509691146712697, 37.716386091110571],
            [-121.509516988531928, 37.716194874666549],
            [-121.509252322391347, 37.715949607642756],
            [-121.509125988719703, 37.715846608155431],
            [-121.509058921398889, 37.715798474549423],
            [-121.509028322085385, 37.715772008336614],
            [-121.508926055178478, 37.715701274202651],
            [-121.508777322015206, 37.715618475122639],
            [-121.508434921958141, 37.715441808066956],
            [-121.508158122273002, 37.715317875104965],
            [-121.507967388378631, 37.715220275468617],
            [-121.507773522058841, 37.715126807977349],
            [-121.507482521805713, 37.714954007680149],
            [-121.507379588348869, 37.714883807866215],
            [-121.507283588089393, 37.714807674967922],
            [-121.5071807211079, 37.714737474304719],
            [-121.507108589085533, 37.714693674804742],
            [-121.507096588491635, 37.714684875106506],
            [-121.507042121839348, 37.714644808503138],
            [-121.506846722095375, 37.714495008020485],
            [-121.506669587796083, 37.714332208378337],
            [-121.505942188672847, 37.713598807515837],
            [-121.505758322398833, 37.713395008398436],
            [-121.505621321233164, 37.713252075156973],
            [-121.505470521944716, 37.71311887530927],
            [-121.505370987712951, 37.713045207950337],
            [-121.505190522460538, 37.712936074409306],
            [-121.50492312184825, 37.712799474265765],
            [-121.50476092204056, 37.712734074956927],
            [-121.504636188268393, 37.712690007780232],
            [-121.504593321561345, 37.712677808110669],
            [-121.504443588573182, 37.712645008208554],
            [-121.504269722344873, 37.712601808679324],
            [-121.503514721586228, 37.712466074910921],
            [-121.502895722168347, 37.712345274490531],
            [-121.502808122055114, 37.712325608675684],
            [-121.502572588279207, 37.712278808094496],
            [-121.502454921553394, 37.71225547530463],
            [-121.502095322351906, 37.712202275265525],
            [-121.502050988695999, 37.712193408470178],
            [-121.501841988458608, 37.712120875102357],
            [-121.501720521859156, 37.712071675229282],
            [-121.501541187585715, 37.711961808281309],
            [-121.501385122373094, 37.711831408225883],
            [-121.501198188352376, 37.711629474695791],
            [-121.501028321423718, 37.711462008260767],
            [-121.501002988932711, 37.711432407916078],
            [-121.500668188622939, 37.710845474813702],
            [-121.500363721725392, 37.710326408131614],
            [-121.500195722394196, 37.710114408107351],
            [-121.500168922056005, 37.710085541348001],
            [-121.500104188558325, 37.710035074416794],
            [-121.500066588673803, 37.710014874984722],
            [-121.499924322482272, 37.70992640761866],
            [-121.499850321964104, 37.709885074864928],
            [-121.499815722452624, 37.70986167451801],
            [-121.499693188654589, 37.709814075004338],
            [-121.499427322364809, 37.709765007917149],
            [-121.499382121834657, 37.709758874795462],
            [-121.499187522489578, 37.709757808072858],
            [-121.498968921956759, 37.7098100085271],
            [-121.498927388349628, 37.709825075527704],
            [-121.498645854542943, 37.709942075114164],
            [-121.49794978865684, 37.710207808011759],
            [-121.497788722523026, 37.71027480855701],
            [-121.497462921535785, 37.71040280787102],
            [-121.497423521427422, 37.710421008087536],
            [-121.497341188136673, 37.710451475140502],
            [-121.495840521911859, 37.711054808474024],
            [-121.495717322462198, 37.711101007897774],
            [-121.495587921942146, 37.711137074683187],
            [-121.495544322209852, 37.711147608105698],
            [-121.49514432217677, 37.711218007601715],
            [-121.495099121646604, 37.711223474713684],
            [-121.495053188091191, 37.711222007910258],
            [-121.495008321734332, 37.711216474706745],
            [-121.49457112156702, 37.711110408530736],
            [-121.494488788276271, 37.711080207536249],
            [-121.494368188551064, 37.711029474784027],
            [-121.494297988804846, 37.710984074811407],
            [-121.493827388376971, 37.710704208139674],
            [-121.493687121835237, 37.710613274873445],
            [-121.492926388028479, 37.710101607496476],
            [-121.48913098888508, 37.707595275361591],
            [-121.488996521866838, 37.707498474325611],
            [-121.488801921623477, 37.707348274908284],
            [-121.48870672176291, 37.707271675156363],
            [-121.488555255026228, 37.707139408367993],
            [-121.488429121678863, 37.707037207543443],
            [-121.487422322247781, 37.706076607570438],
            [-121.487366922245897, 37.706020208451996],
            [-121.487249388470744, 37.705911807969315],
            [-121.486891121470819, 37.705543875262215],
            [-121.486800989006781, 37.705420208610711],
            [-121.48639358865239, 37.704785875322187],
            [-121.486322788831586, 37.704670208730569],
            [-121.486279388525261, 37.704607807899357],
            [-121.484997921111216, 37.70260860810972],
            [-121.484954121952896, 37.702546275195786],
            [-121.484363521874414, 37.701626208110433],
            [-121.484325321915293, 37.701561674589215],
            [-121.484281588333999, 37.701499407605773],
            [-121.484230588280369, 37.701440274996919],
            [-121.484060788725344, 37.701318207806338],
            [-121.483894722568664, 37.701258874619718],
            [-121.483806989504771, 37.701239608150992],
            [-121.483097189276265, 37.70111087514605],
            [-121.480536188521, 37.700606674824868],
            [-121.480182188518654, 37.700539207807907],
            [-121.480006321742238, 37.700502275130511],
            [-121.479652321739891, 37.70043487483035],
            [-121.479299921637093, 37.700362075500287],
            [-121.478861921070873, 37.700264007672999],
            [-121.478780121379387, 37.700233407783422],
            [-121.478740388894394, 37.700215408344192],
            [-121.477912989313737, 37.699715475087352],
            [-121.477843387845539, 37.699669874854138],
            [-121.477627254984796, 37.699539408391949],
            [-121.477361121895342, 37.699400607876179],
            [-121.477320188362825, 37.699385008518881],
            [-121.477234521424052, 37.699359675104461],
            [-121.477189921866838, 37.699353074853725],
            [-121.47691652140675, 37.699340408142135],
            [-121.476001387863874, 37.699338675273843],
            [-121.475041188538157, 37.699319141054765],
            [-121.474995988906315, 37.699314674546287],
            [-121.474952589498301, 37.69930320761614],
            [-121.474658188223486, 37.69920567502384],
            [-121.474574788632523, 37.699176808280306],
            [-121.47441372249871, 37.699110008092156],
            [-121.471304721572338, 37.697533874511727],
            [-121.471266788412834, 37.697513808144663],
            [-121.471015788342655, 37.697361075128434],
            [-121.470941787824501, 37.69731980786829],
            [-121.470835655466942, 37.697252674065837],
            [-121.470809788478334, 37.697223474620671],
            [-121.470768054546852, 37.697160007724662],
            [-121.47075858899872, 37.697125208594258],
            [-121.470712521594322, 37.696844008019951],
            [-121.47066518846367, 37.696599008183476],
            [-121.470648588495536, 37.696493274356698],
            [-121.470540121416576, 37.695111208283009],
            [-121.47052158827394, 37.695078474531307],
            [-121.470311388785674, 37.694827008238107],
            [-121.470133188186111, 37.694715274705842],
            [-121.470096521651172, 37.694694008424165],
            [-121.470056721792503, 37.694676874839502],
            [-121.467736188360675, 37.693840607651701],
            [-121.460896387939613, 37.691286874863984],
            [-121.460729922032627, 37.691228407997421],
            [-121.460516788646629, 37.691165474796193],
            [-121.460162788644311, 37.691092274683861],
            [-121.460025921327613, 37.691085474658102],
            [-121.45984452182735, 37.691099474919525],
            [-121.459708588758573, 37.691112408187365],
            [-121.458894788773009, 37.691206608287182],
            [-121.454965122037336, 37.691700408147597],
            [-121.454031321502868, 37.691823474985746],
            [-121.45375952184061, 37.691846807810244],
            [-121.453577321941438, 37.691850074149194],
            [-121.453531522234982, 37.691848074538449],
            [-121.453440388149417, 37.691850074860035],
            [-121.452026322212916, 37.691848474744937],
            [-121.451935389349956, 37.691840875086307],
            [-121.451890721520755, 37.691834008309627],
            [-121.451632121703312, 37.691763674282164],
            [-121.451592121520335, 37.691746608261717],
            [-121.451395921377454, 37.69165620762066],
            [-121.451191122560644, 37.691514608659681],
            [-121.451163722147868, 37.691486075153584],
            [-121.450913388627626, 37.691189008288184],
            [-121.450492521628789, 37.690443541883788],
            [-121.450459389066197, 37.690377474543716],
            [-121.450164721890047, 37.689858275187255],
            [-121.449497189192314, 37.688614008571363],
            [-121.449391388313117, 37.68837920825576],
            [-121.449369322096459, 37.688348208211821],
            [-121.449318322042842, 37.688289208000676],
            [-121.449154522335618, 37.68811787423796],
            [-121.449096788510616, 37.688062874691113],
            [-121.448736855135834, 37.687742074704232],
            [-121.446070321199286, 37.685408407802996],
            [-121.446007588249742, 37.685357008420674],
            [-121.4448869219665, 37.684375274874078],
            [-121.444429121633092, 37.683979874750442],
            [-121.444403988568055, 37.683950475285997],
            [-121.444261322626218, 37.683651474378514],
            [-121.44423372278743, 37.683584075111668],
            [-121.444184188784348, 37.683484874625854],
            [-121.444129521807724, 37.683428007592674],
            [-121.444027921450783, 37.683310408079109],
            [-121.443931789138972, 37.683234408395869],
            [-121.442837388696319, 37.682322608029494],
            [-121.44254138931862, 37.682102408274197],
            [-121.442473321274605, 37.682055608517061],
            [-121.442046921551949, 37.681735208402344],
            [-121.441979122104186, 37.681687808377028],
            [-121.441517921647446, 37.681343474778608],
            [-121.441344188369797, 37.681228475452414],
            [-121.440810988841349, 37.680893875490156],
            [-121.440773788707105, 37.680873208131821],
            [-121.440562188745318, 37.680806474635666],
            [-121.440518589012996, 37.680796074115534],
            [-121.440429389000229, 37.680780475109977],
            [-121.440384588220383, 37.680773874627349],
            [-121.440339121788909, 37.680771808599381],
            [-121.439059788771957, 37.680733875007562],
            [-121.437916388823837, 37.680720274477842],
            [-121.437232188784321, 37.680690607824964],
            [-121.437143921222813, 37.680674474871189],
            [-121.437013387927166, 37.680642808287125],
            [-121.436927121812133, 37.680619808218921],
            [-121.436886322128544, 37.680603607709102],
            [-121.436699521956811, 37.680501208205271],
            [-121.436594587951845, 37.680432808605161],
            [-121.436460389529856, 37.680336674527062],
            [-121.436390522160323, 37.680291074462531],
            [-121.435404587898333, 37.679607208768985],
            [-121.435338921949381, 37.679558075475335],
            [-121.434996722216624, 37.679324807773625],
            [-121.434897788957755, 37.67925167418116],
            [-121.4347599891898, 37.679158874434258],
            [-121.434636521143901, 37.679053674562397],
            [-121.43456838842117, 37.679006474739019],
            [-121.434496188126829, 37.678963274802051],
            [-121.434360721283667, 37.678868208119667],
            [-121.434331521545346, 37.678840808012744],
            [-121.434198522374288, 37.678743675088988],
            [-121.434093188619002, 37.678675808519806],
            [-121.434064304189363, 37.678654691919697],
            [-121.433628121813285, 37.678335808558295],
            [-121.433271360389753, 37.678079544689396],
            [-121.433118244346204, 37.677969559818038],
            [-121.433101878838372, 37.677957805195248],
            [-121.433017660882157, 37.677897311481729],
            [-121.432881922747782, 37.677799808323556],
            [-121.432308921564029, 37.677388674605083],
            [-121.432142922780997, 37.677266408558573],
            [-121.43174938792302, 37.676830274892126],
            [-121.431389588397195, 37.676177808327509],
            [-121.431351055163091, 37.676113408366383],
            [-121.430223988383474, 37.674057074434444],
            [-121.429950522346346, 37.673531141222512],
            [-121.42994198835116, 37.673496075036319],
            [-121.429921588509359, 37.673283008386107],
            [-121.429919988609839, 37.673247808410032],
            [-121.429931187906476, 37.673213008013263],
            [-121.430095121462685, 37.672805807887094],
            [-121.430609922595806, 37.671662008205551],
            [-121.430616788419528, 37.671627007973846],
            [-121.430621121892457, 37.671520408048153],
            [-121.43062652166563, 37.671200475098047],
            [-121.43059192215415, 37.670988407986904],
            [-121.430581122607805, 37.670953808467779],
            [-121.430523521733463, 37.670852074695802],
            [-121.430431788471594, 37.670772674815687],
            [-121.430398921810294, 37.670747808029397],
            [-121.429925522231983, 37.670414607790114],
            [-121.427547588250121, 37.668656675037987],
            [-121.4273851216428, 37.66853247471456],
            [-121.427251255597469, 37.668436207890494],
            [-121.427187521924694, 37.668385408270211],
            [-121.426528922074141, 37.667895074704532],
            [-121.426170921873847, 37.667621807733539],
            [-121.426115322445966, 37.667565407808446],
            [-121.426093188855688, 37.667534075525332],
            [-121.425897121663454, 37.667212674781702],
            [-121.425881922168855, 37.667179074706787],
            [-121.425806122325184, 37.666543208269559],
            [-121.425785121510472, 37.666511608185388],
            [-121.425406188767425, 37.66610967461942],
            [-121.423849189191102, 37.664530074921878],
            [-121.423587589000604, 37.664284008343024],
            [-121.42317472239769, 37.663952007888327],
            [-121.422679121855452, 37.663582074965902],
            [-121.419299388465376, 37.661126341786087],
            [-121.418710722459707, 37.660678407813691],
            [-121.418510921869157, 37.660531475147927],
            [-121.41842172185639, 37.660450408676049],
            [-121.417870788685889, 37.659671674918521],
            [-121.417657721775228, 37.659440674451631],
            [-121.417382187816344, 37.659156275154238],
            [-121.417298188150752, 37.659071674846928],
            [-121.417209122885296, 37.658990608203318],
            [-121.417050122876603, 37.65892067471114],
            [-121.416968387863861, 37.658889008088515],
            [-121.416667522312267, 37.658807607710017],
            [-121.416534921993176, 37.65878247449573],
            [-121.415854722151636, 37.658752474781366],
            [-121.415763721016702, 37.658750607977204],
            [-121.415307322055156, 37.658772674666224],
            [-121.415220388491832, 37.658760008846947],
            [-121.414932321238098, 37.65858447501909],
            [-121.414727721847314, 37.658442807952646],
            [-121.411579321710875, 37.655922274636985],
            [-121.411469122680032, 37.655858674968528],
            [-121.411126922048965, 37.655685074415359],
            [-121.411087187767336, 37.655668074770347],
            [-121.411043788359308, 37.655657408296548],
            [-121.410954521871219, 37.655644474537141],
            [-121.410635922677614, 37.655630474696608],
            [-121.410590589196815, 37.655631074943827],
            [-121.410545522515619, 37.655636674880306],
            [-121.410456988154479, 37.655652874440193],
            [-121.409860989201121, 37.655835274640694],
            [-121.406904587787011, 37.656695608593367],
            [-121.406646322142805, 37.656767608033064],
            [-121.406225788418993, 37.656905874582961],
            [-121.406181721562746, 37.656915274975105],
            [-121.40613612218057, 37.656918674420595],
            [-121.406045988818235, 37.65690807426629],
            [-121.405864722268632, 37.656892474506101],
            [-121.405685321519869, 37.656867674898834],
            [-121.404562988861755, 37.656570608797765],
            [-121.403004388487631, 37.656166475038361],
            [-121.400747188079947, 37.655555408196498],
            [-121.400404121472945, 37.655459675007151],
            [-121.400359922564334, 37.655450208289572],
            [-121.400145922304105, 37.655389608040274],
            [-121.400101788074195, 37.655380008320151],
            [-121.397488189162388, 37.65464407491843],
            [-121.397315855459979, 37.654597674608482],
            [-121.397230988920143, 37.654571874282567],
            [-121.396415188386413, 37.654345074687143],
            [-121.396031322095851, 37.654232608799759],
            [-121.39505592237721, 37.653936074809025],
            [-121.394884988249999, 37.653887474995109],
            [-121.394801388334713, 37.653859542213844],
            [-121.394503389307189, 37.653772408226601],
            [-121.39441972201827, 37.653744808249016],
            [-121.393954321937542, 37.653603608460827],
            [-121.393868321723829, 37.653580607835245],
            [-121.39361485577821, 37.653503475320498],
            [-121.392737522444165, 37.653213207792092],
            [-121.390782922234905, 37.652532674992692],
            [-121.390250121558438, 37.652328075039776],
            [-121.387240589286847, 37.651223274770508],
            [-121.386799921622526, 37.651033607908445],
            [-121.386646921461647, 37.650956608594612],
            [-121.386606922176995, 37.650939275007545],
            [-121.386570388592702, 37.650917674696629],
            [-121.386294588732483, 37.650731074633605],
            [-121.385548722043652, 37.650059475107028],
            [-121.385475589298053, 37.649996674837809],
            [-121.385448121511615, 37.649968208579786],
            [-121.385296522722598, 37.649835808294853],
            [-121.38514872201057, 37.649700608293216],
            [-121.385115788873946, 37.64967614128291],
            [-121.385005522469442, 37.649613408258396],
            [-121.384741788780133, 37.649473874902668],
            [-121.384669388161498, 37.649431007710923],
            [-121.384519521324322, 37.649350675223999],
            [-121.384372588384878, 37.649266807716202],
            [-121.384147988902612, 37.649146075039383],
            [-121.384071321286356, 37.649108007924362],
            [-121.383546589277756, 37.648826741262788],
            [-121.383473187935891, 37.648784875150128],
            [-121.383321388822537, 37.648706608173775],
            [-121.382758522431828, 37.648405874871507],
            [-121.38268538878792, 37.648363674939269],
            [-121.381407988047144, 37.647682475338186],
            [-121.380587189287212, 37.647235075511297],
            [-121.380510121920679, 37.647197074276569],
            [-121.38005912183398, 37.646957208059803],
            [-121.379654388577663, 37.646727675236669],
            [-121.379582522456616, 37.646684074553704],
            [-121.379433788395033, 37.646602274570398],
            [-121.37936152162537, 37.646559008115545],
            [-121.379327388339505, 37.646535207962678],
            [-121.379296988451998, 37.646508674350294],
            [-121.377135521504158, 37.644163408125181],
            [-121.376228588681485, 37.643137474907668],
            [-121.376178922626067, 37.643077807812574],
            [-121.376148988964189, 37.643050874629381],
            [-121.375925521359164, 37.642873474874307],
            [-121.3756947226031, 37.642701408152206],
            [-121.375585921350847, 37.642636874581761],
            [-121.375287589048341, 37.642474208820502],
            [-121.375248188939977, 37.642456008289201],
            [-121.375205988782881, 37.64244260845016],
            [-121.375117255894054, 37.642427608850419],
            [-121.374753388796648, 37.642406075062077],
            [-121.373716321530381, 37.642364607937665],
            [-121.373671922297476, 37.642356607716323],
            [-121.372988588233881, 37.642327474156481],
            [-121.372897322095952, 37.642323874873206],
            [-121.372851988615153, 37.642327874630091],
            [-121.372806188908697, 37.642328074511227],
            [-121.372761388128851, 37.642321274995545],
            [-121.372350054950147, 37.642308407911614],
            [-121.371804121802541, 37.642277074927527],
            [-121.371667188010505, 37.64227267469402],
            [-121.371439188404864, 37.642273808540182],
            [-121.371166122118069, 37.642280807941461],
            [-121.371029922249619, 37.642289675271464],
            [-121.370849388725318, 37.642310075247948],
            [-121.370715588256985, 37.642331008709398],
            [-121.370579722561828, 37.642343875078105],
            [-121.370490055425122, 37.642357075053894],
            [-121.370218721988508, 37.642382208137064],
            [-121.370173922106972, 37.642389474984533],
            [-121.370130788600306, 37.642401074482052],
            [-121.369814788232802, 37.642432275108348],
            [-121.369411788724989, 37.642486674691661],
            [-121.369096122530763, 37.642521074794658],
            [-121.369052788699776, 37.642532274510444],
            [-121.368782189186746, 37.642561608581794],
            [-121.368693921625265, 37.6425792080232],
            [-121.368467122168823, 37.642599474903676],
            [-121.368421922536982, 37.642605075111526],
            [-121.368378321906363, 37.6426154084293],
            [-121.368241788762958, 37.642625874762075],
            [-121.368109922367452, 37.642650607993758],
            [-121.367973788974354, 37.642660475392177],
            [-121.367839188107126, 37.642679874443225],
            [-121.367795121250879, 37.642689275213598],
            [-121.367523122162623, 37.642712675415929],
            [-121.3674337883009, 37.642725607871007],
            [-121.367344988038411, 37.642742274737216],
            [-121.36725418812614, 37.642747207719182],
            [-121.367118388007995, 37.64275960810339],
            [-121.366753588459318, 37.642742074857189],
            [-121.366665321796134, 37.642724074271591],
            [-121.36661972151569, 37.642721874879413],
            [-121.366484588845807, 37.642705274872434],
            [-121.366399321657354, 37.642680408642605],
            [-121.366267521737171, 37.64265180869802],
            [-121.366137322614861, 37.642619208290121],
            [-121.365366588762299, 37.642403007850028],
            [-121.365196922157978, 37.642351474827343],
            [-121.363097388659085, 37.641766608400921],
            [-121.363012721545246, 37.641740408119873],
            [-121.362926188630553, 37.641718074601222],
            [-121.362455988851295, 37.641584207789229],
            [-121.362243388166263, 37.641520875393461],
            [-121.362157522699832, 37.641497474815708],
            [-121.362069321613646, 37.641478874989581],
            [-121.361890122985812, 37.641451875073066],
            [-121.361846588830517, 37.641441474728488],
            [-121.361800988550087, 37.641439409028258],
            [-121.360568388589172, 37.641416274462074],
            [-121.360157122784116, 37.641413274785457],
            [-121.359699921626984, 37.64141480841193],
            [-121.359614922136501, 37.641412007907533],
            [-121.359569388331366, 37.641414608528329],
            [-121.359159921851827, 37.641392675390371],
            [-121.359114788695337, 37.641386808342446],
            [-121.359070521514738, 37.641377875462332],
            [-121.35898872272162, 37.641345807993012],
            [-121.35877492188736, 37.641284807847647],
            [-121.357885188209139, 37.641012408208134],
            [-121.35741592267776, 37.640876008484447],
            [-121.356780189442773, 37.640682274807162],
            [-121.356399722377247, 37.640563608127771],
            [-121.35598032232727, 37.640425608490013],
            [-121.355937121446928, 37.640413808086407],
            [-121.355804389075502, 37.640386808494149],
            [-121.35575972214464, 37.640379808203072],
            [-121.355669189032, 37.64037120810876],
            [-121.355578122320068, 37.640369674460743],
            [-121.355533388015544, 37.6403624757043],
            [-121.355487722158074, 37.640361008210682],
            [-121.355442521627921, 37.640366807762362],
            [-121.355396788396803, 37.64036727511246],
            [-121.354620437378813, 37.640371581562007],
            [-121.353742755498445, 37.640374669486789],
            [-121.353741388262591, 37.640374675177505],
            [-121.35350918813468, 37.640374607600265],
            [-121.353418389120719, 37.640378408287049],
            [-121.353282321304633, 37.640370274831312],
            [-121.352459721422562, 37.640377875493797],
            [-121.351180922903225, 37.640380274841746],
            [-121.351135321724442, 37.640382808632758],
            [-121.351090321518598, 37.640389608325862],
            [-121.35104472213645, 37.640390008098571],
            [-121.350954121650176, 37.640381608603164],
            [-121.350908389317354, 37.640381408005453],
            [-121.350733322041549, 37.640385875216893],
            [-121.35058972185179, 37.640389474594059],
            [-121.350316588191362, 37.640390008809916],
            [-121.350225522377713, 37.640393275280104],
            [-121.349815922049203, 37.640378074668845],
            [-121.349589189068141, 37.640362208240603],
            [-121.349544187963971, 37.640355675297371],
            [-121.349457122348326, 37.640336474814539],
            [-121.349322721805407, 37.640317208883459],
            [-121.348982189345804, 37.640216207776895],
            [-121.348900322280699, 37.640184474847899],
            [-121.348786589277537, 37.64012540859887],
            [-121.348401722263731, 37.639823074883097],
            [-121.348372788426744, 37.639796008209721],
            [-121.34832245492305, 37.639736674897243],
            [-121.348300322231083, 37.63970560829452],
            [-121.348248188503561, 37.639647474951325],
            [-121.348129787854177, 37.639495675597821],
            [-121.34807378867599, 37.639398208066837],
            [-121.34802778864524, 37.639336874833468],
            [-121.347960988124072, 37.639129474928588],
            [-121.347956122848515, 37.639094208962732],
            [-121.347950455377386, 37.638988275096317],
            [-121.347929721362306, 37.638595208263133],
            [-121.347930322335245, 37.638559608417303],
            [-121.347935988908048, 37.638524408337155],
            [-121.347924122163136, 37.638096475240708],
            [-121.347913921793094, 37.637347274989537],
            [-121.347923588563845, 37.637320475600198],
            [-121.347892255326755, 37.637207607617647],
            [-121.347748322760353, 37.6366892078643],
            [-121.347288988104424, 37.636152475081488],
            [-121.346764388148188, 37.63581100767049],
            [-121.346554522833188, 37.635674407746343],
            [-121.346301388365916, 37.635641808544946],
            [-121.345133721328679, 37.635491474999625],
            [-121.344979521916912, 37.63547160811342],
            [-121.344934054587128, 37.635471541954473],
            [-121.34310418904829, 37.635467408087806],
            [-121.341267321141856, 37.635415474723075],
            [-121.339916922402793, 37.635377275367198],
            [-121.338739855394465, 37.635371874514355],
            [-121.338237721405122, 37.635369608745506],
            [-121.33783092202367, 37.63526400818948],
            [-121.337763121677611, 37.635230942137028],
            [-121.33727718880445, 37.634994008761225],
            [-121.337117388396848, 37.634916075124508],
            [-121.336650855540583, 37.634607941551693],
            [-121.335994788939132, 37.634174474691669],
            [-121.335286855409791, 37.633754608038572],
            [-121.335279189187176, 37.633750074979353],
            [-121.334989122283616, 37.63348500791551],
            [-121.334970655616331, 37.633437608378053],
            [-121.334912255241392, 37.633287874358118],
            [-121.334020188638377, 37.630999275148739],
            [-121.333863588928168, 37.630552008906861],
            [-121.332988788843224, 37.629732874768209],
            [-121.332909988626511, 37.629659007908408],
            [-121.329991122418221, 37.627165675353204],
            [-121.329460789413815, 37.626740474341766],
            [-121.328380522165546, 37.62587420830635],
            [-121.328311922318875, 37.625798541838549],
            [-121.327976255134857, 37.625428075207381],
            [-121.327898522116698, 37.625342274628089],
            [-121.327878389074542, 37.625296874858641],
            [-121.327805922878895, 37.625133542181857],
            [-121.327781588416144, 37.625078807590256],
            [-121.327770832887239, 37.62419975442463],
            [-121.32774748657134, 37.623655482035197],
            [-121.327764588697718, 37.623398808843653],
            [-121.327757788451024, 37.623364074730944],
            [-121.327713788070085, 37.623263608399334],
            [-121.327665322163895, 37.623126608313989],
            [-121.327600122440558, 37.62299440779492],
            [-121.32757638895076, 37.622964007988919],
            [-121.327526121922418, 37.62286500824429],
            [-121.327410321895741, 37.622672074303452],
            [-121.327339721500962, 37.622581008216542],
            [-121.327288522021334, 37.62252187532286],
            [-121.327200788957441, 37.62244027499721],
            [-121.327062589439166, 37.622298608007021],
            [-121.326828522612118, 37.62208120788187],
            [-121.325555122967614, 37.620876207567626],
            [-121.325444587966871, 37.620763008652787],
            [-121.325376921469768, 37.620670008428505],
            [-121.325322989315055, 37.620612408070592],
            [-121.325242122074854, 37.620485274865658],
            [-121.325175322451997, 37.620392874825924],
            [-121.325140521717913, 37.620327207622275],
            [-121.325099387861059, 37.620189474939068],
            [-121.325071321796628, 37.620049208227968],
            [-121.325082321667281, 37.619480274803017],
            [-121.32509652133696, 37.619374275264647],
            [-121.325095121761763, 37.618982875007461],
            [-121.32509618896033, 37.618911675008228],
            [-121.325102788882731, 37.618876408697773],
            [-121.325101188983197, 37.618521607892617],
            [-121.32512358847481, 37.618096208010321],
            [-121.325123187826193, 37.61806060830623],
            [-121.325116322002472, 37.61802547465259],
            [-121.325115188328581, 37.617989874914635],
            [-121.32512792194774, 37.617919274516417],
            [-121.325143121442352, 37.617741875243752],
            [-121.325127788997079, 37.617671674504983],
            [-121.32512418854941, 37.617565208452397],
            [-121.325131388546424, 37.617494007807117],
            [-121.325131388546424, 37.617103208172068],
            [-121.325139188618039, 37.61699667513011],
            [-121.325143188815986, 37.616854874666203],
            [-121.325142388417092, 37.616606074966136],
            [-121.32514738843993, 37.616535075487626],
            [-121.325141521542832, 37.616499674986684],
            [-121.325142922016354, 37.616428675406581],
            [-121.325150922412277, 37.616322208997303],
            [-121.325149722263049, 37.615324407924085],
            [-121.325151188313598, 37.61528867525066],
            [-121.325162988583173, 37.615254275349315],
            [-121.325165122980295, 37.615218674996122],
            [-121.32516352218245, 37.614898675229746],
            [-121.32517652260124, 37.614792408008149],
            [-121.325177588901482, 37.614757008100717],
            [-121.325185322497759, 37.613832874419089],
            [-121.325183721699915, 37.613690608231465],
            [-121.325187121823276, 37.613584074569772],
            [-121.325193321995371, 37.613548874757264],
            [-121.325191922420174, 37.61337120888237],
            [-121.325203189090459, 37.613194074859543],
            [-121.325207188390095, 37.612624074231327],
            [-121.325206722164467, 37.612588608535575],
            [-121.325199588642789, 37.612553208290642],
            [-121.325209322787217, 37.612446675134336],
            [-121.325207589038712, 37.612375675242397],
            [-121.325218588909379, 37.612297275268929],
            [-121.325212121937611, 37.61222620834311],
            [-121.325225188831752, 37.612155875018864],
            [-121.325227588231883, 37.612084874849288],
            [-121.32522612218132, 37.611730075082882],
            [-121.325233655453303, 37.611623807602946],
            [-121.325234122577243, 37.611552475312628],
            [-121.325232387930441, 37.611125808727458],
            [-121.325239388501458, 37.611054808286084],
            [-121.325241588475592, 37.610983874669287],
            [-121.325238722849832, 37.610948408191319],
            [-121.32523892137749, 37.610806208359392],
            [-121.325245388349245, 37.610771007943647],
            [-121.32524712209775, 37.610664075148208],
            [-121.325255188968995, 37.610629074631596],
            [-121.325256121420253, 37.610167408419599],
            [-121.325264789264423, 37.610132407669241],
            [-121.32526618883962, 37.610096674635884],
            [-121.325264388615807, 37.609919274491432],
            [-121.325268722088737, 37.609777208613544],
            [-121.325258389666359, 37.609706475170363],
            [-121.325267989063477, 37.609635474797251],
            [-121.325266389163943, 37.609351408579755],
            [-121.325282455532815, 37.609209875345506],
            [-121.325279321310774, 37.609138875209972],
            [-121.325281460199477, 37.607722802953091],
            [-121.325281788982849, 37.607505008652545],
            [-121.325281122432941, 37.607434007601192],
            [-121.325274388661541, 37.607398675356528],
            [-121.325282321683829, 37.607328207945528],
            [-121.325273788586955, 37.607257208148717],
            [-121.325273789485237, 37.607043474631745],
            [-121.325267121290906, 37.606981474916388],
            [-121.325259588917248, 37.60688640787415],
            [-121.325261988317365, 37.606530074581563],
            [-121.325258988842663, 37.606459008549805],
            [-121.32526198921569, 37.606423608233882],
            [-121.325259988667554, 37.606352474492226],
            [-121.325249388547192, 37.606246274765155],
            [-121.325245989322156, 37.606033274919852],
            [-121.325254189144076, 37.605998074380167],
            [-121.325253121945508, 37.605962474577609],
            [-121.325245722522524, 37.605927408509899],
            [-121.325246388174151, 37.605749208466399],
            [-121.325238721951521, 37.605714207771911],
            [-121.325237522700604, 37.60553640788951],
            [-121.325231322528538, 37.605394408365854],
            [-121.325230187956308, 37.605037875061164],
            [-121.325216988111521, 37.604753408400413],
            [-121.325210121389489, 37.604682608263339],
            [-121.325197188344333, 37.604612008041457],
            [-121.325178522251051, 37.604543275207298],
            [-121.32516212260721, 37.604509808333404],
            [-121.325153256235382, 37.604439074862725],
            [-121.32513338909456, 37.604369675020777],
            [-121.325115122751583, 37.604264141446848],
            [-121.325080189066796, 37.604198408046685],
            [-121.325054188229217, 37.604130807835084],
            [-121.324984588557626, 37.603999408351363],
            [-121.324973722535944, 37.603964808225555],
            [-121.324937522226634, 37.603899408342841],
            [-121.324884522523192, 37.603841275460873],
            [-121.324843322191001, 37.60377780841894],
            [-121.324818922151252, 37.603747874741821],
            [-121.324738788834651, 37.603661674794026],
            [-121.324615588486679, 37.603512874318888],
            [-121.324472122145934, 37.603374208775577],
            [-121.324307788839405, 37.603203408516784],
            [-121.324248388639575, 37.603149341008951],
            [-121.323820188693105, 37.602689474520453],
            [-121.323653188288503, 37.602519874753874],
            [-121.32360438820902, 37.602459808521964],
            [-121.323550521631319, 37.602403008246284],
            [-121.323380588227351, 37.602235275339297],
            [-121.323299789259124, 37.602149475040598],
            [-121.323048588864637, 37.601896007871417],
            [-121.323026589123344, 37.601864875632444],
            [-121.322942188809108, 37.601780541738556],
            [-121.322863322117072, 37.601693475495601],
            [-121.322749521740235, 37.601582074340378],
            [-121.32267112307045, 37.601494808585898],
            [-121.322612922121507, 37.601440074385458],
            [-121.322561989441539, 37.601381208652739],
            [-121.322339988785359, 37.601155075126599],
            [-121.322236588204575, 37.601037808625826],
            [-121.322122788726091, 37.600926474813633],
            [-121.321903922291952, 37.600698608292475],
            [-121.321850522838204, 37.600640875030955],
            [-121.321802388410347, 37.600580474908554],
            [-121.321715121572041, 37.600497874734849],
            [-121.321663121693518, 37.600439475146047],
            [-121.321577188853439, 37.600356474827763],
            [-121.32152845614759, 37.600296274468654],
            [-121.321495389161981, 37.600271608278419],
            [-121.321417922045129, 37.600183874807485],
            [-121.321333522629246, 37.600099874942231],
            [-121.321309789139434, 37.600069275033846],
            [-121.321282121927013, 37.600041008149105],
            [-121.321220588228343, 37.599988408768873],
            [-121.321174922370872, 37.599926875048055],
            [-121.321006388542131, 37.599758208464785],
            [-121.32095712223699, 37.599698608320686],
            [-121.320708322140959, 37.599443408276734],
            [-121.320683789150564, 37.599413408088019],
            [-121.320549322132294, 37.599269875191645],
            [-121.320493988605762, 37.59921327532453],
            [-121.320461722019061, 37.599188208780916],
            [-121.32038652224999, 37.599099141665441],
            [-121.320297388712547, 37.59901827505778],
            [-121.320111922539013, 37.598815274353917],
            [-121.319945588684362, 37.598645608104547],
            [-121.319866721992284, 37.598558408656224],
            [-121.319819922460937, 37.598497475173239],
            [-121.319755188963256, 37.598447474690779],
            [-121.319726589299577, 37.598419674803729],
            [-121.319519588712012, 37.598185675342762],
            [-121.319464589358745, 37.598128675362602],
            [-121.3194057892335, 37.598074474629222],
            [-121.319216988513617, 37.597873008722232],
            [-121.319158121913048, 37.597818875418547],
            [-121.319025388643269, 37.597673874668452],
            [-121.318913121690656, 37.597561674605856],
            [-121.318891188424686, 37.597530475072219],
            [-121.318864588410804, 37.597501408639673],
            [-121.318806389258498, 37.597446608155586],
            [-121.318780922020181, 37.59741707478188],
            [-121.318733388565249, 37.59737440816793],
            [-121.318711388823928, 37.597343274748638],
            [-121.318575121581873, 37.597200408329776],
            [-121.318523922102244, 37.597141408280002],
            [-121.318353121824003, 37.596974608009248],
            [-121.318273588582002, 37.596887608029455],
            [-121.318227189699272, 37.596826275306434],
            [-121.318135122264124, 37.596747275302441],
            [-121.318004121844538, 37.596601607681713],
            [-121.317919522104361, 37.59651807495672],
            [-121.317870589074175, 37.596458075055182],
            [-121.317736988930193, 37.596313808326038],
            [-121.317350255217221, 37.595916074416529],
            [-121.317272188025782, 37.595828474604041],
            [-121.317050189166238, 37.595602008176066],
            [-121.317019122728752, 37.595576008711262],
            [-121.316976722247361, 37.595513008656368],
            [-121.316915188548734, 37.595460675123903],
            [-121.316829121859655, 37.595377675657446],
            [-121.31676452221096, 37.595309008315994],
            [-121.316744722443772, 37.595277007807127],
            [-121.316718988405825, 37.595247408089328],
            [-121.316603322228161, 37.595137408727069],
            [-121.31646998888381, 37.594993675403089],
            [-121.316301122678382, 37.594825275229248],
            [-121.316276922064631, 37.594795208406914],
            [-121.316223121962253, 37.594738874899136],
            [-121.316164988386973, 37.594684074515847],
            [-121.316141322270795, 37.594653675236593],
            [-121.316059989703277, 37.594567874735972],
            [-121.315891988575473, 37.59439920810479],
            [-121.315738321864657, 37.594268208536747],
            [-121.315657722322428, 37.594182074477935],
            [-121.315424121721009, 37.593962808425538],
            [-121.315340588281046, 37.593878407920172],
            [-121.314986589177025, 37.59355287472421],
            [-121.314895389514447, 37.593473474778868],
            [-121.314832122067301, 37.593422608944159],
            [-121.314247388885917, 37.592925408562266],
            [-121.313000589255324, 37.591892008809062],
            [-121.312696388259099, 37.591627475127773],
            [-121.31235412115268, 37.591342675315104],
            [-121.312232588976187, 37.591236807931026],
            [-121.311790788536314, 37.590879074284821],
            [-121.311483188315066, 37.59061720844727],
            [-121.311449788952785, 37.590593208155326],
            [-121.311388721479773, 37.590540474681262],
            [-121.311230122119753, 37.590413475142],
            [-121.309925522188806, 37.589324807659068],
            [-121.309860989015434, 37.589274808131385],
            [-121.309674921868933, 37.589119207957005],
            [-121.309302921424958, 37.588807207955789],
            [-121.309088988538349, 37.588622808824049],
            [-121.309023721441363, 37.588573208164334],
            [-121.308555321885947, 37.588235875108531],
            [-121.308481188417119, 37.588194674601276],
            [-121.308304388291091, 37.588082075140825],
            [-121.308191989286129, 37.588021608588654],
            [-121.308033921728736, 37.587951208244903],
            [-121.307845721981749, 37.587851007994701],
            [-121.307762722141064, 37.587821408882469],
            [-121.307682521450829, 37.587787675376134],
            [-121.306891388654833, 37.58743627481882],
            [-121.306848521947785, 37.587425475401368],
            [-121.306769122554769, 37.587390208398247],
            [-121.306687721715306, 37.587359008159325],
            [-121.306650388630416, 37.587338674964414],
            [-121.306490789445476, 37.587270675036883],
            [-121.306454322336506, 37.587249208556059],
            [-121.306253789619007, 37.587165409067545],
            [-121.305671588788428, 37.586911608962282],
            [-121.305434322162299, 37.586805808596083],
            [-121.305353789095392, 37.58677287546346],
            [-121.305276922053196, 37.586734607691739],
            [-121.305038722077498, 37.586629875566487],
            [-121.304995989219421, 37.586617608189322],
            [-121.304955388961844, 37.586601074668913],
            [-121.304642922566671, 37.586455074683094],
            [-121.304361722034969, 37.586339208728795],
            [-121.304285322116684, 37.586300608296952],
            [-121.304123322633288, 37.586235474783365],
            [-121.303964989174574, 37.586165474950164],
            [-121.303883588335111, 37.586134408739134],
            [-121.303845522224947, 37.586114874627036],
            [-121.303646522033318, 37.586029008757031],
            [-121.303528988258179, 37.585974875379833],
            [-121.303453321365183, 37.585935075274257],
            [-121.303335322262697, 37.585881475012584],
            [-121.303173521306974, 37.585816474962222],
            [-121.303056522029436, 37.58576100811279],
            [-121.302855522187969, 37.585678407861536],
            [-121.30270232170281, 37.585601807817255],
            [-121.302580322402378, 37.585554008296114],
            [-121.302505588858949, 37.585512874643392],
            [-121.302465121552032, 37.58549680857265],
            [-121.302317989186591, 37.585413075450376],
            [-121.302175588247749, 37.585324475204438],
            [-121.301781789285087, 37.585028874999821],
            [-121.301101188794888, 37.584504407872537],
            [-121.300718922403831, 37.584199275226254],
            [-121.300555322122605, 37.584075607847296],
            [-121.300398522088088, 37.583946075088399],
            [-121.300333521790762, 37.583896408666838],
            [-121.300093588066574, 37.58373307547113],
            [-121.299874922855068, 37.583605674916818],
            [-121.299760722727925, 37.583546475439974],
            [-121.299681922511212, 37.583511074900578],
            [-121.299640122104407, 37.583496808039939],
            [-121.299255521890245, 37.583306408083409],
            [-121.299057988647476, 37.583218608337972],
            [-121.298791588758391, 37.583081007688619],
            [-121.29875258929863, 37.583062275072912],
            [-121.298630988850221, 37.583013408936125],
            [-121.298441789278343, 37.582915008102276],
            [-121.29836212218737, 37.582881008261396],
            [-121.298248722459164, 37.582821074961387],
            [-121.297971522125408, 37.582698208306418],
            [-121.297820922262972, 37.582618074922451],
            [-121.297585788237356, 37.582509008695013],
            [-121.297513588841355, 37.582465608114326],
            [-121.297431989474205, 37.582433808532308],
            [-121.296930589408475, 37.582185608444533],
            [-121.296848788818693, 37.582154208116897],
            [-121.296424188421554, 37.581944208296783],
            [-121.296150321735837, 37.581816408152932],
            [-121.296037589455878, 37.581755942206279],
            [-121.29600292257075, 37.581732675162314],
            [-121.295886788370836, 37.58167640865264],
            [-121.295852588609634, 37.581652808413985],
            [-121.295737122756279, 37.58159514224478],
            [-121.295572322325839, 37.581535474873029],
            [-121.29538158932975, 37.581437274978185],
            [-121.295217588399922, 37.581376007831594],
            [-121.295181188664614, 37.581354074777437],
            [-121.295098522098911, 37.581326875047587],
            [-121.294980722422451, 37.581272808017722],
            [-121.294860521549211, 37.581223475120183],
            [-121.294824322138211, 37.581201808273811],
            [-121.294784922029848, 37.581183675321896],
            [-121.294701522438857, 37.58115480824565],
            [-121.294544788879662, 37.581082074896088],
            [-121.294463655738141, 37.581050274723111],
            [-121.294269589094071, 37.580957475434644],
            [-121.294187121954351, 37.580927875005145],
            [-121.29415112286766, 37.580906408119041],
            [-121.294110322285761, 37.580890274846638],
            [-121.294034322117781, 37.580865607919264],
            [-121.293994388410155, 37.580848208863713],
            [-121.29395938914837, 37.580825674802639],
            [-121.293758588732899, 37.580742408422687],
            [-121.29348178814945, 37.580619274929994],
            [-121.293371522643284, 37.580556408156234],
            [-121.293308788795414, 37.580504608719636],
            [-121.293280388557704, 37.58047667540945],
            [-121.293230722502287, 37.580417608707961],
            [-121.293187322195962, 37.580355008731594],
            [-121.293135722067703, 37.58029627510949],
            [-121.292999721625279, 37.580154008858784],
            [-121.292924188581239, 37.580065408760944],
            [-121.292867122204512, 37.58000987497774],
            [-121.292772588893911, 37.579888275169296],
            [-121.292670522311312, 37.579770674725374],
            [-121.292641788798633, 37.579743075030144],
            [-121.292542589638444, 37.579624208561761],
            [-121.292481788965091, 37.579570808077577],
            [-121.292385321581662, 37.579495208406499],
            [-121.292351722793413, 37.57947107495859],
            [-121.292279121850456, 37.579428007922509],
            [-121.292086921905522, 37.579332608091072],
            [-121.291405988140369, 37.579126674662092],
            [-121.291318388925433, 37.579106808377595],
            [-121.291237188410278, 37.579074208579954],
            [-121.291025389022494, 37.579008208024341],
            [-121.290852387871794, 37.578964475068709],
            [-121.290770788504645, 37.578932608493943],
            [-121.290513722111385, 37.57886140860235],
            [-121.290470122379062, 37.578852008303606],
            [-121.290307521922742, 37.578787008522895],
            [-121.290231922403379, 37.578747275055434],
            [-121.290089189087908, 37.578658608497982],
            [-121.290056788652223, 37.578633609071744],
            [-121.290032189186476, 37.578603675246782],
            [-121.289867922355313, 37.578433674585803],
            [-121.289782588691523, 37.578307874644167],
            [-121.28955498793789, 37.578040874951142],
            [-121.289531322720038, 37.578010475281616],
            [-121.289513522602689, 37.577977875715895],
            [-121.289490122387832, 37.577947075200221],
            [-121.289462921401039, 37.577918675323687],
            [-121.289388921781196, 37.577828474977146],
            [-121.289320789058465, 37.577736274685201],
            [-121.289267988781035, 37.577678408275297],
            [-121.289219321652197, 37.577618208081311],
            [-121.289102988924569, 37.577464608302463],
            [-121.28904972152317, 37.577407208003429],
            [-121.288898323058461, 37.577229674382984],
            [-121.288882722016893, 37.577196074906063],
            [-121.288835722161267, 37.577135408710362],
            [-121.288754588121421, 37.577049475527694],
            [-121.288735121629188, 37.577017274942776],
            [-121.288608522056194, 37.576870074329044],
            [-121.288589387940661, 37.576837808167376],
            [-121.288541722433379, 37.57677700783357],
            [-121.288487989704663, 37.576720008543461],
            [-121.288422522283369, 37.57662607541797],
            [-121.288374589078131, 37.576565875085137],
            [-121.288344388616608, 37.576539008222682],
            [-121.288270789645381, 37.576448874552142],
            [-121.288240788609826, 37.576421875224518],
            [-121.288170922138605, 37.576376607917567],
            [-121.288035788570426, 37.576281475430484],
            [-121.28792612134221, 37.576218008377218],
            [-121.287848522173036, 37.57618060874703],
            [-121.287742521867813, 37.576113274983875],
            [-121.287666722024156, 37.576074075479589],
            [-121.287544588874738, 37.576026208612916],
            [-121.287373521796866, 37.575977075146376],
            [-121.287199788519231, 37.575933408046261],
            [-121.287116122128623, 37.575905609004792],
            [-121.28702958921393, 37.575883274931535],
            [-121.28685338826422, 37.575846874720696],
            [-121.286771921847745, 37.575814875099603],
            [-121.286693789079251, 37.575779074323592],
            [-121.286618521936546, 37.575739275174811],
            [-121.286433989112567, 37.575635474486262],
            [-121.286335921829632, 37.575561741849413],
            [-121.286242389242247, 37.575483808573573],
            [-121.286154721755352, 37.575402075479651],
            [-121.286105922574194, 37.575342208067326],
            [-121.285969789181067, 37.575199208996352],
            [-121.285919322726741, 37.575140207880686],
            [-121.285888922839206, 37.575113675126893],
            [-121.285642522143291, 37.574857408265167],
            [-121.285596922761158, 37.574795808199426],
            [-121.285541988984889, 37.574738808816726],
            [-121.285439322327704, 37.574621408846497],
            [-121.285223788643265, 37.574391674735175],
            [-121.285193589080066, 37.574365008576088],
            [-121.285115788688231, 37.574277408318025],
            [-121.285004988684477, 37.57416480845427],
            [-121.284929522115775, 37.574076075210371],
            [-121.284738588795392, 37.573876474507351],
            [-121.28469238844032, 37.573815208259042],
            [-121.284663589350629, 37.573787674706068],
            [-121.284631321865618, 37.573762808208095],
            [-121.284553189097153, 37.573675274879534],
            [-121.284505388842575, 37.573615075009094],
            [-121.284419521579494, 37.573532408595582],
            [-121.28420672236679, 37.57330820820242],
            [-121.284189588799379, 37.573275341720958],
            [-121.28416692250812, 37.573244275114931],
            [-121.284083722343155, 37.573159808397889],
            [-121.284053188606649, 37.573133274938478],
            [-121.283973188240694, 37.573047075127342],
            [-121.283951388823709, 37.573015608291101],
            [-121.283894788672598, 37.572959808663676],
            [-121.283577589054175, 37.572705408339537],
            [-121.283192189339431, 37.572404408852641],
            [-121.282651722440306, 37.57197360821128],
            [-121.282585589367429, 37.571924874347708],
            [-121.281280122562222, 37.570887474931034],
            [-121.280652388824848, 37.570373808337287],
            [-121.27992138835566, 37.569790607853442],
            [-121.279855322656402, 37.569741875409484],
            [-121.279730588884263, 37.569638608917842],
            [-121.279471122192547, 37.569439808022423],
            [-121.279409522018554, 37.569387408453039],
            [-121.279322321655599, 37.569305007914217],
            [-121.279197388457476, 37.569157208198696],
            [-121.279158722272683, 37.56909320817789],
            [-121.279093722873682, 37.568961208539825],
            [-121.279055788815867, 37.56885880821067],
            [-121.279039188847733, 37.56871720863613],
            [-121.279020388905465, 37.568612275294917],
            [-121.279018921956592, 37.568576674695912],
            [-121.279021323153373, 37.567720674498418],
            [-121.279032721875993, 37.56686727552443],
            [-121.279033389324255, 37.566831808667544],
            [-121.27904258897108, 37.566796675030083],
            [-121.279046522693719, 37.566761208139582],
            [-121.279055188741253, 37.566619074815883],
            [-121.279052188368198, 37.566548475510388],
            [-121.27905458956495, 37.566512875349083],
            [-121.27905238869252, 37.565553275231778],
            [-121.279060721465072, 37.565304674952998],
            [-121.27906812268472, 37.565198274947932],
            [-121.279059588689506, 37.565127474919251],
            [-121.279066322460878, 37.565021208528435],
            [-121.279074589656432, 37.564950208242308],
            [-121.279072789432604, 37.564843607641507],
            [-121.279054855466271, 37.564667008204886],
            [-121.279039188847733, 37.564633408756585],
            [-121.279031189350121, 37.564598674974519],
            [-121.279026788503529, 37.564527475619514],
            [-121.279013788983079, 37.564493408281301],
            [-121.278979988972182, 37.564427274463768],
            [-121.278969988926434, 37.564392608231906],
            [-121.278941188938433, 37.564325274491949],
            [-121.278863988621225, 37.564196474984236],
            [-121.27881538886605, 37.564097074461131],
            [-121.278749121944173, 37.564005008127708],
            [-121.278732788775685, 37.563971608472606],
            [-121.278712122134252, 37.563939808113382],
            [-121.278687789468137, 37.563909808568155],
            [-121.278631388743037, 37.563853675277954],
            [-121.27860778910221, 37.563823407959042],
            [-121.278495921899875, 37.563710675510443],
            [-121.278277988815304, 37.563529208494323],
            [-121.278069988402848, 37.563390407928154],
            [-121.277880389080664, 37.563292074444902],
            [-121.277846854971131, 37.563267675125751],
            [-121.277808522061306, 37.563249274338141],
            [-121.277765389452952, 37.563237408280834],
            [-121.277612389292074, 37.563160208366504],
            [-121.277567989160843, 37.56314867483556],
            [-121.277528989701096, 37.563130008413296],
            [-121.277446055437437, 37.563100608112272],
            [-121.277204921564021, 37.562999874537958],
            [-121.277123121872577, 37.562969075660483],
            [-121.276845122936535, 37.56284687480067],
            [-121.27672272208919, 37.562799675198072],
            [-121.276597588566744, 37.562757475093562],
            [-121.276558588208673, 37.562738675413918],
            [-121.276522855921641, 37.562716808078584],
            [-121.276359988665675, 37.562653208411547],
            [-121.276242721690167, 37.56259860800246],
            [-121.276159988649127, 37.562569608394909],
            [-121.275837589581855, 37.562439074773053],
            [-121.275800923046916, 37.562417875285767],
            [-121.275761589413875, 37.562400008352341],
            [-121.27555758919938, 37.56232180851336],
            [-121.275440721974178, 37.562267008477122],
            [-121.275397922640778, 37.562254608910322],
            [-121.275323389421658, 37.562213808460555],
            [-121.275189722802352, 37.562117408879843],
            [-121.275095188593383, 37.562040208517018],
            [-121.274971322593814, 37.561890675400818],
            [-121.27495538827732, 37.561857208573379],
            [-121.274916988892173, 37.561792608396438],
            [-121.274861588890289, 37.561736008515034],
            [-121.27483705589988, 37.561706008794474],
            [-121.274822455581557, 37.561672274849442],
            [-121.274803788589963, 37.561639874638779],
            [-121.274751588387119, 37.56158160834314],
            [-121.274668522071124, 37.561455074961209],
            [-121.274547921447578, 37.561303808141275],
            [-121.274463122281418, 37.56117820855895],
            [-121.274386188763842, 37.561089875708539],
            [-121.274348588879292, 37.56102480844168],
            [-121.274298523073583, 37.560965408003213],
            [-121.274212521961545, 37.560840208050813],
            [-121.274163522456035, 37.560781074503005],
            [-121.274120922548633, 37.560718008683835],
            [-121.274034988810243, 37.560635275260488],
            [-121.273909522012843, 37.560532275288594],
            [-121.2738361224676, 37.560490207775267],
            [-121.273756389799601, 37.560455675011148],
            [-121.273719388193044, 37.560434875162059],
            [-121.273588388671797, 37.560404808691864],
            [-121.273320988957792, 37.560362474779325],
            [-121.273276989475178, 37.560353475196983],
            [-121.273234588095477, 37.56034020867979],
            [-121.27305492234369, 37.5603160747213],
            [-121.273010589586121, 37.560307475336607],
            [-121.272924322572749, 37.560285008406844],
            [-121.272745922547216, 37.560255608407317],
            [-121.272303255233084, 37.560173474776477],
            [-121.272257789699935, 37.560170474670834],
            [-121.272213989643291, 37.560161608229272],
            [-121.272172722835791, 37.560146275143524],
            [-121.27212832270456, 37.560138208395301],
            [-121.271948523103802, 37.560113008346775],
            [-121.271861122416539, 37.560092807996519],
            [-121.27177138880451, 37.560080608170118],
            [-121.271549389046655, 37.560041741327169],
            [-121.271329789587227, 37.559995275555423],
            [-121.271239522375907, 37.55998567490915],
            [-121.271150589162772, 37.559970475663619],
            [-121.271064323047739, 37.559948274960959],
            [-121.270974188787065, 37.559937075623992],
            [-121.270841921742942, 37.559910275398018],
            [-121.270799122409571, 37.559898008603447],
            [-121.270708921673574, 37.559887674471916],
            [-121.270531922121549, 37.559855275621494],
            [-121.27035352209603, 37.55982680902865],
            [-121.270176255744374, 37.559795674859721],
            [-121.270133122237681, 37.559783675087687],
            [-121.269866188749319, 37.559736875175005],
            [-121.269822721967685, 37.559726008362098],
            [-121.269688388798414, 37.559707008526381],
            [-121.269644722590755, 37.559696675080467],
            [-121.269599389109956, 37.559692808316164],
            [-121.269553988255495, 37.559695808441042],
            [-121.269325922174517, 37.559691475243788],
            [-121.269144122025651, 37.559695875379504],
            [-121.269052988838396, 37.559691608408599],
            [-121.268916188895332, 37.559691808511886],
            [-121.268871188689516, 37.559697407842947],
            [-121.268825522832046, 37.559699408163461],
            [-121.26864318818555, 37.559693674955618],
            [-121.268461322459657, 37.559698008152743],
            [-121.268279389360103, 37.559695675276231],
            [-121.268006588974629, 37.559697008348529],
            [-121.26791598848834, 37.559702808494571],
            [-121.265816922113373, 37.559696274873922],
            [-121.265771255357606, 37.559696608854111],
            [-121.265680589294291, 37.559704607999585],
            [-121.265584389608819, 37.559707007814261],
            [-121.265402721512288, 37.559702275123271],
            [-121.265220789311073, 37.559715207773941],
            [-121.26513698817314, 37.559743207976837],
            [-121.264741722261604, 37.55982827455108],
            [-121.264568121934644, 37.559872808473678],
            [-121.264479588471815, 37.559889275293919],
            [-121.264393521782779, 37.559913008473188],
            [-121.26404492245193, 37.559997608422563],
            [-121.263694989122882, 37.560077474896616],
            [-121.262910189449627, 37.560266608306769],
            [-121.262385121471112, 37.560385875254973],
            [-121.262080788422523, 37.560461007957926],
            [-121.261992321435059, 37.560477874850513],
            [-121.261819388556333, 37.560524207870067],
            [-121.261688589359395, 37.560555941325354],
            [-121.261556522639566, 37.56058327468407],
            [-121.261514589282129, 37.560597009009427],
            [-121.261297188898538, 37.560650274981796],
            [-121.261121588921725, 37.560688274879439],
            [-121.260896523213816, 37.560715674415057],
            [-121.26048738821261, 37.560715608189618],
            [-121.260305721912715, 37.560718208072259],
            [-121.260260189005891, 37.560716075328209],
            [-121.259851389076303, 37.560716607980162],
            [-121.259715121834205, 37.560711208826227],
            [-121.259579388191412, 37.560711275051666],
            [-121.259533721435631, 37.560712608817902],
            [-121.259488722128097, 37.560717807871207],
            [-121.259170921536779, 37.560707874766585],
            [-121.259125522478939, 37.560711008013577],
            [-121.259034722566639, 37.560703808666304],
            [-121.258898388849232, 37.560700008891835],
            [-121.258852789467113, 37.560701875310315],
            [-121.258716322799032, 37.560698408799347],
            [-121.258627522536571, 37.560683008174394],
            [-121.258492189542395, 37.560666274491311],
            [-121.258448988662067, 37.560654808936093],
            [-121.258404123203505, 37.560648075298218],
            [-121.25822332198122, 37.560628807947126],
            [-121.258135588917298, 37.560610074667977],
            [-121.257955122766631, 37.560590208428678],
            [-121.257866921680446, 37.560572408706726],
            [-121.25755292275943, 37.560531408658896],
            [-121.25697312312559, 37.560442208410883],
            [-121.256838188085084, 37.56042567477504],
            [-121.256704922114366, 37.560403608795767],
            [-121.256569788546173, 37.560387475354169],
            [-121.256480788857701, 37.560372808132904],
            [-121.256434389076659, 37.56036900834156],
            [-121.256375788377397, 37.560353807750012],
            [-121.256150322020858, 37.560329408180671],
            [-121.256016388601907, 37.560308008703565],
            [-121.25575078911173, 37.560258209018116],
            [-121.255663588748803, 37.560237542277754],
            [-121.255503721865878, 37.560168874566976],
            [-121.255370522370512, 37.560071674779735],
            [-121.255309389320473, 37.560019208803332],
            [-121.255255388893801, 37.559961808588703],
            [-121.255210721962939, 37.559899875042014],
            [-121.255145721665599, 37.559806075230256],
            [-121.255067788323117, 37.559677608298777],
            [-121.255044188682291, 37.55960907466114],
            [-121.255008188697289, 37.559544075176021],
            [-121.254986321906642, 37.55951287537453],
            [-121.254961655067262, 37.559444608628013],
            [-121.254887188323465, 37.559314475436501],
            [-121.254862721808394, 37.559245874525999],
            [-121.254775189068781, 37.559082208110844],
            [-121.254729922063319, 37.558982274508907],
            [-121.254675589259989, 37.55888420794907],
            [-121.254579721951188, 37.558684807943521],
            [-121.254508789179681, 37.558554008302892],
            [-121.254497789309056, 37.558519275247072],
            [-121.254459988201887, 37.558454608797007],
            [-121.254417389192795, 37.5583530749226],
            [-121.25436778871439, 37.558293408155855],
            [-121.254334189027816, 37.558227075136536],
            [-121.254311188563264, 37.558196475105476],
            [-121.254126922538944, 37.557994008262597],
            [-121.252789322996037, 37.556732475036448],
            [-121.252562789440972, 37.556509808591137],
            [-121.252509389088914, 37.556452408521572],
            [-121.252216722460915, 37.556179208167542],
            [-121.252164588733393, 37.556121008103986],
            [-121.251868389031401, 37.555849808383115],
            [-121.251766721300797, 37.555778807902428],
            [-121.251659722068993, 37.555712607952991],
            [-121.251468321624685, 37.555616207794493],
            [-121.25138878838267, 37.555581607965777],
            [-121.251305987967982, 37.555551407789274],
            [-121.251220522251842, 37.555526807957165],
            [-121.251176188595963, 37.555518208731876],
            [-121.251086122607262, 37.555506275213212],
            [-121.250995589494622, 37.555501408370944],
            [-121.250859988802475, 37.555487475128217],
            [-121.250769122414852, 37.555483608857649],
            [-121.250498122253191, 37.555455208249057],
            [-121.250365989058039, 37.555427808203319],
            [-121.250320788527915, 37.555421875264209],
            [-121.2502301224646, 37.555416074784937],
            [-121.250185388160062, 37.555408874926052],
            [-121.250098788770046, 37.555387475460087],
            [-121.249962922176607, 37.555374208770864],
            [-121.249918322619379, 37.555366408563259],
            [-121.249832188556653, 37.55534367522278],
            [-121.249787121875485, 37.555338074852394],
            [-121.249696121638891, 37.555334407976886],
            [-121.249651122331372, 37.555328275627502],
            [-121.249474388680667, 37.555293608722671],
            [-121.24942958879916, 37.55528667519733],
            [-121.249338988312857, 37.555278607923],
            [-121.24920572234214, 37.555255075519256],
            [-121.249162922110443, 37.555242874900777],
            [-121.24911818870423, 37.555235274794661],
            [-121.248667589266134, 37.555177407994336],
            [-121.248539722170293, 37.555139475077368],
            [-121.248424388369287, 37.555082274780069],
            [-121.247850922756498, 37.554730074661364],
            [-121.247763922717866, 37.554681407854005],
            [-121.247729522632369, 37.554654875646129],
            [-121.247660188862127, 37.554608741942445],
            [-121.247479721813122, 37.55450000857828],
            [-121.247052722015852, 37.554233274632736],
            [-121.246793722448089, 37.554033075238614],
            [-121.246672722074237, 37.55392647539729],
            [-121.246619788846132, 37.553868609004994],
            [-121.246543922527124, 37.553739274386331],
            [-121.246516389163673, 37.553671408286505],
            [-121.246480055903689, 37.553606074599571],
            [-121.246459856386238, 37.553536608132148],
            [-121.246444788943961, 37.553466274888102],
            [-121.246412989481229, 37.553399675492692],
            [-121.246388522966143, 37.553331675195238],
            [-121.246370189249504, 37.553261942119441],
            [-121.24635472205695, 37.553228608865737],
            [-121.246340189112288, 37.553158474739668],
            [-121.24630278865375, 37.553056008533929],
            [-121.246234588557385, 37.552849408494154],
            [-121.24620452194479, 37.552782475248478],
            [-121.246183722352725, 37.552676807996313],
            [-121.246164188486858, 37.552607275142243],
            [-121.246150121767826, 37.552573408173402],
            [-121.246124188303881, 37.552468474882758],
            [-121.246090788043304, 37.552402075430699],
            [-121.246074722572772, 37.552331875006104],
            [-121.246053788233382, 37.552262742076678],
            [-121.245962788895113, 37.551987208200998],
            [-121.245948588327096, 37.551916608561676],
            [-121.245884988503292, 37.551745875395113],
            [-121.245822322029085, 37.551501608298928],
            [-121.24580792203507, 37.551468074844713],
            [-121.245787322767299, 37.551436274846402],
            [-121.245752189656542, 37.551297075003198],
            [-121.245705721603514, 37.55116027498994],
            [-121.245635722181632, 37.550917008033117],
            [-121.245603789768225, 37.550850075188549],
            [-121.245593322598538, 37.550815674698505],
            [-121.245588588476991, 37.550780274980923],
            [-121.245540722645401, 37.550606607803772],
            [-121.245526389126724, 37.550572608169091],
            [-121.245493322141115, 37.550469475350454],
            [-121.245464721579097, 37.550402007953934],
            [-121.24545412235706, 37.550331674600514],
            [-121.245427189068195, 37.550263675064791],
            [-121.245386587912321, 37.550124608350089],
            [-121.24537078924142, 37.550091274405389],
            [-121.245327922534372, 37.549916275224405],
            [-121.245300788921199, 37.54984840849211],
            [-121.245259588589022, 37.549709474897462],
            [-121.245220188480658, 37.549607475431365],
            [-121.245206188236949, 37.549537408406316],
            [-121.245176989396981, 37.549469874642874],
            [-121.24515312205817, 37.549401208404895],
            [-121.245118322222396, 37.549261608771609],
            [-121.245085189659747, 37.54919500846772],
            [-121.245062122719901, 37.549126874711298],
            [-121.245019122163868, 37.548951941638563],
            [-121.244985989601247, 37.548885408718363],
            [-121.244961522187864, 37.548780674641186],
            [-121.244927522750984, 37.548677475243579],
            [-121.244888189117944, 37.548538275233497],
            [-121.244849722359163, 37.548436475010391],
            [-121.244802989303153, 37.54826207519497],
            [-121.244785389510099, 37.548229075161117],
            [-121.244772721467967, 37.548195008205333],
            [-121.244753988001023, 37.548125075174674],
            [-121.244735922880679, 37.54809247534903],
            [-121.244722988937212, 37.548058275145209],
            [-121.244716389014798, 37.547987208839224],
            [-121.244707322318632, 37.547952408894922],
            [-121.244682456053283, 37.54788387515714],
            [-121.244663722586324, 37.547851608547056],
            [-121.244649188743352, 37.547781274923693],
            [-121.244619122130786, 37.547713874892018],
            [-121.244591788193333, 37.547609607813946],
            [-121.244535922864102, 37.547436808577885],
            [-121.24450912252594, 37.547332474874928],
            [-121.244481388838182, 37.547265274574094],
            [-121.244473122540938, 37.54723040805532],
            [-121.244414522739973, 37.547058608626237],
            [-121.244378388906014, 37.546919008166761],
            [-121.244347188619543, 37.546852274718702],
            [-121.24429938926329, 37.546678075608405],
            [-121.244283521422119, 37.546644808497035],
            [-121.244229723116376, 37.546471474982908],
            [-121.24419312215845, 37.546332475265821],
            [-121.244181322787171, 37.546298274966723],
            [-121.244163921521817, 37.546265208537434],
            [-121.244151588551276, 37.546231008207485],
            [-121.244146721479055, 37.546195475260284],
            [-121.244117922389393, 37.546128474786393],
            [-121.24408818905178, 37.546024074438201],
            [-121.244074722407362, 37.54595367498866],
            [-121.244039722247265, 37.545887874427279],
            [-121.244006522310997, 37.545748008957069],
            [-121.243986122469224, 37.545679208949593],
            [-121.243959122705036, 37.545611274969602],
            [-121.243941922662273, 37.545578275186713],
            [-121.243912988825301, 37.54543767480844],
            [-121.243881189362554, 37.545362608867009],
            [-121.243866922319214, 37.545292208792787],
            [-121.243836588907016, 37.5452248748865],
            [-121.243811789116961, 37.545156274538527],
            [-121.243776989281159, 37.545016675502268],
            [-121.243750122467645, 37.544948675391311],
            [-121.243729721727547, 37.544879674503065],
            [-121.243702388688405, 37.5448116749794],
            [-121.243653989257524, 37.54463780870951],
            [-121.243584189261611, 37.544431675368209],
            [-121.243565922020323, 37.544361674703737],
            [-121.24354958885182, 37.544328475647688],
            [-121.243493122549708, 37.544156008553585],
            [-121.243477122656188, 37.544086008342532],
            [-121.243437789023147, 37.543984275402025],
            [-121.243415121833593, 37.543915408238682],
            [-121.243390721793844, 37.543810408626975],
            [-121.243352522733034, 37.543708008631228],
            [-121.24332278849711, 37.543603875553984],
            [-121.243294522108371, 37.543536274447668],
            [-121.243269122243717, 37.54343127501425],
            [-121.243235189282174, 37.543365274928384],
            [-121.24322358843861, 37.543330675110397],
            [-121.243191389225558, 37.543190675209466],
            [-121.243176788907235, 37.54315687447663],
            [-121.24314878841983, 37.543052408711617],
            [-121.243082322071956, 37.542845275229986],
            [-121.243044521863112, 37.542706075013108],
            [-121.242990989458704, 37.542570008546065],
            [-121.242974322116922, 37.542500075224289],
            [-121.242969922168669, 37.542464541923302],
            [-121.242958388698753, 37.542430275032594],
            [-121.24294092275467, 37.542397275266154],
            [-121.242906921521168, 37.542293808474469],
            [-121.242902922221518, 37.542258275075177],
            [-121.242893122500092, 37.542223274443081],
            [-121.242875988034356, 37.542190275297308],
            [-121.242864521938074, 37.542156008280514],
            [-121.242851322093287, 37.542085608739598],
            [-121.24276158848123, 37.541846875044193],
            [-121.242750588610576, 37.541776208817708],
            [-121.24273358889215, 37.541706274751348],
            [-121.242675388841519, 37.541534408457785],
            [-121.242656389473254, 37.541464874469071],
            [-121.242629789459372, 37.541397408182164],
            [-121.242556989090446, 37.541154675632733],
            [-121.242539188973069, 37.541084874893741],
            [-121.242511188485665, 37.541018008723235],
            [-121.242474389000051, 37.540879075053049],
            [-121.242449589210025, 37.540810408736782],
            [-121.242416789024048, 37.54067027446591],
            [-121.242391722434348, 37.54060260801775],
            [-121.242383521714117, 37.540531607970443],
            [-121.242371788818204, 37.540497208416809],
            [-121.242365922819388, 37.540462008227657],
            [-121.242332521660515, 37.540213608443949],
            [-121.242325988213423, 37.540000208812558],
            [-121.242326122062408, 37.539502207957227],
            [-121.242320588440279, 37.539288408110558],
            [-121.242332788460146, 37.539182741673564],
            [-121.24233312263344, 37.539040074935599],
            [-121.242327122785653, 37.538862407851759],
            [-121.242333189108763, 37.538827275272645],
            [-121.242334322782639, 37.538791609156021],
            [-121.242328389410204, 37.53872100841572],
            [-121.242325921738129, 37.538614608204867],
            [-121.242330588486013, 37.538579208391603],
            [-121.242334122458331, 37.538472474615425],
            [-121.24232778933559, 37.538294608155368],
            [-121.242327521637634, 37.538152275219481],
            [-121.24232012221465, 37.538010408580512],
            [-121.242316522665291, 37.53740580872045],
            [-121.242321122039542, 37.537263475512681],
            [-121.242325522886119, 37.537228075770301],
            [-121.24232132236385, 37.537049875109574],
            [-121.242328522360879, 37.536979008446359],
            [-121.242323189063029, 37.536943607856607],
            [-121.242334321884329, 37.536873075174853],
            [-121.242332988784455, 37.536802075137892],
            [-121.242307922194755, 37.536625875111284],
            [-121.242288921928179, 37.536520208462896],
            [-121.242251389417305, 37.536455275033262],
            [-121.242235322150137, 37.53638527542779],
            [-121.242212322583924, 37.536316208915032],
            [-121.242118989422522, 37.536115675039007],
            [-121.242025789211809, 37.535954007939111],
            [-121.242011389217794, 37.535920208199613],
            [-121.24196652196261, 37.535858208372098],
            [-121.241867522228389, 37.535738475480287],
            [-121.241812322550814, 37.535682008252302],
            [-121.241690122027791, 37.535576275443361],
            [-121.241530921694832, 37.535448275359308],
            [-121.24149552268274, 37.53542587501925],
            [-121.241382988930468, 37.535364874911394],
            [-121.240951189434639, 37.535166608722726],
            [-121.24060198913088, 37.53499900856238],
            [-121.240285988763375, 37.534857274832355],
            [-121.240133322775804, 37.534779608135956],
            [-121.240054988784706, 37.534743408670458],
            [-121.239929123135298, 37.534690408409858],
            [-121.239697188908721, 37.534577475173357],
            [-121.239539122249624, 37.534506674546357],
            [-121.239423522547298, 37.534450009064024],
            [-121.239224988581299, 37.534362474425798],
            [-121.238603389438993, 37.534065808592445],
            [-121.238367589761722, 37.533958074617786],
            [-121.238019389282897, 37.533788874632968],
            [-121.237665188956242, 37.533628008880775],
            [-121.237549388929622, 37.533571274344162],
            [-121.237429989353615, 37.533519408754607],
            [-121.237202522448953, 37.533400408690589],
            [-121.23716052171784, 37.53338627470449],
            [-121.237120189158219, 37.53336960826595],
            [-121.237082989023989, 37.533348875655733],
            [-121.23696038875066, 37.53330140804367],
            [-121.236844389297985, 37.533245208243969],
            [-121.23672458907339, 37.533193408677548],
            [-121.236600988975141, 37.533148208424137],
            [-121.236398122434508, 37.533067674813083],
            [-121.236354388853215, 37.5330572756979],
            [-121.236313122045715, 37.533042208447398],
            [-121.235948588398372, 37.532896074979753],
            [-121.235824921824758, 37.532851274896821],
            [-121.235780122841547, 37.532844275170838],
            [-121.235697922501487, 37.532814408431129],
            [-121.235617388536269, 37.532781075294736],
            [-121.235574589202869, 37.532768875271913],
            [-121.23549398966064, 37.532735274976844],
            [-121.235456521828453, 37.532715208255361],
            [-121.235414788795296, 37.532700675212652],
            [-121.23532892243054, 37.532678608148572],
            [-121.235251589162658, 37.532641008569037],
            [-121.235166521400217, 37.532615808484039],
            [-121.235089122555337, 37.532577808520692],
            [-121.235004321592513, 37.532553607870319],
            [-121.234836323159655, 37.532498407676187],
            [-121.234758722193845, 37.532461075145129],
            [-121.23471678883638, 37.532446674554009],
            [-121.234673188205733, 37.532436208389292],
            [-121.234594922486622, 37.532399808322147],
            [-121.234507788598989, 37.532378808302717],
            [-121.23434558968961, 37.532313608401488],
            [-121.234223188842279, 37.532268074936532],
            [-121.234139721877639, 37.532240608665141],
            [-121.234060188635638, 37.53220547439102],
            [-121.233974988820847, 37.532180608262351],
            [-121.233892521681099, 37.532151408751737],
            [-121.233810322239364, 37.532120874951822],
            [-121.233771722529909, 37.532101874490294],
            [-121.23372972269712, 37.532087675431967],
            [-121.2335151888376, 37.532027474728594],
            [-121.233255589195224, 37.531960874700871],
            [-121.233167322532026, 37.53194340865744],
            [-121.233077588021686, 37.531932208674263],
            [-121.232945988425826, 37.531904208708966],
            [-121.232812722455094, 37.531882874445174],
            [-121.232541388120168, 37.531858008921319],
            [-121.232496922411912, 37.531850674997159],
            [-121.232270788607138, 37.531832275001022],
            [-121.232181189742363, 37.531819608215649],
            [-121.231999521645832, 37.531809808748484],
            [-121.231911521782294, 37.531792807852433],
            [-121.231774988638861, 37.53178947534866],
            [-121.231594588963517, 37.531769408372703],
            [-121.231503721677583, 37.531765808013709],
            [-121.231368923180995, 37.531750075140977],
            [-121.230914989196563, 37.5317252743993],
            [-121.230735588447828, 37.531701874898381],
            [-121.230508522191755, 37.531690474700476],
            [-121.230463322559913, 37.531686875050049],
            [-121.230418988904034, 37.531679808251162],
            [-121.230237789728079, 37.531665808578637],
            [-121.230101322161673, 37.531660808389645],
            [-121.23001198829995, 37.531645274960972],
            [-121.229967188418385, 37.531640275482985],
            [-121.229513522131938, 37.531612075229425],
            [-121.229424789243126, 37.53159560857312],
            [-121.229287988401765, 37.531591675524361],
            [-121.229062188770271, 37.531570075453438],
            [-121.228971122058311, 37.531566208654688],
            [-121.228926389550438, 37.53156040845618],
            [-121.228882388271202, 37.531550274848641],
            [-121.228746722002043, 37.531540474633708],
            [-121.228564922751474, 37.531532674781552],
            [-121.228475122664094, 37.53152040830313],
            [-121.228293189564525, 37.531511274872472],
            [-121.227976789446757, 37.531483008318723],
            [-121.22784032277869, 37.531476608289033],
            [-121.227790922624564, 37.53146807539018],
            [-121.227608988626727, 37.531460408745708],
            [-121.227338989188283, 37.531429807699055],
            [-121.226975722165491, 37.531409675087225],
            [-121.226886588628048, 37.53139447500088],
            [-121.226704988803476, 37.531384208867784],
            [-121.2266609219472, 37.531375875425283],
            [-121.226615589364712, 37.531371875401049],
            [-121.226479522446951, 37.53136480785993],
            [-121.22638918876028, 37.531355808338041],
            [-121.226207923109001, 37.531345008625401],
            [-121.226118388922941, 37.531331274608625],
            [-121.225800789554228, 37.531313274843299],
            [-121.225710389392262, 37.531305874613984],
            [-121.225620189554576, 37.531295075606494],
            [-121.225532922716297, 37.531275608323853],
            [-121.225263188280891, 37.531243275398012],
            [-121.225219189696574, 37.531234208185062],
            [-121.225133922508135, 37.531208808157373],
            [-121.224958589330953, 37.531170608722071],
            [-121.224828522260992, 37.531138408966555],
            [-121.224656522731848, 37.531092008524489],
            [-121.224614989124689, 37.53107700855351],
            [-121.22453738905719, 37.531040008707159],
            [-121.224377788973939, 37.530971808491756],
            [-121.22433972196545, 37.530952074692415],
            [-121.2242003231963, 37.530860607848027],
            [-121.223973322517253, 37.53068580858691],
            [-121.223919122664569, 37.530628675723854],
            [-121.223831522551336, 37.530546807935735],
            [-121.223807589635527, 37.53051647579769],
            [-121.223788922643934, 37.530484208795073],
            [-121.223723389645642, 37.530390675442291],
            [-121.223703588980158, 37.530358608567298],
            [-121.223689389310451, 37.530324675211759],
            [-121.22356598953651, 37.530134875246567],
            [-121.223535588750664, 37.530067808335346],
            [-121.223497388791515, 37.530003275352755],
            [-121.223471588278244, 37.529974008024567],
            [-121.223431855793223, 37.529909874614908],
            [-121.223420588224613, 37.529875408182875],
            [-121.223301921673894, 37.529683275395776],
            [-121.223274122409123, 37.52961567520429],
            [-121.223234588451774, 37.529551675417579],
            [-121.223187921871073, 37.5294904083419],
            [-121.223101522805365, 37.529326008356129],
            [-121.223045988954496, 37.529229408796091],
            [-121.222939721849642, 37.529072207788829],
            [-121.222930188927847, 37.529037275769781],
            [-121.222866788530069, 37.528942808776698],
            [-121.222835521768275, 37.528876074911921],
            [-121.222715788917313, 37.528684808687899],
            [-121.222683122580321, 37.528618675152401],
            [-121.222581522223379, 37.528460008143668],
            [-121.222548588188417, 37.528393475459083],
            [-121.222525389196207, 37.528363008512159],
            [-121.222457388525839, 37.528231274408419],
            [-121.222389189327785, 37.52813880898691],
            [-121.222350188969727, 37.528074807933045],
            [-121.222340988424577, 37.528039808480017],
            [-121.222305322612868, 37.527974608347876],
            [-121.222280521924489, 37.527944608573875],
            [-121.222219388874478, 37.52784980821135],
            [-121.222208322528473, 37.527815475474],
            [-121.222115588543389, 37.527653608715106],
            [-121.222014588261032, 37.527494875535872],
            [-121.221965188106935, 37.527396608679247],
            [-121.221905788805415, 37.527300608616109],
            [-121.22187958944015, 37.52727147558749],
            [-121.221858922798717, 37.527239675241944],
            [-121.221846588929864, 37.527205208288507],
            [-121.221718521509715, 37.526978209019788],
            [-121.221635922317645, 37.526852008725839],
            [-121.221585122588323, 37.526753074904036],
            [-121.221560922872882, 37.526723008383129],
            [-121.221523389463684, 37.526658408388343],
            [-121.221490921654379, 37.526592607897221],
            [-121.221425056279415, 37.526499207875645],
            [-121.221407122313067, 37.526466275151627],
            [-121.221396188917765, 37.526431808553269],
            [-121.221297189183574, 37.526273275104451],
            [-121.221243588507193, 37.526175608643221],
            [-121.221201921949373, 37.526112675265594],
            [-121.221135188801853, 37.525980408562212],
            [-121.221050789385956, 37.525853874585721],
            [-121.221001389231859, 37.525754675126571],
            [-121.220940522083154, 37.525659608379478],
            [-121.220917189241959, 37.525628875289492],
            [-121.220881923180542, 37.525563608930717],
            [-121.220840989647996, 37.525500075164025],
            [-121.22078638914671, 37.525402474659764],
            [-121.220773189301923, 37.525368608156178],
            [-121.220728989495015, 37.525306208427622],
            [-121.220640988733138, 37.525141942420824],
            [-121.220594988702388, 37.525080408119692],
            [-121.220557189391855, 37.525015875096962],
            [-121.220545321748631, 37.524981674994585],
            [-121.220443922614322, 37.524822208011599],
            [-121.220356589300707, 37.524659608775181],
            [-121.220259389790328, 37.524499208509958],
            [-121.220149388388847, 37.524304275485669],
            [-121.220126722097589, 37.524273408609254],
            [-121.220066988622804, 37.524177475059496],
            [-121.220054122052971, 37.524143275285219],
            [-121.220011588620892, 37.524080275360014],
            [-121.219974989459587, 37.524015208557934],
            [-121.219960321767616, 37.523981608594262],
            [-121.219856189059882, 37.52382367481195],
            [-121.21982452254781, 37.523757408012514],
            [-121.21976812182271, 37.523701408346106],
            [-121.219743122606658, 37.523671342020172],
            [-121.219724188815405, 37.523639074906349],
            [-121.219658389017468, 37.523545275061039],
            [-121.219554988436713, 37.523428075138717],
            [-121.219407188623009, 37.523292808497786],
            [-121.219373522461126, 37.523268808598232],
            [-121.219106521599102, 37.522966007801131],
            [-121.218900322308784, 37.522626607860559],
            [-121.218711322162903, 37.522142475352638],
            [-121.218516189218548, 37.521699807854475],
            [-121.218150589270962, 37.519914474890555],
            [-121.217779188901574, 37.518053608196126],
            [-121.217616123117949, 37.517204875374709],
            [-121.216773121597441, 37.513163875081304],
            [-121.216484189266112, 37.511526875681831],
            [-121.216511321980946, 37.511006408154813],
            [-121.216854988662547, 37.509293007877211],
            [-121.216898788719178, 37.50886160869576],
            [-121.216846922689641, 37.508560607894943],
            [-121.216518188702963, 37.507794208666247],
            [-121.215416788587632, 37.505461808698371],
            [-121.215139521778553, 37.504816408196646],
            [-121.214974321597808, 37.504493475314888],
            [-121.214776721879701, 37.504296808197665],
            [-121.214592988556319, 37.504156875419255],
            [-121.214314322172029, 37.504014208679614],
            [-121.213988721509097, 37.503948475874957],
            [-121.210447321910607, 37.503701808801225],
            [-121.209754989422834, 37.503720274884635],
            [-121.206243922338203, 37.504330208221319],
            [-121.205738122324249, 37.504412275097444],
            [-121.205252722152039, 37.504433274437218],
            [-121.204860788990203, 37.504405874883467],
            [-121.204438988641797, 37.50430720918385],
            [-121.19957032192282, 37.502406875427532],
            [-121.198114388205852, 37.501907474779458],
            [-121.197383189208992, 37.501645208550741],
            [-121.196965522009222, 37.501440075278381],
            [-121.196634589845047, 37.501222008625298],
            [-121.196424322084823, 37.501031875215901],
            [-121.196279121995559, 37.500804407917087],
            [-121.196246989257858, 37.500606075536787],
            [-121.196234121789715, 37.499200208389247],
            [-121.196332189072677, 37.495781808272582],
            [-121.196275455970905, 37.495449674950208],
            [-121.196097522170973, 37.495036009008743],
            [-121.195355521831132, 37.494188275288394],
            [-121.195286588709507, 37.494112208404253],
            [-121.194962589742715, 37.493754408270995],
            [-121.194590322499081, 37.49334240860302],
            [-121.192617122671862, 37.491339874872679],
            [-121.190257789206285, 37.485861008572193],
            [-121.188481922297512, 37.482842674994494],
            [-121.187008122886198, 37.480443675862567],
            [-121.187033922501143, 37.479961008459135],
            [-121.187489722286429, 37.478359675447955],
            [-121.187606321813675, 37.477851075232174],
            [-121.187474989017446, 37.477426075151925],
            [-121.187239922365478, 37.47704620853488],
            [-121.186431921903392, 37.47656407525244],
            [-121.183921388500764, 37.47596360859545],
            [-121.183546588906339, 37.475822407926366],
            [-121.183178522184988, 37.475544008091575],
            [-121.182927989238777, 37.47529160874015],
            [-121.180453122546197, 37.472947808234878],
            [-121.18003832187047, 37.472628408494522],
            [-121.179711322530636, 37.47246860865679],
            [-121.176986788867765, 37.471688475460802],
            [-121.176200989369633, 37.47142660860569],
            [-121.175764989351521, 37.471077741545436],
            [-121.174620121556217, 37.469937075167259],
            [-121.174459589021666, 37.469725008871592],
            [-121.172572322034526, 37.466883075232126],
            [-121.172547122494166, 37.466090674958792],
            [-121.172608322019556, 37.464452409055447],
            [-121.172496922839485, 37.464068609057691],
            [-121.172308122119574, 37.463743674649898],
            [-121.170038788167375, 37.461458075507828],
            [-121.169751722535182, 37.46116260875462],
            [-121.169564922363435, 37.460811809189465],
            [-121.169495788917487, 37.460393608932335],
            [-121.169493989591956, 37.458823875157059],
            [-121.169431788445067, 37.458425408916042],
            [-121.169296388975539, 37.45809767538578],
            [-121.16908258903959, 37.45788840858598],
            [-121.166403788607838, 37.457081475035501],
            [-121.166062188949695, 37.45694180892783],
            [-121.165692789128443, 37.456752808593301],
            [-121.165209522455044, 37.456235675314304],
            [-121.164285789339971, 37.454636475387495],
            [-121.163948922006753, 37.453978074847335],
            [-121.163686522315615, 37.453176408344255],
            [-121.163009122522794, 37.450485475167547],
            [-121.162601989866374, 37.449061075329183],
            [-121.162418922194618, 37.448000874680737],
            [-121.162387788383498, 37.446972074911969],
            [-121.162231789646199, 37.446585008646615],
            [-121.161825588542726, 37.446195875680182],
            [-121.158826989666437, 37.443526008830709],
            [-121.158451788525085, 37.443257608647635],
            [-121.158080189628038, 37.443030808490704],
            [-121.157477722804629, 37.442920874788861],
            [-121.152032789525848, 37.442893675915386],
            [-121.148908588206538, 37.442882475411423],
            [-121.146817122477216, 37.442870408335772],
            [-121.146226189123752, 37.442872874672453],
            [-121.145816655270565, 37.442866475605577],
            [-121.14549792222796, 37.442857608774602],
            [-121.145315922653083, 37.442859675704881],
            [-121.145088389273084, 37.442851808103477],
            [-121.144861121794406, 37.442827808740191],
            [-121.144544322824643, 37.44280440847988],
            [-121.144002122177028, 37.44275827480493],
            [-121.143106988725634, 37.442642008660073],
            [-121.142116389512395, 37.442542141621765],
            [-121.141848322350128, 37.442504075128305],
            [-121.14180432196919, 37.4424946747584],
            [-121.141714722206146, 37.442483675325576],
            [-121.141492588599291, 37.442446074541813],
            [-121.141227189433437, 37.442395608481732],
            [-121.140914723038293, 37.442349208519452],
            [-121.140693922531355, 37.442306608627135],
            [-121.140473988898663, 37.442260408314681],
            [-121.140119788572008, 37.442194808044313],
            [-121.139986455227643, 37.442173474535281],
            [-121.139943789743228, 37.442161074978657],
            [-121.13962498932699, 37.442022475112609],
            [-121.139547921960457, 37.441984608773751],
            [-121.139399788871799, 37.4419026088378],
            [-121.139187121711416, 37.441768608870838],
            [-121.139068722858653, 37.441660675373306],
            [-121.138982922070937, 37.44157760879056],
            [-121.138029122343283, 37.440576274905439],
            [-121.13703392195913, 37.439510675907506],
            [-121.136594723040318, 37.439055209121221],
            [-121.136177189689519, 37.4386322752325],
            [-121.135373588277403, 37.437766875097196],
            [-121.134718522399154, 37.437081008117424],
            [-121.134492122693047, 37.436858275641697],
            [-121.13427132308442, 37.436631408298616],
            [-121.134057188975206, 37.43640080834502],
            [-121.133979122682064, 37.436313008245207],
            [-121.133932722002697, 37.436252008471051],
            [-121.133831722618666, 37.436133608037856],
            [-121.133762589172733, 37.43604180891289],
            [-121.13370198882366, 37.435946008105361],
            [-121.133667789960796, 37.435879808126444],
            [-121.133628322478771, 37.435740608158618],
            [-121.133617322608131, 37.435670008394702],
            [-121.133606989287415, 37.435624208423341],
            [-121.133587589270533, 37.435482608449838],
            [-121.133587723119518, 37.435447008513094],
            [-121.133496855833585, 37.434456475513976],
            [-121.133493922834191, 37.434385608475161],
            [-121.133385122480234, 37.433148008789182],
            [-121.133375321860484, 37.433077609162517],
            [-121.133285388822443, 37.432052675887867],
            [-121.133282522298373, 37.431981808713111],
            [-121.133222188748931, 37.431275074978423],
            [-121.133212989102105, 37.431204608676516],
            [-121.133201721533496, 37.430956209154552],
            [-121.133185321889655, 37.430850475699529],
            [-121.133145122280709, 37.430675008610201],
            [-121.133099989124204, 37.430574275296401],
            [-121.13298678972032, 37.43034187545647],
            [-121.132912588877858, 37.430174208342045],
            [-121.132751522744044, 37.429879474748788],
            [-121.132205389272102, 37.428937074757009],
            [-121.13169852295789, 37.428100408237299],
            [-121.131514522834848, 37.427774208999075],
            [-121.131341922332794, 37.427483275368658],
            [-121.131261389265902, 37.427355608601623],
            [-121.131132988570769, 37.427127208658263],
            [-121.13108252301474, 37.427028008611984],
            [-121.131039789258338, 37.426926675433172],
            [-121.130988389454401, 37.426753008991639],
            [-121.130970989087359, 37.426647408709222],
            [-121.1309589893918, 37.426541274668132],
            [-121.130953122494688, 37.426434675350883],
            [-121.130961922391194, 37.426042408559773],
            [-121.130969389187854, 37.423227009156093],
            [-121.130953989368933, 37.422329808478089],
            [-121.130930922429059, 37.421440807922608],
            [-121.130909588339392, 37.419660474993719],
            [-121.130896722667885, 37.41898427564557],
            [-121.130899788617938, 37.418307208331484],
            [-121.130835922892842, 37.414890475444878],
            [-121.13082332222433, 37.414356875695098],
            [-121.130819121702075, 37.413644475892426],
            [-121.130812322353691, 37.413431074852234],
            [-121.13079418896136, 37.413182875366573],
            [-121.130783588840984, 37.413112408447475],
            [-121.130733122386644, 37.412938675004412],
            [-121.1306881221808, 37.412838208941096],
            [-121.130635789027309, 37.412739674937512],
            [-121.130591989869018, 37.412677208948516],
            [-121.130478722193132, 37.412565474704571],
            [-121.13031958833551, 37.412439141751399],
            [-121.130284389647713, 37.412416409117888],
            [-121.129902389157976, 37.41222527491734],
            [-121.129785122182497, 37.41217100897228],
            [-121.129507922747067, 37.412049074918521],
            [-121.129148122322931, 37.411896074660284],
            [-121.128953722403864, 37.411804208711281],
            [-121.12879452296923, 37.411735475069683],
            [-121.128716988478743, 37.41169860803938],
            [-121.128614188870898, 37.411628275293516],
            [-121.128549188573572, 37.411577675718604],
            [-121.128514322262447, 37.41155487575233],
            [-121.128451788738857, 37.411503275051935],
            [-121.128313189470319, 37.411362208125453],
            [-121.128206121966542, 37.411247074814796],
            [-121.127187122515593, 37.410114874788],
            [-121.126564189375088, 37.409415474679214],
            [-121.126154188397948, 37.408946675492722],
            [-121.125912321499257, 37.408688474988111],
            [-121.125265989042234, 37.40804300872221],
            [-121.124621722710373, 37.407355208959842],
            [-121.124574721956364, 37.407294875609004],
            [-121.124471188424934, 37.407178408813706],
            [-121.124424388893587, 37.407117875521728],
            [-121.123999722021111, 37.406616608720128],
            [-121.123796588680875, 37.406381675546037],
            [-121.12370738866808, 37.406258208585953],
            [-121.123687189150615, 37.406226475176702],
            [-121.123653188815425, 37.406160475836245],
            [-121.123613388956755, 37.406058809008627],
            [-121.123548522508401, 37.40585200837252],
            [-121.123510922623879, 37.405713075113439],
            [-121.12336052218744, 37.405194408127016],
            [-121.123337122870922, 37.405126008801403],
            [-121.123330389099522, 37.405090675583324],
            [-121.123307122733678, 37.405022008567911],
            [-121.122738589770137, 37.403051808290257],
            [-121.122677588772476, 37.402844808821378],
            [-121.122653722331989, 37.402776674954019],
            [-121.122348322084875, 37.401742008486913],
            [-121.122309123199116, 37.401640275006343],
            [-121.122293522157577, 37.401607075294095],
            [-121.122254923346446, 37.401542608308745],
            [-121.122188188402291, 37.401449675645658],
            [-121.122141922470234, 37.401388542564959],
            [-121.122113589606172, 37.401360808371031],
            [-121.122081388596484, 37.401335475505164],
            [-121.121878522954205, 37.401193408914466],
            [-121.121796589413748, 37.401163075630784],
            [-121.121638521856369, 37.401092409008619],
            [-121.121595389248, 37.401080875410294],
            [-121.121443389810366, 37.401025675821074],
            [-121.12039998942133, 37.400681475125253],
            [-121.120317922031916, 37.400651275082893],
            [-121.119940922463357, 37.400529875342734],
            [-121.118932921984737, 37.400209408513994],
            [-121.117794522957794, 37.399856609035517],
            [-121.117630389077263, 37.399795675187136],
            [-121.117514189300323, 37.399740208464522],
            [-121.117403121598599, 37.399678408165137],
            [-121.117151989476085, 37.399524475607443],
            [-121.115955323024878, 37.398709008360917],
            [-121.115160588882901, 37.398178675350394],
            [-121.114570988629325, 37.397846474538873],
            [-121.114159588975269, 37.397626408612055],
            [-121.11356718957127, 37.397298408813164],
            [-121.113491522678274, 37.397259675592018],
            [-121.113121922532713, 37.397054008946171],
            [-121.112934989410277, 37.396954074670852],
            [-121.11234178870906, 37.396627275171987],
            [-121.111856522385835, 37.396366674963986],
            [-121.110927789247881, 37.395860474690508],
            [-121.11085158875558, 37.395822608554518],
            [-121.110628388848497, 37.395701675586714],
            [-121.110293988289058, 37.395519275550193],
            [-121.110147122723276, 37.395435875869218],
            [-121.109835189029042, 37.395179608556475],
            [-121.109769589555427, 37.39513080848193],
            [-121.10939292236354, 37.394825874739261],
            [-121.108854521589592, 37.394397074998231],
            [-121.10879452311174, 37.394344275616788],
            [-121.108699589152536, 37.394268608880523],
            [-121.108664788418423, 37.394245675182773],
            [-121.108449388582969, 37.394069208087238],
            [-121.108383522309694, 37.394020674924143],
            [-121.10755998817973, 37.393365874887984],
            [-121.107499988803596, 37.393313075493857],
            [-121.107119522636353, 37.393011475905979],
            [-121.107085388452191, 37.392988008688526],
            [-121.107024856375091, 37.392935609415098],
            [-121.106800388945132, 37.392711808529263],
            [-121.106778121505869, 37.392680675318466],
            [-121.106681589443753, 37.392520008846304],
            [-121.106656922604387, 37.392451675032284],
            [-121.106621122045354, 37.392312808996813],
            [-121.106596922329913, 37.392244608457432],
            [-121.106419788928946, 37.391659875392179],
            [-121.106402923059477, 37.391590475217775],
            [-121.106368788875329, 37.391487408296278],
            [-121.106284322085784, 37.39128460923142],
            [-121.106220722261966, 37.391150875529007],
            [-121.106104989608994, 37.390998275816195],
            [-121.106021589119678, 37.390872675175942],
            [-121.105534988798269, 37.390193608722278],
            [-121.105494388540677, 37.3901302753127],
            [-121.105402989452102, 37.390008075568836],
            [-121.105362522145185, 37.389944809093187],
            [-121.104794589256244, 37.389139275633205],
            [-121.104748188576892, 37.389078475105649],
            [-121.104448789075846, 37.388642274518908],
            [-121.104408988318866, 37.388578808469944],
            [-121.10425378998049, 37.388362875042503],
            [-121.104194189456351, 37.388267609215681],
            [-121.104089722575324, 37.388070475740413],
            [-121.104063122561442, 37.388002474759951],
            [-121.104014123055961, 37.387829008563841],
            [-121.104011922183489, 37.387793608662953],
            [-121.104029389025882, 37.38768787494007],
            [-121.104067922260001, 37.385309875288229],
            [-121.104071789507302, 37.38523887466134],
            [-121.104097055522985, 37.383677008031853],
            [-121.104094922024174, 37.383606008713947],
            [-121.104101323418902, 37.383180075636311],
            [-121.10410512239423, 37.383144608585077],
            [-121.10410398872034, 37.383007875265157],
            [-121.104107788593979, 37.382936875313682],
            [-121.104108189242609, 37.382688474886066],
            [-121.104111922640939, 37.382617542443199],
            [-121.104127388935183, 37.381481809053199],
            [-121.104126522959248, 37.381304408939009],
            [-121.10414332235338, 37.380062208782391],
            [-121.104179789462336, 37.377719608958166],
            [-121.104253989406487, 37.375056808483869],
            [-121.104252789257259, 37.374985808857254],
            [-121.104304721762148, 37.373669475585608],
            [-121.104309789158677, 37.373477475131544],
            [-121.104349122791689, 37.372001275193369],
            [-121.104392389249043, 37.371007208828097],
            [-121.104433189830942, 37.370653075397485],
            [-121.104456122023521, 37.370298408426578],
            [-121.104461322370696, 37.370263008816941],
            [-121.104463389394155, 37.370192008222524],
            [-121.104469988418245, 37.370121808578276],
            [-121.104474122465177, 37.369979675693585],
            [-121.10449152283222, 37.369838008016707],
            [-121.104492589132462, 37.369731408689098],
            [-121.104485189709479, 37.369304875645696],
            [-121.104464522169749, 37.368806675743777],
            [-121.104468189092714, 37.368771274716316],
            [-121.104480322637258, 37.368309609120395],
            [-121.104491589307571, 37.367599875096211],
            [-121.104480922711872, 37.36688967528832],
            [-121.104480922711872, 37.366392408908254],
            [-121.104492388808154, 37.365860008849971],
            [-121.10449898962888, 37.365718074940105],
            [-121.104486322485045, 37.365398075452703],
            [-121.104503922278099, 37.365149942506214],
            [-121.104544389585001, 37.36493847531672],
            [-121.10457265597374, 37.364833875282116],
            [-121.10467358888242, 37.364561008479122],
            [-121.104702589194744, 37.364493475966242],
            [-121.104737589354855, 37.364427875404637],
            [-121.104874989372505, 37.36420360816976],
            [-121.105052055399838, 37.363996208699163],
            [-121.105134589014881, 37.36391120820042],
            [-121.105255990037321, 37.363805275876352],
            [-121.105493522564771, 37.363639808842841],
            [-121.105769788650605, 37.363455208853594],
            [-121.105982789085942, 37.363322408675621],
            [-121.106277322413092, 37.363155474765108],
            [-121.106876722388094, 37.362775075886802],
            [-121.107127788933596, 37.36256847570786],
            [-121.10729318943865, 37.362399008302049],
            [-121.107463722018935, 37.362188408717444],
            [-121.107484388660339, 37.362156675215786],
            [-121.107574989146656, 37.361993408654428],
            [-121.107598988537788, 37.361924808546924],
            [-121.10760672303239, 37.36188967559152],
            [-121.107689988774368, 37.361613075285405],
            [-121.107707388243128, 37.361543275308804],
            [-121.107714988888745, 37.361472475665153],
            [-121.107807255749876, 37.360126208719549],
            [-121.107829189015845, 37.35973620879399],
            [-121.10783652196352, 37.359665475277289],
            [-121.107859522428072, 37.359240208809624],
            [-121.107858188429859, 37.359204675458493],
            [-121.107880922993061, 37.358853076094292],
            [-121.107950322340344, 37.357435075440684],
            [-121.107957122587067, 37.357364275491584],
            [-121.107976988829549, 37.356903075959629],
            [-121.107984122351226, 37.35683220910245],
            [-121.108048521675641, 37.355661808433204],
            [-121.108078589186491, 37.355271676057626],
            [-121.108078189436213, 37.354915808874694],
            [-121.10808592213418, 37.354738275241345],
            [-121.108082188735864, 37.354667008605347],
            [-121.108063789442198, 37.354525408416755],
            [-121.108052189496945, 37.354383408082413],
            [-121.108023922209895, 37.35427887473962],
            [-121.108001122069666, 37.354209808433133],
            [-121.107921189077359, 37.354043675435726],
            [-121.107785322483906, 37.353858874751587],
            [-121.107738522952559, 37.353798009205143],
            [-121.107686522175683, 37.353739808537618],
            [-121.107664388585405, 37.353708674857302],
            [-121.106984788818451, 37.35299620847384],
            [-121.106797923069692, 37.352794675651047],
            [-121.106774589330186, 37.352764275657478],
            [-121.106670389248819, 37.352647875530693],
            [-121.106384589342866, 37.352284809318029],
            [-121.106218122537541, 37.352031208775522],
            [-121.106062122003635, 37.351773875522262],
            [-121.105932389106911, 37.35154660911703],
            [-121.105917922637573, 37.351512875216706],
            [-121.105766522376229, 37.351215875562787],
            [-121.105514721907156, 37.350759075692025],
            [-121.105464188977464, 37.350660075896016],
            [-121.105370189266139, 37.350460075700667],
            [-121.105301921796141, 37.350290408139919],
            [-121.10524938921661, 37.35011720892409],
            [-121.105202322885617, 37.349907475371062],
            [-121.105178188747203, 37.3497306090146],
            [-121.105162523026948, 37.349445809408536],
            [-121.105163989077496, 37.349125809091838],
            [-121.105169122949363, 37.349019208905744],
            [-121.105191589814595, 37.34877147527304],
            [-121.105215988956033, 37.348666475648415],
            [-121.105289389399587, 37.348424475280993],
            [-121.105328789507936, 37.348322675172511],
            [-121.105438189936521, 37.348088609097054],
            [-121.105653522398327, 37.347735808624002],
            [-121.106086389092695, 37.347013275468051],
            [-121.106532722431524, 37.346234674881572],
            [-121.106651388982229, 37.346043074850634],
            [-121.106693789463648, 37.345980475441245],
            [-121.106770388807931, 37.345851608590998],
            [-121.106872322439841, 37.345693274915121],
            [-121.106889389531929, 37.345660208259268],
            [-121.106931788216684, 37.345597474984167],
            [-121.107287989091475, 37.345021875117176],
            [-121.108089522581821, 37.343666008895923],
            [-121.108514723053588, 37.342917675466126],
            [-121.108545322367107, 37.34285080909055],
            [-121.108586522699284, 37.342712209024356],
            [-121.108611788714967, 37.342571209053176],
            [-121.108618922236644, 37.342500408654779],
            [-121.108617789461078, 37.34242927538051],
            [-121.108621322535086, 37.342358274876965],
            [-121.108595989145755, 37.342253474825796],
            [-121.108546523414617, 37.34211627560358],
            [-121.108419922943341, 37.341927009027259],
            [-121.108384389183939, 37.341861008793884],
            [-121.108100122702183, 37.341501474944586],
            [-121.107833855763758, 37.341170608580668],
            [-121.107602923158723, 37.340863475690284],
            [-121.10747612236311, 37.340674475923933],
            [-121.107447789499048, 37.34060667552],
            [-121.107424522234879, 37.340537875173943],
            [-121.107395722246878, 37.340433675368587],
            [-121.107399322694548, 37.340327008562703],
            [-121.107420389086258, 37.3401496089826],
            [-121.107648721966868, 37.338917808499239],
            [-121.107769322590386, 37.338212275419103],
            [-121.107811789547128, 37.338001608689261],
            [-121.107834389363035, 37.337788475857657],
            [-121.10783072244007, 37.33761100885777],
            [-121.107785589283552, 37.337292408708862],
            [-121.107753589496497, 37.337188808641429],
            [-121.107681922801447, 37.336983407948708],
            [-121.107566722849413, 37.336750875705128],
            [-121.107507389124905, 37.336654675106715],
            [-121.107440389177739, 37.336561874874491],
            [-121.105762122427976, 37.334431609160205],
            [-121.105137589387937, 37.333644609065082],
            [-121.104604388961164, 37.332980409270895],
            [-121.104465322568643, 37.332796808866654],
            [-121.104462788421245, 37.33279387534219],
            [-121.104413589489752, 37.332738274782066],
            [-121.104358188589572, 37.332682209187524],
            [-121.104255522830684, 37.332565008652985],
            [-121.104200522579092, 37.33250867507526],
            [-121.104105922793153, 37.332386875033038],
            [-121.103993789689497, 37.332232075081443],
            [-121.103948013339235, 37.332146352904964],
            [-121.103733589972492, 37.331744808362529],
            [-121.103715388308203, 37.331706675572917],
            [-121.103585722785155, 37.331403208277528],
            [-121.103489188926432, 37.331165875875442],
            [-121.103410589932309, 37.330961075147009],
            [-121.103340322812457, 37.330754475268805],
            [-121.103312522649375, 37.330650074745712],
            [-121.103284721587968, 37.330509674995767],
            [-121.103263789045215, 37.330225008924195],
            [-121.103240388830372, 37.329975808974268],
            [-121.103226788336968, 37.32969120873873],
            [-121.103269322667344, 37.328379075500123],
            [-121.103274922764854, 37.328308275295548],
            [-121.103305522078372, 37.327208475596848],
            [-121.103334189115728, 37.326428008858755],
            [-121.103333922316068, 37.326356874649697],
            [-121.103373988974369, 37.325114475659461],
            [-121.103379522596541, 37.325043608087405],
            [-121.103393322515913, 37.324617609035087],
            [-121.103391522292085, 37.324581875709477],
            [-121.103400121864311, 37.324405008998731],
            [-121.103396989438906, 37.324156008338555],
            [-121.103400922263233, 37.324085075570423],
            [-121.103400721938925, 37.323978475558086],
            [-121.103399723012316, 37.323942809078233],
            [-121.103347055685532, 37.32355380918213],
            [-121.103321788771538, 37.323413075422543],
            [-121.10329192248328, 37.323309008307731],
            [-121.103228122335167, 37.323175808505454],
            [-121.103167922634725, 37.323080008427695],
            [-121.103121189578687, 37.323019075071329],
            [-121.103070388951082, 37.322960208331594],
            [-121.103042388463649, 37.322932275117353],
            [-121.102980189113396, 37.322880409121652],
            [-121.102821322953716, 37.32275367574929],
            [-121.102752788684043, 37.322707275276834],
            [-121.10215272215909, 37.322275075069989],
            [-121.101813122150773, 37.322039808386116],
            [-121.10167278913373, 37.321949408982213],
            [-121.101457122498644, 37.321818009147435],
            [-121.101417989189912, 37.321799876072205],
            [-121.101133189108864, 37.32168887581026],
            [-121.100878122365415, 37.321614876020796],
            [-121.100747589069769, 37.321585275655977],
            [-121.100434189325014, 37.321543608666794],
            [-121.100388722893541, 37.32154167555111],
            [-121.100115922508081, 37.321547075558918],
            [-121.100070722876239, 37.321550875352507],
            [-121.099715988950322, 37.321616009028375],
            [-121.099626255338279, 37.321626875470294],
            [-121.099590554492238, 37.321629372229957],
            [-121.099400389231434, 37.321642675421216],
            [-121.099264522637966, 37.321638008374521],
            [-121.09912972234477, 37.321623475733624],
            [-121.099084921564923, 37.321616675545435],
            [-121.098955388992508, 37.321584075496141],
            [-121.098662122289909, 37.321487676166086],
            [-121.098497856357056, 37.321426409330826],
            [-121.098255122584149, 37.321329675467162],
            [-121.098135922434139, 37.321278075544946],
            [-121.097867922645548, 37.321144209193612],
            [-121.097762522414939, 37.321076809077489],
            [-121.097730322303576, 37.321051808431861],
            [-121.097660189032709, 37.321006609220859],
            [-121.097561389622825, 37.320933275997106],
            [-121.097372722751913, 37.320779008955888],
            [-121.097259122699384, 37.320668008614909],
            [-121.097065789080574, 37.320470808258676],
            [-121.096849388521889, 37.320198875376931],
            [-121.096715389525897, 37.319973608741336],
            [-121.096664923071557, 37.31987447477664],
            [-121.09646992307789, 37.319437808273086],
            [-121.096373589543447, 37.319199808686591],
            [-121.096310389469949, 37.3190288088636],
            [-121.096172121679729, 37.318579875324488],
            [-121.095985722156598, 37.318029675181918],
            [-121.095479122642018, 37.316479275096562],
            [-121.094502921626145, 37.313465475044495],
            [-121.094482322358331, 37.313392675308236],
            [-121.093716322627358, 37.311065208543496],
            [-121.093544722848549, 37.310585875393826],
            [-121.093467322207033, 37.310307208424874],
            [-121.093421255700932, 37.310169408561713],
            [-121.093385722839884, 37.310029608586611],
            [-121.093380122742388, 37.309994274870533],
            [-121.093387188890432, 37.309887675592869],
            [-121.093408589455422, 37.309818475578709],
            [-121.093688722788585, 37.308552674675532],
            [-121.093910188947149, 37.307642608794637],
            [-121.093924722790135, 37.307572075574527],
            [-121.093979323291407, 37.307290409326406],
            [-121.093995389660279, 37.307184274938834],
            [-121.09400512200807, 37.307042275839706],
            [-121.093991388563992, 37.306900275757911],
            [-121.093972188871447, 37.306794808182659],
            [-121.093950988630738, 37.30672547527891],
            [-121.093889789105376, 37.306553875459862],
            [-121.093858522343581, 37.306487208938869],
            [-121.0933709895709, 37.305341808399426],
            [-121.093237789177223, 37.305039875215463],
            [-121.09304632225755, 37.304641275511244],
            [-121.092955454971616, 37.304403875025514],
            [-121.092839322568295, 37.304119275127725],
            [-121.092592122371812, 37.303622008900213],
            [-121.092389722056808, 37.303262808683662],
            [-121.091716589261608, 37.302092208451462],
            [-121.091505722325053, 37.301737008233744],
            [-121.091306322383133, 37.301417475663264],
            [-121.09123692213754, 37.30128587558572],
            [-121.091180522310751, 37.301150675248877],
            [-121.091171188814954, 37.301115741810136],
            [-121.091139790000824, 37.301028675751091],
            [-121.090920989143697, 37.300280675089624],
            [-121.090390321966012, 37.298408875824684],
            [-121.089978322237371, 37.296916875397486],
            [-121.089833723121046, 37.296420608466157],
            [-121.088959989336345, 37.29334560868093],
            [-121.088795722505182, 37.29275287486621],
            [-121.088406921768751, 37.291395075598665],
            [-121.088256389279962, 37.290836875862659],
            [-121.088243522710144, 37.290802608712127],
            [-121.088223722942956, 37.290770608490888],
            [-121.0881985225043, 37.290740808737169],
            [-121.088167188368885, 37.290714875359129],
            [-121.08695239930509, 37.286527790774464],
            [-121.086907183503584, 37.286256489152166],
            [-121.087246870648499, 37.285626467455842],
            [-121.087318010930787, 37.285520847830874],
            [-121.089464856000745, 37.282296542270352],
            [-121.092519922975782, 37.281039808140918],
            [-121.093975122769152, 37.280479142818358],
            [-121.095149521781124, 37.278959942319148],
            [-121.094636456193129, 37.277597141458145],
            [-121.093994589261357, 37.276081475440407],
            [-121.093911188772068, 37.275863875273473],
            [-121.092896922544341, 37.272829875202213],
            [-121.092759589002029, 37.272234075348855],
            [-121.092758722127783, 37.272230075764639],
            [-121.092290723220927, 37.270159008903562],
            [-121.091781321860978, 37.267521408414659],
            [-121.091779789335106, 37.26751340874533],
            [-121.091674588530509, 37.267023075290695],
            [-121.090478788953519, 37.263365076099184],
            [-121.088727189133849, 37.26039387584872],
            [-121.087885588985174, 37.259964208846277],
            [-121.087860789195148, 37.259953475058062],
            [-121.087811322565699, 37.259932408573263],
            [-121.086395789680324, 37.259299809282254],
            [-121.086026922560052, 37.259091875688235],
            [-121.083897589248224, 37.257391875999964],
            [-121.080326322463179, 37.253255009070593],
            [-121.080293721703214, 37.253216917274514],
            [-121.08012113916746, 37.25301526703791],
            [-121.078285522614209, 37.250875409275523],
            [-121.078167389662767, 37.250683008435097],
            [-121.078092122520047, 37.250367875487896],
            [-121.07804878868906, 37.249942809207518],
            [-121.078111322212621, 37.245600875471936],
            [-121.077303123222848, 37.243940075925821],
            [-121.077310788547166, 37.240975608537887],
            [-121.077311420961124, 37.240744436394777],
            [-121.077312122545379, 37.240487875685488],
            [-121.077327121715641, 37.234723075275241],
            [-121.068896189330772, 37.217513409264392],
            [-121.068575589589003, 37.216885276225341],
            [-121.068471323032313, 37.216431209235139],
            [-121.068423189502738, 37.205082475563422],
            [-121.068913721750178, 37.201978609171512],
            [-121.068429121976862, 37.198977275834537],
            [-121.068563522519781, 37.194516208713175],
            [-121.068589522459078, 37.193872008805677],
            [-121.068541123028183, 37.193519275691855],
            [-121.068217322589078, 37.193010608716691],
            [-121.067070189242614, 37.191475275637586],
            [-121.066769989342674, 37.190960475619988],
            [-121.066590723341193, 37.184384209171654],
            [-121.066548321961463, 37.184137676015297],
            [-121.061836122002035, 37.179374675722556],
            [-121.060708122771146, 37.178785809049621],
            [-121.059778923407535, 37.17830147607269],
            [-121.059448988373347, 37.178183675808619],
            [-121.054540322369718, 37.177302008524272],
            [-121.053491789007154, 37.177079009092978],
            [-121.053296722538136, 37.176988808513364],
            [-121.051331123356533, 37.17562460949474],
            [-121.051253923039326, 37.175383808967624],
            [-121.051156522306357, 37.174104875554747],
            [-121.051062189320049, 37.173648808974839],
            [-121.050915321957604, 37.173428608939481],
            [-121.050670322633536, 37.173219009095028],
            [-121.050344521646295, 37.173097275514102],
            [-121.050156922872247, 37.173017809189162],
            [-121.049890722409174, 37.17297507575703],
            [-121.047942723020611, 37.172927075506685],
            [-121.047641122647136, 37.172854808441386],
            [-121.047402522921132, 37.172641809129956],
            [-121.04517118860376, 37.169065609258837],
            [-121.045081722689673, 37.168537475145719],
            [-121.04499312185321, 37.1664050755126],
            [-121.044906968925872, 37.165834562593425],
            [-121.04477058849605, 37.1657350044743],
            [-121.044582922348368, 37.165598009567731],
            [-121.043747189096834, 37.16524900935574],
            [-121.041386322207074, 37.164085609270195],
            [-121.041075722511067, 37.163876009282163],
            [-121.040951189063236, 37.163472675784611],
            [-121.040057389610041, 37.160830875856739],
            [-121.038409521849474, 37.155749009356306],
            [-121.038399189427082, 37.15531060925003],
            [-121.038898922219644, 37.15308967509565],
            [-121.039665322599205, 37.149358209668563],
            [-121.040457189318801, 37.147824476167038],
            [-121.043482788857588, 37.142094075756326],
            [-121.043608189179665, 37.141560809329889],
            [-121.043431789702268, 37.141047276114293],
            [-121.042040922757977, 37.136263609182443],
            [-121.040715522336654, 37.132822209327117],
            [-121.040318589151937, 37.131747808673708],
            [-121.038318121862588, 37.126457875933085],
            [-121.038260522784867, 37.126225209194217],
            [-121.037053322688621, 37.124944608969649],
            [-121.036474322555392, 37.124330408468133],
            [-121.034194122581525, 37.121709608996426],
            [-121.033975122298401, 37.121266275542951],
            [-121.033895188407797, 37.120968475542583],
            [-121.034032589323743, 37.118386275409343],
            [-121.034296389488404, 37.112411275265629],
            [-121.034355322564295, 37.110702609320342],
            [-121.034450923073464, 37.110332609297657],
            [-121.035685988909833, 37.109651208896906],
            [-121.038028522082982, 37.108175609807155],
            [-121.038301189517782, 37.107803009056227],
            [-121.038254522937095, 37.107148408448886],
            [-121.036853322672087, 37.102872475498465],
            [-121.036824389733411, 37.102528875240878],
            [-121.036980589693329, 37.102076209328779],
            [-121.038847122665416, 37.099214875381485],
            [-121.039173589304283, 37.098804675572453],
            [-121.040175856734777, 37.097028208885689],
            [-121.040216589044704, 37.096293675878592],
            [-121.040182427012752, 37.094379711866182],
            [-121.04017718893634, 37.094086275891499],
            [-121.040131789878501, 37.092563342700593],
            [-121.040002388460138, 37.092116875648742],
            [-121.03990778957251, 37.091972209226341],
            [-121.0398815219353, 37.091932008892854],
            [-121.03953438955331, 37.091757275275086],
            [-121.037777588488126, 37.091033009015227],
            [-121.037616388505356, 37.090962275973645],
            [-121.037174589862104, 37.090807875627448],
            [-121.035793189364256, 37.09032507585669],
            [-121.035249122915815, 37.090118875869791],
            [-121.0305709897669, 37.088345476068902],
            [-121.026410189203602, 37.086768009112269],
            [-121.026198522766435, 37.086698076123866],
            [-121.023232389004548, 37.086687076196149],
            [-121.020750323213278, 37.08668827508086],
            [-121.020337322761407, 37.086579008808449],
            [-121.019355589021671, 37.085967275437021],
            [-121.016669188842627, 37.084216475637511],
            [-121.016298789196455, 37.08404907616589],
            [-121.01103072251901, 37.082312208869077],
            [-121.010564723261993, 37.08223047571402],
            [-121.007980922366485, 37.082056275850803],
            [-121.000462922651991, 37.081360876328112],
            [-120.997501523011636, 37.081118808910688],
            [-120.996465922694227, 37.081018409027415],
            [-120.989109322388529, 37.078722675889807],
            [-120.985404590206755, 37.077588475687214],
            [-120.979965322602467, 37.075894875077296],
            [-120.97953672290565, 37.075739609069771],
            [-120.977942322870817, 37.074372009257758],
            [-120.976694190140336, 37.073406608669323],
            [-120.974278523323278, 37.071466809076391],
            [-120.97393832234205, 37.071325609597388],
            [-120.971607855339798, 37.071097076165067],
            [-120.97091078873045, 37.070949476079285],
            [-120.970269189496662, 37.07065887592357],
            [-120.968215122429243, 37.069470409563593],
            [-120.967794589603713, 37.068911808931531],
            [-120.964820522819537, 37.064180476278558],
            [-120.964392588774373, 37.063721809439187],
            [-120.963971589723215, 37.063466608632837],
            [-120.961969122784026, 37.063037475948441],
            [-120.961726122211473, 37.062875742157772],
            [-120.959007788720697, 37.059500009005134],
            [-120.95827278985017, 37.058630875854597],
            [-120.957831055885606, 37.058314475458168],
            [-120.957245523203639, 37.058126809307062],
            [-120.956359522923762, 37.05803540950162],
            [-120.954160989690678, 37.058008208975103],
            [-120.950222989284129, 37.058381409412867],
            [-120.949776655945314, 37.058295408707934],
            [-120.9476953232124, 37.057391008965993],
            [-120.947275588989157, 37.057078076002654],
            [-120.946876789105275, 37.056277275391359],
            [-120.946666989367316, 37.055846275381548],
            [-120.94652272262762, 37.055729209236112],
            [-120.943488788519659, 37.05392787618343],
            [-120.941478790105123, 37.05237740905271],
            [-120.941191189077045, 37.051962809027636],
            [-120.940814389832795, 37.051042609064375],
            [-120.940795988742522, 37.050440009014288],
            [-120.940751923682882, 37.049334809212098],
            [-120.940610922319266, 37.048922008636765],
            [-120.940337523655799, 37.048488009356134],
            [-120.939920523005952, 37.048182676143135],
            [-120.938988522695311, 37.047773208973396],
            [-120.935604523205953, 37.046348875806615],
            [-120.935296589709708, 37.046118875450048],
            [-120.933795522836249, 37.044042876068318],
            [-120.932629989297837, 37.042461476001243],
            [-120.932472522713354, 37.042183275996834],
            [-120.932331589621697, 37.041770609333284],
            [-120.932111921890325, 37.041554675507015],
            [-120.928727722974983, 37.038663475450207],
            [-120.927573989706133, 37.037604076366726],
            [-120.927406588652914, 37.037541075871523],
            [-120.926604722785925, 37.037267809238124],
            [-120.926386522901709, 37.037117209062487],
            [-120.925042389911752, 37.035499809457207],
            [-120.924731722842111, 37.035139209158437],
            [-120.92319898945658, 37.033823809277969],
            [-120.922744389820537, 37.033469009616297],
            [-120.918981322840835, 37.03129680906401],
            [-120.917828522921553, 37.030606008618392],
            [-120.917540189766498, 37.030371809046585],
            [-120.917300788743276, 37.029914276056466],
            [-120.915868922689427, 37.027061476208068],
            [-120.915682989391897, 37.026822075523576],
            [-120.91270978948198, 37.024581476114761],
            [-120.909719789279606, 37.022352476129598],
            [-120.909492789498898, 37.022236543172568],
            [-120.907496388882819, 37.021576075601992],
            [-120.902201322441186, 37.019735075641726],
            [-120.901246589363964, 37.019379208895607],
            [-120.90098318894961, 37.019158009216056],
            [-120.900594788861781, 37.018664276487407],
            [-120.900299849496122, 37.01828477121304],
            [-120.900059322883877, 37.017975276233102],
            [-120.900004188783299, 37.017903609330119],
            [-120.899338323358734, 37.017221675835764],
            [-120.898278123575594, 37.016615075397056],
            [-120.894876789296205, 37.014661409222732],
            [-120.891554789731089, 37.012662676083075],
            [-120.891132989382712, 37.012426608552161],
            [-120.890532522209142, 37.012298875758141],
            [-120.890156522465489, 37.012039009529012],
            [-120.888625323402465, 37.010708409040525],
            [-120.886315122393029, 37.008778875974464],
            [-120.886180389473466, 37.008383409134176],
            [-120.884648722388164, 37.005258075424749],
            [-120.884485189480586, 37.005094675450174],
            [-120.879856188787826, 37.002368008949126],
            [-120.876978522911713, 37.000604209517576],
            [-120.876615388839596, 37.0002930089627],
            [-120.87602292296026, 36.999543275955823],
            [-120.875598722313413, 36.999006609282638],
            [-120.874633189689845, 36.99799600950309],
            [-120.874211522292114, 36.997764609335889],
            [-120.873507389534751, 36.997710609189959],
            [-120.871161923362223, 36.997682276442298],
            [-120.866619123207485, 36.997746009505185],
            [-120.865649723336617, 36.997731009823553],
            [-120.864719923000123, 36.997454809819011],
            [-120.863711389820523, 36.997136208755776],
            [-120.863405789249057, 36.996930809431653],
            [-120.863033122255118, 36.996402342829704],
            [-120.860140923434372, 36.992121875683367],
            [-120.859129923481007, 36.990724676386534],
            [-120.858805723291596, 36.990590608778625],
            [-120.852753189317568, 36.988796875538391],
            [-120.848698789708067, 36.987585276209856],
            [-120.848269389612369, 36.987456476305539],
            [-120.847520348277328, 36.987019679685801],
            [-120.846612523427623, 36.98649027597336],
            [-120.843712389787953, 36.984892275899092],
            [-120.843138789427897, 36.984591476115774],
            [-120.842875922612819, 36.984259076017722],
            [-120.842344322983905, 36.983325676021821],
            [-120.838945189576933, 36.979691409816219],
            [-120.837702788996268, 36.978368009414368],
            [-120.83628112331246, 36.977588276150897],
            [-120.835827322278718, 36.97700940927961],
            [-120.833701589414559, 36.973149209664697],
            [-120.832028322687648, 36.969588076181573],
            [-120.832000189249584, 36.969528275565004],
            [-120.831598189566677, 36.968660409531338],
            [-120.831046722796913, 36.967478209442469],
            [-120.829183723797172, 36.964768209383571],
            [-120.828796990084214, 36.964512409054691],
            [-120.827818323192872, 36.964027076050186],
            [-120.827596789660632, 36.963753409414558],
            [-120.827036189719379, 36.962733276466651],
            [-120.826201989892027, 36.9612228757629],
            [-120.824944123017133, 36.958149475868296],
            [-120.82326338949359, 36.954397876270711],
            [-120.821628188876844, 36.950780009453979],
            [-120.821182322661983, 36.949592476268499],
            [-120.82031898957166, 36.946166275900268],
            [-120.820481790352275, 36.94286127561309],
            [-120.82067019042357, 36.938117809308395],
            [-120.820515522989538, 36.937914276188771],
            [-120.8203873226187, 36.937536675677933],
            [-120.819798122115415, 36.937188609001737],
            [-120.816490323118359, 36.935642475717209],
            [-120.812991989652915, 36.933932076111667],
            [-120.812882122998701, 36.933819676166259],
            [-120.811988522971504, 36.932538875932508],
            [-120.811846389730633, 36.932331476215587],
            [-120.811482923281844, 36.932148209425186],
            [-120.81114178984933, 36.932073009186837],
            [-120.805668789607779, 36.932094676134774],
            [-120.801098389614268, 36.93211260913062],
            [-120.80075612340616, 36.932089009152101],
            [-120.800486389869064, 36.932081809814406],
            [-120.800039590304635, 36.932035676160858],
            [-120.79969992292267, 36.931939409848475],
            [-120.792274989569918, 36.928515275852007],
            [-120.784895323222685, 36.927506875939379],
            [-120.7844291892184, 36.927371009420263],
            [-120.780063589838278, 36.925739209191967],
            [-120.779715722634407, 36.925574876519626],
            [-120.77949032275319, 36.925401009602957],
            [-120.778908989695182, 36.924682076454232],
            [-120.778629989137613, 36.924450408846987],
            [-120.772845323798151, 36.922160875711761],
            [-120.771029937305073, 36.920887915933662],
            [-120.769785538871233, 36.920033255979135],
            [-120.769278789337989, 36.919685209201937],
            [-120.761409589669924, 36.916604076124351],
            [-120.761225590445221, 36.916501209335003],
            [-120.760891123410445, 36.916167009458057],
            [-120.758123388867233, 36.912143009322463],
            [-120.757914123626847, 36.911912608692681],
            [-120.751123523035588, 36.908093409554652],
            [-120.751019589753852, 36.908039008915175],
            [-120.748976923205703, 36.906970408748684],
            [-120.748369989060407, 36.906661809930306],
            [-120.747819390063199, 36.906506275641249],
            [-120.73682792314861, 36.905040275994942],
            [-120.727939923455594, 36.905574876278997],
            [-120.723880189649961, 36.905818809696534],
            [-120.710868390101851, 36.903157676498829],
            [-120.707127122539148, 36.903116076026308],
            [-120.706635390142509, 36.903070208591345],
            [-120.705026723064321, 36.902293809068929],
            [-120.701626589832458, 36.900652876303646],
            [-120.697544990134489, 36.898685209237279],
            [-120.696967990549425, 36.898484009758356],
            [-120.695891923823382, 36.898402276381873],
            [-120.687817322568975, 36.898378276605719],
            [-120.68726372319874, 36.898227476115359],
            [-120.686220923782599, 36.897858875865225],
            [-120.68403652284556, 36.897086676226238],
            [-120.683650323630189, 36.896902209773984],
            [-120.683453123662403, 36.896755410007422],
            [-120.680833722532171, 36.894451475959336],
            [-120.677846790076501, 36.891928609207824],
            [-120.677349589634716, 36.89168327567716],
            [-120.676922389513166, 36.891571809225724],
            [-120.674483522805573, 36.891542609326528],
            [-120.674042522764623, 36.891474208682382],
            [-120.673768722554229, 36.891351409090532],
            [-120.673454390358202, 36.891113409824619],
            [-120.673028389487541, 36.890445076427561],
            [-120.672796122884336, 36.890227876656581],
            [-120.672549389811763, 36.890072876456024],
            [-120.672081723281579, 36.889949009128451],
            [-120.655381322599268, 36.889987875841612],
            [-120.653986389879989, 36.889970875563684],
            [-120.65307398991051, 36.889959809790341],
            [-120.649620123051619, 36.889007208957089],
            [-120.640132189784296, 36.888154676317583],
            [-120.639546122604727, 36.887970875865989],
            [-120.627283323069165, 36.882654409091032],
            [-120.626856590071526, 36.882537676259801],
            [-120.626046190209323, 36.882483876059752],
            [-120.626011323898197, 36.882483809236113],
            [-120.62297099019213, 36.882476209303626],
            [-120.608338322647654, 36.882444475966679],
            [-120.608075122557608, 36.882394809430906],
            [-120.607709989733962, 36.882254276139591],
            [-120.602860923356161, 36.879981409572217],
            [-120.602290724017777, 36.879870009388263],
            [-120.599393190102532, 36.879857276532263],
            [-120.589784189986048, 36.879850209508852],
            [-120.585898389782358, 36.879861675547431],
            [-120.584961323871838, 36.879746409338438],
            [-120.579512390395053, 36.878587476056779],
            [-120.567757190198989, 36.875419008925377],
            [-120.565921589815403, 36.874947275844953],
            [-120.564492389961302, 36.87458000974209],
            [-120.563736322902429, 36.874475809329482],
            [-120.562199389892925, 36.874433409940195],
            [-120.556145590192656, 36.873532876191511],
            [-120.551752190649452, 36.872826609378805],
            [-120.551125923860937, 36.872811209250507],
            [-120.550414123084295, 36.872912476355495],
            [-120.543459722785812, 36.874495209618445],
            [-120.534576990813605, 36.873651276324793],
            [-120.5276338625753, 36.871113462966051],
            [-120.526615402113521, 36.870809153198863],
            [-120.518067989677292, 36.868254809490004],
            [-120.517504124359988, 36.86802967572708],
            [-120.513416390066922, 36.86389307573954],
            [-120.511992523510671, 36.862510609782639],
            [-120.505178913471724, 36.859009710878617],
            [-120.504273113424645, 36.85854819497542],
            [-120.502525790484043, 36.857657875979974],
            [-120.501591790523577, 36.857085875905689],
            [-120.494590789221405, 36.852961609866448],
            [-120.493594722861332, 36.852367076393548],
            [-120.492795590567724, 36.851527276317917],
            [-120.492266322965264, 36.850600009442871],
            [-120.491251122489643, 36.849113609312269],
            [-120.489339323410391, 36.847687809770605],
            [-120.487863323126632, 36.846611475904425],
            [-120.487331322849059, 36.846093275826512],
            [-120.483275922516356, 36.841592409651994],
            [-120.482219989730808, 36.840460209017088],
            [-120.477693523642884, 36.836277076371516],
            [-120.471951923538143, 36.830900476406846],
            [-120.469104922552589, 36.828222876460778],
            [-120.468577190170919, 36.82795527654897],
            [-120.467223589836181, 36.827482009403923],
            [-120.460561923539359, 36.825910676198227],
            [-120.45695752329334, 36.824961676024053],
            [-120.456409340764253, 36.825024222556216],
            [-120.455105477451866, 36.825378475048048],
            [-120.454629189789898, 36.825507876044988],
            [-120.450396124253558, 36.826795009136958],
            [-120.446117789915107, 36.828185609116204],
            [-120.443881923597147, 36.829315276376626],
            [-120.443000590963464, 36.829716209298049],
            [-120.442439923648536, 36.830032875944781],
            [-120.441187323596154, 36.830339876158376],
            [-120.440723390464299, 36.830263210166635],
            [-120.439678323700434, 36.82985540907351],
            [-120.439022523898615, 36.829580809349906],
            [-120.438555123269751, 36.829385075832946],
            [-120.437183323067359, 36.828856409912525],
            [-120.435643122885196, 36.828240809417963],
            [-120.433863589951741, 36.827564808805434],
            [-120.432826989809428, 36.827025476065174],
            [-120.432023124292584, 36.82610787614631],
            [-120.430126124059342, 36.823405609103546],
            [-120.42400019054007, 36.818892876872788],
            [-120.421453390352767, 36.816749476114452],
            [-120.41624319045097, 36.812769675990957],
            [-120.414396323397114, 36.811769610154208],
            [-120.411500323804376, 36.81060987696398],
            [-120.406651389478924, 36.808849009450121],
            [-120.405608389738504, 36.808468009257687],
            [-120.4051793238161, 36.807897009957578],
            [-120.402127589590776, 36.802558210306699],
            [-120.401484789309436, 36.802062876546856],
            [-120.400492989946954, 36.801356875914827],
            [-120.399407723574114, 36.800010476287291],
            [-120.397283189960859, 36.797276475909293],
            [-120.397048391006834, 36.796570876427793],
            [-120.396833724196668, 36.795327009895487],
            [-120.396289190624259, 36.794528410117813],
            [-120.39542532393466, 36.793607409345405],
            [-120.394782523653305, 36.793112075967073],
            [-120.393567390534784, 36.792452409405925],
            [-120.392981590154875, 36.792008075799615],
            [-120.39104472358764, 36.789298076351557],
            [-120.389645457395432, 36.787545210184838],
            [-120.388816524390592, 36.787088409166891],
            [-120.386875523776425, 36.786610409435774],
            [-120.386600990540742, 36.786608609409491],
            [-120.38608596662543, 36.78642289783614],
            [-120.385626793666248, 36.786257324331608],
            [-120.3849859903398, 36.786137475893042],
            [-120.384112790154376, 36.785846876500862],
            [-120.380047389775939, 36.784158876162891],
            [-120.377740923063143, 36.783269410138288],
            [-120.376822523245892, 36.782752476873632],
            [-120.376205589953173, 36.782094475923479],
            [-120.375605590801868, 36.781307408977838],
            [-120.374912989717799, 36.780900875993346],
            [-120.373895790490678, 36.78065567677622],
            [-120.372403523513739, 36.780839276235625],
            [-120.371275390433851, 36.780978076357954],
            [-120.370636790674794, 36.781049076104622],
            [-120.369633923169701, 36.781160676398322]
          ]
        ]
      }
    },
    {
      "type": "Feature",
      "properties": {
        "Name": "Mokelumne Aqueduct"
      },
      "geometry": {
        "type": "MultiLineString",
        "coordinates": [
          [
            [-122.147091915386412, 37.892103937773591],
            [-122.14589831937684, 37.891631799655947],
            [-122.143125683625442, 37.890142530550946],
            [-122.141566112172484, 37.889477721463571],
            [-122.138592046286604, 37.888331612927985],
            [-122.137176802658757, 37.888035073356875],
            [-122.135472376967911, 37.888398828558806],
            [-122.132062909341954, 37.88965801300391],
            [-122.130705155197333, 37.890274363015706],
            [-122.129982293464636, 37.890755701894371],
            [-122.129577774007331, 37.891304738348488],
            [-122.128971172238707, 37.891509788985033],
            [-122.126111083697751, 37.892033824612341],
            [-122.122024970863805, 37.893021804991371],
            [-122.119483389888345, 37.893412866158215],
            [-122.117057002576686, 37.893917398320141],
            [-122.115930766738686, 37.894237895641886],
            [-122.114370727263463, 37.894514553968513],
            [-122.113302402218565, 37.894628169143012],
            [-122.112608960311377, 37.894836987520975],
            [-122.111887425390321, 37.895430883321083],
            [-122.109952952833339, 37.896691548852694],
            [-122.109461701035386, 37.896872589022536],
            [-122.108710724729207, 37.896898438905239],
            [-122.105851101515611, 37.896827142941618],
            [-122.103019741995766, 37.897472504433075],
            [-122.098542994065568, 37.898091668430055],
            [-122.097502707237311, 37.898115226834804],
            [-122.097040675838898, 37.898228842831621],
            [-122.096838403983043, 37.898434580207862],
            [-122.096838510882549, 37.899006889969669],
            [-122.097070152258325, 37.899306089621966],
            [-122.097070156749922, 37.899828827849241],
            [-122.094472251406117, 37.904202539913307],
            [-122.094211965450853, 37.904615118320223],
            [-122.093894057960028, 37.904914593577431],
            [-122.093576799951137, 37.905624150364815],
            [-122.093432987758987, 37.907087607969991],
            [-122.092913444419466, 37.908462543695194],
            [-122.091411496298733, 37.910226442475711],
            [-122.089852386579793, 37.91223772710449],
            [-122.089101464172558, 37.913340470486368],
            [-122.087483433954148, 37.914873592524408],
            [-122.086934851674769, 37.9153064465036],
            [-122.07586911923903, 37.922795090835507],
            [-122.074279929432848, 37.923918176206222],
            [-122.073904270150692, 37.92432979867727],
            [-122.073326145874859, 37.924555062514422],
            [-122.072951045344837, 37.924921622582943],
            [-122.071563909103915, 37.926821355686087],
            [-122.069396783668111, 37.929661224764601],
            [-122.068789476721946, 37.93027828628248],
            [-122.068442850091486, 37.930919943425799],
            [-122.067720489618694, 37.931860542491627],
            [-122.067460302478096, 37.932020705507526],
            [-122.06358757276179, 37.937420024292244],
            [-122.063240443973072, 37.938039129120448],
            [-122.061592920267287, 37.940351242015282],
            [-122.061477339429558, 37.940602673857214],
            [-122.060407704640966, 37.941932500706741],
            [-122.059569199188459, 37.943764368546802],
            [-122.059338370788012, 37.944127532304819],
            [-122.059338555840952, 37.944447481491039],
            [-122.056186436679269, 37.9516368088021],
            [-122.056099792373487, 37.951681176208666],
            [-122.055348290552871, 37.95342358317528],
            [-122.054682719775712, 37.954842222094641],
            [-122.051992763166439, 37.961043750623929],
            [-122.050604743881607, 37.96402021667538],
            [-122.049274058671458, 37.966514955794636],
            [-122.048840063693092, 37.968165253669817],
            [-122.048579578311831, 37.969767384848623],
            [-122.04785638959234, 37.971437867179439],
            [-122.046149140496553, 37.97480373304284],
            [-122.045917850362031, 37.975464279215004],
            [-122.043284819992337, 37.980453850142275],
            [-122.043168717233428, 37.980844951262867],
            [-122.042966236070072, 37.980982997284109],
            [-122.042445560853309, 37.982330637726989],
            [-122.042213920375801, 37.982630670166039],
            [-122.039374476018438, 37.995815380179664],
            [-122.038476846148882, 37.999958309483297],
            [-122.035391646984266, 38.014470144501857],
            [-122.035191077435826, 38.015703203998164],
            [-122.032749580461129, 38.027624625472882],
            [-122.032721583566968, 38.028129092639894],
            [-122.03078924540705, 38.033939698030487],
            [-122.028678683291417, 38.036342088740895],
            [-122.027811046372577, 38.037164049966549],
            [-122.025757391631885, 38.038697158207086],
            [-122.02520687887295, 38.039017034088801],
            [-122.023991455598576, 38.039313355112782],
            [-122.021619014814704, 38.039636072450342],
            [-122.016207481796457, 38.040915658727378],
            [-122.015339105564152, 38.040980475118133],
            [-122.013746835434816, 38.040958093076519],
            [-122.009004379318313, 38.041143453615099],
            [-122.007623560928792, 38.041127278388892],
            [-122.006297696078448, 38.040944824872177],
            [-121.997129925073324, 38.0388334058051],
            [-121.992111887387225, 38.037935710348712],
            [-121.991513603119785, 38.037877055853059],
            [-121.991314177126725, 38.037912248414578],
            [-121.979806015430384, 38.033907561611464],
            [-121.979392494853968, 38.033872368540742],
            [-121.978899790480199, 38.033925159201814],
            [-121.978679834389609, 38.033828378416743],
            [-121.978055156720828, 38.033590824073649],
            [-121.977703223741969, 38.033326874843347],
            [-121.977360090659644, 38.033186103465603],
            [-121.976374682810388, 38.03285176779427],
            [-121.976163523921386, 38.032842969224454],
            [-121.971130902086642, 38.031180092727496],
            [-121.970576610115302, 38.031065716410602],
            [-121.969608798465856, 38.03079296917133],
            [-121.969265665383531, 38.030625801371798],
            [-121.968860944703636, 38.030511423481855],
            [-121.968262659537885, 38.030177089046674],
            [-121.967937123553639, 38.029939535598785],
            [-121.959983471469073, 38.026341036743531],
            [-121.959631539388525, 38.026314641515434],
            [-121.959525960393194, 38.02629704421966],
            [-121.959121238814987, 38.026270649683354],
            [-121.957968663474517, 38.026015500357438],
            [-121.957731109387524, 38.025918719029022],
            [-121.957071237522513, 38.025865928258966],
            [-121.956200206768557, 38.025505199040019],
            [-121.955610721499326, 38.025470005470659],
            [-121.955311579814762, 38.025294040200983],
            [-121.954510935656558, 38.025144470167888],
            [-121.954246987269869, 38.02515326824706],
            [-121.953613509704553, 38.024924512183702],
            [-121.953455141211535, 38.024898117860538],
            [-121.953138403327202, 38.0248805209322],
            [-121.952988832035757, 38.024862923999571],
            [-121.952672093253099, 38.024695756821338],
            [-121.952513723861784, 38.024651766140146],
            [-121.95210020508199, 38.024660564278484],
            [-121.951413938018987, 38.024352624561679],
            [-121.951035611638773, 38.024361422735943],
            [-121.950384538771985, 38.024123868121499],
            [-121.950120589487, 38.024027087124985],
            [-121.949795053502754, 38.024027087124985],
            [-121.948704064861545, 38.023736744783697],
            [-121.947498700023417, 38.023437602300135],
            [-121.947023591849458, 38.023420005020981],
            [-121.946627668371121, 38.023208846541543],
            [-121.945923806904972, 38.023138460718265],
            [-121.945017582853097, 38.022918503788631],
            [-121.944225736794763, 38.022830520265792],
            [-121.943495479232311, 38.022645756646874],
            [-121.943222732745738, 38.022496186161433],
            [-121.942246122098112, 38.022205842707685],
            [-121.942026165109198, 38.022056272031918],
            [-121.941683030230237, 38.021994683560017],
            [-121.941366293244215, 38.022012280473731],
            [-121.93785577592854, 38.021185241482407],
            [-121.937407062952559, 38.020938890724779],
            [-121.936799980585221, 38.020859704835104],
            [-121.936439251303113, 38.020850906948077],
            [-121.935066718973772, 38.020516572303713],
            [-121.934644401195769, 38.020551764713844],
            [-121.932752768396355, 38.020085456300578],
            [-121.932524013307543, 38.019953480828065],
            [-121.931776159545322, 38.019715928907843],
            [-121.931142681979992, 38.019592752224391],
            [-121.926978810076747, 38.018692557029816],
            [-121.848738248267352, 37.999725550974844],
            [-121.841978964743518, 37.998109103810698],
            [-121.839404426376902, 37.997606043316054],
            [-121.837614358001815, 37.997597360858087],
            [-121.830093318388421, 37.997689445829018],
            [-121.826362862948471, 37.995403648469271],
            [-121.820173269418277, 37.991443798772664],
            [-121.819999279222472, 37.991419521243607],
            [-121.818553489281726, 37.990413629292334],
            [-121.818235065259586, 37.990297771984814],
            [-121.817887863707327, 37.990023907339562],
            [-121.816673327070163, 37.989290690104419],
            [-121.816123715321453, 37.988902128244526],
            [-121.814533181635568, 37.988007383718298],
            [-121.813896803410216, 37.987527809895653],
            [-121.805481805341813, 37.982377600718536],
            [-121.801114977066405, 37.979584347581273],
            [-121.800537200438598, 37.979055732039086],
            [-121.800190004276217, 37.978439344256955],
            [-121.800074582440345, 37.978185817797652],
            [-121.799062290709585, 37.976724479233148],
            [-121.79755927269531, 37.975510460589099],
            [-121.796055781268919, 37.974981360381179],
            [-121.793916086788599, 37.97449978806246],
            [-121.793337751408714, 37.974227986011982],
            [-121.786429034934002, 37.969258604802739],
            [-121.785734975884239, 37.968845877073505],
            [-121.785677446875127, 37.968710095658594],
            [-121.777900669476736, 37.965822123873551],
            [-121.762694991765343, 37.962359987400738],
            [-121.751048709602514, 37.957298017233036],
            [-121.74442664104339, 37.954393084918379],
            [-121.743848433224258, 37.954301291273936],
            [-121.703031138178986, 37.954588115485564],
            [-121.694185164369841, 37.954589338046269],
            [-121.693346945479945, 37.954521445522147],
            [-121.684269776757702, 37.954244475248011],
            [-121.684067491427115, 37.954179124580598],
            [-121.677853528399865, 37.949188672450774],
            [-121.667593113158475, 37.945544517376945],
            [-121.66458728014922, 37.944401900445833],
            [-121.658605712184297, 37.942315052148778],
            [-121.658460972032472, 37.942178215696728],
            [-121.651699046563394, 37.940118162673457],
            [-121.651207418371342, 37.940049437796013],
            [-121.626121084611611, 37.939808581410567],
            [-121.623863422469896, 37.939858786604248],
            [-121.611811142222834, 37.93924397766861],
            [-121.610105586451354, 37.939246360955444],
            [-121.586407298925948, 37.939342382413848],
            [-121.57571412119475, 37.939046623677775],
            [-121.568806576123194, 37.937993937306892],
            [-121.562882186824396, 37.937813536060027],
            [-121.560801260129992, 37.937810617114316],
            [-121.559472257464364, 37.937834900330238],
            [-121.543432381722269, 37.937948237484925],
            [-121.534618095086458, 37.938036996596296],
            [-121.533808502809705, 37.938013386503165],
            [-121.531901223154676, 37.938219402996005],
            [-121.525369216990981, 37.939088459531817],
            [-121.516671124742288, 37.938555487915288],
            [-121.516063983086141, 37.938579369888473],
            [-121.512712007638356, 37.938370296619709],
            [-121.503522077890111, 37.937866181918146],
            [-121.501024747925527, 37.937636106459401],
            [-121.498712540978076, 37.937570552562221],
            [-121.488886360565203, 37.937025597174681],
            [-121.463686416871539, 37.935428278796195],
            [-121.448601079272237, 37.934540752674465],
            [-121.448110178715552, 37.934583841618782],
            [-121.442243884364515, 37.934240401143676],
            [-121.441290196926275, 37.934173689335296],
            [-121.43652208941684, 37.934128401620818],
            [-121.424587238740344, 37.933667174428365],
            [-121.422882414197502, 37.933509135610294],
            [-121.422362011170264, 37.933601286111504],
            [-121.422159730331217, 37.933715730836525],
            [-121.422044510616274, 37.933849365654538],
            [-121.421696885957488, 37.935705703302851],
            [-121.415655162309577, 37.942410558814309],
            [-121.411665962423399, 37.944947707908099],
            [-121.403252860698572, 37.950119329614424],
            [-121.401518124951764, 37.951195227862286],
            [-121.398510812417214, 37.95295671192806],
            [-121.394202673774259, 37.955745755903216],
            [-121.393624012305878, 37.956021729595925],
            [-121.390963671354911, 37.957643564069677],
            [-121.389720418273058, 37.958446637454571],
            [-121.389142309268593, 37.958695559558436],
            [-121.389112998139183, 37.958767255229098],
            [-121.388650149273872, 37.958950164042896],
            [-121.386597319186606, 37.960206223004526],
            [-121.385961204167629, 37.960503900955956],
            [-121.384399333925828, 37.961622468766237],
            [-121.380870841321325, 37.96381791920566],
            [-121.380523222052474, 37.963934792844547],
            [-121.380494217248582, 37.964024513502181],
            [-121.376069006564549, 37.966770709494405],
            [-121.375783907344513, 37.966793805398396],
            [-121.373934735213624, 37.9683768865263],
            [-121.373010198106343, 37.968810188904804],
            [-121.371564913018759, 37.969497619695403],
            [-121.370900706782535, 37.969772293201274],
            [-121.368125657257963, 37.97039167637611],
            [-121.362287153188561, 37.973140244429253],
            [-121.33817750643334, 37.984566981499327],
            [-121.313339267592156, 37.990683725363681],
            [-121.299632311253006, 37.999917183621811],
            [-121.288032161173277, 38.008062179129567],
            [-121.279467238775553, 38.014078631681265],
            [-121.259323075484645, 38.028079117631464],
            [-121.258657580165988, 38.028488303859788],
            [-121.25107166691771, 38.03436843580878],
            [-121.247541823247019, 38.037050904180468],
            [-121.244563396938787, 38.039088153904096],
            [-121.23976163764047, 38.041927100594776],
            [-121.215602248472976, 38.054291667783069],
            [-121.178899771926567, 38.072765514503359],
            [-121.178755345286746, 38.072785803470403],
            [-121.151332541083775, 38.086532612652285],
            [-121.143627567822691, 38.090651015697929],
            [-121.128215609972585, 38.098836677995834],
            [-121.126031301562008, 38.100027409084049],
            [-121.114972545442782, 38.105870098530552],
            [-121.105938232647844, 38.110654009311361],
            [-121.100552395938308, 38.113608382725751],
            [-121.099741595427489, 38.114113424857607],
            [-121.098728409873047, 38.114615182650716],
            [-121.080424099590289, 38.124914821588725],
            [-121.077328575189796, 38.126589860877431],
            [-121.074113673671206, 38.12851517588809],
            [-121.065741198255097, 38.134167367451766],
            [-121.056904128547075, 38.138950668089969],
            [-121.051253608629011, 38.141970437824583],
            [-121.032732734294143, 38.154462142594781],
            [-121.031283119326915, 38.15505511523444],
            [-121.019513892835988, 38.160336012182327],
            [-121.015570202500442, 38.162693444281921],
            [-121.008553247118826, 38.167062224042674],
            [-121.006639246268847, 38.167768658034248],
            [-121.004262134245451, 38.168660929719486],
            [-121.001246614702495, 38.169573821937782],
            [-121.00107240441946, 38.169552832417693],
            [-120.992178776781159, 38.171874580638423],
            [-120.988262522791004, 38.173334910055033],
            [-120.987856394451043, 38.173445092188153],
            [-120.986201076961862, 38.174097044695344],
            [-120.984807515970019, 38.174492141819108],
            [-120.971294249880842, 38.179494796751811],
            [-120.970626845642201, 38.179658974105678],
            [-120.96816332467165, 38.180138988327379],
            [-120.967583093846514, 38.180092892920008],
            [-120.966713787857827, 38.179793978910645],
            [-120.966626713259032, 38.18084678127677],
            [-120.966134267600083, 38.181671783476645],
            [-120.963728720304687, 38.182679863751801],
            [-120.951843279663777, 38.187852658561717],
            [-120.946624524207209, 38.190505336078189],
            [-120.940564529724739, 38.193823352937486],
            [-120.939462855623219, 38.194398745072618],
            [-120.939114739586003, 38.194671976343074],
            [-120.933315654489562, 38.197850012645823],
            [-120.932503528065411, 38.198403403408008],
            [-120.93221322759986, 38.198447848690542],
            [-120.931169844278827, 38.19794285092209],
            [-120.930792877947965, 38.197922684260156],
            [-120.930734409301039, 38.198651555241284],
            [-120.93038648191002, 38.199294219863759],
            [-120.930096165274833, 38.19959096988935],
            [-120.929342617092004, 38.200140867106938],
            [-120.926587492200454, 38.201808821658666],
            [-120.926181457285296, 38.202108022296429],
            [-120.925688147447005, 38.202288533913595],
            [-120.925572204588249, 38.202475716764127],
            [-120.919858489986524, 38.205997003392824],
            [-120.915797709643584, 38.208605723732525],
            [-120.913505743536106, 38.209930157833249],
            [-120.911968652423113, 38.2106642419607],
            [-120.911301179912513, 38.21089115275808],
            [-120.909618719827009, 38.211739761460102],
            [-120.904803783141773, 38.213888600049557],
            [-120.904194322035593, 38.21420661521018],
            [-120.902018432635842, 38.215055305945199],
            [-120.90155449591073, 38.215326350063975],
            [-120.899436438252394, 38.217090650218957],
            [-120.899291214806908, 38.21725024841907],
            [-120.897056289025045, 38.219102520383338],
            [-120.896534579847383, 38.219147232509947],
            [-120.893692047082041, 38.21948819853597],
            [-120.892647776225516, 38.219582078439778],
            [-120.892212526300668, 38.219623818329246],
            [-120.89079108160243, 38.220220025241993],
            [-120.890413620299825, 38.220312358608417],
            [-120.889339772412555, 38.220860734382335],
            [-120.887512459885784, 38.221566740562139],
            [-120.884784918663343, 38.222049232342229],
            [-120.880520672603481, 38.222616536764619],
            [-120.878316239235616, 38.223004702316246],
            [-120.876053750445848, 38.223301664788131],
            [-120.874558690606705, 38.223648537258271],
            [-120.873456932961858, 38.223948455459322],
            [-120.869106149495749, 38.223878495780752],
            [-120.866930047195325, 38.223929049],
            [-120.866147387309084, 38.224131074511646],
            [-120.865364242332589, 38.224544846408328],
            [-120.860667918299171, 38.228712463555837],
            [-120.860581050312888, 38.228850549397414],
            [-120.859971467035805, 38.229307998288846],
            [-120.859536947441299, 38.229809189475823],
            [-120.850838246134828, 38.237453601490621],
            [-120.850315499402996, 38.23786753467428],
            [-120.845385847855994, 38.242260011840585],
            [-120.841179939289006, 38.245994283355124]
          ]
        ]
      }
    }
  ]
}
