{
  "type": "FeatureCollection",
  "name": "calsim_dams",
  "crs": {
    "type": "name",
    "properties": { "name": "urn:ogc:def:crs:OGC:1.3:CRS84" }
  },
  "xy_coordinate_resolution": 1e-6,
  "features": [
    {
      "type": "Feature",
      "properties": {
        "Dam_Name": "Bethany Forebay",
        "National_ID": "CA00033",
        "Latitude": 37.7835,
        "Longitude": -121.6178,
        "Year_Built": "1961",
        "Capacity_acre_feet": 5000.0
      },
      "geometry": { "type": "Point", "coordinates": [-121.6178, 37.7835] }
    },
    {
      "type": "Feature",
      "properties": {
        "Dam_Name": "Clifton Court Forebay",
        "National_ID": "CA00050",
        "Latitude": 37.821,
        "Longitude": -121.5864,
        "Year_Built": "1970",
        "Capacity_acre_feet": 29000.0
      },
      "geometry": { "type": "Point", "coordinates": [-121.5864, 37.821] }
    },
    {
      "type": "Feature",
      "properties": {
        "Dam_Name": "CSP Mule Creek",
        "National_ID": "CA01195",
        "Latitude": 38.3801,
        "Longitude": -120.947,
        "Year_Built": "1988",
        "Capacity_acre_feet": 535.0
      },
      "geometry": { "type": "Point", "coordinates": [-120.947, 38.3801] }
    },
    {
      "type": "Feature",
      "properties": {
        "Dam_Name": "Gardella",
        "National_ID": "CA01499",
        "Latitude": 37.891,
        "Longitude": -120.4335,
        "Year_Built": "2009",
        "Capacity_acre_feet": 370.0
      },
      "geometry": { "type": "Point", "coordinates": [-120.4335, 37.891] }
    },
    {
      "type": "Feature",
      "properties": {
        "Dam_Name": "Antioch Reservoir",
        "National_ID": "CA00057",
        "Latitude": 37.9779,
        "Longitude": -121.809,
        "Year_Built": "1935",
        "Capacity_acre_feet": 722.0
      },
      "geometry": { "type": "Point", "coordinates": [-121.809, 37.9779] }
    },
    {
      "type": "Feature",
      "properties": {
        "Dam_Name": "Early Intake",
        "National_ID": "CA00120",
        "Latitude": 37.8755,
        "Longitude": -119.9569,
        "Year_Built": "1925",
        "Capacity_acre_feet": 115.0
      },
      "geometry": { "type": "Point", "coordinates": [-119.9569, 37.8755] }
    },
    {
      "type": "Feature",
      "properties": {
        "Dam_Name": "Lake Eleanor",
        "National_ID": "CA00121",
        "Latitude": 37.974,
        "Longitude": -119.8818,
        "Year_Built": "1918",
        "Capacity_acre_feet": 28600.0
      },
      "geometry": { "type": "Point", "coordinates": [-119.8818, 37.974] }
    },
    {
      "type": "Feature",
      "properties": {
        "Dam_Name": "Moccasin Lower",
        "National_ID": "CA00122",
        "Latitude": 37.8123,
        "Longitude": -120.3057,
        "Year_Built": "1930",
        "Capacity_acre_feet": 554.0
      },
      "geometry": { "type": "Point", "coordinates": [-120.3057, 37.8123] }
    },
    {
      "type": "Feature",
      "properties": {
        "Dam_Name": "O`Shaughnessy",
        "National_ID": "CA00123",
        "Latitude": 37.9484,
        "Longitude": -119.789,
        "Year_Built": "1923",
        "Capacity_acre_feet": 360000.0
      },
      "geometry": { "type": "Point", "coordinates": [-119.789, 37.9484] }
    },
    {
      "type": "Feature",
      "properties": {
        "Dam_Name": "Priest",
        "National_ID": "CA00124",
        "Latitude": 37.8005,
        "Longitude": -120.2674,
        "Year_Built": "1923",
        "Capacity_acre_feet": 2067.4
      },
      "geometry": { "type": "Point", "coordinates": [-120.2674, 37.8005] }
    },
    {
      "type": "Feature",
      "properties": {
        "Dam_Name": "Cherry Valley",
        "National_ID": "CA00125",
        "Latitude": 37.9743,
        "Longitude": -119.9147,
        "Year_Built": "1956",
        "Capacity_acre_feet": 273500.0
      },
      "geometry": { "type": "Point", "coordinates": [-119.9147, 37.9743] }
    },
    {
      "type": "Feature",
      "properties": {
        "Dam_Name": "Pardee",
        "National_ID": "CA00164",
        "Latitude": 38.2579,
        "Longitude": -120.8519,
        "Year_Built": "1929",
        "Capacity_acre_feet": 197950.0
      },
      "geometry": { "type": "Point", "coordinates": [-120.8519, 38.2579] }
    },
    {
      "type": "Feature",
      "properties": {
        "Dam_Name": "Camanche",
        "National_ID": "CA00173",
        "Latitude": 38.2273,
        "Longitude": -121.0215,
        "Year_Built": "1963",
        "Capacity_acre_feet": 417120.0
      },
      "geometry": { "type": "Point", "coordinates": [-121.0215, 38.2273] }
    },
    {
      "type": "Feature",
      "properties": {
        "Dam_Name": "Cameron Park",
        "National_ID": "CA00230",
        "Latitude": 38.6814,
        "Longitude": -120.9934,
        "Year_Built": "1951",
        "Capacity_acre_feet": 480.0
      },
      "geometry": { "type": "Point", "coordinates": [-120.9934, 38.6814] }
    },
    {
      "type": "Feature",
      "properties": {
        "Dam_Name": "New Bass Lake",
        "National_ID": "CA01087",
        "Latitude": 38.6818,
        "Longitude": -121.0265,
        "Year_Built": "1978",
        "Capacity_acre_feet": 745.0
      },
      "geometry": { "type": "Point", "coordinates": [-121.0265, 38.6818] }
    },
    {
      "type": "Feature",
      "properties": {
        "Dam_Name": "El Dorado Hills",
        "National_ID": "CA01176",
        "Latitude": 38.639,
        "Longitude": -121.0586,
        "Year_Built": "1980",
        "Capacity_acre_feet": 215.0
      },
      "geometry": { "type": "Point", "coordinates": [-121.0586, 38.639] }
    },
    {
      "type": "Feature",
      "properties": {
        "Dam_Name": "Sly Park",
        "National_ID": "CA01523",
        "Latitude": 38.7159,
        "Longitude": -120.5626,
        "Year_Built": "1955",
        "Capacity_acre_feet": 41000.0
      },
      "geometry": { "type": "Point", "coordinates": [-120.5626, 38.7159] }
    },
    {
      "type": "Feature",
      "properties": {
        "Dam_Name": "Crocker Diversion",
        "National_ID": "CA00239",
        "Latitude": 37.5152,
        "Longitude": -120.3697,
        "Year_Built": "1910",
        "Capacity_acre_feet": 300.0
      },
      "geometry": { "type": "Point", "coordinates": [-120.3697, 37.5152] }
    },
    {
      "type": "Feature",
      "properties": {
        "Dam_Name": "New Exchequer",
        "National_ID": "CA00240",
        "Latitude": 37.5862,
        "Longitude": -120.2719,
        "Year_Built": "1967",
        "Capacity_acre_feet": 1032000.0
      },
      "geometry": { "type": "Point", "coordinates": [-120.2719, 37.5862] }
    },
    {
      "type": "Feature",
      "properties": {
        "Dam_Name": "Lake Yosemite",
        "National_ID": "CA00241",
        "Latitude": 37.3754,
        "Longitude": -120.4393,
        "Year_Built": "1888",
        "Capacity_acre_feet": 10323.0
      },
      "geometry": { "type": "Point", "coordinates": [-120.4393, 37.3754] }
    },
    {
      "type": "Feature",
      "properties": {
        "Dam_Name": "McSwain",
        "National_ID": "CA00242",
        "Latitude": 37.5234,
        "Longitude": -120.3095,
        "Year_Built": "1966",
        "Capacity_acre_feet": 9730.0
      },
      "geometry": { "type": "Point", "coordinates": [-120.3095, 37.5234] }
    },
    {
      "type": "Feature",
      "properties": {
        "Dam_Name": "Modesto Reservoir",
        "National_ID": "CA00243",
        "Latitude": 37.662,
        "Longitude": -120.6807,
        "Year_Built": "1911",
        "Capacity_acre_feet": 40000.0
      },
      "geometry": { "type": "Point", "coordinates": [-120.6807, 37.662] }
    },
    {
      "type": "Feature",
      "properties": {
        "Dam_Name": "Goodwin",
        "National_ID": "CA00260",
        "Latitude": 37.8633,
        "Longitude": -120.6303,
        "Year_Built": "1912",
        "Capacity_acre_feet": 500.0
      },
      "geometry": { "type": "Point", "coordinates": [-120.6303, 37.8633] }
    },
    {
      "type": "Feature",
      "properties": {
        "Dam_Name": "Rodden Lake",
        "National_ID": "CA00262",
        "Latitude": 37.8181,
        "Longitude": -120.7654,
        "Year_Built": "1916",
        "Capacity_acre_feet": 380.0
      },
      "geometry": { "type": "Point", "coordinates": [-120.7654, 37.8181] }
    },
    {
      "type": "Feature",
      "properties": {
        "Dam_Name": "Beardsley",
        "National_ID": "CA00263",
        "Latitude": 38.2044,
        "Longitude": -120.0763,
        "Year_Built": "1957",
        "Capacity_acre_feet": 77600.0
      },
      "geometry": { "type": "Point", "coordinates": [-120.0763, 38.2044] }
    },
    {
      "type": "Feature",
      "properties": {
        "Dam_Name": "Donnells",
        "National_ID": "CA00264",
        "Latitude": 38.3313,
        "Longitude": -119.9618,
        "Year_Built": "1958",
        "Capacity_acre_feet": 56893.0
      },
      "geometry": { "type": "Point", "coordinates": [-119.9618, 38.3313] }
    },
    {
      "type": "Feature",
      "properties": {
        "Dam_Name": "Tulloch",
        "National_ID": "CA00265",
        "Latitude": 37.8777,
        "Longitude": -120.6068,
        "Year_Built": "1958",
        "Capacity_acre_feet": 68400.0
      },
      "geometry": { "type": "Point", "coordinates": [-120.6068, 37.8777] }
    },
    {
      "type": "Feature",
      "properties": {
        "Dam_Name": "Beardsley Afterbay",
        "National_ID": "CA00266",
        "Latitude": 38.1965,
        "Longitude": -120.0903,
        "Year_Built": "1958",
        "Capacity_acre_feet": 320.0
      },
      "geometry": { "type": "Point", "coordinates": [-120.0903, 38.1965] }
    },
    {
      "type": "Feature",
      "properties": {
        "Dam_Name": "Woodward",
        "National_ID": "CA00276",
        "Latitude": 37.8646,
        "Longitude": -120.875,
        "Year_Built": "1918",
        "Capacity_acre_feet": 35435.0
      },
      "geometry": { "type": "Point", "coordinates": [-120.875, 37.8646] }
    },
    {
      "type": "Feature",
      "properties": {
        "Dam_Name": "La Grange",
        "National_ID": "CA00278",
        "Latitude": 37.6722,
        "Longitude": -120.4449,
        "Year_Built": "1894",
        "Capacity_acre_feet": 500.0
      },
      "geometry": { "type": "Point", "coordinates": [-120.4449, 37.6722] }
    },
    {
      "type": "Feature",
      "properties": {
        "Dam_Name": "Turlock Lake",
        "National_ID": "CA00279",
        "Latitude": 37.6117,
        "Longitude": -120.5945,
        "Year_Built": "1915",
        "Capacity_acre_feet": 63406.0
      },
      "geometry": { "type": "Point", "coordinates": [-120.5945, 37.6117] }
    },
    {
      "type": "Feature",
      "properties": {
        "Dam_Name": "Dawson Lake",
        "National_ID": "CA00280",
        "Latitude": 37.6405,
        "Longitude": -120.4785,
        "Year_Built": "1896",
        "Capacity_acre_feet": 960.0
      },
      "geometry": { "type": "Point", "coordinates": [-120.4785, 37.6405] }
    },
    {
      "type": "Feature",
      "properties": {
        "Dam_Name": "Don Pedro",
        "National_ID": "CA00281",
        "Latitude": 37.6997,
        "Longitude": -120.4245,
        "Year_Built": "1971",
        "Capacity_acre_feet": 2030000.0
      },
      "geometry": { "type": "Point", "coordinates": [-120.4245, 37.6997] }
    },
    {
      "type": "Feature",
      "properties": {
        "Dam_Name": "New Woodbridge Diversion",
        "National_ID": "CA01461",
        "Latitude": 38.1562,
        "Longitude": -121.297,
        "Year_Built": "2006",
        "Capacity_acre_feet": 1583.0
      },
      "geometry": { "type": "Point", "coordinates": [-121.297, 38.1562] }
    },
    {
      "type": "Feature",
      "properties": {
        "Dam_Name": "Redhawk Lake",
        "National_ID": "CA00306",
        "Latitude": 38.3256,
        "Longitude": -120.4944,
        "Year_Built": "1882",
        "Capacity_acre_feet": 2760.0
      },
      "geometry": { "type": "Point", "coordinates": [-120.4944, 38.3256] }
    },
    {
      "type": "Feature",
      "properties": {
        "Dam_Name": "Middle Fork",
        "National_ID": "CA00307",
        "Latitude": 38.3863,
        "Longitude": -120.4422,
        "Year_Built": "1939",
        "Capacity_acre_feet": 1700.0
      },
      "geometry": { "type": "Point", "coordinates": [-120.4422, 38.3863] }
    },
    {
      "type": "Feature",
      "properties": {
        "Dam_Name": "Jeff Davis",
        "National_ID": "CA00309",
        "Latitude": 38.3439,
        "Longitude": -120.5406,
        "Year_Built": "1973",
        "Capacity_acre_feet": 2059.0
      },
      "geometry": { "type": "Point", "coordinates": [-120.5406, 38.3439] }
    },
    {
      "type": "Feature",
      "properties": {
        "Dam_Name": "Crane Valley Storage",
        "National_ID": "CA00337",
        "Latitude": 37.2939,
        "Longitude": -119.5321,
        "Year_Built": "1910",
        "Capacity_acre_feet": 45410.0
      },
      "geometry": { "type": "Point", "coordinates": [-119.5321, 37.2939] }
    },
    {
      "type": "Feature",
      "properties": {
        "Dam_Name": "#1 Forebay",
        "National_ID": "CA00338",
        "Latitude": 37.1591,
        "Longitude": -119.4936,
        "Year_Built": "1896",
        "Capacity_acre_feet": 69.0
      },
      "geometry": { "type": "Point", "coordinates": [-119.4936, 37.1591] }
    },
    {
      "type": "Feature",
      "properties": {
        "Dam_Name": "#3 Forebay",
        "National_ID": "CA00339",
        "Latitude": 37.253,
        "Longitude": -119.5321,
        "Year_Built": "1906",
        "Capacity_acre_feet": 20.0
      },
      "geometry": { "type": "Point", "coordinates": [-119.5321, 37.253] }
    },
    {
      "type": "Feature",
      "properties": {
        "Dam_Name": "Kerckhoff Diversion",
        "National_ID": "CA00340",
        "Latitude": 37.1285,
        "Longitude": -119.526,
        "Year_Built": "1920",
        "Capacity_acre_feet": 4200.0
      },
      "geometry": { "type": "Point", "coordinates": [-119.526, 37.1285] }
    },
    {
      "type": "Feature",
      "properties": {
        "Dam_Name": "Merced Falls",
        "National_ID": "CA00341",
        "Latitude": 37.5231,
        "Longitude": -120.3298,
        "Year_Built": "1901",
        "Capacity_acre_feet": 620.0
      },
      "geometry": { "type": "Point", "coordinates": [-120.3298, 37.5231] }
    },
    {
      "type": "Feature",
      "properties": {
        "Dam_Name": "#2 Reservoir",
        "National_ID": "CA00342",
        "Latitude": 37.2444,
        "Longitude": -119.5161,
        "Year_Built": "1912",
        "Capacity_acre_feet": 168.0
      },
      "geometry": { "type": "Point", "coordinates": [-119.5161, 37.2444] }
    },
    {
      "type": "Feature",
      "properties": {
        "Dam_Name": "Bear River",
        "National_ID": "CA00379",
        "Latitude": 38.5585,
        "Longitude": -120.217,
        "Year_Built": "1900",
        "Capacity_acre_feet": 6818.0
      },
      "geometry": { "type": "Point", "coordinates": [-120.217, 38.5585] }
    },
    {
      "type": "Feature",
      "properties": {
        "Dam_Name": "Lower Blue Lake",
        "National_ID": "CA00380",
        "Latitude": 38.6085,
        "Longitude": -119.9284,
        "Year_Built": "1903",
        "Capacity_acre_feet": 5091.0
      },
      "geometry": { "type": "Point", "coordinates": [-119.9284, 38.6085] }
    },
    {
      "type": "Feature",
      "properties": {
        "Dam_Name": "Meadow Lake",
        "National_ID": "CA00381",
        "Latitude": 38.6007,
        "Longitude": -119.9769,
        "Year_Built": "1903",
        "Capacity_acre_feet": 5160.0
      },
      "geometry": { "type": "Point", "coordinates": [-119.9769, 38.6007] }
    },
    {
      "type": "Feature",
      "properties": {
        "Dam_Name": "Salt Springs",
        "National_ID": "CA00382",
        "Latitude": 38.5,
        "Longitude": -120.2163,
        "Year_Built": "1931",
        "Capacity_acre_feet": 141900.0
      },
      "geometry": { "type": "Point", "coordinates": [-120.2163, 38.5] }
    },
    {
      "type": "Feature",
      "properties": {
        "Dam_Name": "Lake Tabeaud",
        "National_ID": "CA00383",
        "Latitude": 38.3492,
        "Longitude": -120.6663,
        "Year_Built": "1901",
        "Capacity_acre_feet": 1170.0
      },
      "geometry": { "type": "Point", "coordinates": [-120.6663, 38.3492] }
    },
    {
      "type": "Feature",
      "properties": {
        "Dam_Name": "Twin Lakes",
        "National_ID": "CA00384",
        "Latitude": 38.61,
        "Longitude": -119.9429,
        "Year_Built": "1901",
        "Capacity_acre_feet": 1300.0
      },
      "geometry": { "type": "Point", "coordinates": [-119.9429, 38.61] }
    },
    {
      "type": "Feature",
      "properties": {
        "Dam_Name": "Upper Blue Lake",
        "National_ID": "CA00385",
        "Latitude": 38.6275,
        "Longitude": -119.9414,
        "Year_Built": "1901",
        "Capacity_acre_feet": 7576.0
      },
      "geometry": { "type": "Point", "coordinates": [-119.9414, 38.6275] }
    },
    {
      "type": "Feature",
      "properties": {
        "Dam_Name": "Lyons",
        "National_ID": "CA00387",
        "Latitude": 38.0944,
        "Longitude": -120.1677,
        "Year_Built": "1930",
        "Capacity_acre_feet": 6228.0
      },
      "geometry": { "type": "Point", "coordinates": [-120.1677, 38.0944] }
    },
    {
      "type": "Feature",
      "properties": {
        "Dam_Name": "Main Strawberry",
        "National_ID": "CA00388",
        "Latitude": 38.2002,
        "Longitude": -119.9888,
        "Year_Built": "1916",
        "Capacity_acre_feet": 18312.0
      },
      "geometry": { "type": "Point", "coordinates": [-119.9888, 38.2002] }
    },
    {
      "type": "Feature",
      "properties": {
        "Dam_Name": "Relief",
        "National_ID": "CA00390",
        "Latitude": 38.2808,
        "Longitude": -119.7326,
        "Year_Built": "1910",
        "Capacity_acre_feet": 15122.0
      },
      "geometry": { "type": "Point", "coordinates": [-119.7326, 38.2808] }
    },
    {
      "type": "Feature",
      "properties": {
        "Dam_Name": "Stanislaus Forebay",
        "National_ID": "CA00391",
        "Latitude": 38.1456,
        "Longitude": -120.3593,
        "Year_Built": "1908",
        "Capacity_acre_feet": 320.0
      },
      "geometry": { "type": "Point", "coordinates": [-120.3593, 38.1456] }
    },
    {
      "type": "Feature",
      "properties": {
        "Dam_Name": "Tiger Creek Regulator",
        "National_ID": "CA00400",
        "Latitude": 38.4785,
        "Longitude": -120.4523,
        "Year_Built": "1931",
        "Capacity_acre_feet": 523.0
      },
      "geometry": { "type": "Point", "coordinates": [-120.4523, 38.4785] }
    },
    {
      "type": "Feature",
      "properties": {
        "Dam_Name": "Tiger Creek Afterbay",
        "National_ID": "CA00401",
        "Latitude": 38.4413,
        "Longitude": -120.5055,
        "Year_Built": "1931",
        "Capacity_acre_feet": 3960.0
      },
      "geometry": { "type": "Point", "coordinates": [-120.5055, 38.4413] }
    },
    {
      "type": "Feature",
      "properties": {
        "Dam_Name": "Electra Diversion",
        "National_ID": "CA00408",
        "Latitude": 38.4211,
        "Longitude": -120.5489,
        "Year_Built": "1947",
        "Capacity_acre_feet": 65.0
      },
      "geometry": { "type": "Point", "coordinates": [-120.5489, 38.4211] }
    },
    {
      "type": "Feature",
      "properties": {
        "Dam_Name": "Lower Bear River",
        "National_ID": "CA00409",
        "Latitude": 38.5397,
        "Longitude": -120.2595,
        "Year_Built": "1952",
        "Capacity_acre_feet": 48750.0
      },
      "geometry": { "type": "Point", "coordinates": [-120.2595, 38.5397] }
    },
    {
      "type": "Feature",
      "properties": {
        "Dam_Name": "Tiger Creek Forebay",
        "National_ID": "CA00419",
        "Latitude": 38.4539,
        "Longitude": -120.477,
        "Year_Built": "1931",
        "Capacity_acre_feet": 36.0
      },
      "geometry": { "type": "Point", "coordinates": [-120.477, 38.4539] }
    },
    {
      "type": "Feature",
      "properties": {
        "Dam_Name": "Bear Creek Diversion",
        "National_ID": "CA00428",
        "Latitude": 37.3359,
        "Longitude": -118.9756,
        "Year_Built": "1927",
        "Capacity_acre_feet": 103.0
      },
      "geometry": { "type": "Point", "coordinates": [-118.9756, 37.3359] }
    },
    {
      "type": "Feature",
      "properties": {
        "Dam_Name": "Big Creek No. 4",
        "National_ID": "CA00430",
        "Latitude": 37.2036,
        "Longitude": -119.2417,
        "Year_Built": "1913",
        "Capacity_acre_feet": 100.0
      },
      "geometry": { "type": "Point", "coordinates": [-119.2417, 37.2036] }
    },
    {
      "type": "Feature",
      "properties": {
        "Dam_Name": "Big Creek No. 5",
        "National_ID": "CA00431",
        "Latitude": 37.2007,
        "Longitude": -119.3076,
        "Year_Built": "1921",
        "Capacity_acre_feet": 42.0
      },
      "geometry": { "type": "Point", "coordinates": [-119.3076, 37.2007] }
    },
    {
      "type": "Feature",
      "properties": {
        "Dam_Name": "Big Creek No. 6",
        "National_ID": "CA00432",
        "Latitude": 37.2072,
        "Longitude": -119.331,
        "Year_Built": "1923",
        "Capacity_acre_feet": 993.0
      },
      "geometry": { "type": "Point", "coordinates": [-119.331, 37.2072] }
    },
    {
      "type": "Feature",
      "properties": {
        "Dam_Name": "Florence Lake",
        "National_ID": "CA00433",
        "Latitude": 37.2725,
        "Longitude": -118.9657,
        "Year_Built": "1926",
        "Capacity_acre_feet": 64406.0
      },
      "geometry": { "type": "Point", "coordinates": [-118.9657, 37.2725] }
    },
    {
      "type": "Feature",
      "properties": {
        "Dam_Name": "Huntington Lake 1",
        "National_ID": "CA00434",
        "Latitude": 37.2281,
        "Longitude": -119.2362,
        "Year_Built": "1917",
        "Capacity_acre_feet": 88834.0
      },
      "geometry": { "type": "Point", "coordinates": [-119.2362, 37.2281] }
    },
    {
      "type": "Feature",
      "properties": {
        "Dam_Name": "Mono Creek Diversion",
        "National_ID": "CA00436",
        "Latitude": 37.3603,
        "Longitude": -118.9985,
        "Year_Built": "1927",
        "Capacity_acre_feet": 45.0
      },
      "geometry": { "type": "Point", "coordinates": [-118.9985, 37.3603] }
    },
    {
      "type": "Feature",
      "properties": {
        "Dam_Name": "Shaver Lake",
        "National_ID": "CA00437",
        "Latitude": 37.1468,
        "Longitude": -119.3029,
        "Year_Built": "1927",
        "Capacity_acre_feet": 135283.0
      },
      "geometry": { "type": "Point", "coordinates": [-119.3029, 37.1468] }
    },
    {
      "type": "Feature",
      "properties": {
        "Dam_Name": "Big Creek No. 7",
        "National_ID": "CA00440",
        "Latitude": 37.1464,
        "Longitude": -119.4514,
        "Year_Built": "1951",
        "Capacity_acre_feet": 35000.0
      },
      "geometry": { "type": "Point", "coordinates": [-119.4514, 37.1464] }
    },
    {
      "type": "Feature",
      "properties": {
        "Dam_Name": "Vermilion Valley",
        "National_ID": "CA00441",
        "Latitude": 37.3699,
        "Longitude": -118.9956,
        "Year_Built": "1954",
        "Capacity_acre_feet": 125000.0
      },
      "geometry": { "type": "Point", "coordinates": [-118.9956, 37.3699] }
    },
    {
      "type": "Feature",
      "properties": {
        "Dam_Name": "Portal Powerhouse Forebay",
        "National_ID": "CA00442",
        "Latitude": 37.3203,
        "Longitude": -119.0692,
        "Year_Built": "1955",
        "Capacity_acre_feet": 325.0
      },
      "geometry": { "type": "Point", "coordinates": [-119.0692, 37.3203] }
    },
    {
      "type": "Feature",
      "properties": {
        "Dam_Name": "Mammoth Pool",
        "National_ID": "CA00443",
        "Latitude": 37.3237,
        "Longitude": -119.3181,
        "Year_Built": "1960",
        "Capacity_acre_feet": 123000.0
      },
      "geometry": { "type": "Point", "coordinates": [-119.3181, 37.3237] }
    },
    {
      "type": "Feature",
      "properties": {
        "Dam_Name": "Balsam Meadow",
        "National_ID": "CA01283",
        "Latitude": 37.1636,
        "Longitude": -119.2519,
        "Year_Built": "1986",
        "Capacity_acre_feet": 2040.0
      },
      "geometry": { "type": "Point", "coordinates": [-119.2519, 37.1636] }
    },
    {
      "type": "Feature",
      "properties": {
        "Dam_Name": "Alpine",
        "National_ID": "CA00422",
        "Latitude": 38.4718,
        "Longitude": -120.0044,
        "Year_Built": "1906",
        "Capacity_acre_feet": 4122.0
      },
      "geometry": { "type": "Point", "coordinates": [-120.0044, 38.4718] }
    },
    {
      "type": "Feature",
      "properties": {
        "Dam_Name": "Union",
        "National_ID": "CA00426",
        "Latitude": 38.4315,
        "Longitude": -119.9964,
        "Year_Built": "1902",
        "Capacity_acre_feet": 2000.0
      },
      "geometry": { "type": "Point", "coordinates": [-119.9964, 38.4315] }
    },
    {
      "type": "Feature",
      "properties": {
        "Dam_Name": "Utica",
        "National_ID": "CA00427",
        "Latitude": 38.4403,
        "Longitude": -120.0026,
        "Year_Built": "1908",
        "Capacity_acre_feet": 2400.0
      },
      "geometry": { "type": "Point", "coordinates": [-120.0026, 38.4403] }
    },
    {
      "type": "Feature",
      "properties": {
        "Dam_Name": "Hunters",
        "National_ID": "CA00423",
        "Latitude": 38.1983,
        "Longitude": -120.3604,
        "Year_Built": "1928",
        "Capacity_acre_feet": 253.0
      },
      "geometry": { "type": "Point", "coordinates": [-120.3604, 38.1983] }
    },
    {
      "type": "Feature",
      "properties": {
        "Dam_Name": "Ross",
        "National_ID": "CA00424",
        "Latitude": 38.1176,
        "Longitude": -120.5158,
        "Year_Built": "1895",
        "Capacity_acre_feet": 85.0
      },
      "geometry": { "type": "Point", "coordinates": [-120.5158, 38.1176] }
    },
    {
      "type": "Feature",
      "properties": {
        "Dam_Name": "Murphys Afterbay",
        "National_ID": "CA00410",
        "Latitude": 38.1466,
        "Longitude": -120.4482,
        "Year_Built": "1953",
        "Capacity_acre_feet": 40.0
      },
      "geometry": { "type": "Point", "coordinates": [-120.4482, 38.1466] }
    },
    {
      "type": "Feature",
      "properties": {
        "Dam_Name": "Murphys Forebay",
        "National_ID": "CA00420",
        "Latitude": 38.1493,
        "Longitude": -120.4339,
        "Year_Built": "1953",
        "Capacity_acre_feet": 54.0
      },
      "geometry": { "type": "Point", "coordinates": [-120.4339, 38.1493] }
    },
    {
      "type": "Feature",
      "properties": {
        "Dam_Name": "Granlees",
        "National_ID": "CA00599",
        "Latitude": 38.4976,
        "Longitude": -121.066,
        "Year_Built": "1921",
        "Capacity_acre_feet": 75.0
      },
      "geometry": { "type": "Point", "coordinates": [-121.066, 38.4976] }
    },
    {
      "type": "Feature",
      "properties": {
        "Dam_Name": "Van Vleck",
        "National_ID": "CA00602",
        "Latitude": 38.4688,
        "Longitude": -121.0619,
        "Year_Built": "1950",
        "Capacity_acre_feet": 2000.0
      },
      "geometry": { "type": "Point", "coordinates": [-121.0619, 38.4688] }
    },
    {
      "type": "Feature",
      "properties": {
        "Dam_Name": "Mills",
        "National_ID": "CA00603",
        "Latitude": 38.4999,
        "Longitude": -121.1086,
        "Year_Built": "1952",
        "Capacity_acre_feet": 195.0
      },
      "geometry": { "type": "Point", "coordinates": [-121.1086, 38.4999] }
    },
    {
      "type": "Feature",
      "properties": {
        "Dam_Name": "Schneider",
        "National_ID": "CA00604",
        "Latitude": 38.4669,
        "Longitude": -121.0919,
        "Year_Built": "1941",
        "Capacity_acre_feet": 126.0
      },
      "geometry": { "type": "Point", "coordinates": [-121.0919, 38.4669] }
    },
    {
      "type": "Feature",
      "properties": {
        "Dam_Name": "Hamel",
        "National_ID": "CA00605",
        "Latitude": 38.305,
        "Longitude": -121.0586,
        "Year_Built": "1957",
        "Capacity_acre_feet": 350.0
      },
      "geometry": { "type": "Point", "coordinates": [-121.0586, 38.305] }
    },
    {
      "type": "Feature",
      "properties": {
        "Dam_Name": "D'Agostini",
        "National_ID": "CA00610",
        "Latitude": 38.5855,
        "Longitude": -120.7378,
        "Year_Built": "1950",
        "Capacity_acre_feet": 355.0
      },
      "geometry": { "type": "Point", "coordinates": [-120.7378, 38.5855] }
    },
    {
      "type": "Feature",
      "properties": {
        "Dam_Name": "Big Canyon Creek",
        "National_ID": "CA00611",
        "Latitude": 38.6109,
        "Longitude": -120.9036,
        "Year_Built": "1935",
        "Capacity_acre_feet": 395.0
      },
      "geometry": { "type": "Point", "coordinates": [-120.9036, 38.6109] }
    },
    {
      "type": "Feature",
      "properties": {
        "Dam_Name": "Goffinet",
        "National_ID": "CA00612",
        "Latitude": 38.3779,
        "Longitude": -120.8845,
        "Year_Built": "1954",
        "Capacity_acre_feet": 197.0
      },
      "geometry": { "type": "Point", "coordinates": [-120.8845, 38.3779] }
    },
    {
      "type": "Feature",
      "properties": {
        "Dam_Name": "Arroyo Seco",
        "National_ID": "CA00613",
        "Latitude": 38.3568,
        "Longitude": -121.0,
        "Year_Built": "1957",
        "Capacity_acre_feet": 2433.0
      },
      "geometry": { "type": "Point", "coordinates": [-121.0, 38.3568] }
    },
    {
      "type": "Feature",
      "properties": {
        "Dam_Name": "John Orr",
        "National_ID": "CA00615",
        "Latitude": 38.2975,
        "Longitude": -120.9732,
        "Year_Built": "1959",
        "Capacity_acre_feet": 152.0
      },
      "geometry": { "type": "Point", "coordinates": [-120.9732, 38.2975] }
    },
    {
      "type": "Feature",
      "properties": {
        "Dam_Name": "Shenandoah Lake",
        "National_ID": "CA00617",
        "Latitude": 38.535,
        "Longitude": -120.8158,
        "Year_Built": "1962",
        "Capacity_acre_feet": 168.0
      },
      "geometry": { "type": "Point", "coordinates": [-120.8158, 38.535] }
    },
    {
      "type": "Feature",
      "properties": {
        "Dam_Name": "Vicini",
        "National_ID": "CA01093",
        "Latitude": 38.4693,
        "Longitude": -120.9405,
        "Year_Built": "1980",
        "Capacity_acre_feet": 150.0
      },
      "geometry": { "type": "Point", "coordinates": [-120.9405, 38.4693] }
    },
    {
      "type": "Feature",
      "properties": {
        "Dam_Name": "Plymouth Effluent",
        "National_ID": "CA01189",
        "Latitude": 38.4774,
        "Longitude": -120.882,
        "Year_Built": "1989",
        "Capacity_acre_feet": 185.0
      },
      "geometry": { "type": "Point", "coordinates": [-120.882, 38.4774] }
    },
    {
      "type": "Feature",
      "properties": {
        "Dam_Name": "Emery",
        "National_ID": "CA00618",
        "Latitude": 38.2484,
        "Longitude": -120.5038,
        "Year_Built": "1850",
        "Capacity_acre_feet": 630.0
      },
      "geometry": { "type": "Point", "coordinates": [-120.5038, 38.2484] }
    },
    {
      "type": "Feature",
      "properties": {
        "Dam_Name": "Bevanda",
        "National_ID": "CA00619",
        "Latitude": 38.1451,
        "Longitude": -120.8859,
        "Year_Built": "1925",
        "Capacity_acre_feet": 60.0
      },
      "geometry": { "type": "Point", "coordinates": [-120.8859, 38.1451] }
    },
    {
      "type": "Feature",
      "properties": {
        "Dam_Name": "Salt Springs Valley",
        "National_ID": "CA00620",
        "Latitude": 38.0305,
        "Longitude": -120.7643,
        "Year_Built": "1882",
        "Capacity_acre_feet": 10900.0
      },
      "geometry": { "type": "Point", "coordinates": [-120.7643, 38.0305] }
    },
    {
      "type": "Feature",
      "properties": {
        "Dam_Name": "Wallace",
        "National_ID": "CA01314",
        "Latitude": 38.1948,
        "Longitude": -120.9725,
        "Year_Built": "",
        "Capacity_acre_feet": 410.0
      },
      "geometry": { "type": "Point", "coordinates": [-120.9725, 38.1948] }
    },
    {
      "type": "Feature",
      "properties": {
        "Dam_Name": "McCarty",
        "National_ID": "CA00621",
        "Latitude": 38.0263,
        "Longitude": -120.691,
        "Year_Built": "1938",
        "Capacity_acre_feet": 93.0
      },
      "geometry": { "type": "Point", "coordinates": [-120.691, 38.0263] }
    },
    {
      "type": "Feature",
      "properties": {
        "Dam_Name": "Fly-In-Acres",
        "National_ID": "CA00624",
        "Latitude": 38.2455,
        "Longitude": -120.3362,
        "Year_Built": "1953",
        "Capacity_acre_feet": 58.0
      },
      "geometry": { "type": "Point", "coordinates": [-120.3362, 38.2455] }
    },
    {
      "type": "Feature",
      "properties": {
        "Dam_Name": "Christensen No. 1",
        "National_ID": "CA00625",
        "Latitude": 38.1254,
        "Longitude": -120.7021,
        "Year_Built": "1951",
        "Capacity_acre_feet": 69.0
      },
      "geometry": { "type": "Point", "coordinates": [-120.7021, 38.1254] }
    },
    {
      "type": "Feature",
      "properties": {
        "Dam_Name": "Ferrario",
        "National_ID": "CA00626",
        "Latitude": 38.188,
        "Longitude": -120.9175,
        "Year_Built": "1955",
        "Capacity_acre_feet": 250.0
      },
      "geometry": { "type": "Point", "coordinates": [-120.9175, 38.188] }
    },
    {
      "type": "Feature",
      "properties": {
        "Dam_Name": "Flowers",
        "National_ID": "CA00627",
        "Latitude": 37.9694,
        "Longitude": -120.6848,
        "Year_Built": "1957",
        "Capacity_acre_feet": 724.0
      },
      "geometry": { "type": "Point", "coordinates": [-120.6848, 37.9694] }
    },
    {
      "type": "Feature",
      "properties": {
        "Dam_Name": "Cherokee",
        "National_ID": "CA00628",
        "Latitude": 38.0808,
        "Longitude": -120.6094,
        "Year_Built": "1959",
        "Capacity_acre_feet": 630.0
      },
      "geometry": { "type": "Point", "coordinates": [-120.6094, 38.0808] }
    },
    {
      "type": "Feature",
      "properties": {
        "Dam_Name": "Reba",
        "National_ID": "CA00642",
        "Latitude": 38.4728,
        "Longitude": -120.0452,
        "Year_Built": "1965",
        "Capacity_acre_feet": 361.0
      },
      "geometry": { "type": "Point", "coordinates": [-120.0452, 38.4728] }
    },
    {
      "type": "Feature",
      "properties": {
        "Dam_Name": "Phoenix",
        "National_ID": "CA00389",
        "Latitude": 37.9998,
        "Longitude": -120.3273,
        "Year_Built": "1880",
        "Capacity_acre_feet": 455.0
      },
      "geometry": { "type": "Point", "coordinates": [-120.3273, 37.9998] }
    },
    {
      "type": "Feature",
      "properties": {
        "Dam_Name": "Quartz",
        "National_ID": "CA01146",
        "Latitude": 37.9261,
        "Longitude": -120.4325,
        "Year_Built": "1978",
        "Capacity_acre_feet": 1500.0
      },
      "geometry": { "type": "Point", "coordinates": [-120.4325, 37.9261] }
    },
    {
      "type": "Feature",
      "properties": {
        "Dam_Name": "Twain Harte",
        "National_ID": "CA00649",
        "Latitude": 38.0291,
        "Longitude": -120.244,
        "Year_Built": "1928",
        "Capacity_acre_feet": 143.0
      },
      "geometry": { "type": "Point", "coordinates": [-120.244, 38.0291] }
    },
    {
      "type": "Feature",
      "properties": {
        "Dam_Name": "Brentwood Park",
        "National_ID": "CA00651",
        "Latitude": 38.0395,
        "Longitude": -120.2504,
        "Year_Built": "1964",
        "Capacity_acre_feet": 80.0
      },
      "geometry": { "type": "Point", "coordinates": [-120.2504, 38.0395] }
    },
    {
      "type": "Feature",
      "properties": {
        "Dam_Name": "Big Creek",
        "National_ID": "CA00652",
        "Latitude": 37.8576,
        "Longitude": -120.201,
        "Year_Built": "1969",
        "Capacity_acre_feet": 7650.0
      },
      "geometry": { "type": "Point", "coordinates": [-120.201, 37.8576] }
    },
    {
      "type": "Feature",
      "properties": {
        "Dam_Name": "Tuolumne Log Pond",
        "National_ID": "CA00653",
        "Latitude": 37.9581,
        "Longitude": -120.2443,
        "Year_Built": "1912",
        "Capacity_acre_feet": 120.0
      },
      "geometry": { "type": "Point", "coordinates": [-120.2443, 37.9581] }
    },
    {
      "type": "Feature",
      "properties": {
        "Dam_Name": "Leland Meadows",
        "National_ID": "CA01149",
        "Latitude": 38.2335,
        "Longitude": -119.9808,
        "Year_Built": "1978",
        "Capacity_acre_feet": 79.0
      },
      "geometry": { "type": "Point", "coordinates": [-119.9808, 38.2335] }
    },
    {
      "type": "Feature",
      "properties": {
        "Dam_Name": "Orvis",
        "National_ID": "CA00654",
        "Latitude": 37.9484,
        "Longitude": -120.7834,
        "Year_Built": "1959",
        "Capacity_acre_feet": 500.0
      },
      "geometry": { "type": "Point", "coordinates": [-120.7834, 37.9484] }
    },
    {
      "type": "Feature",
      "properties": {
        "Dam_Name": "Modesto Effluent Storage",
        "National_ID": "CA01286",
        "Latitude": 37.5375,
        "Longitude": -121.0824,
        "Year_Built": "1987",
        "Capacity_acre_feet": 7830.0
      },
      "geometry": { "type": "Point", "coordinates": [-121.0824, 37.5375] }
    },
    {
      "type": "Feature",
      "properties": {
        "Dam_Name": "Gilmore",
        "National_ID": "CA00655",
        "Latitude": 38.0446,
        "Longitude": -120.9908,
        "Year_Built": "1918",
        "Capacity_acre_feet": 550.0
      },
      "geometry": { "type": "Point", "coordinates": [-120.9908, 38.0446] }
    },
    {
      "type": "Feature",
      "properties": {
        "Dam_Name": "Davis No. 2",
        "National_ID": "CA00656",
        "Latitude": 38.06,
        "Longitude": -121.0311,
        "Year_Built": "1955",
        "Capacity_acre_feet": 1400.0
      },
      "geometry": { "type": "Point", "coordinates": [-121.0311, 38.06] }
    },
    {
      "type": "Feature",
      "properties": {
        "Dam_Name": "Foothill Ranch",
        "National_ID": "CA00657",
        "Latitude": 38.1031,
        "Longitude": -121.0306,
        "Year_Built": "1952",
        "Capacity_acre_feet": 100.0
      },
      "geometry": { "type": "Point", "coordinates": [-121.0306, 38.1031] }
    },
    {
      "type": "Feature",
      "properties": {
        "Dam_Name": "Beggs",
        "National_ID": "CA01291",
        "Latitude": 38.2159,
        "Longitude": -121.046,
        "Year_Built": "1971",
        "Capacity_acre_feet": 81.0
      },
      "geometry": { "type": "Point", "coordinates": [-121.046, 38.2159] }
    },
    {
      "type": "Feature",
      "properties": {
        "Dam_Name": "Maria",
        "National_ID": "CA01468",
        "Latitude": 37.706,
        "Longitude": -121.5338,
        "Year_Built": "2003",
        "Capacity_acre_feet": 277.0
      },
      "geometry": { "type": "Point", "coordinates": [-121.5338, 37.706] }
    },
    {
      "type": "Feature",
      "properties": {
        "Dam_Name": "Kelsey",
        "National_ID": "CA00698",
        "Latitude": 37.5451,
        "Longitude": -120.3545,
        "Year_Built": "1929",
        "Capacity_acre_feet": 1000.0
      },
      "geometry": { "type": "Point", "coordinates": [-120.3545, 37.5451] }
    },
    {
      "type": "Feature",
      "properties": {
        "Dam_Name": "Mustang Creek",
        "National_ID": "CA01097",
        "Latitude": 37.5062,
        "Longitude": -120.6557,
        "Year_Built": "1975",
        "Capacity_acre_feet": 700.0
      },
      "geometry": { "type": "Point", "coordinates": [-120.6557, 37.5062] }
    },
    {
      "type": "Feature",
      "properties": {
        "Dam_Name": "Castle",
        "National_ID": "CA01355",
        "Latitude": 37.4042,
        "Longitude": -120.5462,
        "Year_Built": "1991",
        "Capacity_acre_feet": 7510.0
      },
      "geometry": { "type": "Point", "coordinates": [-120.5462, 37.4042] }
    },
    {
      "type": "Feature",
      "properties": {
        "Dam_Name": "Stockton Creek",
        "National_ID": "CA00699",
        "Latitude": 37.4986,
        "Longitude": -119.9595,
        "Year_Built": "1950",
        "Capacity_acre_feet": 368.0
      },
      "geometry": { "type": "Point", "coordinates": [-119.9595, 37.4986] }
    },
    {
      "type": "Feature",
      "properties": {
        "Dam_Name": "Green Valley",
        "National_ID": "CA00700",
        "Latitude": 37.7764,
        "Longitude": -120.151,
        "Year_Built": "1957",
        "Capacity_acre_feet": 240.0
      },
      "geometry": { "type": "Point", "coordinates": [-120.151, 37.7764] }
    },
    {
      "type": "Feature",
      "properties": {
        "Dam_Name": "McMahon",
        "National_ID": "CA00701",
        "Latitude": 37.69916,
        "Longitude": -120.198241,
        "Year_Built": "1957",
        "Capacity_acre_feet": 520.0
      },
      "geometry": { "type": "Point", "coordinates": [-120.198241, 37.69916] }
    },
    {
      "type": "Feature",
      "properties": {
        "Dam_Name": "Hendricks",
        "National_ID": "CA00702",
        "Latitude": 37.3567,
        "Longitude": -119.8988,
        "Year_Built": "1958",
        "Capacity_acre_feet": 130.0
      },
      "geometry": { "type": "Point", "coordinates": [-119.8988, 37.3567] }
    },
    {
      "type": "Feature",
      "properties": {
        "Dam_Name": "Metzger",
        "National_ID": "CA00703",
        "Latitude": 37.7166,
        "Longitude": -120.1098,
        "Year_Built": "1956",
        "Capacity_acre_feet": 75.0
      },
      "geometry": { "type": "Point", "coordinates": [-120.1098, 37.7166] }
    },
    {
      "type": "Feature",
      "properties": {
        "Dam_Name": "Sierra Vista",
        "National_ID": "CA00705",
        "Latitude": 37.1523,
        "Longitude": -120.2765,
        "Year_Built": "1872",
        "Capacity_acre_feet": 90.0
      },
      "geometry": { "type": "Point", "coordinates": [-120.2765, 37.1523] }
    },
    {
      "type": "Feature",
      "properties": {
        "Dam_Name": "Madera Lake",
        "National_ID": "CA00027",
        "Latitude": 37.0205,
        "Longitude": -120.0015,
        "Year_Built": "1958",
        "Capacity_acre_feet": 2300.0
      },
      "geometry": { "type": "Point", "coordinates": [-120.0015, 37.0205] }
    },
    {
      "type": "Feature",
      "properties": {
        "Dam_Name": "Lake Jane",
        "National_ID": "CA00706",
        "Latitude": 37.0614,
        "Longitude": -119.8233,
        "Year_Built": "1961",
        "Capacity_acre_feet": 182.0
      },
      "geometry": { "type": "Point", "coordinates": [-119.8233, 37.0614] }
    },
    {
      "type": "Feature",
      "properties": {
        "Dam_Name": "Black Hawk",
        "National_ID": "CA00707",
        "Latitude": 37.1641,
        "Longitude": -119.7842,
        "Year_Built": "1971",
        "Capacity_acre_feet": 740.0
      },
      "geometry": { "type": "Point", "coordinates": [-119.7842, 37.1641] }
    },
    {
      "type": "Feature",
      "properties": {
        "Dam_Name": "Marsh Creek",
        "National_ID": "CA00809",
        "Latitude": 37.8883,
        "Longitude": -121.7216,
        "Year_Built": "1963",
        "Capacity_acre_feet": 4425.0
      },
      "geometry": { "type": "Point", "coordinates": [-121.7216, 37.8883] }
    },
    {
      "type": "Feature",
      "properties": {
        "Dam_Name": "Deer Creek",
        "National_ID": "CA00810",
        "Latitude": 37.9227,
        "Longitude": -121.7607,
        "Year_Built": "1963",
        "Capacity_acre_feet": 233.0
      },
      "geometry": { "type": "Point", "coordinates": [-121.7607, 37.9227] }
    },
    {
      "type": "Feature",
      "properties": {
        "Dam_Name": "Dry Creek",
        "National_ID": "CA00811",
        "Latitude": 37.9107,
        "Longitude": -121.7334,
        "Year_Built": "1963",
        "Capacity_acre_feet": 330.0
      },
      "geometry": { "type": "Point", "coordinates": [-121.7334, 37.9107] }
    },
    {
      "type": "Feature",
      "properties": {
        "Dam_Name": "Upper Sand Creek Detention Basin",
        "National_ID": "CA01555",
        "Latitude": 37.945,
        "Longitude": -121.764,
        "Year_Built": "2014",
        "Capacity_acre_feet": 895.0
      },
      "geometry": { "type": "Point", "coordinates": [-121.764, 37.945] }
    },
    {
      "type": "Feature",
      "properties": {
        "Dam_Name": "Rancho Seco",
        "National_ID": "CA00825",
        "Latitude": 38.3365,
        "Longitude": -121.1019,
        "Year_Built": "1972",
        "Capacity_acre_feet": 2950.0
      },
      "geometry": { "type": "Point", "coordinates": [-121.1019, 38.3365] }
    },
    {
      "type": "Feature",
      "properties": {
        "Dam_Name": "Berenda Slough",
        "National_ID": "CA00835",
        "Latitude": 37.13,
        "Longitude": -120.1885,
        "Year_Built": "1962",
        "Capacity_acre_feet": 2450.0
      },
      "geometry": { "type": "Point", "coordinates": [-120.1885, 37.13] }
    },
    {
      "type": "Feature",
      "properties": {
        "Dam_Name": "Los Vaqueros",
        "National_ID": "CA01396",
        "Latitude": 37.8363,
        "Longitude": -121.7265,
        "Year_Built": "1997",
        "Capacity_acre_feet": 160000.0
      },
      "geometry": { "type": "Point", "coordinates": [-121.7265, 37.8363] }
    },
    {
      "type": "Feature",
      "properties": {
        "Dam_Name": "West Point Regulating",
        "National_ID": "CA00846",
        "Latitude": 38.4113,
        "Longitude": -120.5063,
        "Year_Built": "1965",
        "Capacity_acre_feet": 60.0
      },
      "geometry": { "type": "Point", "coordinates": [-120.5063, 38.4113] }
    },
    {
      "type": "Feature",
      "properties": {
        "Dam_Name": "White Pines",
        "National_ID": "CA01005",
        "Latitude": 38.2682,
        "Longitude": -120.3434,
        "Year_Built": "1970",
        "Capacity_acre_feet": 262.0
      },
      "geometry": { "type": "Point", "coordinates": [-120.3434, 38.2682] }
    },
    {
      "type": "Feature",
      "properties": {
        "Dam_Name": "New Spicer Meadow",
        "National_ID": "CA01224",
        "Latitude": 38.3957,
        "Longitude": -120.0021,
        "Year_Built": "1989",
        "Capacity_acre_feet": 189000.0
      },
      "geometry": { "type": "Point", "coordinates": [-120.0021, 38.3957] }
    },
    {
      "type": "Feature",
      "properties": {
        "Dam_Name": "McKays Point Diversion",
        "National_ID": "CA01257",
        "Latitude": 38.2339,
        "Longitude": -120.2928,
        "Year_Built": "1989",
        "Capacity_acre_feet": 2100.0
      },
      "geometry": { "type": "Point", "coordinates": [-120.2928, 38.2339] }
    },
    {
      "type": "Feature",
      "properties": {
        "Dam_Name": "North Fork Diversion",
        "National_ID": "CA01234",
        "Latitude": 38.4379,
        "Longitude": -120.018,
        "Year_Built": "1988",
        "Capacity_acre_feet": 120.0
      },
      "geometry": { "type": "Point", "coordinates": [-120.018, 38.4379] }
    },
    {
      "type": "Feature",
      "properties": {
        "Dam_Name": "Beaver Creek Diversion",
        "National_ID": "CA01259",
        "Latitude": 38.2343,
        "Longitude": -120.2792,
        "Year_Built": "1990",
        "Capacity_acre_feet": 20.0
      },
      "geometry": { "type": "Point", "coordinates": [-120.2792, 38.2343] }
    },
    {
      "type": "Feature",
      "properties": {
        "Dam_Name": "Copper Cove",
        "National_ID": "CA01356",
        "Latitude": 37.9088,
        "Longitude": -120.6278,
        "Year_Built": "1993",
        "Capacity_acre_feet": 205.0
      },
      "geometry": { "type": "Point", "coordinates": [-120.6278, 37.9088] }
    },
    {
      "type": "Feature",
      "properties": {
        "Dam_Name": "La Contenta",
        "National_ID": "CA01464",
        "Latitude": 38.1695,
        "Longitude": -120.8211,
        "Year_Built": "2002",
        "Capacity_acre_feet": 172.0
      },
      "geometry": { "type": "Point", "coordinates": [-120.8211, 38.1695] }
    },
    {
      "type": "Feature",
      "properties": {
        "Dam_Name": "Jackson Creek",
        "National_ID": "CA00867",
        "Latitude": 38.3053,
        "Longitude": -120.8897,
        "Year_Built": "1965",
        "Capacity_acre_feet": 22000.0
      },
      "geometry": { "type": "Point", "coordinates": [-120.8897, 38.3053] }
    },
    {
      "type": "Feature",
      "properties": {
        "Dam_Name": "Mendota Diversion",
        "National_ID": "CA00886",
        "Latitude": 36.7884,
        "Longitude": -120.3718,
        "Year_Built": "1917",
        "Capacity_acre_feet": 3000.0
      },
      "geometry": { "type": "Point", "coordinates": [-120.3718, 36.7884] }
    },
    {
      "type": "Feature",
      "properties": {
        "Dam_Name": "San Diego Reservoir",
        "National_ID": "CA00900",
        "Latitude": 38.0305,
        "Longitude": -120.3898,
        "Year_Built": "1860",
        "Capacity_acre_feet": 40.0
      },
      "geometry": { "type": "Point", "coordinates": [-120.3898, 38.0305] }
    },
    {
      "type": "Feature",
      "properties": {
        "Dam_Name": "Holiday Lake",
        "National_ID": "CA00910",
        "Latitude": 38.6613,
        "Longitude": -120.9154,
        "Year_Built": "1951",
        "Capacity_acre_feet": 150.0
      },
      "geometry": { "type": "Point", "coordinates": [-120.9154, 38.6613] }
    },
    {
      "type": "Feature",
      "properties": {
        "Dam_Name": "Mokelumne Hill",
        "National_ID": "CA01111",
        "Latitude": 38.3053,
        "Longitude": -120.716,
        "Year_Built": "1973",
        "Capacity_acre_feet": 52.0
      },
      "geometry": { "type": "Point", "coordinates": [-120.716, 38.3053] }
    },
    {
      "type": "Feature",
      "properties": {
        "Dam_Name": "Bear Valley SH",
        "National_ID": "CA01114",
        "Latitude": 38.4549,
        "Longitude": -120.0343,
        "Year_Built": "1975",
        "Capacity_acre_feet": 346.0
      },
      "geometry": { "type": "Point", "coordinates": [-120.0343, 38.4549] }
    },
    {
      "type": "Feature",
      "properties": {
        "Dam_Name": "Chesbro",
        "National_ID": "CA00995",
        "Latitude": 38.509,
        "Longitude": -121.0726,
        "Year_Built": "1972",
        "Capacity_acre_feet": 1250.0
      },
      "geometry": { "type": "Point", "coordinates": [-121.0726, 38.509] }
    },
    {
      "type": "Feature",
      "properties": {
        "Dam_Name": "Calero",
        "National_ID": "CA01209",
        "Latitude": 38.5246,
        "Longitude": -121.0827,
        "Year_Built": "1982",
        "Capacity_acre_feet": 2832.0
      },
      "geometry": { "type": "Point", "coordinates": [-121.0827, 38.5246] }
    },
    {
      "type": "Feature",
      "properties": {
        "Dam_Name": "Clementia",
        "National_ID": "CA01119",
        "Latitude": 38.5017,
        "Longitude": -121.0702,
        "Year_Built": "1976",
        "Capacity_acre_feet": 850.0
      },
      "geometry": { "type": "Point", "coordinates": [-121.0702, 38.5017] }
    },
    {
      "type": "Feature",
      "properties": {
        "Dam_Name": "Michigan Bar No. 1",
        "National_ID": "CA01243",
        "Latitude": 38.4825,
        "Longitude": -121.0827,
        "Year_Built": "1989",
        "Capacity_acre_feet": 814.0
      },
      "geometry": { "type": "Point", "coordinates": [-121.0827, 38.4825] }
    },
    {
      "type": "Feature",
      "properties": {
        "Dam_Name": "Michigan Bar No. 2",
        "National_ID": "CA01288",
        "Latitude": 38.4821,
        "Longitude": -121.0824,
        "Year_Built": "1983",
        "Capacity_acre_feet": 35.0
      },
      "geometry": { "type": "Point", "coordinates": [-121.0824, 38.4821] }
    },
    {
      "type": "Feature",
      "properties": {
        "Dam_Name": "Galt",
        "National_ID": "CA01225",
        "Latitude": 38.3046,
        "Longitude": -121.3311,
        "Year_Built": "1983",
        "Capacity_acre_feet": 90.0
      },
      "geometry": { "type": "Point", "coordinates": [-121.3311, 38.3046] }
    },
    {
      "type": "Feature",
      "properties": {
        "Dam_Name": "Barnett",
        "National_ID": "CA00998",
        "Latitude": 38.6438,
        "Longitude": -120.948,
        "Year_Built": "1948",
        "Capacity_acre_feet": 115.0
      },
      "geometry": { "type": "Point", "coordinates": [-120.948, 38.6438] }
    },
    {
      "type": "Feature",
      "properties": {
        "Dam_Name": "Tanner",
        "National_ID": "CA01002",
        "Latitude": 38.234,
        "Longitude": -120.3768,
        "Year_Built": "1959",
        "Capacity_acre_feet": 124.0
      },
      "geometry": { "type": "Point", "coordinates": [-120.3768, 38.234] }
    },
    {
      "type": "Feature",
      "properties": {
        "Dam_Name": "Hein",
        "National_ID": "CA01003",
        "Latitude": 38.1601,
        "Longitude": -120.9299,
        "Year_Built": "1962",
        "Capacity_acre_feet": 145.0
      },
      "geometry": { "type": "Point", "coordinates": [-120.9299, 38.1601] }
    },
    {
      "type": "Feature",
      "properties": {
        "Dam_Name": "Reid",
        "National_ID": "CA01004",
        "Latitude": 38.2995,
        "Longitude": -120.4571,
        "Year_Built": "1969",
        "Capacity_acre_feet": 70.0
      },
      "geometry": { "type": "Point", "coordinates": [-120.4571, 38.2995] }
    },
    {
      "type": "Feature",
      "properties": {
        "Dam_Name": "Forest Meadows",
        "National_ID": "CA01120",
        "Latitude": 38.16,
        "Longitude": -120.4126,
        "Year_Built": "1975",
        "Capacity_acre_feet": 108.0
      },
      "geometry": { "type": "Point", "coordinates": [-120.4126, 38.16] }
    },
    {
      "type": "Feature",
      "properties": {
        "Dam_Name": "Stevenot",
        "National_ID": "CA01301",
        "Latitude": 38.0343,
        "Longitude": -120.4986,
        "Year_Built": "1987",
        "Capacity_acre_feet": 150.0
      },
      "geometry": { "type": "Point", "coordinates": [-120.4986, 38.0343] }
    },
    {
      "type": "Feature",
      "properties": {
        "Dam_Name": "Copperopolis",
        "National_ID": "CA00845",
        "Latitude": 37.9831,
        "Longitude": -120.6495,
        "Year_Built": "1905",
        "Capacity_acre_feet": 225.0
      },
      "geometry": { "type": "Point", "coordinates": [-120.6495, 37.9831] }
    },
    {
      "type": "Feature",
      "properties": {
        "Dam_Name": "Skyrocket",
        "National_ID": "CA01428",
        "Latitude": 37.9934,
        "Longitude": -120.6853,
        "Year_Built": "1999",
        "Capacity_acre_feet": 1715.0
      },
      "geometry": { "type": "Point", "coordinates": [-120.6853, 37.9934] }
    },
    {
      "type": "Feature",
      "properties": {
        "Dam_Name": "Middle Cooperstown",
        "National_ID": "CA01306",
        "Latitude": 37.7502,
        "Longitude": -120.5383,
        "Year_Built": "1947",
        "Capacity_acre_feet": 90.0
      },
      "geometry": { "type": "Point", "coordinates": [-120.5383, 37.7502] }
    },
    {
      "type": "Feature",
      "properties": {
        "Dam_Name": "Kilmer",
        "National_ID": "CA01307",
        "Latitude": 37.7627,
        "Longitude": -120.5122,
        "Year_Built": "1953",
        "Capacity_acre_feet": 99.0
      },
      "geometry": { "type": "Point", "coordinates": [-120.5122, 37.7627] }
    },
    {
      "type": "Feature",
      "properties": {
        "Dam_Name": "Groveland Wastewater Reclamation #2",
        "National_ID": "CA01308",
        "Latitude": 37.8465,
        "Longitude": -120.2286,
        "Year_Built": "1981",
        "Capacity_acre_feet": 172.0
      },
      "geometry": { "type": "Point", "coordinates": [-120.2286, 37.8465] }
    },
    {
      "type": "Feature",
      "properties": {
        "Dam_Name": "Pond K",
        "National_ID": "CA01505",
        "Latitude": 38.337,
        "Longitude": -120.9588,
        "Year_Built": "2006",
        "Capacity_acre_feet": 1056.0
      },
      "geometry": { "type": "Point", "coordinates": [-120.9588, 38.337] }
    },
    {
      "type": "Feature",
      "properties": {
        "Dam_Name": "Whispering Oaks",
        "National_ID": "CA01346",
        "Latitude": 37.4703,
        "Longitude": -120.1122,
        "Year_Built": "1968",
        "Capacity_acre_feet": 69.0
      },
      "geometry": { "type": "Point", "coordinates": [-120.1122, 37.4703] }
    },
    {
      "type": "Feature",
      "properties": {
        "Dam_Name": "Middle Lake",
        "National_ID": "CA01121",
        "Latitude": 37.1415,
        "Longitude": -119.8326,
        "Year_Built": "1953",
        "Capacity_acre_feet": 74.0
      },
      "geometry": { "type": "Point", "coordinates": [-119.8326, 37.1415] }
    },
    {
      "type": "Feature",
      "properties": {
        "Dam_Name": "Spring",
        "National_ID": "CA00708",
        "Latitude": 37.1817,
        "Longitude": -119.7694,
        "Year_Built": "1971",
        "Capacity_acre_feet": 152.0
      },
      "geometry": { "type": "Point", "coordinates": [-119.7694, 37.1817] }
    },
    {
      "type": "Feature",
      "properties": {
        "Dam_Name": "Upper Wilcox",
        "National_ID": "CA01450",
        "Latitude": 37.2255,
        "Longitude": -119.6849,
        "Year_Built": "1930",
        "Capacity_acre_feet": 200.0
      },
      "geometry": { "type": "Point", "coordinates": [-119.6849, 37.2255] }
    },
    {
      "type": "Feature",
      "properties": {
        "Dam_Name": "Oakhurst Wastewater Treatment",
        "National_ID": "CA01485",
        "Latitude": 37.3293,
        "Longitude": -119.6821,
        "Year_Built": "2005",
        "Capacity_acre_feet": 110.0
      },
      "geometry": { "type": "Point", "coordinates": [-119.6821, 37.3293] }
    },
    {
      "type": "Feature",
      "properties": {
        "Dam_Name": "Holman",
        "National_ID": "CA01128",
        "Latitude": 38.0506,
        "Longitude": -120.5366,
        "Year_Built": "1976",
        "Capacity_acre_feet": 250.0
      },
      "geometry": { "type": "Point", "coordinates": [-120.5366, 38.0506] }
    },
    {
      "type": "Feature",
      "properties": {
        "Dam_Name": "Grinding Rock",
        "National_ID": "CA01184",
        "Latitude": 37.9367,
        "Longitude": -120.2576,
        "Year_Built": "1979",
        "Capacity_acre_feet": 330.0
      },
      "geometry": { "type": "Point", "coordinates": [-120.2576, 37.9367] }
    },
    {
      "type": "Feature",
      "properties": {
        "Dam_Name": "Murphys Wastewater",
        "National_ID": "CA01185",
        "Latitude": 38.1279,
        "Longitude": -120.4619,
        "Year_Built": "1980",
        "Capacity_acre_feet": 140.0
      },
      "geometry": { "type": "Point", "coordinates": [-120.4619, 38.1279] }
    },
    {
      "type": "Feature",
      "properties": {
        "Dam_Name": "Henderson",
        "National_ID": "CA00005",
        "Latitude": 38.3856,
        "Longitude": -120.8771,
        "Year_Built": "1923",
        "Capacity_acre_feet": 500.0
      },
      "geometry": { "type": "Point", "coordinates": [-120.8771, 38.3856] }
    },
    {
      "type": "Feature",
      "properties": {
        "Dam_Name": "Preston Forebay",
        "National_ID": "CA00006",
        "Latitude": 38.3754,
        "Longitude": -120.9233,
        "Year_Built": "1892",
        "Capacity_acre_feet": 30.0
      },
      "geometry": { "type": "Point", "coordinates": [-120.9233, 38.3754] }
    },
    {
      "type": "Feature",
      "properties": {
        "Dam_Name": "Preston",
        "National_ID": "CA00012",
        "Latitude": 38.3698,
        "Longitude": -120.9398,
        "Year_Built": "1949",
        "Capacity_acre_feet": 268.0
      },
      "geometry": { "type": "Point", "coordinates": [-120.9398, 38.3698] }
    },
    {
      "type": "Feature",
      "properties": {
        "Dam_Name": "Andrew Cademartori",
        "National_ID": "CA01274",
        "Latitude": 38.1479,
        "Longitude": -120.4313,
        "Year_Built": "1983",
        "Capacity_acre_feet": 142.0
      },
      "geometry": { "type": "Point", "coordinates": [-120.4313, 38.1479] }
    },
    {
      "type": "Feature",
      "properties": {
        "Dam_Name": "Ione Canal",
        "National_ID": "CA01244",
        "Latitude": 38.3387,
        "Longitude": -120.9076,
        "Year_Built": "1962",
        "Capacity_acre_feet": 24.0
      },
      "geometry": { "type": "Point", "coordinates": [-120.9076, 38.3387] }
    },
    {
      "type": "Feature",
      "properties": {
        "Dam_Name": "Crystal Lake",
        "National_ID": "CA01282",
        "Latitude": 38.6707,
        "Longitude": -121.0101,
        "Year_Built": "1952",
        "Capacity_acre_feet": 225.0
      },
      "geometry": { "type": "Point", "coordinates": [-121.0101, 38.6707] }
    },
    {
      "type": "Feature",
      "properties": {
        "Dam_Name": "Patterson",
        "National_ID": "CA01050",
        "Latitude": 38.6823,
        "Longitude": -120.8308,
        "Year_Built": "1960",
        "Capacity_acre_feet": 350.0
      },
      "geometry": { "type": "Point", "coordinates": [-120.8308, 38.6823] }
    },
    {
      "type": "Feature",
      "properties": {
        "Dam_Name": "Aukum View",
        "National_ID": "CA01063",
        "Latitude": 38.5688,
        "Longitude": -120.7132,
        "Year_Built": "1962",
        "Capacity_acre_feet": 136.0
      },
      "geometry": { "type": "Point", "coordinates": [-120.7132, 38.5688] }
    },
    {
      "type": "Feature",
      "properties": {
        "Dam_Name": "Sun Ridge Meadow",
        "National_ID": "CA01369",
        "Latitude": 38.5837,
        "Longitude": -120.9831,
        "Year_Built": "1990",
        "Capacity_acre_feet": 83.0
      },
      "geometry": { "type": "Point", "coordinates": [-120.9831, 38.5837] }
    },
    {
      "type": "Feature",
      "properties": {
        "Dam_Name": "ConAgra Aerated and Settling Ponds",
        "National_ID": "CA01604",
        "Latitude": 37.7558,
        "Longitude": -120.8457,
        "Year_Built": "",
        "Capacity_acre_feet": 140.0
      },
      "geometry": { "type": "Point", "coordinates": [-120.8457, 37.7558] }
    },
    {
      "type": "Feature",
      "properties": {
        "Dam_Name": "Sack",
        "National_ID": "CA10411",
        "Latitude": 36.9837,
        "Longitude": -120.5,
        "Year_Built": "1946",
        "Capacity_acre_feet": 165.0
      },
      "geometry": { "type": "Point", "coordinates": [-120.5, 36.9837] }
    },
    {
      "type": "Feature",
      "properties": {
        "Dam_Name": "Deer Creek",
        "National_ID": "CA01187",
        "Latitude": 38.6529,
        "Longitude": -122.426,
        "Year_Built": "1980",
        "Capacity_acre_feet": 103.0
      },
      "geometry": { "type": "Point", "coordinates": [-122.426, 38.6529] }
    },
    {
      "type": "Feature",
      "properties": {
        "Dam_Name": "Boyd No. 2",
        "National_ID": "CA01054",
        "Latitude": 40.3969,
        "Longitude": -122.3396,
        "Year_Built": "1973",
        "Capacity_acre_feet": 670.0
      },
      "geometry": { "type": "Point", "coordinates": [-122.3396, 40.3969] }
    },
    {
      "type": "Feature",
      "properties": {
        "Dam_Name": "Treatment Ponds",
        "National_ID": "CA01143",
        "Latitude": 40.4368,
        "Longitude": -122.2611,
        "Year_Built": "1975",
        "Capacity_acre_feet": 450.0
      },
      "geometry": { "type": "Point", "coordinates": [-122.2611, 40.4368] }
    },
    {
      "type": "Feature",
      "properties": {
        "Dam_Name": "Thurman",
        "National_ID": "CA01052",
        "Latitude": 40.6625,
        "Longitude": -121.9515,
        "Year_Built": "1966",
        "Capacity_acre_feet": 140.0
      },
      "geometry": { "type": "Point", "coordinates": [-121.9515, 40.6625] }
    },
    {
      "type": "Feature",
      "properties": {
        "Dam_Name": "Boyd No. 1",
        "National_ID": "CA01053",
        "Latitude": 40.3919,
        "Longitude": -122.3344,
        "Year_Built": "1971",
        "Capacity_acre_feet": 218.0
      },
      "geometry": { "type": "Point", "coordinates": [-122.3344, 40.3919] }
    },
    {
      "type": "Feature",
      "properties": {
        "Dam_Name": "Niegel",
        "National_ID": "CA01047",
        "Latitude": 38.88,
        "Longitude": -120.984,
        "Year_Built": "1951",
        "Capacity_acre_feet": 99.0
      },
      "geometry": { "type": "Point", "coordinates": [-120.984, 38.88] }
    },
    {
      "type": "Feature",
      "properties": {
        "Dam_Name": "Aeree",
        "National_ID": "CA01048",
        "Latitude": 38.8443,
        "Longitude": -121.0256,
        "Year_Built": "1951",
        "Capacity_acre_feet": 90.0
      },
      "geometry": { "type": "Point", "coordinates": [-121.0256, 38.8443] }
    },
    {
      "type": "Feature",
      "properties": {
        "Dam_Name": "Schubin",
        "National_ID": "CA01045",
        "Latitude": 38.7614,
        "Longitude": -120.9232,
        "Year_Built": "1952",
        "Capacity_acre_feet": 225.0
      },
      "geometry": { "type": "Point", "coordinates": [-120.9232, 38.7614] }
    },
    {
      "type": "Feature",
      "properties": {
        "Dam_Name": "Manhattan Creek",
        "National_ID": "CA01046",
        "Latitude": 38.8689,
        "Longitude": -120.8551,
        "Year_Built": "1952",
        "Capacity_acre_feet": 110.0
      },
      "geometry": { "type": "Point", "coordinates": [-120.8551, 38.8689] }
    },
    {
      "type": "Feature",
      "properties": {
        "Dam_Name": "Usibelli No. 2",
        "National_ID": "CA01140",
        "Latitude": 38.6002,
        "Longitude": -122.3866,
        "Year_Built": "1973",
        "Capacity_acre_feet": 900.0
      },
      "geometry": { "type": "Point", "coordinates": [-122.3866, 38.6002] }
    },
    {
      "type": "Feature",
      "properties": {
        "Dam_Name": "Blanchard-Offner",
        "National_ID": "CA01037",
        "Latitude": 38.6373,
        "Longitude": -122.4658,
        "Year_Built": "1963",
        "Capacity_acre_feet": 274.0
      },
      "geometry": { "type": "Point", "coordinates": [-122.4658, 38.6373] }
    },
    {
      "type": "Feature",
      "properties": {
        "Dam_Name": "Lake Mary",
        "National_ID": "CA00539",
        "Latitude": 39.312,
        "Longitude": -120.3319,
        "Year_Built": "1926",
        "Capacity_acre_feet": 172.0
      },
      "geometry": { "type": "Point", "coordinates": [-120.3319, 39.312] }
    },
    {
      "type": "Feature",
      "properties": {
        "Dam_Name": "Winchester",
        "National_ID": "CA01418",
        "Latitude": 38.9846,
        "Longitude": -121.0448,
        "Year_Built": "1999",
        "Capacity_acre_feet": 58.0
      },
      "geometry": { "type": "Point", "coordinates": [-121.0448, 38.9846] }
    },
    {
      "type": "Feature",
      "properties": {
        "Dam_Name": "Junge No. 3",
        "National_ID": "CA01032",
        "Latitude": 40.6714,
        "Longitude": -121.9613,
        "Year_Built": "1966",
        "Capacity_acre_feet": 180.0
      },
      "geometry": { "type": "Point", "coordinates": [-121.9613, 40.6714] }
    },
    {
      "type": "Feature",
      "properties": {
        "Dam_Name": "Spooner",
        "National_ID": "CA00957",
        "Latitude": 41.0144,
        "Longitude": -120.6308,
        "Year_Built": "1906",
        "Capacity_acre_feet": 3123.0
      },
      "geometry": { "type": "Point", "coordinates": [-120.6308, 41.0144] }
    },
    {
      "type": "Feature",
      "properties": {
        "Dam_Name": "Haynes Reservoir",
        "National_ID": "CA01030",
        "Latitude": 40.9052,
        "Longitude": -121.7629,
        "Year_Built": "1965",
        "Capacity_acre_feet": 5870.0
      },
      "geometry": { "type": "Point", "coordinates": [-121.7629, 40.9052] }
    },
    {
      "type": "Feature",
      "properties": {
        "Dam_Name": "Junge No. 2",
        "National_ID": "CA01031",
        "Latitude": 40.6854,
        "Longitude": -121.9518,
        "Year_Built": "1965",
        "Capacity_acre_feet": 42.0
      },
      "geometry": { "type": "Point", "coordinates": [-121.9518, 40.6854] }
    },
    {
      "type": "Feature",
      "properties": {
        "Dam_Name": "Truett",
        "National_ID": "CA01028",
        "Latitude": 40.4875,
        "Longitude": -121.898,
        "Year_Built": "1958",
        "Capacity_acre_feet": 219.0
      },
      "geometry": { "type": "Point", "coordinates": [-121.898, 40.4875] }
    },
    {
      "type": "Feature",
      "properties": {
        "Dam_Name": "Nash",
        "National_ID": "CA01029",
        "Latitude": 40.6028,
        "Longitude": -122.3057,
        "Year_Built": "1960",
        "Capacity_acre_feet": 428.0
      },
      "geometry": { "type": "Point", "coordinates": [-122.3057, 40.6028] }
    },
    {
      "type": "Feature",
      "properties": {
        "Dam_Name": "Miners Ravine Detention",
        "National_ID": "CA01531",
        "Latitude": 38.7581,
        "Longitude": -121.2282,
        "Year_Built": "2007",
        "Capacity_acre_feet": 120.0
      },
      "geometry": { "type": "Point", "coordinates": [-121.2282, 38.7581] }
    },
    {
      "type": "Feature",
      "properties": {
        "Dam_Name": "Misselbeck",
        "National_ID": "CA01027",
        "Latitude": 40.5003,
        "Longitude": -122.6971,
        "Year_Built": "1920",
        "Capacity_acre_feet": 3600.0
      },
      "geometry": { "type": "Point", "coordinates": [-122.6971, 40.5003] }
    },
    {
      "type": "Feature",
      "properties": {
        "Dam_Name": "Reclaimed Water Reservoir",
        "National_ID": "CA01391",
        "Latitude": 40.65891,
        "Longitude": -122.385979,
        "Year_Built": "1995",
        "Capacity_acre_feet": 370.0
      },
      "geometry": { "type": "Point", "coordinates": [-122.385979, 40.65891] }
    },
    {
      "type": "Feature",
      "properties": {
        "Dam_Name": "Sugar Pine",
        "National_ID": "CA01527",
        "Latitude": 39.1307,
        "Longitude": -120.8014,
        "Year_Built": "1981",
        "Capacity_acre_feet": 6916.0
      },
      "geometry": { "type": "Point", "coordinates": [-120.8014, 39.1307] }
    },
    {
      "type": "Feature",
      "properties": {
        "Dam_Name": "Nevada City Raw Water Reservoir",
        "National_ID": "CA01186",
        "Latitude": 39.2462,
        "Longitude": -120.9976,
        "Year_Built": "1980",
        "Capacity_acre_feet": 53.0
      },
      "geometry": { "type": "Point", "coordinates": [-120.9976, 39.2462] }
    },
    {
      "type": "Feature",
      "properties": {
        "Dam_Name": "Detention Pond A",
        "National_ID": "CA01476",
        "Latitude": 38.424,
        "Longitude": -121.8339,
        "Year_Built": "1989",
        "Capacity_acre_feet": 737.0
      },
      "geometry": { "type": "Point", "coordinates": [-121.8339, 38.424] }
    },
    {
      "type": "Feature",
      "properties": {
        "Dam_Name": "Lakeport",
        "National_ID": "CA01230",
        "Latitude": 39.013498,
        "Longitude": -122.925607,
        "Year_Built": "1980",
        "Capacity_acre_feet": 650.0
      },
      "geometry": { "type": "Point", "coordinates": [-122.925607, 39.013498] }
    },
    {
      "type": "Feature",
      "properties": {
        "Dam_Name": "Wastewater Storage",
        "National_ID": "CA01137",
        "Latitude": 39.0798,
        "Longitude": -120.9393,
        "Year_Built": "1978",
        "Capacity_acre_feet": 212.0
      },
      "geometry": { "type": "Point", "coordinates": [-120.9393, 39.0798] }
    },
    {
      "type": "Feature",
      "properties": {
        "Dam_Name": "Pine Grove",
        "National_ID": "CA00541",
        "Latitude": 39.3191,
        "Longitude": -121.1291,
        "Year_Built": "1911",
        "Capacity_acre_feet": 155.0
      },
      "geometry": { "type": "Point", "coordinates": [-121.1291, 39.3191] }
    },
    {
      "type": "Feature",
      "properties": {
        "Dam_Name": "Emergency Storage Basin",
        "National_ID": "CA01419",
        "Latitude": 38.455,
        "Longitude": -121.4645,
        "Year_Built": "1977",
        "Capacity_acre_feet": 1362.2
      },
      "geometry": { "type": "Point", "coordinates": [-121.4645, 38.455] }
    },
    {
      "type": "Feature",
      "properties": {
        "Dam_Name": "Gastaldi",
        "National_ID": "CA01000",
        "Latitude": 38.7585,
        "Longitude": -120.8768,
        "Year_Built": "1951",
        "Capacity_acre_feet": 83.0
      },
      "geometry": { "type": "Point", "coordinates": [-120.8768, 38.7585] }
    },
    {
      "type": "Feature",
      "properties": {
        "Dam_Name": "Volo Mining Company",
        "National_ID": "CA01001",
        "Latitude": 38.7126,
        "Longitude": -120.8765,
        "Year_Built": "1958",
        "Capacity_acre_feet": 148.0
      },
      "geometry": { "type": "Point", "coordinates": [-120.8765, 38.7126] }
    },
    {
      "type": "Feature",
      "properties": {
        "Dam_Name": "Indian Creek",
        "National_ID": "CA00997",
        "Latitude": 38.7258,
        "Longitude": -120.9223,
        "Year_Built": "1946",
        "Capacity_acre_feet": 457.0
      },
      "geometry": { "type": "Point", "coordinates": [-120.9223, 38.7258] }
    },
    {
      "type": "Feature",
      "properties": {
        "Dam_Name": "Cross Creek Ranch",
        "National_ID": "CA00999",
        "Latitude": 38.7583,
        "Longitude": -120.8871,
        "Year_Built": "1949",
        "Capacity_acre_feet": 55.0
      },
      "geometry": { "type": "Point", "coordinates": [-120.8871, 38.7583] }
    },
    {
      "type": "Feature",
      "properties": {
        "Dam_Name": "Lagoon Valley County Park",
        "National_ID": "CA01315",
        "Latitude": 38.3343,
        "Longitude": -122.0131,
        "Year_Built": "1981",
        "Capacity_acre_feet": 780.0
      },
      "geometry": { "type": "Point", "coordinates": [-122.0131, 38.3343] }
    },
    {
      "type": "Feature",
      "properties": {
        "Dam_Name": "Encinosa Basin North",
        "National_ID": "CA01512",
        "Latitude": 38.362789,
        "Longitude": -122.021424,
        "Year_Built": "2009",
        "Capacity_acre_feet": 146.7
      },
      "geometry": { "type": "Point", "coordinates": [-122.021424, 38.362789] }
    },
    {
      "type": "Feature",
      "properties": {
        "Dam_Name": "Davis",
        "National_ID": "CA00984",
        "Latitude": 38.6482,
        "Longitude": -122.4455,
        "Year_Built": "1955",
        "Capacity_acre_feet": 140.0
      },
      "geometry": { "type": "Point", "coordinates": [-122.4455, 38.6482] }
    },
    {
      "type": "Feature",
      "properties": {
        "Dam_Name": "Burns",
        "National_ID": "CA00986",
        "Latitude": 38.6476,
        "Longitude": -122.4905,
        "Year_Built": "1956",
        "Capacity_acre_feet": 62.0
      },
      "geometry": { "type": "Point", "coordinates": [-122.4905, 38.6476] }
    },
    {
      "type": "Feature",
      "properties": {
        "Dam_Name": "Bar X Ranch Reservoir #2",
        "National_ID": "CA01459",
        "Latitude": 38.7763,
        "Longitude": -122.5953,
        "Year_Built": "2003",
        "Capacity_acre_feet": 147.0
      },
      "geometry": { "type": "Point", "coordinates": [-122.5953, 38.7763] }
    },
    {
      "type": "Feature",
      "properties": {
        "Dam_Name": "Lake La Verne",
        "National_ID": "CA00983",
        "Latitude": 38.461,
        "Longitude": -122.2079,
        "Year_Built": "1956",
        "Capacity_acre_feet": 54.0
      },
      "geometry": { "type": "Point", "coordinates": [-122.2079, 38.461] }
    },
    {
      "type": "Feature",
      "properties": {
        "Dam_Name": "Davis Creek",
        "National_ID": "CA01223",
        "Latitude": 38.8638,
        "Longitude": -122.3538,
        "Year_Built": "1985",
        "Capacity_acre_feet": 6079.0
      },
      "geometry": { "type": "Point", "coordinates": [-122.3538, 38.8638] }
    },
    {
      "type": "Feature",
      "properties": {
        "Dam_Name": "Bottoms",
        "National_ID": "CA01265",
        "Latitude": 38.7201,
        "Longitude": -122.56,
        "Year_Built": "1990",
        "Capacity_acre_feet": 315.0
      },
      "geometry": { "type": "Point", "coordinates": [-122.56, 38.7201] }
    },
    {
      "type": "Feature",
      "properties": {
        "Dam_Name": "California Park",
        "National_ID": "CA01270",
        "Latitude": 39.747,
        "Longitude": -121.7916,
        "Year_Built": "1986",
        "Capacity_acre_feet": 335.0
      },
      "geometry": { "type": "Point", "coordinates": [-121.7916, 39.747] }
    },
    {
      "type": "Feature",
      "properties": {
        "Dam_Name": "Homestake Tailings",
        "National_ID": "CA01205",
        "Latitude": 38.8604,
        "Longitude": -122.4361,
        "Year_Built": "1990",
        "Capacity_acre_feet": 32370.0
      },
      "geometry": { "type": "Point", "coordinates": [-122.4361, 38.8604] }
    },
    {
      "type": "Feature",
      "properties": {
        "Dam_Name": "Ice Lakes",
        "National_ID": "CA00971",
        "Latitude": 39.2935,
        "Longitude": -120.383,
        "Year_Built": "1942",
        "Capacity_acre_feet": 220.0
      },
      "geometry": { "type": "Point", "coordinates": [-120.383, 39.2935] }
    },
    {
      "type": "Feature",
      "properties": {
        "Dam_Name": "Auburn Valley Country Club #3",
        "National_ID": "CA01324",
        "Latitude": 38.9999,
        "Longitude": -121.1471,
        "Year_Built": "1959",
        "Capacity_acre_feet": 200.0
      },
      "geometry": { "type": "Point", "coordinates": [-121.1471, 38.9999] }
    },
    {
      "type": "Feature",
      "properties": {
        "Dam_Name": "Lakewood",
        "National_ID": "CA00969",
        "Latitude": 38.9636,
        "Longitude": -121.0767,
        "Year_Built": "1959",
        "Capacity_acre_feet": 152.0
      },
      "geometry": { "type": "Point", "coordinates": [-121.0767, 38.9636] }
    },
    {
      "type": "Feature",
      "properties": {
        "Dam_Name": "Snowflower",
        "National_ID": "CA00970",
        "Latitude": 39.3118,
        "Longitude": -120.593,
        "Year_Built": "1964",
        "Capacity_acre_feet": 165.0
      },
      "geometry": { "type": "Point", "coordinates": [-120.593, 39.3118] }
    },
    {
      "type": "Feature",
      "properties": {
        "Dam_Name": "Roberts",
        "National_ID": "CA00485",
        "Latitude": 41.2294,
        "Longitude": -121.1373,
        "Year_Built": "1905",
        "Capacity_acre_feet": 5500.0
      },
      "geometry": { "type": "Point", "coordinates": [-121.1373, 41.2294] }
    },
    {
      "type": "Feature",
      "properties": {
        "Dam_Name": "Toreson",
        "National_ID": "CA00483",
        "Latitude": 41.3927,
        "Longitude": -120.8214,
        "Year_Built": "1898",
        "Capacity_acre_feet": 1140.0
      },
      "geometry": { "type": "Point", "coordinates": [-120.8214, 41.3927] }
    },
    {
      "type": "Feature",
      "properties": {
        "Dam_Name": "Kramer",
        "National_ID": "CA00484",
        "Latitude": 41.1843,
        "Longitude": -121.2112,
        "Year_Built": "1937",
        "Capacity_acre_feet": 118.0
      },
      "geometry": { "type": "Point", "coordinates": [-121.2112, 41.1843] }
    },
    {
      "type": "Feature",
      "properties": {
        "Dam_Name": "Jack's Swamp Dam No. 2",
        "National_ID": "CA01425",
        "Latitude": 41.5481,
        "Longitude": -120.8165,
        "Year_Built": "1926",
        "Capacity_acre_feet": 1013.0
      },
      "geometry": { "type": "Point", "coordinates": [-120.8165, 41.5481] }
    },
    {
      "type": "Feature",
      "properties": {
        "Dam_Name": "Rye Grass Swale",
        "National_ID": "CA00481",
        "Latitude": 41.3629,
        "Longitude": -120.65,
        "Year_Built": "1923",
        "Capacity_acre_feet": 530.0
      },
      "geometry": { "type": "Point", "coordinates": [-120.65, 41.3629] }
    },
    {
      "type": "Feature",
      "properties": {
        "Dam_Name": "Payne",
        "National_ID": "CA00475",
        "Latitude": 41.3993,
        "Longitude": -120.4673,
        "Year_Built": "1928",
        "Capacity_acre_feet": 2850.0
      },
      "geometry": { "type": "Point", "coordinates": [-120.4673, 41.3993] }
    },
    {
      "type": "Feature",
      "properties": {
        "Dam_Name": "Cummings Reservoir No. 1",
        "National_ID": "CA00479",
        "Latitude": 41.5137,
        "Longitude": -120.649,
        "Year_Built": "1912",
        "Capacity_acre_feet": 400.0
      },
      "geometry": { "type": "Point", "coordinates": [-120.649, 41.5137] }
    },
    {
      "type": "Feature",
      "properties": {
        "Dam_Name": "Little Juniper",
        "National_ID": "CA00471",
        "Latitude": 41.3422,
        "Longitude": -120.4848,
        "Year_Built": "1926",
        "Capacity_acre_feet": 1370.0
      },
      "geometry": { "type": "Point", "coordinates": [-120.4848, 41.3422] }
    },
    {
      "type": "Feature",
      "properties": {
        "Dam_Name": "Plum Canyon",
        "National_ID": "CA00473",
        "Latitude": 41.4416,
        "Longitude": -120.3798,
        "Year_Built": "1913",
        "Capacity_acre_feet": 184.0
      },
      "geometry": { "type": "Point", "coordinates": [-120.3798, 41.4416] }
    },
    {
      "type": "Feature",
      "properties": {
        "Dam_Name": "Kelley and Greiner",
        "National_ID": "CA00470",
        "Latitude": 41.5591,
        "Longitude": -120.4866,
        "Year_Built": "1923",
        "Capacity_acre_feet": 71.0
      },
      "geometry": { "type": "Point", "coordinates": [-120.4866, 41.5591] }
    },
    {
      "type": "Feature",
      "properties": {
        "Dam_Name": "Graven",
        "National_ID": "CA00472",
        "Latitude": 41.2883,
        "Longitude": -120.6708,
        "Year_Built": "1917",
        "Capacity_acre_feet": 1100.0
      },
      "geometry": { "type": "Point", "coordinates": [-120.6708, 41.2883] }
    },
    {
      "type": "Feature",
      "properties": {
        "Dam_Name": "Big Dobe South",
        "National_ID": "CA00468",
        "Latitude": 41.6248,
        "Longitude": -120.5656,
        "Year_Built": "1912",
        "Capacity_acre_feet": 3860.0
      },
      "geometry": { "type": "Point", "coordinates": [-120.5656, 41.6248] }
    },
    {
      "type": "Feature",
      "properties": {
        "Dam_Name": "Mud Lake",
        "National_ID": "CA00469",
        "Latitude": 41.5494,
        "Longitude": -120.498,
        "Year_Built": "1926",
        "Capacity_acre_feet": 300.0
      },
      "geometry": { "type": "Point", "coordinates": [-120.498, 41.5494] }
    },
    {
      "type": "Feature",
      "properties": {
        "Dam_Name": "Capik",
        "National_ID": "CA00466",
        "Latitude": 41.6743,
        "Longitude": -120.4028,
        "Year_Built": "1965",
        "Capacity_acre_feet": 1367.0
      },
      "geometry": { "type": "Point", "coordinates": [-120.4028, 41.6743] }
    },
    {
      "type": "Feature",
      "properties": {
        "Dam_Name": "Big Dobe North",
        "National_ID": "CA00467",
        "Latitude": 41.6333,
        "Longitude": -120.5636,
        "Year_Built": "1912",
        "Capacity_acre_feet": 6530.0
      },
      "geometry": { "type": "Point", "coordinates": [-120.5636, 41.6333] }
    },
    {
      "type": "Feature",
      "properties": {
        "Dam_Name": "Ingals Swamp",
        "National_ID": "CA00474",
        "Latitude": 41.7078,
        "Longitude": -120.6848,
        "Year_Built": "1918",
        "Capacity_acre_feet": 2850.0
      },
      "geometry": { "type": "Point", "coordinates": [-120.6848, 41.7078] }
    },
    {
      "type": "Feature",
      "properties": {
        "Dam_Name": "Taylor Creek No. 1",
        "National_ID": "CA00463",
        "Latitude": 41.2251,
        "Longitude": -121.1907,
        "Year_Built": "1952",
        "Capacity_acre_feet": 1500.0
      },
      "geometry": { "type": "Point", "coordinates": [-121.1907, 41.2251] }
    },
    {
      "type": "Feature",
      "properties": {
        "Dam_Name": "S-X",
        "National_ID": "CA00461",
        "Latitude": 41.5125,
        "Longitude": -120.7489,
        "Year_Built": "1917",
        "Capacity_acre_feet": 4225.0
      },
      "geometry": { "type": "Point", "coordinates": [-120.7489, 41.5125] }
    },
    {
      "type": "Feature",
      "properties": {
        "Dam_Name": "Huffman Antelope",
        "National_ID": "CA00462",
        "Latitude": 41.576,
        "Longitude": -120.7873,
        "Year_Built": "1922",
        "Capacity_acre_feet": 1550.0
      },
      "geometry": { "type": "Point", "coordinates": [-120.7873, 41.576] }
    },
    {
      "type": "Feature",
      "properties": {
        "Dam_Name": "Collett Afterbay",
        "National_ID": "CA01352",
        "Latitude": 40.9785,
        "Longitude": -121.2579,
        "Year_Built": "1991",
        "Capacity_acre_feet": 300.0
      },
      "geometry": { "type": "Point", "coordinates": [-121.2579, 40.9785] }
    },
    {
      "type": "Feature",
      "properties": {
        "Dam_Name": "McBrien",
        "National_ID": "CA00459",
        "Latitude": 41.4576,
        "Longitude": -120.698,
        "Year_Built": "1880",
        "Capacity_acre_feet": 1000.0
      },
      "geometry": { "type": "Point", "coordinates": [-120.698, 41.4576] }
    },
    {
      "type": "Feature",
      "properties": {
        "Dam_Name": "New Drum Afterbay",
        "National_ID": "CA00421",
        "Latitude": 39.2547,
        "Longitude": -120.7755,
        "Year_Built": "1968",
        "Capacity_acre_feet": 341.0
      },
      "geometry": { "type": "Point", "coordinates": [-120.7755, 39.2547] }
    },
    {
      "type": "Feature",
      "properties": {
        "Dam_Name": "Collett Addition",
        "National_ID": "CA01325",
        "Latitude": 40.9716,
        "Longitude": -121.2231,
        "Year_Built": "1991",
        "Capacity_acre_feet": 7800.0
      },
      "geometry": { "type": "Point", "coordinates": [-121.2231, 40.9716] }
    },
    {
      "type": "Feature",
      "properties": {
        "Dam_Name": "Iron Canyon",
        "National_ID": "CA00417",
        "Latitude": 41.042,
        "Longitude": -121.9868,
        "Year_Built": "1965",
        "Capacity_acre_feet": 24300.0
      },
      "geometry": { "type": "Point", "coordinates": [-121.9868, 41.042] }
    },
    {
      "type": "Feature",
      "properties": {
        "Dam_Name": "Chili Bar",
        "National_ID": "CA00418",
        "Latitude": 38.772,
        "Longitude": -120.813,
        "Year_Built": "1964",
        "Capacity_acre_feet": 3700.0
      },
      "geometry": { "type": "Point", "coordinates": [-120.813, 38.772] }
    },
    {
      "type": "Feature",
      "properties": {
        "Dam_Name": "Pit #7",
        "National_ID": "CA00415",
        "Latitude": 40.8489,
        "Longitude": -121.9917,
        "Year_Built": "1965",
        "Capacity_acre_feet": 34000.0
      },
      "geometry": { "type": "Point", "coordinates": [-121.9917, 40.8489] }
    },
    {
      "type": "Feature",
      "properties": {
        "Dam_Name": "McCloud",
        "National_ID": "CA00416",
        "Latitude": 41.1306,
        "Longitude": -122.0712,
        "Year_Built": "1965",
        "Capacity_acre_feet": 35300.0
      },
      "geometry": { "type": "Point", "coordinates": [-122.0712, 41.1306] }
    },
    {
      "type": "Feature",
      "properties": {
        "Dam_Name": "Caribou Afterbay",
        "National_ID": "CA00413",
        "Latitude": 40.0766,
        "Longitude": -121.1614,
        "Year_Built": "1959",
        "Capacity_acre_feet": 2400.0
      },
      "geometry": { "type": "Point", "coordinates": [-121.1614, 40.0766] }
    },
    {
      "type": "Feature",
      "properties": {
        "Dam_Name": "Pit #6",
        "National_ID": "CA00414",
        "Latitude": 40.923,
        "Longitude": -121.9948,
        "Year_Built": "1965",
        "Capacity_acre_feet": 15700.0
      },
      "geometry": { "type": "Point", "coordinates": [-121.9948, 40.923] }
    },
    {
      "type": "Feature",
      "properties": {
        "Dam_Name": "Pit #1 Forebay",
        "National_ID": "CA00405",
        "Latitude": 41.0078,
        "Longitude": -121.4479,
        "Year_Built": "1947",
        "Capacity_acre_feet": 2800.0
      },
      "geometry": { "type": "Point", "coordinates": [-121.4479, 41.0078] }
    },
    {
      "type": "Feature",
      "properties": {
        "Dam_Name": "Indian Ole",
        "National_ID": "CA00407",
        "Latitude": 40.2838,
        "Longitude": -121.0247,
        "Year_Built": "1924",
        "Capacity_acre_feet": 24800.0
      },
      "geometry": { "type": "Point", "coordinates": [-121.0247, 40.2838] }
    },
    {
      "type": "Feature",
      "properties": {
        "Dam_Name": "Pit #5 Open Conduit Embankment",
        "National_ID": "CA00403",
        "Latitude": 40.9987,
        "Longitude": -121.8859,
        "Year_Built": "1943",
        "Capacity_acre_feet": 1147.0
      },
      "geometry": { "type": "Point", "coordinates": [-121.8859, 40.9987] }
    },
    {
      "type": "Feature",
      "properties": {
        "Dam_Name": "Hat Creek No. 2 Diversion",
        "National_ID": "CA00404",
        "Latitude": 40.9503,
        "Longitude": -121.544945,
        "Year_Built": "1942",
        "Capacity_acre_feet": 634.0
      },
      "geometry": { "type": "Point", "coordinates": [-121.544945, 40.9503] }
    },
    {
      "type": "Feature",
      "properties": {
        "Dam_Name": "Pit #4",
        "National_ID": "CA00397",
        "Latitude": 40.9885,
        "Longitude": -121.7697,
        "Year_Built": "1927",
        "Capacity_acre_feet": 2000.0
      },
      "geometry": { "type": "Point", "coordinates": [-121.7697, 40.9885] }
    },
    {
      "type": "Feature",
      "properties": {
        "Dam_Name": "Pit #5 Diversion",
        "National_ID": "CA00402",
        "Latitude": 40.9932,
        "Longitude": -121.8694,
        "Year_Built": "1943",
        "Capacity_acre_feet": 390.0
      },
      "geometry": { "type": "Point", "coordinates": [-121.8694, 40.9932] }
    },
    {
      "type": "Feature",
      "properties": {
        "Dam_Name": "Pit #3",
        "National_ID": "CA00395",
        "Latitude": 41.0212,
        "Longitude": -121.6764,
        "Year_Built": "1925",
        "Capacity_acre_feet": 34600.0
      },
      "geometry": { "type": "Point", "coordinates": [-121.6764, 41.0212] }
    },
    {
      "type": "Feature",
      "properties": {
        "Dam_Name": "Pit #1 Diversion",
        "National_ID": "CA00396",
        "Latitude": 41.0127,
        "Longitude": -121.4646,
        "Year_Built": "1922",
        "Capacity_acre_feet": 50.0
      },
      "geometry": { "type": "Point", "coordinates": [-121.4646, 41.0127] }
    },
    {
      "type": "Feature",
      "properties": {
        "Dam_Name": "Macumber",
        "National_ID": "CA00393",
        "Latitude": 40.5378,
        "Longitude": -121.7331,
        "Year_Built": "1907",
        "Capacity_acre_feet": 425.0
      },
      "geometry": { "type": "Point", "coordinates": [-121.7331, 40.5378] }
    },
    {
      "type": "Feature",
      "properties": {
        "Dam_Name": "North Battle Creek",
        "National_ID": "CA00394",
        "Latitude": 40.6032,
        "Longitude": -121.6554,
        "Year_Built": "1909",
        "Capacity_acre_feet": 1090.0
      },
      "geometry": { "type": "Point", "coordinates": [-121.6554, 40.6032] }
    },
    {
      "type": "Feature",
      "properties": {
        "Dam_Name": "Upper Rock Lake",
        "National_ID": "CA00372",
        "Latitude": 39.4305,
        "Longitude": -120.6186,
        "Year_Built": "1855",
        "Capacity_acre_feet": 207.0
      },
      "geometry": { "type": "Point", "coordinates": [-120.6186, 39.4305] }
    },
    {
      "type": "Feature",
      "properties": {
        "Dam_Name": "White Rock Lake",
        "National_ID": "CA00373",
        "Latitude": 39.4177,
        "Longitude": -120.3891,
        "Year_Built": "1850",
        "Capacity_acre_feet": 578.0
      },
      "geometry": { "type": "Point", "coordinates": [-120.3891, 39.4177] }
    },
    {
      "type": "Feature",
      "properties": {
        "Dam_Name": "Upper Feeley Lake",
        "National_ID": "CA00370",
        "Latitude": 39.4003,
        "Longitude": -120.6383,
        "Year_Built": "1870",
        "Capacity_acre_feet": 780.0
      },
      "geometry": { "type": "Point", "coordinates": [-120.6383, 39.4003] }
    },
    {
      "type": "Feature",
      "properties": {
        "Dam_Name": "Upper Peak Lake",
        "National_ID": "CA00371",
        "Latitude": 39.3007,
        "Longitude": -120.4354,
        "Year_Built": "1850",
        "Capacity_acre_feet": 2112.0
      },
      "geometry": { "type": "Point", "coordinates": [-120.4354, 39.3007] }
    },
    {
      "type": "Feature",
      "properties": {
        "Dam_Name": "Rock Creek",
        "National_ID": "CA00368",
        "Latitude": 38.9484,
        "Longitude": -121.0898,
        "Year_Built": "1916",
        "Capacity_acre_feet": 410.0
      },
      "geometry": { "type": "Point", "coordinates": [-121.0898, 38.9484] }
    },
    {
      "type": "Feature",
      "properties": {
        "Dam_Name": "Rucker Lake",
        "National_ID": "CA00369",
        "Latitude": 39.3571,
        "Longitude": -120.6565,
        "Year_Built": "1871",
        "Capacity_acre_feet": 620.0
      },
      "geometry": { "type": "Point", "coordinates": [-120.6565, 39.3571] }
    },
    {
      "type": "Feature",
      "properties": {
        "Dam_Name": "Meadow Lake",
        "National_ID": "CA00366",
        "Latitude": 39.4039,
        "Longitude": -120.4999,
        "Year_Built": "1864",
        "Capacity_acre_feet": 4930.0
      },
      "geometry": { "type": "Point", "coordinates": [-120.4999, 39.4039] }
    },
    {
      "type": "Feature",
      "properties": {
        "Dam_Name": "Middle Lindsey Lake",
        "National_ID": "CA00367",
        "Latitude": 39.4157,
        "Longitude": -120.633,
        "Year_Built": "1870",
        "Capacity_acre_feet": 103.0
      },
      "geometry": { "type": "Point", "coordinates": [-120.633, 39.4157] }
    },
    {
      "type": "Feature",
      "properties": {
        "Dam_Name": "Lower Lindsey Lake",
        "National_ID": "CA00364",
        "Latitude": 39.4125,
        "Longitude": -120.6438,
        "Year_Built": "1870",
        "Capacity_acre_feet": 320.0
      },
      "geometry": { "type": "Point", "coordinates": [-120.6438, 39.4125] }
    },
    {
      "type": "Feature",
      "properties": {
        "Dam_Name": "Lower Peak",
        "National_ID": "CA00365",
        "Latitude": 39.3033,
        "Longitude": -120.4396,
        "Year_Built": "1860",
        "Capacity_acre_feet": 494.0
      },
      "geometry": { "type": "Point", "coordinates": [-120.4396, 39.3033] }
    },
    {
      "type": "Feature",
      "properties": {
        "Dam_Name": "Lake Valley",
        "National_ID": "CA00361",
        "Latitude": 39.3003,
        "Longitude": -120.5999,
        "Year_Built": "1911",
        "Capacity_acre_feet": 8127.0
      },
      "geometry": { "type": "Point", "coordinates": [-120.5999, 39.3003] }
    },
    {
      "type": "Feature",
      "properties": {
        "Dam_Name": "Lower Feeley Lake",
        "National_ID": "CA00363",
        "Latitude": 39.399,
        "Longitude": -120.6433,
        "Year_Built": "1870",
        "Capacity_acre_feet": 184.0
      },
      "geometry": { "type": "Point", "coordinates": [-120.6433, 39.399] }
    },
    {
      "type": "Feature",
      "properties": {
        "Dam_Name": "Lake Spaulding",
        "National_ID": "CA00358",
        "Latitude": 39.3277,
        "Longitude": -120.6442,
        "Year_Built": "1913",
        "Capacity_acre_feet": 74773.0
      },
      "geometry": { "type": "Point", "coordinates": [-120.6442, 39.3277] }
    },
    {
      "type": "Feature",
      "properties": {
        "Dam_Name": "Lake Sterling",
        "National_ID": "CA00359",
        "Latitude": 39.3574,
        "Longitude": -120.4926,
        "Year_Built": "1877",
        "Capacity_acre_feet": 1648.5
      },
      "geometry": { "type": "Point", "coordinates": [-120.4926, 39.3574] }
    },
    {
      "type": "Feature",
      "properties": {
        "Dam_Name": "Kidd Lake",
        "National_ID": "CA00354",
        "Latitude": 39.3111,
        "Longitude": -120.4322,
        "Year_Built": "1855",
        "Capacity_acre_feet": 1930.0
      },
      "geometry": { "type": "Point", "coordinates": [-120.4322, 39.3111] }
    },
    {
      "type": "Feature",
      "properties": {
        "Dam_Name": "Lake Fordyce",
        "National_ID": "CA00357",
        "Latitude": 39.3811,
        "Longitude": -120.4967,
        "Year_Built": "1873",
        "Capacity_acre_feet": 48900.0
      },
      "geometry": { "type": "Point", "coordinates": [-120.4967, 39.3811] }
    },
    {
      "type": "Feature",
      "properties": {
        "Dam_Name": "Halsey Forebay",
        "National_ID": "CA00352",
        "Latitude": 38.974,
        "Longitude": -121.0381,
        "Year_Built": "1916",
        "Capacity_acre_feet": 220.0
      },
      "geometry": { "type": "Point", "coordinates": [-121.0381, 38.974] }
    },
    {
      "type": "Feature",
      "properties": {
        "Dam_Name": "Kelly Lake",
        "National_ID": "CA00353",
        "Latitude": 39.3111,
        "Longitude": -120.5812,
        "Year_Built": "1928",
        "Capacity_acre_feet": 290.0
      },
      "geometry": { "type": "Point", "coordinates": [-120.5812, 39.3111] }
    },
    {
      "type": "Feature",
      "properties": {
        "Dam_Name": "Drum Forebay",
        "National_ID": "CA00350",
        "Latitude": 39.252,
        "Longitude": -120.7492,
        "Year_Built": "1913",
        "Capacity_acre_feet": 564.0
      },
      "geometry": { "type": "Point", "coordinates": [-120.7492, 39.252] }
    },
    {
      "type": "Feature",
      "properties": {
        "Dam_Name": "Fuller Lake",
        "National_ID": "CA00351",
        "Latitude": 39.3449,
        "Longitude": -120.6516,
        "Year_Built": "1870",
        "Capacity_acre_feet": 1060.0
      },
      "geometry": { "type": "Point", "coordinates": [-120.6516, 39.3449] }
    },
    {
      "type": "Feature",
      "properties": {
        "Dam_Name": "Christian Valley",
        "National_ID": "CA00348",
        "Latitude": 38.956,
        "Longitude": -121.0431,
        "Year_Built": "1916",
        "Capacity_acre_feet": 110.0
      },
      "geometry": { "type": "Point", "coordinates": [-121.0431, 38.956] }
    },
    {
      "type": "Feature",
      "properties": {
        "Dam_Name": "Culbertson",
        "National_ID": "CA00349",
        "Latitude": 39.4213,
        "Longitude": -120.6232,
        "Year_Built": "1872",
        "Capacity_acre_feet": 850.0
      },
      "geometry": { "type": "Point", "coordinates": [-120.6232, 39.4213] }
    },
    {
      "type": "Feature",
      "properties": {
        "Dam_Name": "Round Valley",
        "National_ID": "CA00346",
        "Latitude": 40.072778,
        "Longitude": -121.454413,
        "Year_Built": "1877",
        "Capacity_acre_feet": 1147.0
      },
      "geometry": { "type": "Point", "coordinates": [-121.454413, 40.072778] }
    },
    {
      "type": "Feature",
      "properties": {
        "Dam_Name": "Blue Lake",
        "National_ID": "CA00347",
        "Latitude": 39.3587,
        "Longitude": -120.6361,
        "Year_Built": "1870",
        "Capacity_acre_feet": 1123.0
      },
      "geometry": { "type": "Point", "coordinates": [-120.6361, 39.3587] }
    },
    {
      "type": "Feature",
      "properties": {
        "Dam_Name": "Kunkle",
        "National_ID": "CA00344",
        "Latitude": 39.713,
        "Longitude": -121.5757,
        "Year_Built": "1907",
        "Capacity_acre_feet": 155.0
      },
      "geometry": { "type": "Point", "coordinates": [-121.5757, 39.713] }
    },
    {
      "type": "Feature",
      "properties": {
        "Dam_Name": "Philbrook",
        "National_ID": "CA00345",
        "Latitude": 40.0299,
        "Longitude": -121.4757,
        "Year_Built": "1926",
        "Capacity_acre_feet": 5180.0
      },
      "geometry": { "type": "Point", "coordinates": [-121.4757, 40.0299] }
    },
    {
      "type": "Feature",
      "properties": {
        "Dam_Name": "Lower Three Lakes",
        "National_ID": "CA00334",
        "Latitude": 39.9696,
        "Longitude": -121.2236,
        "Year_Built": "1928",
        "Capacity_acre_feet": 525.0
      },
      "geometry": { "type": "Point", "coordinates": [-121.2236, 39.9696] }
    },
    {
      "type": "Feature",
      "properties": {
        "Dam_Name": "DeSabla Forebay",
        "National_ID": "CA00343",
        "Latitude": 39.8726,
        "Longitude": -121.6134,
        "Year_Built": "1903",
        "Capacity_acre_feet": 280.0
      },
      "geometry": { "type": "Point", "coordinates": [-121.6134, 39.8726] }
    },
    {
      "type": "Feature",
      "properties": {
        "Dam_Name": "Bucks Storage",
        "National_ID": "CA00332",
        "Latitude": 39.8978,
        "Longitude": -121.2026,
        "Year_Built": "1928",
        "Capacity_acre_feet": 103000.0
      },
      "geometry": { "type": "Point", "coordinates": [-121.2026, 39.8978] }
    },
    {
      "type": "Feature",
      "properties": {
        "Dam_Name": "Grizzly Forebay",
        "National_ID": "CA00333",
        "Latitude": 39.8921,
        "Longitude": -121.2919,
        "Year_Built": "1928",
        "Capacity_acre_feet": 1112.0
      },
      "geometry": { "type": "Point", "coordinates": [-121.2919, 39.8921] }
    },
    {
      "type": "Feature",
      "properties": {
        "Dam_Name": "Rock Creek",
        "National_ID": "CA00330",
        "Latitude": 39.9864,
        "Longitude": -121.284,
        "Year_Built": "1950",
        "Capacity_acre_feet": 4660.0
      },
      "geometry": { "type": "Point", "coordinates": [-121.284, 39.9864] }
    },
    {
      "type": "Feature",
      "properties": {
        "Dam_Name": "Bucks Diversion",
        "National_ID": "CA00331",
        "Latitude": 39.9021,
        "Longitude": -121.2279,
        "Year_Built": "1928",
        "Capacity_acre_feet": 5843.0
      },
      "geometry": { "type": "Point", "coordinates": [-121.2279, 39.9021] }
    },
    {
      "type": "Feature",
      "properties": {
        "Dam_Name": "Poe",
        "National_ID": "CA00328",
        "Latitude": 39.8098,
        "Longitude": -121.4325,
        "Year_Built": "1959",
        "Capacity_acre_feet": 1150.0
      },
      "geometry": { "type": "Point", "coordinates": [-121.4325, 39.8098] }
    },
    {
      "type": "Feature",
      "properties": {
        "Dam_Name": "Cresta",
        "National_ID": "CA00329",
        "Latitude": 39.876,
        "Longitude": -121.374,
        "Year_Built": "1949",
        "Capacity_acre_feet": 4400.0
      },
      "geometry": { "type": "Point", "coordinates": [-121.374, 39.876] }
    },
    {
      "type": "Feature",
      "properties": {
        "Dam_Name": "Butt Valley",
        "National_ID": "CA00326",
        "Latitude": 40.1147,
        "Longitude": -121.1474,
        "Year_Built": "1924",
        "Capacity_acre_feet": 49800.0
      },
      "geometry": { "type": "Point", "coordinates": [-121.1474, 40.1147] }
    },
    {
      "type": "Feature",
      "properties": {
        "Dam_Name": "Lake Almanor",
        "National_ID": "CA00327",
        "Latitude": 40.174,
        "Longitude": -121.094,
        "Year_Built": "1927",
        "Capacity_acre_feet": 1308000.0
      },
      "geometry": { "type": "Point", "coordinates": [-121.094, 40.174] }
    },
    {
      "type": "Feature",
      "properties": {
        "Dam_Name": "West Valley",
        "National_ID": "CA00300",
        "Latitude": 41.2228,
        "Longitude": -120.4121,
        "Year_Built": "1936",
        "Capacity_acre_feet": 23000.0
      },
      "geometry": { "type": "Point", "coordinates": [-120.4121, 41.2228] }
    },
    {
      "type": "Feature",
      "properties": {
        "Dam_Name": "Lake Angela",
        "National_ID": "CA00322",
        "Latitude": 39.3225,
        "Longitude": -120.3279,
        "Year_Built": "1924",
        "Capacity_acre_feet": 310.0
      },
      "geometry": { "type": "Point", "coordinates": [-120.3279, 39.3225] }
    },
    {
      "type": "Feature",
      "properties": {
        "Dam_Name": "Magalia",
        "National_ID": "CA00296",
        "Latitude": 39.8146,
        "Longitude": -121.5844,
        "Year_Built": "1918",
        "Capacity_acre_feet": 2900.0
      },
      "geometry": { "type": "Point", "coordinates": [-121.5844, 39.8146] }
    },
    {
      "type": "Feature",
      "properties": {
        "Dam_Name": "Paradise",
        "National_ID": "CA00297",
        "Latitude": 39.8508,
        "Longitude": -121.5781,
        "Year_Built": "1957",
        "Capacity_acre_feet": 11500.0
      },
      "geometry": { "type": "Point", "coordinates": [-121.5781, 39.8508] }
    },
    {
      "type": "Feature",
      "properties": {
        "Dam_Name": "Miners Ranch",
        "National_ID": "CA00275",
        "Latitude": 39.5062,
        "Longitude": -121.459,
        "Year_Built": "1962",
        "Capacity_acre_feet": 895.0
      },
      "geometry": { "type": "Point", "coordinates": [-121.459, 39.5062] }
    },
    {
      "type": "Feature",
      "properties": {
        "Dam_Name": "Concow",
        "National_ID": "CA00277",
        "Latitude": 39.7636,
        "Longitude": -121.5281,
        "Year_Built": "1925",
        "Capacity_acre_feet": 6370.0
      },
      "geometry": { "type": "Point", "coordinates": [-121.5281, 39.7636] }
    },
    {
      "type": "Feature",
      "properties": {
        "Dam_Name": "Forbestown Diversion",
        "National_ID": "CA00273",
        "Latitude": 39.552,
        "Longitude": -121.21,
        "Year_Built": "1962",
        "Capacity_acre_feet": 358.0
      },
      "geometry": { "type": "Point", "coordinates": [-121.21, 39.552] }
    },
    {
      "type": "Feature",
      "properties": {
        "Dam_Name": "Ponderosa Diversion",
        "National_ID": "CA00274",
        "Latitude": 39.5495,
        "Longitude": -121.3037,
        "Year_Built": "1962",
        "Capacity_acre_feet": 4750.0
      },
      "geometry": { "type": "Point", "coordinates": [-121.3037, 39.5495] }
    },
    {
      "type": "Feature",
      "properties": {
        "Dam_Name": "Slate Creek Diversion",
        "National_ID": "CA00271",
        "Latitude": 39.6155,
        "Longitude": -121.0519,
        "Year_Built": "1961",
        "Capacity_acre_feet": 643.0
      },
      "geometry": { "type": "Point", "coordinates": [-121.0519, 39.6155] }
    },
    {
      "type": "Feature",
      "properties": {
        "Dam_Name": "Sly Creek",
        "National_ID": "CA00272",
        "Latitude": 39.5834,
        "Longitude": -121.1172,
        "Year_Built": "1961",
        "Capacity_acre_feet": 65050.0
      },
      "geometry": { "type": "Point", "coordinates": [-121.1172, 39.5834] }
    },
    {
      "type": "Feature",
      "properties": {
        "Dam_Name": "Little Grass Valley",
        "National_ID": "CA00269",
        "Latitude": 39.7248,
        "Longitude": -121.0197,
        "Year_Built": "1961",
        "Capacity_acre_feet": 74730.0
      },
      "geometry": { "type": "Point", "coordinates": [-121.0197, 39.7248] }
    },
    {
      "type": "Feature",
      "properties": {
        "Dam_Name": "South Fork Diversion",
        "National_ID": "CA00270",
        "Latitude": 39.6489,
        "Longitude": -121.1183,
        "Year_Built": "1961",
        "Capacity_acre_feet": 88.0
      },
      "geometry": { "type": "Point", "coordinates": [-121.1183, 39.6489] }
    },
    {
      "type": "Feature",
      "properties": {
        "Dam_Name": "Lake Wyandotte",
        "National_ID": "CA00267",
        "Latitude": 39.5071,
        "Longitude": -121.4214,
        "Year_Built": "1924",
        "Capacity_acre_feet": 313.0
      },
      "geometry": { "type": "Point", "coordinates": [-121.4214, 39.5071] }
    },
    {
      "type": "Feature",
      "properties": {
        "Dam_Name": "Lost Creek",
        "National_ID": "CA00268",
        "Latitude": 39.5758,
        "Longitude": -121.1374,
        "Year_Built": "1924",
        "Capacity_acre_feet": 5680.0
      },
      "geometry": { "type": "Point", "coordinates": [-121.1374, 39.5758] }
    },
    {
      "type": "Feature",
      "properties": {
        "Dam_Name": "Dutch Flat No. 2 Forebay",
        "National_ID": "CA00258",
        "Latitude": 39.224,
        "Longitude": -120.8355,
        "Year_Built": "1965",
        "Capacity_acre_feet": 185.0
      },
      "geometry": { "type": "Point", "coordinates": [-120.8355, 39.224] }
    },
    {
      "type": "Feature",
      "properties": {
        "Dam_Name": "Loma Rica Airport",
        "National_ID": "CA00259",
        "Latitude": 39.2239,
        "Longitude": -120.9903,
        "Year_Built": "1965",
        "Capacity_acre_feet": 94.0
      },
      "geometry": { "type": "Point", "coordinates": [-120.9903, 39.2239] }
    },
    {
      "type": "Feature",
      "properties": {
        "Dam_Name": "Faucherie",
        "National_ID": "CA00256",
        "Latitude": 39.429,
        "Longitude": -120.5683,
        "Year_Built": "1964",
        "Capacity_acre_feet": 4200.0
      },
      "geometry": { "type": "Point", "coordinates": [-120.5683, 39.429] }
    },
    {
      "type": "Feature",
      "properties": {
        "Dam_Name": "Dutch Flat Afterbay",
        "National_ID": "CA00257",
        "Latitude": 39.214,
        "Longitude": -120.8445,
        "Year_Built": "1965",
        "Capacity_acre_feet": 1300.0
      },
      "geometry": { "type": "Point", "coordinates": [-120.8445, 39.214] }
    },
    {
      "type": "Feature",
      "properties": {
        "Dam_Name": "Jackson Meadows",
        "National_ID": "CA00254",
        "Latitude": 39.5095,
        "Longitude": -120.5539,
        "Year_Built": "1965",
        "Capacity_acre_feet": 52500.0
      },
      "geometry": { "type": "Point", "coordinates": [-120.5539, 39.5095] }
    },
    {
      "type": "Feature",
      "properties": {
        "Dam_Name": "Rollins",
        "National_ID": "CA00255",
        "Latitude": 39.1367,
        "Longitude": -120.9544,
        "Year_Built": "1965",
        "Capacity_acre_feet": 66000.0
      },
      "geometry": { "type": "Point", "coordinates": [-120.9544, 39.1367] }
    },
    {
      "type": "Feature",
      "properties": {
        "Dam_Name": "Jackson Lake",
        "National_ID": "CA00252",
        "Latitude": 39.4646,
        "Longitude": -120.5625,
        "Year_Built": "1942",
        "Capacity_acre_feet": 1000.0
      },
      "geometry": { "type": "Point", "coordinates": [-120.5625, 39.4646] }
    },
    {
      "type": "Feature",
      "properties": {
        "Dam_Name": "Scotts Flat",
        "National_ID": "CA00253",
        "Latitude": 39.2737,
        "Longitude": -120.9317,
        "Year_Built": "1948",
        "Capacity_acre_feet": 49000.0
      },
      "geometry": { "type": "Point", "coordinates": [-120.9317, 39.2737] }
    },
    {
      "type": "Feature",
      "properties": {
        "Dam_Name": "Combie",
        "National_ID": "CA00249",
        "Latitude": 39.0102,
        "Longitude": -121.0585,
        "Year_Built": "1928",
        "Capacity_acre_feet": 5555.0
      },
      "geometry": { "type": "Point", "coordinates": [-121.0585, 39.0102] }
    },
    {
      "type": "Feature",
      "properties": {
        "Dam_Name": "Sawmill Lake",
        "National_ID": "CA00250",
        "Latitude": 39.4455,
        "Longitude": -120.6017,
        "Year_Built": "1910",
        "Capacity_acre_feet": 3040.0
      },
      "geometry": { "type": "Point", "coordinates": [-120.6017, 39.4455] }
    },
    {
      "type": "Feature",
      "properties": {
        "Dam_Name": "French Lake",
        "National_ID": "CA00247",
        "Latitude": 39.421,
        "Longitude": -120.5422,
        "Year_Built": "1859",
        "Capacity_acre_feet": 13800.0
      },
      "geometry": { "type": "Point", "coordinates": [-120.5422, 39.421] }
    },
    {
      "type": "Feature",
      "properties": {
        "Dam_Name": "Milton Diversion",
        "National_ID": "CA00248",
        "Latitude": 39.5225,
        "Longitude": -120.5827,
        "Year_Built": "1928",
        "Capacity_acre_feet": 270.0
      },
      "geometry": { "type": "Point", "coordinates": [-120.5827, 39.5225] }
    },
    {
      "type": "Feature",
      "properties": {
        "Dam_Name": "Bowman",
        "National_ID": "CA00245",
        "Latitude": 39.4497,
        "Longitude": -120.6536,
        "Year_Built": "1927",
        "Capacity_acre_feet": 64000.0
      },
      "geometry": { "type": "Point", "coordinates": [-120.6536, 39.4497] }
    },
    {
      "type": "Feature",
      "properties": {
        "Dam_Name": "Deer Creek Diversion",
        "National_ID": "CA00246",
        "Latitude": 39.2697,
        "Longitude": -120.9541,
        "Year_Built": "1928",
        "Capacity_acre_feet": 1400.0
      },
      "geometry": { "type": "Point", "coordinates": [-120.9541, 39.2697] }
    },
    {
      "type": "Feature",
      "properties": {
        "Dam_Name": "Caples Lake",
        "National_ID": "CA00378",
        "Latitude": 38.7086,
        "Longitude": -120.0488,
        "Year_Built": "1922",
        "Capacity_acre_feet": 21580.0
      },
      "geometry": { "type": "Point", "coordinates": [-120.0488, 38.7086] }
    },
    {
      "type": "Feature",
      "properties": {
        "Dam_Name": "Big Sage",
        "National_ID": "CA00233",
        "Latitude": 41.5778,
        "Longitude": -120.6277,
        "Year_Built": "1921",
        "Capacity_acre_feet": 77000.0
      },
      "geometry": { "type": "Point", "coordinates": [-120.6277, 41.5778] }
    },
    {
      "type": "Feature",
      "properties": {
        "Dam_Name": "Medley Lakes",
        "National_ID": "CA00376",
        "Latitude": 38.8598,
        "Longitude": -120.1375,
        "Year_Built": "1923",
        "Capacity_acre_feet": 5350.0
      },
      "geometry": { "type": "Point", "coordinates": [-120.1375, 38.8598] }
    },
    {
      "type": "Feature",
      "properties": {
        "Dam_Name": "Silver Lake",
        "National_ID": "CA00377",
        "Latitude": 38.6688,
        "Longitude": -120.1214,
        "Year_Built": "1876",
        "Capacity_acre_feet": 8903.8
      },
      "geometry": { "type": "Point", "coordinates": [-120.1214, 38.6688] }
    },
    {
      "type": "Feature",
      "properties": {
        "Dam_Name": "Blakely",
        "National_ID": "CA00229",
        "Latitude": 38.7417,
        "Longitude": -120.7078,
        "Year_Built": "1875",
        "Capacity_acre_feet": 152.0
      },
      "geometry": { "type": "Point", "coordinates": [-120.7078, 38.7417] }
    },
    {
      "type": "Feature",
      "properties": {
        "Dam_Name": "El Dorado Forebay",
        "National_ID": "CA00375",
        "Latitude": 38.7708,
        "Longitude": -120.585,
        "Year_Built": "1923",
        "Capacity_acre_feet": 600.0
      },
      "geometry": { "type": "Point", "coordinates": [-120.585, 38.7708] }
    },
    {
      "type": "Feature",
      "properties": {
        "Dam_Name": "Camp Far West Diversion",
        "National_ID": "CA01086",
        "Latitude": 39.0421,
        "Longitude": -121.3322,
        "Year_Built": "1977",
        "Capacity_acre_feet": 425.0
      },
      "geometry": { "type": "Point", "coordinates": [-121.3322, 39.0421] }
    },
    {
      "type": "Feature",
      "properties": {
        "Dam_Name": "Weber",
        "National_ID": "CA00228",
        "Latitude": 38.7163,
        "Longitude": -120.6925,
        "Year_Built": "1924",
        "Capacity_acre_feet": 1100.0
      },
      "geometry": { "type": "Point", "coordinates": [-120.6925, 38.7163] }
    },
    {
      "type": "Feature",
      "properties": {
        "Dam_Name": "Anderson Cottonwood",
        "National_ID": "CA00226",
        "Latitude": 40.5922,
        "Longitude": -122.3944,
        "Year_Built": "1917",
        "Capacity_acre_feet": 1240.0
      },
      "geometry": { "type": "Point", "coordinates": [-122.3944, 40.5922] }
    },
    {
      "type": "Feature",
      "properties": {
        "Dam_Name": "Camp Far West",
        "National_ID": "CA00227",
        "Latitude": 39.0516,
        "Longitude": -121.3179,
        "Year_Built": "1963",
        "Capacity_acre_feet": 104500.0
      },
      "geometry": { "type": "Point", "coordinates": [-121.3179, 39.0516] }
    },
    {
      "type": "Feature",
      "properties": {
        "Dam_Name": "Chester Diversion",
        "National_ID": "CA01173",
        "Latitude": 40.3024,
        "Longitude": -121.2615,
        "Year_Built": "1975",
        "Capacity_acre_feet": 75.0
      },
      "geometry": { "type": "Point", "coordinates": [-121.2615, 40.3024] }
    },
    {
      "type": "Feature",
      "properties": {
        "Dam_Name": "Cache Creek Settling Basin",
        "National_ID": "CA01348",
        "Latitude": 38.6782,
        "Longitude": -121.673,
        "Year_Built": "1993",
        "Capacity_acre_feet": 3800.0
      },
      "geometry": { "type": "Point", "coordinates": [-121.673, 38.6782] }
    },
    {
      "type": "Feature",
      "properties": {
        "Dam_Name": "Thermalito Forebay",
        "National_ID": "CA00041",
        "Latitude": 39.5151,
        "Longitude": -121.631,
        "Year_Built": "1967",
        "Capacity_acre_feet": 15568.0
      },
      "geometry": { "type": "Point", "coordinates": [-121.631, 39.5151] }
    },
    {
      "type": "Feature",
      "properties": {
        "Dam_Name": "Thermalito Afterbay",
        "National_ID": "CA00042",
        "Latitude": 39.5088,
        "Longitude": -121.6838,
        "Year_Built": "1967",
        "Capacity_acre_feet": 89541.0
      },
      "geometry": { "type": "Point", "coordinates": [-121.6838, 39.5088] }
    },
    {
      "type": "Feature",
      "properties": {
        "Dam_Name": "Lower Sardine Lake",
        "National_ID": "CA00038",
        "Latitude": 39.616,
        "Longitude": -120.6227,
        "Year_Built": "1965",
        "Capacity_acre_feet": 280.0
      },
      "geometry": { "type": "Point", "coordinates": [-120.6227, 39.616] }
    },
    {
      "type": "Feature",
      "properties": {
        "Dam_Name": "Grizzly Valley",
        "National_ID": "CA00039",
        "Latitude": 39.8827,
        "Longitude": -120.4771,
        "Year_Built": "1966",
        "Capacity_acre_feet": 83000.0
      },
      "geometry": { "type": "Point", "coordinates": [-120.4771, 39.8827] }
    },
    {
      "type": "Feature",
      "properties": {
        "Dam_Name": "Thermalito Diversion",
        "National_ID": "CA00036",
        "Latitude": 39.5289,
        "Longitude": -121.5465,
        "Year_Built": "1967",
        "Capacity_acre_feet": 13328.0
      },
      "geometry": { "type": "Point", "coordinates": [-121.5465, 39.5289] }
    },
    {
      "type": "Feature",
      "properties": {
        "Dam_Name": "Antelope",
        "National_ID": "CA00037",
        "Latitude": 40.1808,
        "Longitude": -120.6076,
        "Year_Built": "1964",
        "Capacity_acre_feet": 22566.0
      },
      "geometry": { "type": "Point", "coordinates": [-120.6076, 40.1808] }
    },
    {
      "type": "Feature",
      "properties": {
        "Dam_Name": "Feather River Hatchery",
        "National_ID": "CA00034",
        "Latitude": 39.5204,
        "Longitude": -121.5483,
        "Year_Built": "1964",
        "Capacity_acre_feet": 580.0
      },
      "geometry": { "type": "Point", "coordinates": [-121.5483, 39.5204] }
    },
    {
      "type": "Feature",
      "properties": {
        "Dam_Name": "Oroville",
        "National_ID": "CA00035",
        "Latitude": 39.5426,
        "Longitude": -121.4915,
        "Year_Built": "1968",
        "Capacity_acre_feet": 3553405.0
      },
      "geometry": { "type": "Point", "coordinates": [-121.4915, 39.5426] }
    },
    {
      "type": "Feature",
      "properties": {
        "Dam_Name": "Eureka",
        "National_ID": "CA00031",
        "Latitude": 39.7636,
        "Longitude": -120.713,
        "Year_Built": "1866",
        "Capacity_acre_feet": 220.0
      },
      "geometry": { "type": "Point", "coordinates": [-120.713, 39.7636] }
    },
    {
      "type": "Feature",
      "properties": {
        "Dam_Name": "Frenchman",
        "National_ID": "CA00032",
        "Latitude": 39.893,
        "Longitude": -120.191,
        "Year_Built": "1961",
        "Capacity_acre_feet": 55477.0
      },
      "geometry": { "type": "Point", "coordinates": [-120.191, 39.893] }
    },
    {
      "type": "Feature",
      "properties": {
        "Dam_Name": "Mount Stoneman",
        "National_ID": "CA00009",
        "Latitude": 38.699,
        "Longitude": -121.153,
        "Year_Built": "1937",
        "Capacity_acre_feet": 33.0
      },
      "geometry": { "type": "Point", "coordinates": [-121.153, 38.699] }
    },
    {
      "type": "Feature",
      "properties": {
        "Dam_Name": "Boole",
        "National_ID": "CA00967",
        "Latitude": 38.9964,
        "Longitude": -120.9762,
        "Year_Built": "1951",
        "Capacity_acre_feet": 65.0
      },
      "geometry": { "type": "Point", "coordinates": [-120.9762, 38.9964] }
    },
    {
      "type": "Feature",
      "properties": {
        "Dam_Name": "Spring Valley Ranch",
        "National_ID": "CA00968",
        "Latitude": 39.0988,
        "Longitude": -120.9708,
        "Year_Built": "1958",
        "Capacity_acre_feet": 60.0
      },
      "geometry": { "type": "Point", "coordinates": [-120.9708, 39.0988] }
    },
    {
      "type": "Feature",
      "properties": {
        "Dam_Name": "Anderson Ranch",
        "National_ID": "CA01206",
        "Latitude": 39.2956,
        "Longitude": -121.0647,
        "Year_Built": "1989",
        "Capacity_acre_feet": 30.0
      },
      "geometry": { "type": "Point", "coordinates": [-121.0647, 39.2956] }
    },
    {
      "type": "Feature",
      "properties": {
        "Dam_Name": "Penn Valley Wastewater",
        "National_ID": "CA01247",
        "Latitude": 39.1752,
        "Longitude": -121.2081,
        "Year_Built": "1990",
        "Capacity_acre_feet": 52.0
      },
      "geometry": { "type": "Point", "coordinates": [-121.2081, 39.1752] }
    },
    {
      "type": "Feature",
      "properties": {
        "Dam_Name": "Swan",
        "National_ID": "CA00965",
        "Latitude": 39.1353,
        "Longitude": -121.1358,
        "Year_Built": "1967",
        "Capacity_acre_feet": 550.0
      },
      "geometry": { "type": "Point", "coordinates": [-121.1358, 39.1353] }
    },
    {
      "type": "Feature",
      "properties": {
        "Dam_Name": "Magnolia",
        "National_ID": "CA00966",
        "Latitude": 39.0383,
        "Longitude": -121.072,
        "Year_Built": "1967",
        "Capacity_acre_feet": 4150.0
      },
      "geometry": { "type": "Point", "coordinates": [-121.072, 39.0383] }
    },
    {
      "type": "Feature",
      "properties": {
        "Dam_Name": "Black Butte Reregulating",
        "National_ID": "CA01226",
        "Latitude": 39.8139,
        "Longitude": -122.3303,
        "Year_Built": "1989",
        "Capacity_acre_feet": 52.0
      },
      "geometry": { "type": "Point", "coordinates": [-122.3303, 39.8139] }
    },
    {
      "type": "Feature",
      "properties": {
        "Dam_Name": "Anthony House",
        "National_ID": "CA00964",
        "Latitude": 39.2361,
        "Longitude": -121.2179,
        "Year_Built": "1970",
        "Capacity_acre_feet": 3840.0
      },
      "geometry": { "type": "Point", "coordinates": [-121.2179, 39.2361] }
    },
    {
      "type": "Feature",
      "properties": {
        "Dam_Name": "Beaver Creek",
        "National_ID": "CA01147",
        "Latitude": 41.0003,
        "Longitude": -121.3251,
        "Year_Built": "1978",
        "Capacity_acre_feet": 214.0
      },
      "geometry": { "type": "Point", "coordinates": [-121.3251, 41.0003] }
    },
    {
      "type": "Feature",
      "properties": {
        "Dam_Name": "Sunflower",
        "National_ID": "CA01116",
        "Latitude": 40.0737,
        "Longitude": -122.5873,
        "Year_Built": "1976",
        "Capacity_acre_feet": 420.0
      },
      "geometry": { "type": "Point", "coordinates": [-122.5873, 40.0737] }
    },
    {
      "type": "Feature",
      "properties": {
        "Dam_Name": "Rains Creek",
        "National_ID": "CA00959",
        "Latitude": 41.1063,
        "Longitude": -121.3123,
        "Year_Built": "1960",
        "Capacity_acre_feet": 126.0
      },
      "geometry": { "type": "Point", "coordinates": [-121.3123, 41.1063] }
    },
    {
      "type": "Feature",
      "properties": {
        "Dam_Name": "Leonard No. 2",
        "National_ID": "CA00960",
        "Latitude": 41.1162,
        "Longitude": -121.0383,
        "Year_Built": "1968",
        "Capacity_acre_feet": 187.0
      },
      "geometry": { "type": "Point", "coordinates": [-121.0383, 41.1162] }
    },
    {
      "type": "Feature",
      "properties": {
        "Dam_Name": "Myers",
        "National_ID": "CA00953",
        "Latitude": 41.1243,
        "Longitude": -120.9693,
        "Year_Built": "1957",
        "Capacity_acre_feet": 279.0
      },
      "geometry": { "type": "Point", "coordinates": [-120.9693, 41.1243] }
    },
    {
      "type": "Feature",
      "properties": {
        "Dam_Name": "Tule Lake",
        "National_ID": "CA00956",
        "Latitude": 41.0838,
        "Longitude": -120.3648,
        "Year_Built": "1904",
        "Capacity_acre_feet": 17500.0
      },
      "geometry": { "type": "Point", "coordinates": [-120.3648, 41.0838] }
    },
    {
      "type": "Feature",
      "properties": {
        "Dam_Name": "Chace Valley",
        "National_ID": "CA00950",
        "Latitude": 41.1518,
        "Longitude": -120.8881,
        "Year_Built": "1955",
        "Capacity_acre_feet": 92.0
      },
      "geometry": { "type": "Point", "coordinates": [-120.8881, 41.1518] }
    },
    {
      "type": "Feature",
      "properties": {
        "Dam_Name": "Nine Springs",
        "National_ID": "CA00951",
        "Latitude": 41.1224,
        "Longitude": -121.208138,
        "Year_Built": "1954",
        "Capacity_acre_feet": 125.0
      },
      "geometry": { "type": "Point", "coordinates": [-121.208138, 41.1224] }
    },
    {
      "type": "Feature",
      "properties": {
        "Dam_Name": "Albaugh No. 1",
        "National_ID": "CA00948",
        "Latitude": 41.1417,
        "Longitude": -121.0013,
        "Year_Built": "1953",
        "Capacity_acre_feet": 335.0
      },
      "geometry": { "type": "Point", "coordinates": [-121.0013, 41.1417] }
    },
    {
      "type": "Feature",
      "properties": {
        "Dam_Name": "Albaugh No. 2",
        "National_ID": "CA00949",
        "Latitude": 41.1588,
        "Longitude": -120.968,
        "Year_Built": "1966",
        "Capacity_acre_feet": 270.0
      },
      "geometry": { "type": "Point", "coordinates": [-120.968, 41.1588] }
    },
    {
      "type": "Feature",
      "properties": {
        "Dam_Name": "Iverson",
        "National_ID": "CA00946",
        "Latitude": 41.0791,
        "Longitude": -121.0552,
        "Year_Built": "1968",
        "Capacity_acre_feet": 1800.0
      },
      "geometry": { "type": "Point", "coordinates": [-121.0552, 41.0791] }
    },
    {
      "type": "Feature",
      "properties": {
        "Dam_Name": "Elkins and Lane",
        "National_ID": "CA00947",
        "Latitude": 41.083,
        "Longitude": -120.7591,
        "Year_Built": "1953",
        "Capacity_acre_feet": 412.0
      },
      "geometry": { "type": "Point", "coordinates": [-120.7591, 41.083] }
    },
    {
      "type": "Feature",
      "properties": {
        "Dam_Name": "Gerig",
        "National_ID": "CA00941",
        "Latitude": 41.1544,
        "Longitude": -121.149,
        "Year_Built": "1939",
        "Capacity_acre_feet": 110.0
      },
      "geometry": { "type": "Point", "coordinates": [-121.149, 41.1544] }
    },
    {
      "type": "Feature",
      "properties": {
        "Dam_Name": "Holbrook",
        "National_ID": "CA00945",
        "Latitude": 41.0778,
        "Longitude": -120.6314,
        "Year_Built": "1952",
        "Capacity_acre_feet": 719.0
      },
      "geometry": { "type": "Point", "coordinates": [-120.6314, 41.0778] }
    },
    {
      "type": "Feature",
      "properties": {
        "Dam_Name": "Lake Angela",
        "National_ID": "CA00936",
        "Latitude": 40.6655,
        "Longitude": -122.2919,
        "Year_Built": "1958",
        "Capacity_acre_feet": 150.0
      },
      "geometry": { "type": "Point", "coordinates": [-122.2919, 40.6655] }
    },
    {
      "type": "Feature",
      "properties": {
        "Dam_Name": "Lema",
        "National_ID": "CA00937",
        "Latitude": 40.5979,
        "Longitude": -122.3341,
        "Year_Built": "1957",
        "Capacity_acre_feet": 108.0
      },
      "geometry": { "type": "Point", "coordinates": [-122.3341, 40.5979] }
    },
    {
      "type": "Feature",
      "properties": {
        "Dam_Name": "Ross No. 1",
        "National_ID": "CA00934",
        "Latitude": 40.6419,
        "Longitude": -122.3155,
        "Year_Built": "1957",
        "Capacity_acre_feet": 709.0
      },
      "geometry": { "type": "Point", "coordinates": [-122.3155, 40.6419] }
    },
    {
      "type": "Feature",
      "properties": {
        "Dam_Name": "Ross No. 2",
        "National_ID": "CA00935",
        "Latitude": 40.6408,
        "Longitude": -122.3094,
        "Year_Built": "1957",
        "Capacity_acre_feet": 243.0
      },
      "geometry": { "type": "Point", "coordinates": [-122.3094, 40.6408] }
    },
    {
      "type": "Feature",
      "properties": {
        "Dam_Name": "James Montgomery",
        "National_ID": "CA00932",
        "Latitude": 40.5187,
        "Longitude": -122.4758,
        "Year_Built": "1869",
        "Capacity_acre_feet": 65.0
      },
      "geometry": { "type": "Point", "coordinates": [-122.4758, 40.5187] }
    },
    {
      "type": "Feature",
      "properties": {
        "Dam_Name": "Null Dam",
        "National_ID": "CA00933",
        "Latitude": 40.454,
        "Longitude": -121.7703,
        "Year_Built": "1954",
        "Capacity_acre_feet": 188.0
      },
      "geometry": { "type": "Point", "coordinates": [-121.7703, 40.454] }
    },
    {
      "type": "Feature",
      "properties": {
        "Dam_Name": "Cloverswale",
        "National_ID": "CA01513",
        "Latitude": 41.5315,
        "Longitude": -120.8367,
        "Year_Built": "1973",
        "Capacity_acre_feet": 4620.0
      },
      "geometry": { "type": "Point", "coordinates": [-120.8367, 41.5315] }
    },
    {
      "type": "Feature",
      "properties": {
        "Dam_Name": "White",
        "National_ID": "CA00482",
        "Latitude": 41.3747,
        "Longitude": -120.7809,
        "Year_Built": "1918",
        "Capacity_acre_feet": 290.0
      },
      "geometry": { "type": "Point", "coordinates": [-120.7809, 41.3747] }
    },
    {
      "type": "Feature",
      "properties": {
        "Dam_Name": "Shedd",
        "National_ID": "CA00923",
        "Latitude": 41.6286,
        "Longitude": -120.4047,
        "Year_Built": "1962",
        "Capacity_acre_feet": 100.0
      },
      "geometry": { "type": "Point", "coordinates": [-120.4047, 41.6286] }
    },
    {
      "type": "Feature",
      "properties": {
        "Dam_Name": "Duncan",
        "National_ID": "CA00480",
        "Latitude": 41.5179,
        "Longitude": -120.942,
        "Year_Built": "1919",
        "Capacity_acre_feet": 2575.0
      },
      "geometry": { "type": "Point", "coordinates": [-120.942, 41.5179] }
    },
    {
      "type": "Feature",
      "properties": {
        "Dam_Name": "James Porter",
        "National_ID": "CA00925",
        "Latitude": 41.51,
        "Longitude": -120.4208,
        "Year_Built": "1928",
        "Capacity_acre_feet": 106.0
      },
      "geometry": { "type": "Point", "coordinates": [-120.4208, 41.51] }
    },
    {
      "type": "Feature",
      "properties": {
        "Dam_Name": "Halls Meadows",
        "National_ID": "CA01208",
        "Latitude": 41.6406,
        "Longitude": -120.3287,
        "Year_Built": "1941",
        "Capacity_acre_feet": 581.0
      },
      "geometry": { "type": "Point", "coordinates": [-120.3287, 41.6406] }
    },
    {
      "type": "Feature",
      "properties": {
        "Dam_Name": "Bayley Reservoir",
        "National_ID": "CA00920",
        "Latitude": 41.2629,
        "Longitude": -120.6273,
        "Year_Built": "1954",
        "Capacity_acre_feet": 2390.0
      },
      "geometry": { "type": "Point", "coordinates": [-120.6273, 41.2629] }
    },
    {
      "type": "Feature",
      "properties": {
        "Dam_Name": "Lake County Sanitation District 2",
        "National_ID": "CA01108",
        "Latitude": 39.1157,
        "Longitude": -122.9217,
        "Year_Built": "1976",
        "Capacity_acre_feet": 870.0
      },
      "geometry": { "type": "Point", "coordinates": [-122.9217, 39.1157] }
    },
    {
      "type": "Feature",
      "properties": {
        "Dam_Name": "Hines Brothers",
        "National_ID": "CA00917",
        "Latitude": 41.2681,
        "Longitude": -121.1487,
        "Year_Built": "1955",
        "Capacity_acre_feet": 200.0
      },
      "geometry": { "type": "Point", "coordinates": [-121.1487, 41.2681] }
    },
    {
      "type": "Feature",
      "properties": {
        "Dam_Name": "Indian Valley",
        "National_ID": "CA01107",
        "Latitude": 39.0798,
        "Longitude": -122.5385,
        "Year_Built": "1976",
        "Capacity_acre_feet": 300000.0
      },
      "geometry": { "type": "Point", "coordinates": [-122.5385, 39.0798] }
    },
    {
      "type": "Feature",
      "properties": {
        "Dam_Name": "Lake County Sanitation District",
        "National_ID": "CA00912",
        "Latitude": 38.9846,
        "Longitude": -122.6262,
        "Year_Built": "1972",
        "Capacity_acre_feet": 530.0
      },
      "geometry": { "type": "Point", "coordinates": [-122.6262, 38.9846] }
    },
    {
      "type": "Feature",
      "properties": {
        "Dam_Name": "Box Canyon",
        "National_ID": "CA00889",
        "Latitude": 41.2787,
        "Longitude": -122.3289,
        "Year_Built": "1969",
        "Capacity_acre_feet": 26000.0
      },
      "geometry": { "type": "Point", "coordinates": [-122.3289, 41.2787] }
    },
    {
      "type": "Feature",
      "properties": {
        "Dam_Name": "Cache Creek",
        "National_ID": "CA00911",
        "Latitude": 38.9229,
        "Longitude": -122.5662,
        "Year_Built": "1914",
        "Capacity_acre_feet": 315000.0
      },
      "geometry": { "type": "Point", "coordinates": [-122.5662, 38.9229] }
    },
    {
      "type": "Feature",
      "properties": {
        "Dam_Name": "Lake Francis",
        "National_ID": "CA00866",
        "Latitude": 39.3599,
        "Longitude": -121.2064,
        "Year_Built": "2000",
        "Capacity_acre_feet": 1905.0
      },
      "geometry": { "type": "Point", "coordinates": [-121.2064, 39.3599] }
    },
    {
      "type": "Feature",
      "properties": {
        "Dam_Name": "Maine Prairie 3",
        "National_ID": "CA00874",
        "Latitude": 38.3289,
        "Longitude": -121.8137,
        "Year_Built": "1965",
        "Capacity_acre_feet": 96.0
      },
      "geometry": { "type": "Point", "coordinates": [-121.8137, 38.3289] }
    },
    {
      "type": "Feature",
      "properties": {
        "Dam_Name": "Hour House",
        "National_ID": "CA00864",
        "Latitude": 39.4117,
        "Longitude": -120.9978,
        "Year_Built": "1968",
        "Capacity_acre_feet": 285.0
      },
      "geometry": { "type": "Point", "coordinates": [-120.9978, 39.4117] }
    },
    {
      "type": "Feature",
      "properties": {
        "Dam_Name": "Log Cabin",
        "National_ID": "CA00865",
        "Latitude": 39.4404,
        "Longitude": -121.0591,
        "Year_Built": "1968",
        "Capacity_acre_feet": 89.0
      },
      "geometry": { "type": "Point", "coordinates": [-121.0591, 39.4404] }
    },
    {
      "type": "Feature",
      "properties": {
        "Dam_Name": "Hinkle",
        "National_ID": "CA01192",
        "Latitude": 38.7138,
        "Longitude": -121.1741,
        "Year_Built": "1980",
        "Capacity_acre_feet": 200.0
      },
      "geometry": { "type": "Point", "coordinates": [-121.1741, 38.7138] }
    },
    {
      "type": "Feature",
      "properties": {
        "Dam_Name": "New Bullards Bar",
        "National_ID": "CA00863",
        "Latitude": 39.3933,
        "Longitude": -121.1461,
        "Year_Built": "1970",
        "Capacity_acre_feet": 969600.0
      },
      "geometry": { "type": "Point", "coordinates": [-121.1461, 39.3933] }
    },
    {
      "type": "Feature",
      "properties": {
        "Dam_Name": "Lake Arthur",
        "National_ID": "CA00356",
        "Latitude": 38.9635,
        "Longitude": -121.0257,
        "Year_Built": "1909",
        "Capacity_acre_feet": 87.0
      },
      "geometry": { "type": "Point", "coordinates": [-121.0257, 38.9635] }
    },
    {
      "type": "Feature",
      "properties": {
        "Dam_Name": "Lake Theodore",
        "National_ID": "CA00360",
        "Latitude": 38.973,
        "Longitude": -121.0136,
        "Year_Built": "1896",
        "Capacity_acre_feet": 207.0
      },
      "geometry": { "type": "Point", "coordinates": [-121.0136, 38.973] }
    },
    {
      "type": "Feature",
      "properties": {
        "Dam_Name": "Mammoth Reservoir",
        "National_ID": "CA00861",
        "Latitude": 38.8186,
        "Longitude": -121.139,
        "Year_Built": "1851",
        "Capacity_acre_feet": 103.0
      },
      "geometry": { "type": "Point", "coordinates": [-121.139, 38.8186] }
    },
    {
      "type": "Feature",
      "properties": {
        "Dam_Name": "Lake Alta",
        "National_ID": "CA00355",
        "Latitude": 39.2025,
        "Longitude": -120.8167,
        "Year_Built": "1862",
        "Capacity_acre_feet": 270.0
      },
      "geometry": { "type": "Point", "coordinates": [-120.8167, 39.2025] }
    },
    {
      "type": "Feature",
      "properties": {
        "Dam_Name": "Ralston Afterbay",
        "National_ID": "CA00859",
        "Latitude": 39.004,
        "Longitude": -120.7468,
        "Year_Built": "1966",
        "Capacity_acre_feet": 2800.0
      },
      "geometry": { "type": "Point", "coordinates": [-120.7468, 39.004] }
    },
    {
      "type": "Feature",
      "properties": {
        "Dam_Name": "Clover Valley",
        "National_ID": "CA00860",
        "Latitude": 38.8683,
        "Longitude": -121.1976,
        "Year_Built": "1909",
        "Capacity_acre_feet": 29.0
      },
      "geometry": { "type": "Point", "coordinates": [-121.1976, 38.8683] }
    },
    {
      "type": "Feature",
      "properties": {
        "Dam_Name": "Lower Hell Hole",
        "National_ID": "CA00857",
        "Latitude": 39.0578,
        "Longitude": -120.4119,
        "Year_Built": "1966",
        "Capacity_acre_feet": 208400.0
      },
      "geometry": { "type": "Point", "coordinates": [-120.4119, 39.0578] }
    },
    {
      "type": "Feature",
      "properties": {
        "Dam_Name": "Interbay",
        "National_ID": "CA00858",
        "Latitude": 39.0262,
        "Longitude": -120.6025,
        "Year_Built": "1966",
        "Capacity_acre_feet": 178.0
      },
      "geometry": { "type": "Point", "coordinates": [-120.6025, 39.0262] }
    },
    {
      "type": "Feature",
      "properties": {
        "Dam_Name": "Virginia Ranch",
        "National_ID": "CA00842",
        "Latitude": 39.3233,
        "Longitude": -121.3154,
        "Year_Built": "1963",
        "Capacity_acre_feet": 57000.0
      },
      "geometry": { "type": "Point", "coordinates": [-121.3154, 39.3233] }
    },
    {
      "type": "Feature",
      "properties": {
        "Dam_Name": "L. L. Anderson",
        "National_ID": "CA00856",
        "Latitude": 39.1147,
        "Longitude": -120.4715,
        "Year_Built": "1965",
        "Capacity_acre_feet": 155500.0
      },
      "geometry": { "type": "Point", "coordinates": [-120.4715, 39.1147] }
    },
    {
      "type": "Feature",
      "properties": {
        "Dam_Name": "Highland Creek",
        "National_ID": "CA00828",
        "Latitude": 38.9466,
        "Longitude": -122.9033,
        "Year_Built": "1962",
        "Capacity_acre_feet": 3500.0
      },
      "geometry": { "type": "Point", "coordinates": [-122.9033, 38.9466] }
    },
    {
      "type": "Feature",
      "properties": {
        "Dam_Name": "Bascherini",
        "National_ID": "CA00836",
        "Latitude": 38.3684,
        "Longitude": -121.9891,
        "Year_Built": "1962",
        "Capacity_acre_feet": 19.0
      },
      "geometry": { "type": "Point", "coordinates": [-121.9891, 38.3684] }
    },
    {
      "type": "Feature",
      "properties": {
        "Dam_Name": "Brush Creek",
        "National_ID": "CA00824",
        "Latitude": 38.8123,
        "Longitude": -120.623,
        "Year_Built": "1970",
        "Capacity_acre_feet": 1530.0
      },
      "geometry": { "type": "Point", "coordinates": [-120.623, 38.8123] }
    },
    {
      "type": "Feature",
      "properties": {
        "Dam_Name": "Adobe Creek",
        "National_ID": "CA00827",
        "Latitude": 38.9429,
        "Longitude": -122.8893,
        "Year_Built": "1962",
        "Capacity_acre_feet": 695.0
      },
      "geometry": { "type": "Point", "coordinates": [-122.8893, 38.9429] }
    },
    {
      "type": "Feature",
      "properties": {
        "Dam_Name": "Rubicon",
        "National_ID": "CA00822",
        "Latitude": 38.9889,
        "Longitude": -120.2227,
        "Year_Built": "1963",
        "Capacity_acre_feet": 1450.0
      },
      "geometry": { "type": "Point", "coordinates": [-120.2227, 38.9889] }
    },
    {
      "type": "Feature",
      "properties": {
        "Dam_Name": "Slab Creek",
        "National_ID": "CA00823",
        "Latitude": 38.7739,
        "Longitude": -120.6991,
        "Year_Built": "1967",
        "Capacity_acre_feet": 16600.0
      },
      "geometry": { "type": "Point", "coordinates": [-120.6991, 38.7739] }
    },
    {
      "type": "Feature",
      "properties": {
        "Dam_Name": "Loon Lake",
        "National_ID": "CA00820",
        "Latitude": 39.0043,
        "Longitude": -120.309,
        "Year_Built": "1963",
        "Capacity_acre_feet": 76500.0
      },
      "geometry": { "type": "Point", "coordinates": [-120.309, 39.0043] }
    },
    {
      "type": "Feature",
      "properties": {
        "Dam_Name": "Buck Island",
        "National_ID": "CA00821",
        "Latitude": 39.005,
        "Longitude": -120.2563,
        "Year_Built": "1963",
        "Capacity_acre_feet": 1070.0
      },
      "geometry": { "type": "Point", "coordinates": [-120.2563, 39.005] }
    },
    {
      "type": "Feature",
      "properties": {
        "Dam_Name": "Gerle",
        "National_ID": "CA00818",
        "Latitude": 38.966,
        "Longitude": -120.3948,
        "Year_Built": "1962",
        "Capacity_acre_feet": 1200.0
      },
      "geometry": { "type": "Point", "coordinates": [-120.3948, 38.966] }
    },
    {
      "type": "Feature",
      "properties": {
        "Dam_Name": "Robbs Peak Forebay",
        "National_ID": "CA00819",
        "Latitude": 38.9471,
        "Longitude": -120.3886,
        "Year_Built": "1963",
        "Capacity_acre_feet": 30.0
      },
      "geometry": { "type": "Point", "coordinates": [-120.3886, 38.9471] }
    },
    {
      "type": "Feature",
      "properties": {
        "Dam_Name": "Union Valley",
        "National_ID": "CA00816",
        "Latitude": 38.8676,
        "Longitude": -120.4431,
        "Year_Built": "1963",
        "Capacity_acre_feet": 271000.0
      },
      "geometry": { "type": "Point", "coordinates": [-120.4431, 38.8676] }
    },
    {
      "type": "Feature",
      "properties": {
        "Dam_Name": "Camino",
        "National_ID": "CA00817",
        "Latitude": 38.8284,
        "Longitude": -120.5369,
        "Year_Built": "1961",
        "Capacity_acre_feet": 275.0
      },
      "geometry": { "type": "Point", "coordinates": [-120.5369, 38.8284] }
    },
    {
      "type": "Feature",
      "properties": {
        "Dam_Name": "Ice House",
        "National_ID": "CA00814",
        "Latitude": 38.8237,
        "Longitude": -120.3641,
        "Year_Built": "1959",
        "Capacity_acre_feet": 45960.0
      },
      "geometry": { "type": "Point", "coordinates": [-120.3641, 38.8237] }
    },
    {
      "type": "Feature",
      "properties": {
        "Dam_Name": "Junction",
        "National_ID": "CA00815",
        "Latitude": 38.8527,
        "Longitude": -120.4578,
        "Year_Built": "1962",
        "Capacity_acre_feet": 3250.0
      },
      "geometry": { "type": "Point", "coordinates": [-120.4578, 38.8527] }
    },
    {
      "type": "Feature",
      "properties": {
        "Dam_Name": "Rock Creek",
        "National_ID": "CA00609",
        "Latitude": 38.9382,
        "Longitude": -120.7293,
        "Year_Built": "1932",
        "Capacity_acre_feet": 34.0
      },
      "geometry": { "type": "Point", "coordinates": [-120.7293, 38.9382] }
    },
    {
      "type": "Feature",
      "properties": {
        "Dam_Name": "Lake Madrone",
        "National_ID": "CA00804",
        "Latitude": 39.6498,
        "Longitude": -121.4079,
        "Year_Built": "1931",
        "Capacity_acre_feet": 200.0
      },
      "geometry": { "type": "Point", "coordinates": [-121.4079, 39.6498] }
    },
    {
      "type": "Feature",
      "properties": {
        "Dam_Name": "Mark Edson",
        "National_ID": "CA00607",
        "Latitude": 38.9051,
        "Longitude": -120.6034,
        "Year_Built": "1962",
        "Capacity_acre_feet": 20000.0
      },
      "geometry": { "type": "Point", "coordinates": [-120.6034, 38.9051] }
    },
    {
      "type": "Feature",
      "properties": {
        "Dam_Name": "Williamson No. 1",
        "National_ID": "CA00608",
        "Latitude": 38.7555,
        "Longitude": -120.9372,
        "Year_Built": "1926",
        "Capacity_acre_feet": 117.0
      },
      "geometry": { "type": "Point", "coordinates": [-120.9372, 38.7555] }
    },
    {
      "type": "Feature",
      "properties": {
        "Dam_Name": "Blodgett",
        "National_ID": "CA00601",
        "Latitude": 38.5202,
        "Longitude": -121.2141,
        "Year_Built": "1939",
        "Capacity_acre_feet": 374.0
      },
      "geometry": { "type": "Point", "coordinates": [-121.2141, 38.5202] }
    },
    {
      "type": "Feature",
      "properties": {
        "Dam_Name": "Georgetown Cntrl",
        "National_ID": "CA00606",
        "Latitude": 38.9232,
        "Longitude": -120.7751,
        "Year_Built": "1956",
        "Capacity_acre_feet": 50.0
      },
      "geometry": { "type": "Point", "coordinates": [-120.7751, 38.9232] }
    },
    {
      "type": "Feature",
      "properties": {
        "Dam_Name": "Giles",
        "National_ID": "CA00598",
        "Latitude": 38.4386,
        "Longitude": -121.9736,
        "Year_Built": "1965",
        "Capacity_acre_feet": 119.0
      },
      "geometry": { "type": "Point", "coordinates": [-121.9736, 38.4386] }
    },
    {
      "type": "Feature",
      "properties": {
        "Dam_Name": "Willow Hill Reservoir",
        "National_ID": "CA00600",
        "Latitude": 38.6477,
        "Longitude": -121.155,
        "Year_Built": "",
        "Capacity_acre_feet": 125.0
      },
      "geometry": { "type": "Point", "coordinates": [-121.155, 38.6477] }
    },
    {
      "type": "Feature",
      "properties": {
        "Dam_Name": "Duvall",
        "National_ID": "CA00581",
        "Latitude": 38.6429,
        "Longitude": -122.4711,
        "Year_Built": "1940",
        "Capacity_acre_feet": 242.0
      },
      "geometry": { "type": "Point", "coordinates": [-122.4711, 38.6429] }
    },
    {
      "type": "Feature",
      "properties": {
        "Dam_Name": "Moskowite",
        "National_ID": "CA00583",
        "Latitude": 38.4573,
        "Longitude": -122.1937,
        "Year_Built": "1955",
        "Capacity_acre_feet": 472.0
      },
      "geometry": { "type": "Point", "coordinates": [-122.1937, 38.4573] }
    },
    {
      "type": "Feature",
      "properties": {
        "Dam_Name": "Coyote Creek",
        "National_ID": "CA00572",
        "Latitude": 38.81,
        "Longitude": -122.5691,
        "Year_Built": "1968",
        "Capacity_acre_feet": 3375.0
      },
      "geometry": { "type": "Point", "coordinates": [-122.5691, 38.81] }
    },
    {
      "type": "Feature",
      "properties": {
        "Dam_Name": "Maxville",
        "National_ID": "CA00574",
        "Latitude": 38.5613,
        "Longitude": -122.3808,
        "Year_Built": "1953",
        "Capacity_acre_feet": 183.0
      },
      "geometry": { "type": "Point", "coordinates": [-122.3808, 38.5613] }
    },
    {
      "type": "Feature",
      "properties": {
        "Dam_Name": "Graham",
        "National_ID": "CA00570",
        "Latitude": 38.9683,
        "Longitude": -122.9459,
        "Year_Built": "1959",
        "Capacity_acre_feet": 62.0
      },
      "geometry": { "type": "Point", "coordinates": [-122.9459, 38.9683] }
    },
    {
      "type": "Feature",
      "properties": {
        "Dam_Name": "Spring Valley",
        "National_ID": "CA00571",
        "Latitude": 39.0725,
        "Longitude": -122.5926,
        "Year_Built": "1968",
        "Capacity_acre_feet": 325.0
      },
      "geometry": { "type": "Point", "coordinates": [-122.5926, 39.0725] }
    },
    {
      "type": "Feature",
      "properties": {
        "Dam_Name": "Peters",
        "National_ID": "CA00568",
        "Latitude": 39.0018,
        "Longitude": -123.0118,
        "Year_Built": "1940",
        "Capacity_acre_feet": 112.0
      },
      "geometry": { "type": "Point", "coordinates": [-123.0118, 39.0018] }
    },
    {
      "type": "Feature",
      "properties": {
        "Dam_Name": "Allen",
        "National_ID": "CA00569",
        "Latitude": 38.9343,
        "Longitude": -122.8612,
        "Year_Built": "1955",
        "Capacity_acre_feet": 85.0
      },
      "geometry": { "type": "Point", "coordinates": [-122.8612, 38.9343] }
    },
    {
      "type": "Feature",
      "properties": {
        "Dam_Name": "Eaton H. Magoon Lake",
        "National_ID": "CA01055",
        "Latitude": 38.7336,
        "Longitude": -122.4384,
        "Year_Built": "1965",
        "Capacity_acre_feet": 3760.0
      },
      "geometry": { "type": "Point", "coordinates": [-122.4384, 38.7336] }
    },
    {
      "type": "Feature",
      "properties": {
        "Dam_Name": "Napa Valley Lake",
        "National_ID": "CA01256",
        "Latitude": 38.7466,
        "Longitude": -122.4117,
        "Year_Built": "1990",
        "Capacity_acre_feet": 200.0
      },
      "geometry": { "type": "Point", "coordinates": [-122.4117, 38.7466] }
    },
    {
      "type": "Feature",
      "properties": {
        "Dam_Name": "Lake Burgundy",
        "National_ID": "CA00567",
        "Latitude": 38.7488,
        "Longitude": -122.5245,
        "Year_Built": "1962",
        "Capacity_acre_feet": 200.0
      },
      "geometry": { "type": "Point", "coordinates": [-122.5245, 38.7488] }
    },
    {
      "type": "Feature",
      "properties": {
        "Dam_Name": "Langtry",
        "National_ID": "CA01350",
        "Latitude": 38.7153,
        "Longitude": -122.5328,
        "Year_Built": "1992",
        "Capacity_acre_feet": 525.0
      },
      "geometry": { "type": "Point", "coordinates": [-122.5328, 38.7153] }
    },
    {
      "type": "Feature",
      "properties": {
        "Dam_Name": "Mccreary",
        "National_ID": "CA00565",
        "Latitude": 38.753,
        "Longitude": -122.5067,
        "Year_Built": "1961",
        "Capacity_acre_feet": 2098.0
      },
      "geometry": { "type": "Point", "coordinates": [-122.5067, 38.753] }
    },
    {
      "type": "Feature",
      "properties": {
        "Dam_Name": "Lake Bordeaux",
        "National_ID": "CA00566",
        "Latitude": 38.7434,
        "Longitude": -122.5336,
        "Year_Built": "1962",
        "Capacity_acre_feet": 538.0
      },
      "geometry": { "type": "Point", "coordinates": [-122.5336, 38.7434] }
    },
    {
      "type": "Feature",
      "properties": {
        "Dam_Name": "Sanhedrin Ranch",
        "National_ID": "CA00559",
        "Latitude": 39.6196,
        "Longitude": -122.5968,
        "Year_Built": "1967",
        "Capacity_acre_feet": 120.0
      },
      "geometry": { "type": "Point", "coordinates": [-122.5968, 39.6196] }
    },
    {
      "type": "Feature",
      "properties": {
        "Dam_Name": "Guenoc Lake",
        "National_ID": "CA00564",
        "Latitude": 38.724,
        "Longitude": -122.5251,
        "Year_Built": "1928",
        "Capacity_acre_feet": 3237.0
      },
      "geometry": { "type": "Point", "coordinates": [-122.5251, 38.724] }
    },
    {
      "type": "Feature",
      "properties": {
        "Dam_Name": "E. A. Wright",
        "National_ID": "CA00556",
        "Latitude": 39.6088,
        "Longitude": -122.5396,
        "Year_Built": "1950",
        "Capacity_acre_feet": 400.0
      },
      "geometry": { "type": "Point", "coordinates": [-122.5396, 39.6088] }
    },
    {
      "type": "Feature",
      "properties": {
        "Dam_Name": "Hamilton",
        "National_ID": "CA00558",
        "Latitude": 39.6949,
        "Longitude": -122.5627,
        "Year_Built": "1967",
        "Capacity_acre_feet": 111.0
      },
      "geometry": { "type": "Point", "coordinates": [-122.5627, 39.6949] }
    },
    {
      "type": "Feature",
      "properties": {
        "Dam_Name": "York Hill",
        "National_ID": "CA00554",
        "Latitude": 39.14,
        "Longitude": -122.4501,
        "Year_Built": "1952",
        "Capacity_acre_feet": 245.0
      },
      "geometry": { "type": "Point", "coordinates": [-122.4501, 39.14] }
    },
    {
      "type": "Feature",
      "properties": {
        "Dam_Name": "Rancho Rubini",
        "National_ID": "CA00555",
        "Latitude": 39.1967,
        "Longitude": -122.4215,
        "Year_Built": "1955",
        "Capacity_acre_feet": 106.0
      },
      "geometry": { "type": "Point", "coordinates": [-122.4215, 39.1967] }
    },
    {
      "type": "Feature",
      "properties": {
        "Dam_Name": "Grizzly Creek",
        "National_ID": "CA00553",
        "Latitude": 39.5416,
        "Longitude": -121.1553,
        "Year_Built": "1964",
        "Capacity_acre_feet": 76.0
      },
      "geometry": { "type": "Point", "coordinates": [-121.1553, 39.5416] }
    },
    {
      "type": "Feature",
      "properties": {
        "Dam_Name": "Steidlmayer #3",
        "National_ID": "CA01216",
        "Latitude": 39.2286,
        "Longitude": -121.8251,
        "Year_Built": "1961",
        "Capacity_acre_feet": 82.0
      },
      "geometry": { "type": "Point", "coordinates": [-121.8251, 39.2286] }
    },
    {
      "type": "Feature",
      "properties": {
        "Dam_Name": "Honcut Creek Ranch No. 1",
        "National_ID": "CA01300",
        "Latitude": 39.3059,
        "Longitude": -121.5435,
        "Year_Built": "1964",
        "Capacity_acre_feet": 95.0
      },
      "geometry": { "type": "Point", "coordinates": [-121.5435, 39.3059] }
    },
    {
      "type": "Feature",
      "properties": {
        "Dam_Name": "A. L. Chaffin",
        "National_ID": "CA00552",
        "Latitude": 39.5969,
        "Longitude": -121.5851,
        "Year_Built": "1957",
        "Capacity_acre_feet": 450.0
      },
      "geometry": { "type": "Point", "coordinates": [-121.5851, 39.5969] }
    },
    {
      "type": "Feature",
      "properties": {
        "Dam_Name": "Morning Star",
        "National_ID": "CA00546",
        "Latitude": 39.1428,
        "Longitude": -120.756,
        "Year_Built": "1870",
        "Capacity_acre_feet": 1405.4
      },
      "geometry": { "type": "Point", "coordinates": [-120.756, 39.1428] }
    },
    {
      "type": "Feature",
      "properties": {
        "Dam_Name": "Los Verjels",
        "National_ID": "CA00548",
        "Latitude": 39.3693,
        "Longitude": -121.2837,
        "Year_Built": "1915",
        "Capacity_acre_feet": 1530.0
      },
      "geometry": { "type": "Point", "coordinates": [-121.2837, 39.3693] }
    },
    {
      "type": "Feature",
      "properties": {
        "Dam_Name": "Putts Lake",
        "National_ID": "CA00540",
        "Latitude": 39.2879,
        "Longitude": -120.6847,
        "Year_Built": "1916",
        "Capacity_acre_feet": 249.0
      },
      "geometry": { "type": "Point", "coordinates": [-120.6847, 39.2879] }
    },
    {
      "type": "Feature",
      "properties": {
        "Dam_Name": "Bellett",
        "National_ID": "CA00542",
        "Latitude": 39.3659,
        "Longitude": -121.0422,
        "Year_Built": "1950",
        "Capacity_acre_feet": 90.0
      },
      "geometry": { "type": "Point", "coordinates": [-121.0422, 39.3659] }
    },
    {
      "type": "Feature",
      "properties": {
        "Dam_Name": "Palen",
        "National_ID": "CA00535",
        "Latitude": 39.6539,
        "Longitude": -120.3074,
        "Year_Built": "1951",
        "Capacity_acre_feet": 146.0
      },
      "geometry": { "type": "Point", "coordinates": [-120.3074, 39.6539] }
    },
    {
      "type": "Feature",
      "properties": {
        "Dam_Name": "Lake Vera",
        "National_ID": "CA00538",
        "Latitude": 39.3024,
        "Longitude": -121.028,
        "Year_Built": "1926",
        "Capacity_acre_feet": 136.0
      },
      "geometry": { "type": "Point", "coordinates": [-121.028, 39.3024] }
    },
    {
      "type": "Feature",
      "properties": {
        "Dam_Name": "Grizzly Creek",
        "National_ID": "CA00532",
        "Latitude": 39.8379,
        "Longitude": -120.4299,
        "Year_Built": "1915",
        "Capacity_acre_feet": 140.0
      },
      "geometry": { "type": "Point", "coordinates": [-120.4299, 39.8379] }
    },
    {
      "type": "Feature",
      "properties": {
        "Dam_Name": "Long Lake",
        "National_ID": "CA00534",
        "Latitude": 39.7065,
        "Longitude": -120.6789,
        "Year_Built": "1938",
        "Capacity_acre_feet": 1478.0
      },
      "geometry": { "type": "Point", "coordinates": [-120.6789, 39.7065] }
    },
    {
      "type": "Feature",
      "properties": {
        "Dam_Name": "Bidwell Lake",
        "National_ID": "CA00530",
        "Latitude": 40.1137,
        "Longitude": -120.9618,
        "Year_Built": "1865",
        "Capacity_acre_feet": 5200.0
      },
      "geometry": { "type": "Point", "coordinates": [-120.9618, 40.1137] }
    },
    {
      "type": "Feature",
      "properties": {
        "Dam_Name": "Silver Lake",
        "National_ID": "CA00531",
        "Latitude": 39.9577,
        "Longitude": -121.1336,
        "Year_Built": "1906",
        "Capacity_acre_feet": 650.0
      },
      "geometry": { "type": "Point", "coordinates": [-121.1336, 39.9577] }
    },
    {
      "type": "Feature",
      "properties": {
        "Dam_Name": "Corral",
        "National_ID": "CA00527",
        "Latitude": 39.832,
        "Longitude": -122.5237,
        "Year_Built": "1959",
        "Capacity_acre_feet": 51.0
      },
      "geometry": { "type": "Point", "coordinates": [-122.5237, 39.832] }
    },
    {
      "type": "Feature",
      "properties": {
        "Dam_Name": "Rye",
        "National_ID": "CA00528",
        "Latitude": 39.8369,
        "Longitude": -122.5259,
        "Year_Built": "1959",
        "Capacity_acre_feet": 83.0
      },
      "geometry": { "type": "Point", "coordinates": [-122.5259, 39.8369] }
    },
    {
      "type": "Feature",
      "properties": {
        "Dam_Name": "Silva Flat",
        "National_ID": "CA00512",
        "Latitude": 40.9694,
        "Longitude": -120.923,
        "Year_Built": "1926",
        "Capacity_acre_feet": 3900.0
      },
      "geometry": { "type": "Point", "coordinates": [-120.923, 40.9694] }
    },
    {
      "type": "Feature",
      "properties": {
        "Dam_Name": "Coyote Flat",
        "National_ID": "CA00513",
        "Latitude": 40.9095,
        "Longitude": -120.987,
        "Year_Built": "1928",
        "Capacity_acre_feet": 5250.0
      },
      "geometry": { "type": "Point", "coordinates": [-120.987, 40.9095] }
    },
    {
      "type": "Feature",
      "properties": {
        "Dam_Name": "Donovan",
        "National_ID": "CA00494",
        "Latitude": 41.4099,
        "Longitude": -120.6935,
        "Year_Built": "1953",
        "Capacity_acre_feet": 1234.0
      },
      "geometry": { "type": "Point", "coordinates": [-120.6935, 41.4099] }
    },
    {
      "type": "Feature",
      "properties": {
        "Dam_Name": "George Reese Reservoir",
        "National_ID": "CA00507",
        "Latitude": 40.5284,
        "Longitude": -122.4634,
        "Year_Built": "1876",
        "Capacity_acre_feet": 195.0
      },
      "geometry": { "type": "Point", "coordinates": [-122.4634, 40.5284] }
    },
    {
      "type": "Feature",
      "properties": {
        "Dam_Name": "Leonard Johnson",
        "National_ID": "CA00492",
        "Latitude": 41.6408,
        "Longitude": -120.4096,
        "Year_Built": "1948",
        "Capacity_acre_feet": 120.0
      },
      "geometry": { "type": "Point", "coordinates": [-120.4096, 41.6408] }
    },
    {
      "type": "Feature",
      "properties": {
        "Dam_Name": "Clarke",
        "National_ID": "CA00493",
        "Latitude": 41.6906,
        "Longitude": -120.3803,
        "Year_Built": "1939",
        "Capacity_acre_feet": 70.0
      },
      "geometry": { "type": "Point", "coordinates": [-120.3803, 41.6906] }
    },
    {
      "type": "Feature",
      "properties": {
        "Dam_Name": "Carpenter Wilson",
        "National_ID": "CA00491",
        "Latitude": 41.4216,
        "Longitude": -120.8733,
        "Year_Built": "1948",
        "Capacity_acre_feet": 93.0
      },
      "geometry": { "type": "Point", "coordinates": [-120.8733, 41.4216] }
    },
    {
      "type": "Feature",
      "properties": {
        "Dam_Name": "Lookout",
        "National_ID": "CA00489",
        "Latitude": 41.2091,
        "Longitude": -121.1462,
        "Year_Built": "1930",
        "Capacity_acre_feet": 430.0
      },
      "geometry": { "type": "Point", "coordinates": [-121.1462, 41.2091] }
    },
    {
      "type": "Feature",
      "properties": {
        "Dam_Name": "Danhauser",
        "National_ID": "CA00487",
        "Latitude": 41.4119,
        "Longitude": -120.4835,
        "Year_Built": "1890",
        "Capacity_acre_feet": 1258.0
      },
      "geometry": { "type": "Point", "coordinates": [-120.4835, 41.4119] }
    },
    {
      "type": "Feature",
      "properties": {
        "Dam_Name": "Upper Pasture",
        "National_ID": "CA00488",
        "Latitude": 41.4273,
        "Longitude": -120.4658,
        "Year_Built": "",
        "Capacity_acre_feet": 250.0
      },
      "geometry": { "type": "Point", "coordinates": [-120.4658, 41.4273] }
    },
    {
      "type": "Feature",
      "properties": {
        "Dam_Name": "Peju Reservoir No. 2",
        "National_ID": "CA10423",
        "Latitude": 38.625,
        "Longitude": -122.4327,
        "Year_Built": "",
        "Capacity_acre_feet": 96.0
      },
      "geometry": { "type": "Point", "coordinates": [-122.4327, 38.625] }
    },
    {
      "type": "Feature",
      "properties": {
        "Dam_Name": "Jacobs Creek",
        "National_ID": "CA00232",
        "Latitude": 38.7959,
        "Longitude": -120.9399,
        "Year_Built": "1948",
        "Capacity_acre_feet": 587.0
      },
      "geometry": { "type": "Point", "coordinates": [-120.9399, 38.7959] }
    },
    {
      "type": "Feature",
      "properties": {
        "Dam_Name": "Kelley Hot Spring Fish",
        "National_ID": "CA01599",
        "Latitude": 41.4488,
        "Longitude": -120.8418,
        "Year_Built": "",
        "Capacity_acre_feet": 300.0
      },
      "geometry": { "type": "Point", "coordinates": [-120.8418, 41.4488] }
    },
    {
      "type": "Feature",
      "properties": {
        "Dam_Name": "Fay Gunby",
        "National_ID": "CA01051",
        "Latitude": 38.7306,
        "Longitude": -120.7377,
        "Year_Built": "1961",
        "Capacity_acre_feet": 117.0
      },
      "geometry": { "type": "Point", "coordinates": [-120.7377, 38.7306] }
    },
    {
      "type": "Feature",
      "properties": {
        "Dam_Name": "Finnon Lake",
        "National_ID": "CA00024",
        "Latitude": 38.7978,
        "Longitude": -120.7527,
        "Year_Built": "2012",
        "Capacity_acre_feet": 400.0
      },
      "geometry": { "type": "Point", "coordinates": [-120.7527, 38.7978] }
    },
    {
      "type": "Feature",
      "properties": {
        "Dam_Name": "Heitz",
        "National_ID": "CA01345",
        "Latitude": 38.6323,
        "Longitude": -122.4654,
        "Year_Built": "1991",
        "Capacity_acre_feet": 272.0
      },
      "geometry": { "type": "Point", "coordinates": [-122.4654, 38.6323] }
    },
    {
      "type": "Feature",
      "properties": {
        "Dam_Name": "Turkey Ranch",
        "National_ID": "CA01367",
        "Latitude": 38.6319,
        "Longitude": -122.4456,
        "Year_Built": "1999",
        "Capacity_acre_feet": 240.0
      },
      "geometry": { "type": "Point", "coordinates": [-122.4456, 38.6319] }
    },
    {
      "type": "Feature",
      "properties": {
        "Dam_Name": "Brick Flat Pit Containment",
        "National_ID": "CA01397",
        "Latitude": 40.6744,
        "Longitude": -122.5282,
        "Year_Built": "1994",
        "Capacity_acre_feet": 1000.0
      },
      "geometry": { "type": "Point", "coordinates": [-122.5282, 40.6744] }
    },
    {
      "type": "Feature",
      "properties": {
        "Dam_Name": "Slickrock Creek",
        "National_ID": "CA01444",
        "Latitude": 40.6673,
        "Longitude": -122.5238,
        "Year_Built": "2004",
        "Capacity_acre_feet": 231.0
      },
      "geometry": { "type": "Point", "coordinates": [-122.5238, 40.6673] }
    },
    {
      "type": "Feature",
      "properties": {
        "Dam_Name": "Shingle Springs Band of Miwok Indians",
        "National_ID": "CA01309",
        "Latitude": 38.7089,
        "Longitude": -120.8684,
        "Year_Built": "1968",
        "Capacity_acre_feet": 111.0
      },
      "geometry": { "type": "Point", "coordinates": [-120.8684, 38.7089] }
    },
    {
      "type": "Feature",
      "properties": {
        "Dam_Name": "Upper Elder",
        "National_ID": "CA01338",
        "Latitude": 40.9841,
        "Longitude": -121.8714,
        "Year_Built": "",
        "Capacity_acre_feet": 202.0
      },
      "geometry": { "type": "Point", "coordinates": [-121.8714, 40.9841] }
    },
    {
      "type": "Feature",
      "properties": {
        "Dam_Name": "Abrams",
        "National_ID": "CA01065",
        "Latitude": 38.8483,
        "Longitude": -120.9817,
        "Year_Built": "1950",
        "Capacity_acre_feet": 110.0
      },
      "geometry": { "type": "Point", "coordinates": [-120.9817, 38.8483] }
    },
    {
      "type": "Feature",
      "properties": {
        "Dam_Name": "Auburn Lake Trails",
        "National_ID": "CA01144",
        "Latitude": 38.9185,
        "Longitude": -120.9411,
        "Year_Built": "1978",
        "Capacity_acre_feet": 68.0
      },
      "geometry": { "type": "Point", "coordinates": [-120.9411, 38.9185] }
    },
    {
      "type": "Feature",
      "properties": {
        "Dam_Name": "Hardester North",
        "National_ID": "CA01375",
        "Latitude": 38.6233,
        "Longitude": -122.4113,
        "Year_Built": "2003",
        "Capacity_acre_feet": 150.0
      },
      "geometry": { "type": "Point", "coordinates": [-122.4113, 38.6233] }
    },
    {
      "type": "Feature",
      "properties": {
        "Dam_Name": "Straza",
        "National_ID": "CA01064",
        "Latitude": 38.8317,
        "Longitude": -120.9807,
        "Year_Built": "1971",
        "Capacity_acre_feet": 185.0
      },
      "geometry": { "type": "Point", "coordinates": [-120.9807, 38.8317] }
    },
    {
      "type": "Feature",
      "properties": {
        "Dam_Name": "Lower Twin Lake",
        "National_ID": "CA01293",
        "Latitude": 38.6459,
        "Longitude": -122.4192,
        "Year_Built": "1985",
        "Capacity_acre_feet": 127.0
      },
      "geometry": { "type": "Point", "coordinates": [-122.4192, 38.6459] }
    },
    {
      "type": "Feature",
      "properties": {
        "Dam_Name": "Upper Twin Lake",
        "National_ID": "CA01294",
        "Latitude": 38.6464,
        "Longitude": -122.4205,
        "Year_Built": "1987",
        "Capacity_acre_feet": 63.0
      },
      "geometry": { "type": "Point", "coordinates": [-122.4205, 38.6464] }
    },
    {
      "type": "Feature",
      "properties": {
        "Dam_Name": "Dick Week",
        "National_ID": "CA00585",
        "Latitude": 38.6503,
        "Longitude": -122.4133,
        "Year_Built": "1955",
        "Capacity_acre_feet": 3140.0
      },
      "geometry": { "type": "Point", "coordinates": [-122.4133, 38.6503] }
    },
    {
      "type": "Feature",
      "properties": {
        "Dam_Name": "Long Valley West No. 2",
        "National_ID": "CA01292",
        "Latitude": 38.6458,
        "Longitude": -122.4416,
        "Year_Built": "1982",
        "Capacity_acre_feet": 177.0
      },
      "geometry": { "type": "Point", "coordinates": [-122.4416, 38.6458] }
    },
    {
      "type": "Feature",
      "properties": {
        "Dam_Name": "Metcalf",
        "National_ID": "CA01289",
        "Latitude": 38.6094,
        "Longitude": -122.3711,
        "Year_Built": "1974",
        "Capacity_acre_feet": 1045.0
      },
      "geometry": { "type": "Point", "coordinates": [-122.3711, 38.6094] }
    }
  ]
}
